# https://github.com/mikedh/trimesh
v 0.10049999961556684 -0.13240380898969720 -0.00433012604713440
v 0.10049999952142838 -0.13119790672703521 -0.00482962810993195
v 0.10350000009647639 -0.12990381051196515 -0.00499999904632568
v 0.10350000087476154 -0.13119790594568795 -0.00482962810993195
v 0.10349999931708763 -0.13240380916202424 -0.00433012604713440
v 0.10050000077888563 -0.13343934490965370 -0.00353553295135498
v 0.10350000048040642 -0.13343934508198074 -0.00353553295135498
v 0.10050000009308414 -0.13423393753284585 -0.00249999904632568
v 0.10049999990535841 -0.13473344129705084 -0.00129409408569336
v 0.10349999979460493 -0.13423393770517292 -0.00249999904632568
v 0.10350000125869159 -0.13473344051570357 -0.00129409408569336
v 0.10349999983441822 -0.13029203942818426 -0.00144888782501221
v 0.10350000009647639 -0.12990381051196515 -0.00149999904632568
v 0.10350000035853456 -0.12951558159574600 -0.00144888782501221
v 0.10350000100706894 -0.13065381208915769 -0.00129903697967529
v 0.10350000028831627 -0.13096447216015955 -0.00106065940856934
v 0.10050000046957538 -0.13120284840223298 -0.00074999904632568
v 0.10350000017109619 -0.13120284857456002 -0.00074999904632568
v 0.10050000032473731 -0.13135270090405163 -0.00038822746276855
v 0.10350000002625812 -0.13135270107637867 -0.00038822746276855
v 0.05962928044940024 -0.10586913429403415 -0.00482962810993195
v 0.05812928044940024 -0.10327105808268082 -0.00482962810993195
v 0.06075000004135717 -0.10522208653593172 -0.00499999904632568
v 0.05925000004135717 -0.10262401032457841 -0.00499999904632568
v 0.05858493653189607 -0.10647208653593172 -0.00433012604713440
v 0.05708493653189607 -0.10387401032457841 -0.00433012604713440
v 0.07091025366624847 -0.10282016298570362 -0.00499999904632568
v 0.06978953448724462 -0.10346721050538746 -0.00482962810993195
v 0.06941025366624846 -0.10022208677435031 -0.00499999904632568
v 0.06828953448724462 -0.10086913429403414 -0.00482962810993195
v 0.06874519015678736 -0.10407016298570362 -0.00433012604713440
v 0.06724519015678736 -0.10147208677435031 -0.00433012604713440
v 0.05768813786366060 -0.10698985348844638 -0.00353553295135498
v 0.05618813786366059 -0.10439177727709306 -0.00353553295135498
v 0.06784839148855190 -0.10458792993821826 -0.00353553295135498
v 0.06634839148855190 -0.10198985372686495 -0.00353553295135498
v 0.10050000039495559 -0.12990381033963808 -0.00499999904632568
v 0.10050000048111912 -0.12840381048887770 -0.00499999904632568
v 0.09552881361485452 -0.11940390156312541 -0.00499999904632568
v 0.09600868162979176 -0.11959839581638290 -0.00499999904632568
v 0.09652239683212377 -0.11966318351389757 -0.00499999904632568
v 0.09703552959876582 -0.11959392483606641 -0.00499999904632568
v 0.09751368317522058 -0.11939525565555681 -0.00499999904632568
v 0.10349999780216095 -0.12470380958985204 -0.00499999904632568
v 0.10367037118304127 -0.12340971731972374 -0.00499999904632568
v 0.10416987294575916 -0.12220381194116275 -0.00499999904632568
v 0.09876794890661139 -0.11867110499790301 -0.00499999904632568
v 0.09918216469332379 -0.11835326946547348 -0.00499999904632568
v 0.09950000214242707 -0.11793905839618098 -0.00499999904632568
v 0.09969980264308524 -0.11745669283891734 -0.00499999904632568
v 0.09976794980883351 -0.11693905366943595 -0.00499999904632568
v 0.09511495874608310 -0.11909273881068011 -0.00499999904632568
v 0.09969980003828227 -0.11642141763634828 -0.00499999904632568
v 0.09949999971418028 -0.11593905419033412 -0.00499999904632568
v 0.07755755789554303 -0.10191372121330110 -0.00499999904632568
v 0.07726802157100940 -0.10155646329218539 -0.00499999904632568
v 0.07706773711379680 -0.10114251331718616 -0.00499999904632568
v 0.07696729360919627 -0.10069376360518753 -0.00499999904632568
v 0.07307531717570956 -0.10157016298570362 -0.00499999904632568
v 0.07697200145008803 -0.10023393839365369 -0.00499999904632568
v 0.07708161018496811 -0.09978733838492516 -0.00499999904632568
v 0.07729032514351750 -0.09937758017487376 -0.00499999904632568
v 0.07758711190669507 -0.09902631925876593 -0.00499999904632568
v 0.07795628232468053 -0.09875213644304004 -0.00499999904632568
v 0.08767191667585018 -0.09545221341180278 -0.00499999904632568
v 0.08693986677050343 -0.09472016208333572 -0.00499999904632568
v 0.08735407783979592 -0.09503799953243902 -0.00499999904632568
v 0.08493986586828131 -0.09472016260423390 -0.00499999904632568
v 0.08542222740694683 -0.09452035897650717 -0.00499999904632568
v 0.08593986725473177 -0.09445221581320540 -0.00499999904632568
v 0.08645750451686451 -0.09452035967532893 -0.00499999904632568
v 0.08367191667585018 -0.08852401018152727 -0.00499999904632568
v 0.05699999995380563 -0.10738715009594073 -0.00249999904632568
v 0.05549999995380563 -0.10478907388458741 -0.00249999904632568
v 0.05656741847818023 -0.10763690112733951 -0.00129409408569336
v 0.06160048098851884 -0.10819516274728504 -0.00129903697967529
v 0.06010048098851884 -0.10559708653593172 -0.00129903697967529
v 0.05506741847818022 -0.10503882491598618 -0.00129409408569336
v 0.05860048098851884 -0.10299901032457841 -0.00129903697967529
v 0.05835098071386063 -0.10256686317236802 -0.00129903697967529
v 0.06225000004135717 -0.10782016274728504 -0.00149999904632568
v 0.06191378395729355 -0.10801427719392506 -0.00144888782501221
v 0.06258621571246770 -0.10762604853906360 -0.00144888782501221
v 0.06289951909419550 -0.10744516274728504 -0.00129903697967529
v 0.06075000004135717 -0.10522208653593172 -0.00149999904632568
v 0.06041378395729355 -0.10541620098257173 -0.00144888782501221
v 0.06108621571246770 -0.10502797232771029 -0.00144888782501221
v 0.06139951909419550 -0.10484708653593172 -0.00129903697967529
v 0.05925000004135717 -0.10262401032457841 -0.00149999904632568
v 0.05900049976669897 -0.10219186317236802 -0.00149999904632568
v 0.05891378395729355 -0.10281812477121842 -0.00144888782501221
v 0.05866428368263534 -0.10238597761900803 -0.00144888782501221
v 0.05958621571246770 -0.10242989611635697 -0.00144888782501221
v 0.05933671543780950 -0.10199774896414658 -0.00144888782501221
v 0.05989951909419550 -0.10224901032457841 -0.00129903697967529
v 0.05965001881953730 -0.10181686317236802 -0.00129903697967529
v 0.06716025388841175 -0.10498522636689869 -0.00249999904632568
v 0.06566025388841175 -0.10238715015554538 -0.00249999904632568
v 0.06672767230954806 -0.10523497745790211 -0.00129409408569336
v 0.06522767230954805 -0.10263690124654878 -0.00129409408569336
v 0.07112676001719458 -0.10269516298570362 -0.00129903697967529
v 0.06962676001719457 -0.10009708677435031 -0.00129903697967529
v 0.07177627907003289 -0.10232016298570362 -0.00149999904632568
v 0.07144006422482854 -0.10251427671708790 -0.00144888782501221
v 0.07211249556704961 -0.10212604830064502 -0.00144888782501221
v 0.07242579812287123 -0.10194516298570362 -0.00129903697967529
v 0.07027627907003291 -0.09972208677435031 -0.00149999904632568
v 0.06994006422482855 -0.09991620050573458 -0.00144888782501221
v 0.07061249556704961 -0.09952797208929171 -0.00144888782501221
v 0.07092579812287123 -0.09934708677435031 -0.00129903697967529
v 0.06812676001719457 -0.09749901056299699 -0.00129903697967529
v 0.06787725974253637 -0.09706686341078660 -0.00129903697967529
v 0.06877627907003291 -0.09712401056299699 -0.00149999904632568
v 0.06852677879537469 -0.09669186341078660 -0.00149999904632568
v 0.06844006422482855 -0.09731812429438126 -0.00144888782501221
v 0.06819056395017034 -0.09688597714217087 -0.00144888782501221
v 0.06911249556704961 -0.09692989587793839 -0.00144888782501221
v 0.06886299529239140 -0.09649774872572800 -0.00144888782501221
v 0.06942579812287122 -0.09674901056299699 -0.00129903697967529
v 0.06917629784821303 -0.09631686341078660 -0.00129903697967529
v 0.06133144122286696 -0.10835049292840687 -0.00106065940856934
v 0.05983144122286696 -0.10575241671705356 -0.00106065940856934
v 0.06112499977764368 -0.10846968195237842 -0.00074999904632568
v 0.05962499977764368 -0.10587160574102511 -0.00074999904632568
v 0.05833144122286696 -0.10315434050570023 -0.00106065940856934
v 0.05808194094820875 -0.10272219335348984 -0.00106065940856934
v 0.05812499977764368 -0.10327352952967180 -0.00074999904632568
v 0.05787549950298547 -0.10284138237746140 -0.00074999904632568
v 0.06316855844689429 -0.10728983280458179 -0.00106065940856934
v 0.06166855844689428 -0.10469175659322848 -0.00106065940856934
v 0.06337499989211756 -0.10717064378061024 -0.00074999904632568
v 0.06187499989211757 -0.10457256756925692 -0.00074999904632568
v 0.06016855844689428 -0.10209368038187516 -0.00106065940856934
v 0.05991905817223608 -0.10166153322966477 -0.00106065940856934
v 0.06037499989211757 -0.10197449135790361 -0.00074999904632568
v 0.06012549961745936 -0.10154234420569322 -0.00074999904632568
v 0.06099522555175643 -0.10854460713662831 -0.00038822746276855
v 0.05949522555175643 -0.10594653092527499 -0.00038822746276855
v 0.05799522555175643 -0.10334845471392166 -0.00038822746276855
v 0.05774572527709822 -0.10291630756171129 -0.00038822746276855
v 0.06350477453095790 -0.10709571835794178 -0.00038822746276855
v 0.06200477453095790 -0.10449764214658847 -0.00038822746276855
v 0.06050477453095791 -0.10189956593523515 -0.00038822746276855
v 0.06025527425629970 -0.10146741878302476 -0.00038822746276855
v 0.07085772107744888 -0.10285049268998829 -0.00106065940856934
v 0.06935772107744888 -0.10025241647863498 -0.00106065940856934
v 0.07269483871442929 -0.10178983232774463 -0.00106065940856934
v 0.07119483871442929 -0.09919175611639132 -0.00106065940856934
v 0.07065127921927250 -0.10296968195237842 -0.00074999904632568
v 0.06915127921927250 -0.10037160574102511 -0.00074999904632568
v 0.07290127892079330 -0.10167064401902881 -0.00074999904632568
v 0.07140127892079330 -0.09907256780767550 -0.00074999904632568
v 0.06785772107744888 -0.09765434026728166 -0.00106065940856934
v 0.06760822080279066 -0.09722219311507127 -0.00106065940856934
v 0.06969483871442930 -0.09659367990503800 -0.00106065940856934
v 0.06944533843977109 -0.09616153275282761 -0.00106065940856934
v 0.06765127921927250 -0.09777352952967179 -0.00074999904632568
v 0.06740177894461430 -0.09734138237746140 -0.00074999904632568
v 0.06990127892079330 -0.09647449159632218 -0.00074999904632568
v 0.06965177864613510 -0.09604234444411179 -0.00074999904632568
v 0.07052150458043216 -0.10304460737504688 -0.00038822746276855
v 0.06902150458043217 -0.10044653116369356 -0.00038822746276855
v 0.07303105355963363 -0.10159571859636037 -0.00038822746276855
v 0.07153105355963363 -0.09899764238500704 -0.00038822746276855
v 0.06752150458043217 -0.09784845495234025 -0.00038822746276855
v 0.06727200430577396 -0.09741630780012986 -0.00038822746276855
v 0.07003105355963364 -0.09639956617365372 -0.00038822746276855
v 0.06978155328497543 -0.09596741902144333 -0.00038822746276855
v 0.10050000039495559 -0.12990381033963808 -0.00149999904632568
v 0.10050000013289744 -0.13029203925585722 -0.00144888782501221
v 0.10050000065701374 -0.12951558142341896 -0.00144888782501221
v 0.10050000130554815 -0.13065381191683065 -0.00129903697967529
v 0.10049999948436303 -0.12915380876244553 -0.00129903697967529
v 0.10349999918588383 -0.12915380893477257 -0.00129903697967529
v 0.10050000058679548 -0.13096447198783251 -0.00106065940856934
v 0.10049999855130333 -0.12884314964511800 -0.00106065940856934
v 0.10349999990463650 -0.12884314886377071 -0.00106065940856934
v 0.10050000032033579 -0.12860477227704320 -0.00074999904632568
v 0.10350000002185658 -0.12860477244937024 -0.00074999904632568
v 0.10049999881336148 -0.12845492072889886 -0.00038822746276855
v 0.10349999851488230 -0.12845492090122590 -0.00038822746276855
v 0.13080000179147161 -0.13212852064822192 -0.00425331091880798
v 0.14980000097953927 -0.13240380996414053 -0.00433012604713440
v 0.14979999858369705 -0.13343934353414663 -0.00353553295135498
v 0.13279999854896893 -0.13161391028731700 -0.00469846212863922
v 0.13279999933920325 -0.13077205374588674 -0.00492403781414032
v 0.13080000146305498 -0.13080291277958292 -0.00471504044532776
v 0.13079999818165075 -0.13010381041633662 -0.00479583048820496
v 0.13280000234910194 -0.12990381097334436 -0.00499999904632568
v 0.13280000205537587 -0.12903557010815062 -0.00492403781414032
v 0.13280000093826158 -0.12819371026309562 -0.00469846212863922
v 0.13079999816915089 -0.13148268612710806 -0.00453289544582367
v 0.14035806955400423 -0.13073328514048571 -0.00493069553375244
v 0.13960737854463870 -0.13088480950985834 -0.00490285813808441
v 0.13979999985821698 -0.13090381081052238 -0.00489897847175598
v 0.13999261992262022 -0.13088480793339155 -0.00490285813808441
v 0.14018314413688074 -0.13082749933918406 -0.00491393828392029
v 0.13887631945660028 -0.13028697402213457 -0.00498529589176178
v 0.13897054789194260 -0.13046190883905973 -0.00496871685981751
v 0.13909290905786517 -0.13061093260800632 -0.00494974434375763
v 0.13924192851295453 -0.13073328442924823 -0.00493069553375244
v 0.13881900323299823 -0.13009643659337505 -0.00499619674682617
v 0.13880000175214352 -0.12990381131799844 -0.00499999904632568
v 0.13881900444908365 -0.12971118479344679 -0.00499619674682617
v 0.13887631966891764 -0.12952064748558215 -0.00498529589176178
v 0.13897054693302108 -0.12934571149944799 -0.00496871685981751
v 0.13909291057248585 -0.12919668962593747 -0.00494974434375763
v 0.13941685686969416 -0.13082749847885269 -0.00491393828392029
v 0.13924192964153156 -0.12907433557833689 -0.00493069553375244
v 0.13280000156971317 -0.13240380962340345 -0.00433012604713440
v 0.13280000122114205 -0.12740380901966056 -0.00433012604713440
v 0.13279999994756908 -0.13311775029521278 -0.00383022117614746
v 0.13080000065771877 -0.12733268891155519 -0.00405331099033356
v 0.13280000144701004 -0.12668987355882458 -0.00383022117614746
v 0.14072367952661816 -0.13028697323324048 -0.00498529589176178
v 0.14062945226251472 -0.13046190921937467 -0.00496871685981751
v 0.14050709383402335 -0.13061093248916125 -0.00494974434375763
v 0.14078099474645214 -0.13009643592537584 -0.00499619674682617
v 0.14180000145366434 -0.12990381149032551 -0.00499999904632568
v 0.14179999867278850 -0.13119790457409788 -0.00482962810993195
v 0.14479999785156039 -0.12990381357000119 -0.00499999904632568
v 0.14480000167793400 -0.13119790283907631 -0.00482962810993195
v 0.14079999935074092 -0.12990381270444892 -0.00499999904632568
v 0.14078099596253757 -0.12971118412544758 -0.00499619674682617
v 0.14072367973893551 -0.12952064669668809 -0.00498529589176178
v 0.14062945460721793 -0.12934570997241426 -0.00496871685981751
v 0.14035807068258127 -0.12907433628957440 -0.00493069553375244
v 0.14050709013767063 -0.12919668811081633 -0.00494974434375763
v 0.13960737927291558 -0.12892281278543108 -0.00490285813808441
v 0.13979999933731882 -0.12890380990830025 -0.00489897847175598
v 0.13999262065089710 -0.12892281120896432 -0.00490285813808441
v 0.14018314562946638 -0.12898012033262132 -0.00491393828392029
v 0.13941685505865506 -0.12898012137963857 -0.00491393828392029
v 0.14179999902356680 -0.12860971701027701 -0.00482962810993195
v 0.14980000175892802 -0.12990381131408144 -0.00499999904632568
v 0.14979999897805218 -0.13119790439785381 -0.00482962810993195
v 0.14480000216449443 -0.12470380883319084 -0.00499999904632568
v 0.14462962583076769 -0.12340971544684692 -0.00499999904632568
v 0.14413012527604899 -0.12220381108911060 -0.00499999904632568
v 0.14180000067427556 -0.13240381014038460 -0.00433012604713440
v 0.14479999707217164 -0.13240381222006029 -0.00433012604713440
v 0.14179999702207971 -0.12740381144399032 -0.00433012604713440
v 0.13979999790855563 -0.11970381048536770 -0.00499999904632568
v 0.14109409678593343 -0.11987418005155076 -0.00499999904632568
v 0.14230000216449443 -0.12037368181426863 -0.00499999904632568
v 0.14333553174507432 -0.12116827874065163 -0.00499999904632568
v 0.13280000210652945 -0.13373403363669262 -0.00321393704414368
v 0.14179999827843334 -0.13343934371039071 -0.00353553295135498
v 0.13079999954165158 -0.12676764639009117 -0.00363379383087158
v 0.13080000096448499 -0.12627001396681564 -0.00313616466522217
v 0.13279999928804967 -0.12607359021734477 -0.00321393704414368
v 0.13079999819063737 -0.12585049927467531 -0.00257111978530884
v 0.14480000128357889 -0.13343934197536914 -0.00353553295135498
v 0.14179999941792193 -0.12636827787398419 -0.00353553295135498
v 0.13080000143789319 -0.13415712263590382 -0.00222470974922180
v 0.13080000003810116 -0.13443670700338509 -0.00157887506484985
v 0.13080000007437914 -0.13461885123125941 -0.00089910078048706
v 0.13080000067328404 -0.13469963992728456 -0.00019999885559082
v 0.14980000310886893 -0.13423393755361487 -0.00249999904632568
v 0.14979999771016986 -0.13473343992154374 -0.00129409408569336
v 0.13280000039541812 -0.13423393912022644 -0.00249999904632568
v 0.13479999847389612 -0.13203321959713191 -0.00248296189308167
v 0.13479999886477970 -0.13215381048412306 -0.00243301177024841
v 0.13379999982589680 -0.13225736314789843 -0.00235355234146118
v 0.13479999862519548 -0.13225736384112366 -0.00235355234146118
v 0.13379999967459744 -0.13203321890390665 -0.00248296189308167
v 0.13379999976195017 -0.13190380926516695 -0.00249999904632568
v 0.13380000006548101 -0.13215380979089780 -0.00243301177024841
v 0.13479999856124886 -0.13190380995839218 -0.00249999904632568
v 0.13379999923621932 -0.13233682227059004 -0.00224999904632568
v 0.13479999803551801 -0.13233682296381524 -0.00224999904632568
v 0.13379999973854409 -0.13238677278663816 -0.00212940859794617
v 0.13479999853784275 -0.13238677347986336 -0.00212940859794617
v 0.13380000036901185 -0.13240381031662868 -0.00199999904632568
v 0.13479999916831056 -0.13240381100985391 -0.00199999904632568
v 0.14179999949998048 -0.13423393963720759 -0.00249999904632568
v 0.13954117931980198 -0.13086973557583587 -0.00249999904632568
v 0.13979999985821698 -0.13090381081052238 -0.00249999904632568
v 0.14005881787476082 -0.13086973592524676 -0.00249999904632568
v 0.14030000055144223 -0.13076983741500811 -0.00249999904632568
v 0.13654117961828119 -0.13086973540350882 -0.00249999904632568
v 0.13630000205062273 -0.13076983654945584 -0.00249999904632568
v 0.13609289130500310 -0.13061091642862810 -0.00249999904632568
v 0.13593397544613697 -0.13040381183889665 -0.00249999904632568
v 0.13583407363227359 -0.13016263106956388 -0.00249999904632568
v 0.13580000205062273 -0.12990381114567140 -0.00249999904632568
v 0.13583407398168451 -0.12964499251460504 -0.00249999904632568
v 0.13680000015669622 -0.13090381063819534 -0.00249999904632568
v 0.13593397423201359 -0.12940380973597321 -0.00249999904632568
v 0.13609289295656521 -0.12919670420132695 -0.00249999904632568
v 0.13630000084992142 -0.12903778643511221 -0.00249999904632568
v 0.13654118161925416 -0.12893788462124883 -0.00249999904632568
v 0.13679999963579800 -0.12890380973597321 -0.00249999904632568
v 0.13380000062750244 -0.12790381076434748 -0.00249999904632568
v 0.13380000071485518 -0.12777440112560776 -0.00248296189308167
v 0.13380000032397160 -0.12765381023861663 -0.00243301177024841
v 0.13479999942680113 -0.12790381145757271 -0.00249999904632568
v 0.13479999951415386 -0.12777440181883301 -0.00248296189308167
v 0.13479999912327029 -0.12765381093184186 -0.00243301177024841
v 0.13380000056355582 -0.12755025688161600 -0.00235355234146118
v 0.13479999936285450 -0.12755025757484123 -0.00235355234146118
v 0.13380000115323329 -0.12747079775892442 -0.00224999904632568
v 0.13479999995253197 -0.12747079845214965 -0.00224999904632568
v 0.13909289100652389 -0.13061091660095514 -0.00249999904632568
v 0.13930000175214352 -0.13076983672178288 -0.00249999904632568
v 0.13893397514765779 -0.13040381201122370 -0.00249999904632568
v 0.13883407333379441 -0.13016263124189092 -0.00249999904632568
v 0.13880000175214352 -0.12990381131799844 -0.00249999904632568
v 0.13883407368320530 -0.12964499268693208 -0.00249999904632568
v 0.13893397393353438 -0.12940380990830025 -0.00249999904632568
v 0.13909289265808603 -0.12919670437365399 -0.00249999904632568
v 0.13930000055144223 -0.12903778660743925 -0.00249999904632568
v 0.13380000065090855 -0.12742084724287631 -0.00212940859794617
v 0.13479999945020724 -0.12742084793610153 -0.00212940859794617
v 0.13380000002044073 -0.12740380971288576 -0.00199999904632568
v 0.13479999881973942 -0.12740381040611098 -0.00199999904632568
v 0.13280000049290686 -0.13460227119826160 -0.00171009969711304
v 0.13079999818165075 -0.13010381041633662 -0.00148911523818970
v 0.13079999993573438 -0.13011047391592434 -0.00143488264083862
v 0.13079999848490467 -0.13047516409100188 -0.00138961124420166
v 0.13080000014626531 -0.13044227664873864 -0.00134597635269165
v 0.13080000003124390 -0.13040027663262124 -0.00131232500076294
v 0.13079999915742255 -0.13035194290476276 -0.00129088783264160
v 0.13080000045956383 -0.13030048489402435 -0.00128308677673340
v 0.13080000086238350 -0.13013002202971674 -0.00138473844528198
v 0.13079999851368107 -0.13016116115012138 -0.00134200763702393
v 0.13080000214002091 -0.13020182447458328 -0.00130952310562134
v 0.13080000020162616 -0.13024931409814205 -0.00128943872451782
v 0.14180000070853088 -0.13473343819043920 -0.00129409408569336
v 0.13280000099916103 -0.12557368473381092 -0.00249999904632568
v 0.13279999899432363 -0.12520534935215100 -0.00171009969711304
v 0.14479999920150130 -0.13423393980953463 -0.00249999904632568
v 0.14180000037074472 -0.13215380961465373 -0.00243301177024841
v 0.14179999997986115 -0.13203321872766258 -0.00248296189308167
v 0.14180000006721385 -0.13190380908892288 -0.00249999904632568
v 0.14180000013116048 -0.13225736297165436 -0.00235355234146118
v 0.14050710653744977 -0.13061091634516861 -0.00249999904632568
v 0.14066602526200142 -0.13040381081052238 -0.00249999904632568
v 0.14076592551233050 -0.13016262803189058 -0.00249999904632568
v 0.14279999955973779 -0.13090381098284942 -0.00249999904632568
v 0.14180000076043911 -0.13090381028962420 -0.00249999904632568
v 0.14179999954148301 -0.13233682209434597 -0.00224999904632568
v 0.14479999646510994 -0.13190381116859856 -0.00249999904632568
v 0.14479999637775720 -0.13203322080733826 -0.00248296189308167
v 0.14479999676864078 -0.13215381169432941 -0.00243301177024841
v 0.14479999983268130 -0.13225736314398140 -0.00235355234146118
v 0.14480000254662856 -0.13233682035932437 -0.00224999904632568
v 0.14305881757628164 -0.13086973609757380 -0.00249999904632568
v 0.14330000025296299 -0.13076983758733515 -0.00249999904632568
v 0.14350710623897059 -0.13061091651749568 -0.00249999904632568
v 0.14366602496352224 -0.13040381098284942 -0.00249999904632568
v 0.14376592521385129 -0.13016262820421762 -0.00249999904632568
v 0.14279999903883961 -0.12890381008062729 -0.00249999904632568
v 0.14305881957725461 -0.12893788531531383 -0.00249999904632568
v 0.14380000235588641 -0.12990381096942732 -0.00249999904632568
v 0.14376592556326218 -0.12964498964925875 -0.00249999904632568
v 0.14366602565674746 -0.12940381218355074 -0.00249999904632568
v 0.14350710789053270 -0.12919670429019453 -0.00249999904632568
v 0.14330000235588641 -0.12903778556564288 -0.00249999904632568
v 0.14180000004380780 -0.13238677261039405 -0.00212940859794617
v 0.14180000067427556 -0.13240381014038460 -0.00199999904632568
v 0.14479999974532856 -0.13238677278272110 -0.00212940859794617
v 0.14479999707217164 -0.13240381222006029 -0.00199999904632568
v 0.13954118132077498 -0.12893788479357587 -0.00249999904632568
v 0.13979999933731882 -0.12890380990830025 -0.00249999904632568
v 0.14079999935074092 -0.12990381270444892 -0.00249999904632568
v 0.14076592586174139 -0.12964498947693170 -0.00249999904632568
v 0.14066602595522665 -0.12940381201122370 -0.00249999904632568
v 0.14029999935074092 -0.12903778730066445 -0.00249999904632568
v 0.14005881987573382 -0.12893788514298676 -0.00249999904632568
v 0.14050710818901188 -0.12919670411786749 -0.00249999904632568
v 0.14179999693591616 -0.12890381129475070 -0.00249999904632568
v 0.14179999762914142 -0.12790381249545205 -0.00249999904632568
v 0.14179999771649412 -0.12777440285671232 -0.00248296189308167
v 0.14179999732561055 -0.12765381196972117 -0.00243301177024841
v 0.14180000086881953 -0.12755025670537193 -0.00235355234146118
v 0.14179999815487226 -0.12747079949002896 -0.00224999904632568
v 0.14180000340734816 -0.12557368334344343 -0.00249999904632568
v 0.14180000095617223 -0.12742084706663223 -0.00212940859794617
v 0.14179999702207971 -0.12740381144399032 -0.00199999904632568
v 0.14479999733066221 -0.12790381266777909 -0.00249999904632568
v 0.14479999741801494 -0.12777440302903936 -0.00248296189308167
v 0.14479999702713137 -0.12765381214204824 -0.00243301177024841
v 0.14480000057034031 -0.12755025687769897 -0.00235355234146118
v 0.14479999785639305 -0.12747079966235600 -0.00224999904632568
v 0.14480000065769302 -0.12742084723895927 -0.00212940859794617
v 0.14479999672360050 -0.12740381161631736 -0.00199999904632568
v 0.14480000041005170 -0.13473343836276624 -0.00129409408569336
v 0.14180000029144912 -0.12507418148658708 -0.00129409408569336
v 0.13279999945106083 -0.13482784770183676 -0.00086823987960815
v 0.13080000066066094 -0.12898604737612385 -0.00118961143493652
v 0.13080000013011367 -0.12900739350308743 -0.00113931274414062
v 0.13079999994278976 -0.12901553374259778 -0.00108611202239990
v 0.13080000056323646 -0.12900993484165701 -0.00103353691101074
v 0.13080000172740275 -0.12899096255385301 -0.00098507356643677
v 0.13079999862794223 -0.12895987503210957 -0.00094393444061279
v 0.13079999904365727 -0.12891873805683665 -0.00091284799575806
v 0.13080000148916607 -0.12871419822519933 -0.00091776227951050
v 0.13080000041462225 -0.12887027088796060 -0.00089387559890747
v 0.13080000070529482 -0.12876449746563898 -0.00089641666412354
v 0.13080000148677143 -0.12881769858726264 -0.00088827466964722
v 0.13280000234910194 -0.12990381097334436 -0.00074270486831665
v 0.13280000074500722 -0.13027516134438488 -0.00064320135116577
v 0.13279999889221220 -0.12991047307665599 -0.00068847227096558
v 0.13279999981886129 -0.12993002119044841 -0.00063832807540894
v 0.13279999874222326 -0.12953245920602774 -0.00064320135116577
v 0.13080000144298926 -0.13129342177803119 -0.00057135200500488
v 0.13080000067731939 -0.13124978794452791 -0.00053846502304077
v 0.13080000082249185 -0.13121613493669665 -0.00049646282196045
v 0.13079999763859002 -0.13119469845277856 -0.00044813108444214
v 0.13079999933227010 -0.13118689651571308 -0.00039667367935181
v 0.13079999971693901 -0.13119325246762370 -0.00034550333023071
v 0.13279999910274309 -0.13024227580947029 -0.00059956645965576
v 0.13279999898772168 -0.13020027579335286 -0.00056591463088989
v 0.13279999937750750 -0.12996116361447776 -0.00059559726715088
v 0.13280000109649870 -0.13000182363531490 -0.00056311273574829
v 0.13280000151530072 -0.12955380342564268 -0.00059290266036987
v 0.13279999811390036 -0.13015194206549441 -0.00054447746276855
v 0.13279999915810395 -0.13004931325887373 -0.00054302883148193
v 0.13279999941604162 -0.13010048405475602 -0.00053667640686035
v 0.13279999802435208 -0.12956194557250164 -0.00053970193862915
v 0.13280000194842351 -0.12955634476421224 -0.00048712682723999
v 0.13279999790161645 -0.12953737108013211 -0.00043866300582886
v 0.13280000001312928 -0.12950628495466479 -0.00039752435684204
v 0.13280000182385071 -0.13054701379893416 -0.00037135171890259
v 0.13279999915083227 -0.13050337666180614 -0.00033846473693848
v 0.13279999957072841 -0.12926061005510320 -0.00037135171890259
v 0.13280000042884432 -0.12946514797939188 -0.00036643791198730
v 0.13279999849618457 -0.12941668271786447 -0.00034746503829956
v 0.13279999766098513 -0.12936410711354177 -0.00034186458587646
v 0.13280000209048184 -0.12931090738819423 -0.00035000658035278
v 0.13080000017904089 -0.13121333383441391 -0.00029801225662231
v 0.13080000004106593 -0.13124581955734829 -0.00025734949111938
v 0.13079999962798533 -0.13128855108064127 -0.00022621154785156
v 0.13079999927112354 -0.13139292820912055 -0.00019999885559082
v 0.13080000146303145 -0.13133869463989373 -0.00020666265487671
v 0.13280000120335336 -0.13046972695759962 -0.00029646301269531
v 0.13280000132307623 -0.13044828856633292 -0.00024813079833984
v 0.13279999971313158 -0.13044048853661605 -0.00019667387008667
v 0.13280000149407661 -0.13044683927755329 -0.00014550352096558
v 0.13280000055990240 -0.13046692585531688 -0.00009801244735718
v 0.13279999851457877 -0.13049940827462653 -0.00005734968185425
v 0.13279999810149817 -0.13054213979791948 -0.00002621173858643
v 0.13279999993654432 -0.13059228335717196 -0.00000666236877441
v 0.13280000003616968 -0.12497977284857585 -0.00086823987960815
v 0.10496446605744489 -0.12116827575333339 -0.00499999904632568
v 0.10720590276364017 -0.11987418166764004 -0.00499999904632568
v 0.10849999996468136 -0.11970381194116275 -0.00499999904632568
v 0.10599999840590385 -0.12037368222235872 -0.00499999904632568
v 0.10639155247287159 -0.11383586271289377 -0.00499999904632568
v 0.10597733809995434 -0.11351802717113910 -0.00499999904632568
v 0.10687391091181321 -0.11403565851365108 -0.00499999904632568
v 0.10739154868501849 -0.11410381089037272 -0.00499999904632568
v 0.10565949926390007 -0.11310381329177534 -0.00499999904632568
v 0.10401923666014030 -0.11026279512430821 -0.00499999904632568
v 0.10381943633603832 -0.10978043167829407 -0.00499999904632568
v 0.10375128986911182 -0.10926279373785777 -0.00499999904632568
v 0.10381943703486009 -0.10874515456837637 -0.00499999904632568
v 0.10401923804659076 -0.10826279752571084 -0.00499999904632568
v 0.10433707498462154 -0.10784857794182022 -0.00499999904632568
v 0.10475128746770919 -0.10753074431673933 -0.00499999904632568
v 0.10151923666014032 -0.10593266810538601 -0.00499999904632568
v 0.11437973150441566 -0.10197175956026960 -0.00499999904632568
v 0.11469569404718354 -0.10182442740071816 -0.00499999904632568
v 0.11503243413095075 -0.10173419353250188 -0.00499999904632568
v 0.11537973289086612 -0.10170381276924112 -0.00499999904632568
v 0.12608987518588319 -0.09811802424720224 -0.00499999904632568
v 0.12650408625517567 -0.09843586169630554 -0.00499999904632568
v 0.12577203304620418 -0.09770381227518712 -0.00499999904632568
v 0.12557223602572692 -0.09722144692182434 -0.00499999904632568
v 0.12550408625517567 -0.09670381088873667 -0.00499999904632568
v 0.12698645181243934 -0.09863566219696369 -0.00499999904632568
v 0.12750408246732262 -0.09870380987378449 -0.00499999904632568
v 0.12557223672454870 -0.09618616981190664 -0.00499999904632568
v 0.12577203443265464 -0.09570381467658974 -0.00499999904632568
v 0.12608987467431015 -0.09528959318535050 -0.00499999904632568
v 0.12650408385377307 -0.09497176146761824 -0.00499999904632568
v 0.10050000074352672 -0.13490381094338100 0.00000000095367432
v 0.10350000044504752 -0.13490381111570804 0.00000000095367432
v 0.10050000030879207 -0.13140381019039848 0.00000000095367432
v 0.10350000001031286 -0.13140381036272553 0.00000000095367432
v 0.10050000032473731 -0.13135270090405163 0.00038822937011719
v 0.10350000002625812 -0.13135270107637867 0.00038822937011719
v 0.10050000046957538 -0.13120284840223298 0.00075000095367432
v 0.10350000017109619 -0.13120284857456002 0.00075000095367432
v 0.10350000028831627 -0.13096447216015955 0.00106066131591797
v 0.10049999990535841 -0.13473344129705084 0.00129409599304199
v 0.10350000125869159 -0.13473344051570357 0.00129409599304199
v 0.10350000100706894 -0.13065381208915769 0.00129903888702393
v 0.10349999983441822 -0.13029203942818426 0.00144888973236084
v 0.10350000035853456 -0.12951558159574600 0.00144888973236084
v 0.10350000009647639 -0.12990381051196515 0.00150000095367432
v 0.10050000009308414 -0.13423393753284585 0.00250000095367432
v 0.10050000077888563 -0.13343934490965370 0.00353553485870361
v 0.10349999979460493 -0.13423393770517292 0.00250000095367432
v 0.10350000048040642 -0.13343934508198074 0.00353553485870361
v 0.10049999961556684 -0.13240380898969720 0.00433012771606445
v 0.10349999931708763 -0.13240380916202424 0.00433012771606445
v 0.10049999952142838 -0.13119790672703521 0.00482962989807129
v 0.10350000087476154 -0.13119790594568795 0.00482962989807129
v 0.10350000009647639 -0.12990381051196515 0.00500000095367432
v 0.05641987291919670 -0.10772208659553636 0.00000000095367432
v 0.06095096193568051 -0.10857016274728504 0.00000000095367432
v 0.05945096193568051 -0.10597208653593172 0.00000000095367432
v 0.06099522555175643 -0.10854460713662831 0.00038822937011719
v 0.05949522555175643 -0.10594653092527499 0.00038822937011719
v 0.05491987291919670 -0.10512401038418305 0.00000000095367432
v 0.05795096193568051 -0.10337401032457841 0.00000000095367432
v 0.05770146166102231 -0.10294186317236802 0.00000000095367432
v 0.05799522555175643 -0.10334845471392166 0.00038822937011719
v 0.05774572527709822 -0.10291630756171129 0.00038822937011719
v 0.06354903814703383 -0.10707016274728504 0.00000000095367432
v 0.06204903814703383 -0.10447208653593172 0.00000000095367432
v 0.06350477453095790 -0.10709571835794178 0.00038822937011719
v 0.06200477453095790 -0.10449764214658847 0.00038822937011719
v 0.06054903814703383 -0.10187401032457841 0.00000000095367432
v 0.06029953787237562 -0.10144186317236802 0.00000000095367432
v 0.06050477453095791 -0.10189956593523515 0.00038822937011719
v 0.06025527425629970 -0.10146741878302476 0.00038822937011719
v 0.06112499977764368 -0.10846968195237842 0.00075000095367432
v 0.05962499977764368 -0.10587160574102511 0.00075000095367432
v 0.06133144122286696 -0.10835049292840687 0.00106066131591797
v 0.05983144122286696 -0.10575241671705356 0.00106066131591797
v 0.05812499977764368 -0.10327352952967180 0.00075000095367432
v 0.05787549950298547 -0.10284138237746140 0.00075000095367432
v 0.05833144122286696 -0.10315434050570023 0.00106066131591797
v 0.05808194094820875 -0.10272219335348984 0.00106066131591797
v 0.06337499989211756 -0.10717064378061024 0.00075000095367432
v 0.06187499989211757 -0.10457256756925692 0.00075000095367432
v 0.06316855844689429 -0.10728983280458179 0.00106066131591797
v 0.06166855844689428 -0.10469175659322848 0.00106066131591797
v 0.06037499989211757 -0.10197449135790361 0.00075000095367432
v 0.06012549961745936 -0.10154234420569322 0.00075000095367432
v 0.06016855844689428 -0.10209368038187516 0.00106066131591797
v 0.05991905817223608 -0.10166153322966477 0.00106066131591797
v 0.06658012664732627 -0.10532016298570362 0.00000000095367432
v 0.06508012664732626 -0.10272208677435031 0.00000000095367432
v 0.07047724096435624 -0.10307016298570362 0.00000000095367432
v 0.06897724096435624 -0.10047208677435031 0.00000000095367432
v 0.07052150458043216 -0.10304460737504688 0.00038822937011719
v 0.06902150458043217 -0.10044653116369356 0.00038822937011719
v 0.07303105355963363 -0.10159571859636037 0.00038822937011719
v 0.07153105355963363 -0.09899764238500704 0.00038822937011719
v 0.06747724096435624 -0.09787401056299699 0.00000000095367432
v 0.06722774068969804 -0.09744186341078660 0.00000000095367432
v 0.06752150458043217 -0.09784845495234025 0.00038822937011719
v 0.06727200430577396 -0.09741630780012986 0.00038822937011719
v 0.07003105355963364 -0.09639956617365372 0.00038822937011719
v 0.06978155328497543 -0.09596741902144333 0.00038822937011719
v 0.07065127921927250 -0.10296968195237842 0.00075000095367432
v 0.06915127921927250 -0.10037160574102511 0.00075000095367432
v 0.07290127892079330 -0.10167064401902881 0.00075000095367432
v 0.07140127892079330 -0.09907256780767550 0.00075000095367432
v 0.07085772107744888 -0.10285049268998829 0.00106066131591797
v 0.06935772107744888 -0.10025241647863498 0.00106066131591797
v 0.07269483871442929 -0.10178983232774463 0.00106066131591797
v 0.07119483871442929 -0.09919175611639132 0.00106066131591797
v 0.06765127921927250 -0.09777352952967179 0.00075000095367432
v 0.06740177894461430 -0.09734138237746140 0.00075000095367432
v 0.06990127892079330 -0.09647449159632218 0.00075000095367432
v 0.06965177864613510 -0.09604234444411179 0.00075000095367432
v 0.06785772107744888 -0.09765434026728166 0.00106066131591797
v 0.06760822080279066 -0.09722219311507127 0.00106066131591797
v 0.06969483871442930 -0.09659367990503800 0.00106066131591797
v 0.06944533843977109 -0.09616153275282761 0.00106066131591797
v 0.05656741847818023 -0.10763690112733951 0.00129409599304199
v 0.06160048098851884 -0.10819516274728504 0.00129903888702393
v 0.06010048098851884 -0.10559708653593172 0.00129903888702393
v 0.05506741847818022 -0.10503882491598618 0.00129409599304199
v 0.05860048098851884 -0.10299901032457841 0.00129903888702393
v 0.05835098071386063 -0.10256686317236802 0.00129903888702393
v 0.06289951909419550 -0.10744516274728504 0.00129903888702393
v 0.06191378395729355 -0.10801427719392506 0.00144888973236084
v 0.06258621571246770 -0.10762604853906360 0.00144888973236084
v 0.06225000004135717 -0.10782016274728504 0.00150000095367432
v 0.06139951909419550 -0.10484708653593172 0.00129903888702393
v 0.06041378395729355 -0.10541620098257173 0.00144888973236084
v 0.06108621571246770 -0.10502797232771029 0.00144888973236084
v 0.06075000004135717 -0.10522208653593172 0.00150000095367432
v 0.05989951909419550 -0.10224901032457841 0.00129903888702393
v 0.05965001881953730 -0.10181686317236802 0.00129903888702393
v 0.05891378395729355 -0.10281812477121842 0.00144888973236084
v 0.05866428368263534 -0.10238597761900803 0.00144888973236084
v 0.05958621571246770 -0.10242989611635697 0.00144888973236084
v 0.05933671543780950 -0.10199774896414658 0.00144888973236084
v 0.05925000004135717 -0.10262401032457841 0.00150000095367432
v 0.05900049976669897 -0.10219186317236802 0.00150000095367432
v 0.06672767230954806 -0.10523497745790211 0.00129409599304199
v 0.06522767230954805 -0.10263690124654878 0.00129409599304199
v 0.07112676001719458 -0.10269516298570362 0.00129903888702393
v 0.06962676001719457 -0.10009708677435031 0.00129903888702393
v 0.07242579812287123 -0.10194516298570362 0.00129903888702393
v 0.07144006422482854 -0.10251427671708790 0.00144888973236084
v 0.07211249556704961 -0.10212604830064502 0.00144888973236084
v 0.07177627907003289 -0.10232016298570362 0.00150000095367432
v 0.07092579812287123 -0.09934708677435031 0.00129903888702393
v 0.06994006422482855 -0.09991620050573458 0.00144888973236084
v 0.07061249556704961 -0.09952797208929171 0.00144888973236084
v 0.07027627907003291 -0.09972208677435031 0.00150000095367432
v 0.06812676001719457 -0.09749901056299699 0.00129903888702393
v 0.06787725974253637 -0.09706686341078660 0.00129903888702393
v 0.06942579812287122 -0.09674901056299699 0.00129903888702393
v 0.06917629784821303 -0.09631686341078660 0.00129903888702393
v 0.06844006422482855 -0.09731812429438126 0.00144888973236084
v 0.06819056395017034 -0.09688597714217087 0.00144888973236084
v 0.06911249556704961 -0.09692989587793839 0.00144888973236084
v 0.06886299529239140 -0.09649774872572800 0.00144888973236084
v 0.06877627907003291 -0.09712401056299699 0.00150000095367432
v 0.06852677879537469 -0.09669186341078660 0.00150000095367432
v 0.10050000048111912 -0.12840381048887770 0.00000000095367432
v 0.10350000018263991 -0.12840381066120474 0.00000000095367432
v 0.10049999881336148 -0.12845492072889886 0.00038822937011719
v 0.10349999851488230 -0.12845492090122590 0.00038822937011719
v 0.10050000032033579 -0.12860477227704320 0.00075000095367432
v 0.10350000002185658 -0.12860477244937024 0.00075000095367432
v 0.10050000058679548 -0.13096447198783251 0.00106066131591797
v 0.10049999855130333 -0.12884314964511800 0.00106066131591797
v 0.10349999990463650 -0.12884314886377071 0.00106066131591797
v 0.10050000130554815 -0.13065381191683065 0.00129903888702393
v 0.10049999948436303 -0.12915380876244553 0.00129903888702393
v 0.10050000013289744 -0.13029203925585722 0.00144888973236084
v 0.10050000065701374 -0.12951558142341896 0.00144888973236084
v 0.10050000039495559 -0.12990381033963808 0.00150000095367432
v 0.10349999918588383 -0.12915380893477257 0.00129903888702393
v 0.07307531717570956 -0.10157016298570362 0.00000000095367432
v 0.07157531717570956 -0.09897208677435031 0.00000000095367432
v 0.07007531717570956 -0.09637401056299699 0.00000000095367432
v 0.06982581690105136 -0.09594186341078660 0.00000000095367432
v 0.05699999995380563 -0.10738715009594073 0.00250000095367432
v 0.05549999995380563 -0.10478907388458741 0.00250000095367432
v 0.05768813786366060 -0.10698985348844638 0.00353553485870361
v 0.05618813786366059 -0.10439177727709306 0.00353553485870361
v 0.06716025388841175 -0.10498522636689869 0.00250000095367432
v 0.06566025388841175 -0.10238715015554538 0.00250000095367432
v 0.06784839148855190 -0.10458792993821826 0.00353553485870361
v 0.06634839148855190 -0.10198985372686495 0.00353553485870361
v 0.05858493653189607 -0.10647208653593172 0.00433012771606445
v 0.05708493653189607 -0.10387401032457841 0.00433012771606445
v 0.05962928044940024 -0.10586913429403415 0.00482962989807129
v 0.05812928044940024 -0.10327105808268082 0.00482962989807129
v 0.06075000004135717 -0.10522208653593172 0.00500000095367432
v 0.05925000004135717 -0.10262401032457841 0.00500000095367432
v 0.06874519015678736 -0.10407016298570362 0.00433012771606445
v 0.06724519015678736 -0.10147208677435031 0.00433012771606445
v 0.06978953448724462 -0.10346721050538746 0.00482962989807129
v 0.07091025366624847 -0.10282016298570362 0.00500000095367432
v 0.06828953448724462 -0.10086913429403414 0.00482962989807129
v 0.06941025366624846 -0.10022208677435031 0.00500000095367432
v 0.10050000039495559 -0.12990381033963808 0.00500000095367432
v 0.10050000048111912 -0.12840381048887770 0.00500000095367432
v 0.09552881361485452 -0.11940390156312541 0.00500000095367432
v 0.09600868162979176 -0.11959839581638290 0.00500000095367432
v 0.09652239683212377 -0.11966318351389757 0.00500000095367432
v 0.09703552959876582 -0.11959392483606641 0.00500000095367432
v 0.09751368317522058 -0.11939525565555681 0.00500000095367432
v 0.10349999780216095 -0.12470380958985204 0.00500000095367432
v 0.10367037118304127 -0.12340971731972374 0.00500000095367432
v 0.10416987294575916 -0.12220381194116275 0.00500000095367432
v 0.09876794890661139 -0.11867110499790301 0.00500000095367432
v 0.09918216469332379 -0.11835326946547348 0.00500000095367432
v 0.09950000214242707 -0.11793905839618098 0.00500000095367432
v 0.09969980264308524 -0.11745669283891734 0.00500000095367432
v 0.09976794980883351 -0.11693905366943595 0.00500000095367432
v 0.09511495874608310 -0.11909273881068011 0.00500000095367432
v 0.09969980003828227 -0.11642141763634828 0.00500000095367432
v 0.09949999971418028 -0.11593905419033412 0.00500000095367432
v 0.07755755789554303 -0.10191372121330110 0.00500000095367432
v 0.07726802157100940 -0.10155646329218539 0.00500000095367432
v 0.07706773711379680 -0.10114251331718616 0.00500000095367432
v 0.07696729360919627 -0.10069376360518753 0.00500000095367432
v 0.07307531717570956 -0.10157016298570362 0.00500000095367432
v 0.07697200145008803 -0.10023393839365369 0.00500000095367432
v 0.07708161018496811 -0.09978733838492516 0.00500000095367432
v 0.07729032514351750 -0.09937758017487376 0.00500000095367432
v 0.07758711190669507 -0.09902631925876593 0.00500000095367432
v 0.07795628232468053 -0.09875213644304004 0.00500000095367432
v 0.08767191667585018 -0.09545221341180278 0.00500000095367432
v 0.08693986677050343 -0.09472016208333572 0.00500000095367432
v 0.08735407783979592 -0.09503799953243902 0.00500000095367432
v 0.08493986586828131 -0.09472016260423390 0.00500000095367432
v 0.08542222740694683 -0.09452035897650717 0.00500000095367432
v 0.08593986725473177 -0.09445221581320540 0.00500000095367432
v 0.08645750451686451 -0.09452035967532893 0.00500000095367432
v 0.08367191667585018 -0.08852401018152727 0.00500000095367432
v 0.14980000020015052 -0.13490380861419959 0.00000000095367432
v 0.14979999771016986 -0.13473343992154374 0.00129409599304199
v 0.13280000079032442 -0.13490380827346252 0.00000000095367432
v 0.13080000143072820 -0.12846892834859133 0.00020666456222534
v 0.13079999805480094 -0.12851907051156772 0.00022621345520020
v 0.13080000094534508 -0.12856180012751203 0.00025735187530518
v 0.13080000080737011 -0.12859428585044644 0.00029801416397095
v 0.13280000104826115 -0.13064651501905017 0.00000000095367432
v 0.13279999955068619 -0.12921533719324066 0.00000666475296021
v 0.13279999843896934 -0.12916110553136248 0.00000000095367432
v 0.13280000138573231 -0.12926548075249311 0.00002621364593506
v 0.13280000097265174 -0.12930821227578609 0.00005735158920288
v 0.13280000083467675 -0.12934069799872050 0.00009801435470581
v 0.13279999799315392 -0.12936078127285933 0.00014550542831421
v 0.13279999977409893 -0.12936713201379657 0.00019667577743530
v 0.13279999816415428 -0.12935933198407973 0.00024813318252563
v 0.13280000019122576 -0.12933789689643774 0.00029646492004395
v 0.13079999987319590 -0.12861437242821000 0.00034550523757935
v 0.13080000165414093 -0.12862072316914727 0.00039667606353760
v 0.13080000004419629 -0.12861292313943040 0.00044813299179077
v 0.13080000016391916 -0.12859148474816368 0.00049646472930908
v 0.13080000030909161 -0.12855783174033247 0.00053846693038940
v 0.13079999954342175 -0.12851419790682914 0.00057135391235352
v 0.13280000182624538 -0.13044351343687086 0.00034186649322510
v 0.13279999930409728 -0.13049671646584313 0.00035000848770142
v 0.13280000099104591 -0.13039093783254815 0.00034746742248535
v 0.13280000182385071 -0.13054701379893416 0.00037135410308838
v 0.13280000096573480 -0.13034247587464548 0.00036643981933594
v 0.13280000033639827 -0.12930424388860651 0.00033846664428711
v 0.13279999957072841 -0.12926061005510320 0.00037135410308838
v 0.13279999947410120 -0.13030133559574783 0.00039752626419067
v 0.13280000158561403 -0.13027024947028051 0.00043866539001465
v 0.13279999944615561 -0.13025127908982512 0.00048712873458862
v 0.13280000146287840 -0.13024567497791101 0.00053970384597778
v 0.13280000007118886 -0.12970713649565663 0.00053667831420898
v 0.13280000032912656 -0.12975830729153889 0.00054303073883057
v 0.13280000137333017 -0.12965567848491821 0.00054447937011719
v 0.13279999797192976 -0.13025381712476994 0.00059290456771851
v 0.13279999839073178 -0.12980579691509772 0.00056311464309692
v 0.13280000201707162 -0.12984646023955962 0.00059559917449951
v 0.13280000049950880 -0.12960734475705976 0.00056591653823853
v 0.13280000038448742 -0.12956534474094236 0.00059956836700439
v 0.14179999989488681 -0.13490380879044367 0.00000000095367432
v 0.13279999945106083 -0.13482784770183676 0.00086824178695679
v 0.13080000140698819 -0.13098992440122245 0.00088827657699585
v 0.13080000028111621 -0.13104312221922135 0.00089641857147217
v 0.13080000057178875 -0.13093734879689975 0.00089387750625610
v 0.13079999949724494 -0.13109342145966102 0.00091776418685913
v 0.13079999863912900 -0.13088888353537234 0.00091284990310669
v 0.13280000074500722 -0.13027516134438488 0.00064320325851440
v 0.13279999966836920 -0.12987759935996424 0.00063833045959473
v 0.13280000059501831 -0.12989714747375664 0.00068847417831421
v 0.13279999874222326 -0.12953245920602774 0.00064320325851440
v 0.13280000234910194 -0.12990381097334436 0.00074270677566528
v 0.13079999905484405 -0.13084774656009940 0.00094393634796143
v 0.13080000116635687 -0.13081666043463211 0.00098507547378540
v 0.13080000042317458 -0.13079768484320331 0.00103353929519653
v 0.13080000104362124 -0.13079208594226260 0.00108611440658569
v 0.13080000085629734 -0.13080022618177289 0.00113931465148926
v 0.13080000032575007 -0.13082157230873648 0.00118961334228516
v 0.13079999841166273 -0.12841469338308842 0.00020000076293945
v 0.13080000031312700 -0.12510797975757579 0.00020000076293945
v 0.13280000200053083 -0.12490381036960146 0.00000000095367432
v 0.13080000091203189 -0.12518876845360091 0.00089910268783569
v 0.13280000003616968 -0.12497977284857585 0.00086824178695679
v 0.14479999959640763 -0.13490380896277071 0.00000000095367432
v 0.14179999780146846 -0.12490381279393124 0.00000000095367432
v 0.13080000052684718 -0.12950713479083598 0.00128308868408203
v 0.13079999852536375 -0.12945567868744620 0.00129088973999023
v 0.13080000078478488 -0.12955830558671827 0.00128944063186646
v 0.13080000075373874 -0.12960579851390183 0.00130952501296997
v 0.13079999916910520 -0.12964646044208761 0.00134200954437256
v 0.13080000012402751 -0.12967759765514358 0.00138474035263062
v 0.13079999955889102 -0.12940734826321251 0.00131232690811157
v 0.13080000084014576 -0.12936534303612171 0.00134597826004028
v 0.13079999919788160 -0.12933245750120712 0.00138961315155029
v 0.13080000105067663 -0.12969714576893601 0.00143488454818726
v 0.13079999950113552 -0.12970381117587237 0.00148911714553833
v 0.13280000049290686 -0.13460227119826160 0.00171010160446167
v 0.14180000070853088 -0.13473343819043920 0.00129409599304199
v 0.13380000036901185 -0.13240381031662868 0.00200000095367432
v 0.13479999916831056 -0.13240381100985391 0.00200000095367432
v 0.13379999973854409 -0.13238677278663816 0.00212941074371338
v 0.13479999853784275 -0.13238677347986336 0.00212941074371338
v 0.13379999923621932 -0.13233682227059004 0.00225000095367432
v 0.13479999803551801 -0.13233682296381524 0.00225000095367432
v 0.13379999982589680 -0.13225736314789843 0.00235355472564697
v 0.13479999862519548 -0.13225736384112366 0.00235355472564697
v 0.13479999886477970 -0.13215381048412306 0.00243301391601563
v 0.13479999847389612 -0.13203321959713191 0.00248296356201172
v 0.13380000006548101 -0.13215380979089780 0.00243301391601563
v 0.13379999967459744 -0.13203321890390665 0.00248296356201172
v 0.13380000002044073 -0.12740380971288576 0.00200000095367432
v 0.13479999881973942 -0.12740381040611098 0.00200000095367432
v 0.13380000065090855 -0.12742084724287631 0.00212941074371338
v 0.13479999945020724 -0.12742084793610153 0.00212941074371338
v 0.13380000115323329 -0.12747079775892442 0.00225000095367432
v 0.13479999995253197 -0.12747079845214965 0.00225000095367432
v 0.13380000056355582 -0.12755025688161600 0.00235355472564697
v 0.13380000032397160 -0.12765381023861663 0.00243301391601563
v 0.13380000071485518 -0.12777440112560776 0.00248296356201172
v 0.13479999912327029 -0.12765381093184186 0.00243301391601563
v 0.13479999951415386 -0.12777440181883301 0.00248296356201172
v 0.13479999936285450 -0.12755025757484123 0.00235355472564697
v 0.13080000094830985 -0.12537091268147527 0.00157887697219849
v 0.13279999899432363 -0.12520534935215100 0.00171010160446167
v 0.13079999954851781 -0.12565049704895651 0.00222471141815186
v 0.14480000041005170 -0.13473343836276624 0.00129409599304199
v 0.14180000029144912 -0.12507418148658708 0.00129409599304199
v 0.14180000067427556 -0.13240381014038460 0.00200000095367432
v 0.14180000004380780 -0.13238677261039405 0.00212941074371338
v 0.14479999707217164 -0.13240381222006029 0.00200000095367432
v 0.14479999974532856 -0.13238677278272110 0.00212941074371338
v 0.14179999954148301 -0.13233682209434597 0.00225000095367432
v 0.14180000013116048 -0.13225736297165436 0.00235355472564697
v 0.14180000037074472 -0.13215380961465373 0.00243301391601563
v 0.14179999997986115 -0.13203321872766258 0.00248296356201172
v 0.14480000254662856 -0.13233682035932437 0.00225000095367432
v 0.14479999983268130 -0.13225736314398140 0.00235355472564697
v 0.14479999676864078 -0.13215381169432941 0.00243301391601563
v 0.14479999637775720 -0.13203322080733826 0.00248296356201172
v 0.14179999702207971 -0.12740381144399032 0.00200000095367432
v 0.14180000095617223 -0.12742084706663223 0.00212941074371338
v 0.14179999815487226 -0.12747079949002896 0.00225000095367432
v 0.14179999771649412 -0.12777440285671232 0.00248296356201172
v 0.14179999732561055 -0.12765381196972117 0.00243301391601563
v 0.14180000086881953 -0.12755025670537193 0.00235355472564697
v 0.14479999741801494 -0.12777440302903936 0.00248296356201172
v 0.14479999672360050 -0.12740381161631736 0.00200000095367432
v 0.14480000065769302 -0.12742084723895927 0.00212941074371338
v 0.14479999785639305 -0.12747079966235600 0.00225000095367432
v 0.14480000057034031 -0.12755025687769897 0.00235355472564697
v 0.14479999702713137 -0.12765381214204824 0.00243301391601563
v 0.13079999949214891 -0.13395712231753365 0.00257112216949463
v 0.13080000002192602 -0.13353760571804471 0.00313616657257080
v 0.13079999814113472 -0.13303997520211780 0.00363379573822021
v 0.13080000032869224 -0.13247493077330519 0.00405331325531006
v 0.14980000310886893 -0.13423393755361487 0.00250000095367432
v 0.14979999858369705 -0.13343934353414663 0.00353553485870361
v 0.14980000097953927 -0.13240380996414053 0.00433012771606445
v 0.13280000039541812 -0.13423393912022644 0.00250000095367432
v 0.13379999976195017 -0.13190380926516695 0.00250000095367432
v 0.13479999856124886 -0.13190380995839218 0.00250000095367432
v 0.14179999949998048 -0.13423393963720759 0.00250000095367432
v 0.13954117931980198 -0.13086973557583587 0.00250000095367432
v 0.13979999985821698 -0.13090381081052238 0.00250000095367432
v 0.14005881787476082 -0.13086973592524676 0.00250000095367432
v 0.14030000055144223 -0.13076983741500811 0.00250000095367432
v 0.13654117961828119 -0.13086973540350882 0.00250000095367432
v 0.13630000205062273 -0.13076983654945584 0.00250000095367432
v 0.13609289130500310 -0.13061091642862810 0.00250000095367432
v 0.13593397544613697 -0.13040381183889665 0.00250000095367432
v 0.13583407363227359 -0.13016263106956388 0.00250000095367432
v 0.13580000205062273 -0.12990381114567140 0.00250000095367432
v 0.13583407398168451 -0.12964499251460504 0.00250000095367432
v 0.13680000015669622 -0.13090381063819534 0.00250000095367432
v 0.13593397423201359 -0.12940380973597321 0.00250000095367432
v 0.13609289295656521 -0.12919670420132695 0.00250000095367432
v 0.13630000084992142 -0.12903778643511221 0.00250000095367432
v 0.13654118161925416 -0.12893788462124883 0.00250000095367432
v 0.13679999963579800 -0.12890380973597321 0.00250000095367432
v 0.13380000062750244 -0.12790381076434748 0.00250000095367432
v 0.13479999942680113 -0.12790381145757271 0.00250000095367432
v 0.13909289100652389 -0.13061091660095514 0.00250000095367432
v 0.13930000175214352 -0.13076983672178288 0.00250000095367432
v 0.13893397514765779 -0.13040381201122370 0.00250000095367432
v 0.13883407333379441 -0.13016263124189092 0.00250000095367432
v 0.13880000175214352 -0.12990381131799844 0.00250000095367432
v 0.13883407368320530 -0.12964499268693208 0.00250000095367432
v 0.13893397393353438 -0.12940380990830025 0.00250000095367432
v 0.13909289265808603 -0.12919670437365399 0.00250000095367432
v 0.13930000055144223 -0.12903778660743925 0.00250000095367432
v 0.13280000210652945 -0.13373403363669262 0.00321393871307373
v 0.14179999827843334 -0.13343934371039071 0.00353553485870361
v 0.13280000099916103 -0.12557368473381092 0.00250000095367432
v 0.13279999928804967 -0.12607359021734477 0.00321393871307373
v 0.14479999920150130 -0.13423393980953463 0.00250000095367432
v 0.14180000006721385 -0.13190380908892288 0.00250000095367432
v 0.14050710653744977 -0.13061091634516861 0.00250000095367432
v 0.14066602526200142 -0.13040381081052238 0.00250000095367432
v 0.14076592551233050 -0.13016262803189058 0.00250000095367432
v 0.14279999955973779 -0.13090381098284942 0.00250000095367432
v 0.14180000076043911 -0.13090381028962420 0.00250000095367432
v 0.14479999646510994 -0.13190381116859856 0.00250000095367432
v 0.14305881757628164 -0.13086973609757380 0.00250000095367432
v 0.14330000025296299 -0.13076983758733515 0.00250000095367432
v 0.14350710623897059 -0.13061091651749568 0.00250000095367432
v 0.14366602496352224 -0.13040381098284942 0.00250000095367432
v 0.14376592521385129 -0.13016262820421762 0.00250000095367432
v 0.14279999903883961 -0.12890381008062729 0.00250000095367432
v 0.14305881957725461 -0.12893788531531383 0.00250000095367432
v 0.14380000235588641 -0.12990381096942732 0.00250000095367432
v 0.14376592556326218 -0.12964498964925875 0.00250000095367432
v 0.14366602565674746 -0.12940381218355074 0.00250000095367432
v 0.14350710789053270 -0.12919670429019453 0.00250000095367432
v 0.14330000235588641 -0.12903778556564288 0.00250000095367432
v 0.13954118132077498 -0.12893788479357587 0.00250000095367432
v 0.13979999933731882 -0.12890380990830025 0.00250000095367432
v 0.14079999935074092 -0.12990381270444892 0.00250000095367432
v 0.14076592586174139 -0.12964498947693170 0.00250000095367432
v 0.14066602595522665 -0.12940381201122370 0.00250000095367432
v 0.14029999935074092 -0.12903778730066445 0.00250000095367432
v 0.14005881987573382 -0.12893788514298676 0.00250000095367432
v 0.14050710818901188 -0.12919670411786749 0.00250000095367432
v 0.14179999693591616 -0.12890381129475070 0.00250000095367432
v 0.14179999762914142 -0.12790381249545205 0.00250000095367432
v 0.14180000340734816 -0.12557368334344343 0.00250000095367432
v 0.14479999733066221 -0.12790381266777909 0.00250000095367432
v 0.14480000128357889 -0.13343934197536914 0.00353553485870361
v 0.14179999941792193 -0.12636827787398419 0.00353553485870361
v 0.13279999994756908 -0.13311775029521278 0.00383022308349609
v 0.13280000156971317 -0.13240380962340345 0.00433012771606445
v 0.13280000122114205 -0.12740380901966056 0.00433012771606445
v 0.13279999854896893 -0.13161391028731700 0.00469846439361572
v 0.13079999950113552 -0.12970381117587237 0.00479583263397217
v 0.13080000143070469 -0.12900471020890217 0.00471504211425781
v 0.13279999933920325 -0.13077205374588674 0.00492403984069824
v 0.13280000093826158 -0.12819371026309562 0.00469846439361572
v 0.13280000234910194 -0.12990381097334436 0.00500000095367432
v 0.13280000205537587 -0.12903557010815062 0.00492403984069824
v 0.13979999985821698 -0.13090381081052238 0.00489898014068604
v 0.13960737854463870 -0.13088480950985834 0.00490285968780518
v 0.13999261992262022 -0.13088480793339155 0.00490285968780518
v 0.14018314413688074 -0.13082749933918406 0.00491394042968750
v 0.14035806955400423 -0.13073328514048571 0.00493069744110107
v 0.13941685686969416 -0.13082749847885269 0.00491394042968750
v 0.13924192851295453 -0.13073328442924823 0.00493069744110107
v 0.13909290905786517 -0.13061093260800632 0.00494974613189697
v 0.13897054789194260 -0.13046190883905973 0.00496871852874756
v 0.13887631945660028 -0.13028697402213457 0.00498529815673828
v 0.13881900323299823 -0.13009643659337505 0.00499619865417480
v 0.13880000175214352 -0.12990381131799844 0.00500000095367432
v 0.13881900444908365 -0.12971118479344679 0.00499619865417480
v 0.13887631966891764 -0.12952064748558215 0.00498529815673828
v 0.13909291057248585 -0.12919668962593747 0.00494974613189697
v 0.13897054693302108 -0.12934571149944799 0.00496871852874756
v 0.13924192964153156 -0.12907433557833689 0.00493069744110107
v 0.13280000144701004 -0.12668987355882458 0.00383022308349609
v 0.13079999919493940 -0.12767909903663843 0.00425331306457520
v 0.13079999951363541 -0.12832493546510090 0.00453289794921875
v 0.14180000067427556 -0.13240381014038460 0.00433012771606445
v 0.14479999707217164 -0.13240381222006029 0.00433012771606445
v 0.14179999702207971 -0.12740381144399032 0.00433012771606445
v 0.14179999867278850 -0.13119790457409788 0.00482962989807129
v 0.14050709383402335 -0.13061093248916125 0.00494974613189697
v 0.14062945226251472 -0.13046190921937467 0.00496871852874756
v 0.14072367952661816 -0.13028697323324048 0.00498529815673828
v 0.14078099474645214 -0.13009643592537584 0.00499619865417480
v 0.14180000145366434 -0.12990381149032551 0.00500000095367432
v 0.14480000167793400 -0.13119790283907631 0.00482962989807129
v 0.14479999785156039 -0.12990381357000119 0.00500000095367432
v 0.13960737927291558 -0.12892281278543108 0.00490285968780518
v 0.13979999933731882 -0.12890380990830025 0.00489898014068604
v 0.13999262065089710 -0.12892281120896432 0.00490285968780518
v 0.14018314562946638 -0.12898012033262132 0.00491394042968750
v 0.14079999935074092 -0.12990381270444892 0.00500000095367432
v 0.14078099596253757 -0.12971118412544758 0.00499619865417480
v 0.14062945460721793 -0.12934570997241426 0.00496871852874756
v 0.14072367973893551 -0.12952064669668809 0.00498529815673828
v 0.14035807068258127 -0.12907433628957440 0.00493069744110107
v 0.14050709013767063 -0.12919668811081633 0.00494974613189697
v 0.13941685505865506 -0.12898012137963857 0.00491394042968750
v 0.14179999902356680 -0.12860971701027701 0.00482962989807129
v 0.14979999897805218 -0.13119790439785381 0.00482962989807129
v 0.14980000175892802 -0.12990381131408144 0.00500000095367432
v 0.14480000216449443 -0.12470380883319084 0.00500000095367432
v 0.14462962583076769 -0.12340971544684692 0.00500000095367432
v 0.14413012527604899 -0.12220381108911060 0.00500000095367432
v 0.13979999790855563 -0.11970381048536770 0.00500000095367432
v 0.14109409678593343 -0.11987418005155076 0.00500000095367432
v 0.14230000216449443 -0.12037368181426863 0.00500000095367432
v 0.14333553174507432 -0.12116827874065163 0.00500000095367432
v 0.10496446605744489 -0.12116827575333339 0.00500000095367432
v 0.10720590276364017 -0.11987418166764004 0.00500000095367432
v 0.10849999996468136 -0.11970381194116275 0.00500000095367432
v 0.10599999840590385 -0.12037368222235872 0.00500000095367432
v 0.10639155247287159 -0.11383586271289377 0.00500000095367432
v 0.10597733809995434 -0.11351802717113910 0.00500000095367432
v 0.10687391091181321 -0.11403565851365108 0.00500000095367432
v 0.10739154868501849 -0.11410381089037272 0.00500000095367432
v 0.10565949926390007 -0.11310381329177534 0.00500000095367432
v 0.10401923666014030 -0.11026279512430821 0.00500000095367432
v 0.10381943633603832 -0.10978043167829407 0.00500000095367432
v 0.10375128986911182 -0.10926279373785777 0.00500000095367432
v 0.10381943703486009 -0.10874515456837637 0.00500000095367432
v 0.10401923804659076 -0.10826279752571084 0.00500000095367432
v 0.10433707498462154 -0.10784857794182022 0.00500000095367432
v 0.10475128746770919 -0.10753074431673933 0.00500000095367432
v 0.10151923666014032 -0.10593266810538601 0.00500000095367432
v 0.11437973150441566 -0.10197175956026960 0.00500000095367432
v 0.11469569404718354 -0.10182442740071816 0.00500000095367432
v 0.11503243413095075 -0.10173419353250188 0.00500000095367432
v 0.11537973289086612 -0.10170381276924112 0.00500000095367432
v 0.12608987518588319 -0.09811802424720224 0.00500000095367432
v 0.12650408625517567 -0.09843586169630554 0.00500000095367432
v 0.12577203304620418 -0.09770381227518712 0.00500000095367432
v 0.12557223602572692 -0.09722144692182434 0.00500000095367432
v 0.12550408625517567 -0.09670381088873667 0.00500000095367432
v 0.12698645181243934 -0.09863566219696369 0.00500000095367432
v 0.12750408246732262 -0.09870380987378449 0.00500000095367432
v 0.12557223672454870 -0.09618616981190664 0.00500000095367432
v 0.12577203443265464 -0.09570381467658974 0.00500000095367432
v 0.12608987467431015 -0.09528959318535050 0.00500000095367432
v 0.12650408385377307 -0.09497176146761824 0.00500000095367432
v 0.04987928044940024 -0.08898163892023758 -0.00482962810993195
v 0.05100000004135716 -0.08833459116213517 -0.00499999904632568
v 0.04883493653189607 -0.08958459116213517 -0.00433012604713440
v 0.04866066420889230 -0.08622110571959594 -0.00487240386009216
v 0.04837928044940024 -0.08638356270888427 -0.00482962810993195
v 0.04950000004135716 -0.08573651495078186 -0.00499999904632568
v 0.05036859277451750 -0.08523503270247558 -0.00499999904632568
v 0.05078210872205483 -0.08499628915885070 -0.00488039469718933
v 0.05119020920273747 -0.08476067223647216 -0.00471178460121155
v 0.05158203231137413 -0.08453445305922606 -0.00449779736995697
v 0.04733493653189607 -0.08698651495078186 -0.00433012604713440
v 0.04877494402179690 -0.08615512623885253 -0.00420900154113770
v 0.05195380324374653 -0.08431981101134399 -0.00424049401283264
v 0.05230194334835529 -0.08411881222823242 -0.00394235229492187
v 0.05660140860016141 -0.08163651480773071 -0.00499999904632568
v 0.04793813786366059 -0.09010235811464982 -0.00353553295135498
v 0.04643813786366059 -0.08750428190329650 -0.00353553295135498
v 0.04920304588551343 -0.08590796151259521 -0.00348145031929016
v 0.05262309944608954 -0.08393339266875366 -0.00360624361038208
v 0.05291417851828667 -0.08376533808806517 -0.00323540472984314
v 0.05317237661344878 -0.08361626734831909 -0.00283340716362000
v 0.03627928197527915 -0.06542575058020066 -0.00482962810993195
v 0.03740000156723607 -0.06477870282209824 -0.00499999904632568
v 0.03523493805777497 -0.06602870282209825 -0.00433012604713440
v 0.03377928197527915 -0.06109562356127846 -0.00482962810993195
v 0.03214116222495716 -0.05708436959054918 -0.00494974434375763
v 0.03196068588161988 -0.05701647964084577 -0.00493069553375244
v 0.03179163803419130 -0.05691210905897351 -0.00491393828392029
v 0.03164673860430771 -0.05677575418581896 -0.00490285813808441
v 0.03140848984083193 -0.05624847692124684 -0.00491393828392029
v 0.03145411928057724 -0.05644212773059823 -0.00490285813808441
v 0.03153397616345163 -0.05661844878425385 -0.00489897847175598
v 0.03227928197527915 -0.05849754734992514 -0.00482962810993195
v 0.03143406993980091 -0.05585964982701858 -0.00494974434375763
v 0.03140261855984254 -0.05604987868548352 -0.00493069553375244
v 0.03490000156723607 -0.06044857580317604 -0.00499999904632568
v 0.03340000156723607 -0.05785049959182273 -0.00499999904632568
v 0.03253000922652229 -0.05710995746715618 -0.00498529589176178
v 0.03233139885311578 -0.05711582584494291 -0.00496871685981751
v 0.03272367591974338 -0.05706432216047915 -0.00499619674682617
v 0.03290000156723607 -0.05698447418803829 -0.00499999904632568
v 0.03305731476355688 -0.05687169568419131 -0.00499619674682617
v 0.03319366944505923 -0.05672679306133343 -0.00498529589176178
v 0.03329805679600480 -0.05655772562140166 -0.00496871685981751
v 0.03336593278171814 -0.05637724797990770 -0.00494974434375763
v 0.03339737653228197 -0.05618700590694380 -0.00493069553375244
v 0.03339151329364021 -0.05598842064726086 -0.00491393828392029
v 0.03334587622450036 -0.05579475662341051 -0.00490285813808441
v 0.03300836510028084 -0.05532478850953419 -0.00491393828392029
v 0.03315325690076989 -0.05546113016818979 -0.00490285813808441
v 0.03326602697102051 -0.05561844878425385 -0.00489897847175598
v 0.03452072074623989 -0.05720345207213889 -0.00482962810993195
v 0.03160632606001837 -0.05551009129267531 -0.00498529589176178
v 0.03150194633846734 -0.05567917194710605 -0.00496871685981751
v 0.03174268074152072 -0.05536518866981743 -0.00499619674682617
v 0.03190000156723607 -0.05525242338046941 -0.00499999904632568
v 0.03207631958533422 -0.05517256219352959 -0.00499619674682617
v 0.03226998627855533 -0.05512692688685256 -0.00498529589176178
v 0.03246860428135636 -0.05512107172356479 -0.00496871685981751
v 0.03265884049656189 -0.05515252821637710 -0.00494974434375763
v 0.03283930921050463 -0.05522040495158155 -0.00493069553375244
v 0.03273493805777497 -0.06169857580317605 -0.00433012604713440
v 0.03123493805777497 -0.05910049959182272 -0.00433012604713440
v 0.03556506466374407 -0.05660049983024130 -0.00433012604713440
v 0.04450141012604032 -0.06067870267904709 -0.00499999904632568
v 0.03940333391468701 -0.05784857566012489 -0.00499999904632568
v 0.04043886327435489 -0.05705397504506361 -0.00499999904632568
v 0.04123345937483170 -0.05601844594132087 -0.00499999904632568
v 0.04173296495224686 -0.05481254717000937 -0.00499999904632568
v 0.04190333369252373 -0.05351844876946873 -0.00499999904632568
v 0.04173296422158271 -0.05222435582572661 -0.00499999904632568
v 0.04123346093360920 -0.05101844864120270 -0.00499999904632568
v 0.03433813938953950 -0.06654646977461288 -0.00353553295135498
v 0.03183813938953950 -0.06221634275569069 -0.00353553295135498
v 0.03033813938953950 -0.05961826654433738 -0.00353553295135498
v 0.03646186333197955 -0.05608273287772666 -0.00353553295135498
v 0.06545115119171675 -0.08576471784727135 -0.00499999904632568
v 0.06295115119171675 -0.08143459082834915 -0.00499999904632568
v 0.06618320199928562 -0.08303266703970248 -0.00499999904632568
v 0.07792191667585019 -0.07856471803800621 -0.00499999904632568
v 0.07692191667585019 -0.07683266723043734 -0.00499999904632568
v 0.07188012716944066 -0.08205294683591882 -0.00289777636528015
v 0.07125352040598505 -0.08241471841947595 -0.00259807515144348
v 0.07088012716944066 -0.08032089602834994 -0.00289777636528015
v 0.07025352040598506 -0.08068266761190707 -0.00259807515144348
v 0.07255255851166172 -0.08166471841947595 -0.00299999904632568
v 0.07322498985388279 -0.08127649000303308 -0.00289777636528015
v 0.07385159661733838 -0.08091471841947595 -0.00259807515144348
v 0.07155255851166172 -0.07993266761190707 -0.00299999904632568
v 0.07222498985388279 -0.07954443919546419 -0.00289777636528015
v 0.07285159661733838 -0.07918266761190706 -0.00259807515144348
v 0.05108320352516453 -0.05687870248831223 -0.00499999904632568
v 0.05088340154925017 -0.05639633999597239 -0.00499999904632568
v 0.05081525343051129 -0.05587870300921041 -0.00499999904632568
v 0.05088340059625957 -0.05536106383972902 -0.00499999904632568
v 0.05108320109691771 -0.05487869828246538 -0.00499999904632568
v 0.04931524913158568 -0.05181651565316905 -0.00499999904632568
v 0.04831525343051129 -0.05154857599028821 -0.00499999904632568
v 0.04790104070940642 -0.05123073949485923 -0.00499999904632568
v 0.04758320352516453 -0.05081652466182116 -0.00499999904632568
v 0.04879761568415020 -0.05174837839829500 -0.00499999904632568
v 0.05140103854602102 -0.05446448721317287 -0.00499999904632568
v 0.05181525433273340 -0.05414665168074335 -0.00499999904632568
v 0.04983289279406789 -0.05174837909711676 -0.00499999904632568
v 0.05031525433273341 -0.05154857546939003 -0.00499999904632568
v 0.06182191820172909 -0.05067870267904710 -0.00499999904632568
v 0.06150407936567483 -0.05026448879968334 -0.00499999904632568
v 0.05908986739416022 -0.04994665187147821 -0.00499999904632568
v 0.05957222893282573 -0.04974684824375149 -0.00499999904632568
v 0.06008986496591340 -0.04967869847320024 -0.00499999904632568
v 0.06060750604274343 -0.04974684894257325 -0.00499999904632568
v 0.05758986739416021 -0.04734857566012490 -0.00499999904632568
v 0.05800408318087261 -0.04703074012769538 -0.00499999904632568
v 0.05832191300058137 -0.04661651584390391 -0.00499999904632568
v 0.05852172113063405 -0.04613416350113923 -0.00499999904632568
v 0.06108986829638233 -0.04994665135058003 -0.00499999904632568
v 0.05858986829638233 -0.04561652433165785 -0.00499999904632568
v 0.05852171852583108 -0.04509888829857017 -0.00499999904632568
v 0.05832191820172909 -0.04461652485255602 -0.00499999904632568
v 0.04724999995380562 -0.09049965472214418 -0.00249999904632568
v 0.05334998126317704 -0.09390487803515998 -0.00129903697967529
v 0.04681741847818022 -0.09074940575354294 -0.00129409408569336
v 0.05035048098851883 -0.08870959116213517 -0.00129903697967529
v 0.05399950031601537 -0.09352987803515998 -0.00149999904632568
v 0.05366328423195174 -0.09372399248179999 -0.00144888782501221
v 0.05433571598712590 -0.09333576382693855 -0.00144888782501221
v 0.05464901936885370 -0.09315487803515998 -0.00129903697967529
v 0.05100000004135716 -0.08833459116213517 -0.00149999904632568
v 0.05066378395729354 -0.08852870560877518 -0.00144888782501221
v 0.05133621571246770 -0.08814047695391374 -0.00144888782501221
v 0.05164951909419549 -0.08795959116213517 -0.00129903697967529
v 0.04574999995380562 -0.08790157851079086 -0.00249999904632568
v 0.04531741847818022 -0.08815132954218963 -0.00129409408569336
v 0.06287626029185278 -0.08840487827357857 -0.00129903697967529
v 0.06352577934469110 -0.08802987827357857 -0.00149999904632568
v 0.06318956449948676 -0.08822399200496284 -0.00144888782501221
v 0.06386199584170782 -0.08783576358851997 -0.00144888782501221
v 0.06417529839752943 -0.08765487827357857 -0.00129903697967529
v 0.05987676001719457 -0.08320959140055376 -0.00129903697967529
v 0.06052627907003290 -0.08283459140055376 -0.00149999904632568
v 0.06019006422482855 -0.08302870513193802 -0.00144888782501221
v 0.06086249556704962 -0.08264047671549515 -0.00144888782501221
v 0.06117579812287123 -0.08245959140055376 -0.00129903697967529
v 0.05339520775395919 -0.08348761572936157 -0.00240412235260010
v 0.05358052623554943 -0.08338062205412963 -0.00195168447494507
v 0.05372654644904763 -0.08329631724455933 -0.00148045063018799
v 0.05308094149752516 -0.09406020821628180 -0.00106065940856934
v 0.05287450005230188 -0.09417939724025337 -0.00074999904632568
v 0.05008144122286696 -0.08886492134325699 -0.00106065940856934
v 0.04987499977764367 -0.08898411036722856 -0.00074999904632568
v 0.05491805872155248 -0.09299954809245674 -0.00106065940856934
v 0.05512450016677577 -0.09288035906848519 -0.00074999904632568
v 0.05191855844689428 -0.08780426121943193 -0.00106065940856934
v 0.05212499989211757 -0.08768507219546037 -0.00074999904632568
v 0.05274472582641463 -0.09425432242450324 -0.00038822746276855
v 0.04974522555175643 -0.08905903555147843 -0.00038822746276855
v 0.05525427480561611 -0.09280543364581673 -0.00038822746276855
v 0.05225477453095791 -0.08761014677279191 -0.00038822746276855
v 0.06260722135210707 -0.08856020797786324 -0.00106065940856934
v 0.06444433898908750 -0.08749954761561958 -0.00106065940856934
v 0.06240077949393070 -0.08867939724025337 -0.00074999904632568
v 0.06465077919545149 -0.08738035930690376 -0.00074999904632568
v 0.05960772107744888 -0.08336492110483842 -0.00106065940856934
v 0.06144483871442929 -0.08230426074259477 -0.00106065940856934
v 0.05940127921927250 -0.08348411036722855 -0.00074999904632568
v 0.06165127892079330 -0.08218507243387894 -0.00074999904632568
v 0.06227100485509036 -0.08875432266292183 -0.00038822746276855
v 0.06478055383429183 -0.08730543388423530 -0.00038822746276855
v 0.05927150458043216 -0.08355903578989701 -0.00038822746276855
v 0.06178105355963363 -0.08211014701121049 -0.00038822746276855
v 0.05383186352803320 -0.08323551240065673 -0.00099495983123779
v 0.05389546160789867 -0.08319879403212646 -0.00049988651275635
v 0.03365000147968453 -0.06694376638210724 -0.00249999904632568
v 0.03321742000405913 -0.06719351741350602 -0.00129409408569336
v 0.03115000147968453 -0.06261363936318505 -0.00249999904632568
v 0.03316795075966719 -0.06144857580317604 -0.00249999904632568
v 0.03305587880047150 -0.06151328057898629 -0.00248296189308167
v 0.03295144440872108 -0.06157357580317604 -0.00243301177024841
v 0.03286176441801161 -0.06162535256995308 -0.00235355234146118
v 0.03364118265589755 -0.05968245162542551 -0.00249999904632568
v 0.03319289516852567 -0.05942363217370762 -0.00249999904632568
v 0.03303397616345163 -0.05921652499560717 -0.00249999904632568
v 0.03340000152907811 -0.05958255042142211 -0.00249999904632568
v 0.03279295074058821 -0.06166508216513741 -0.00224999904632568
v 0.03274969245881591 -0.06169005734576332 -0.00212940859794617
v 0.03273493805777497 -0.06169857580317605 -0.00199999904632568
v 0.02965000147968453 -0.06001556315183173 -0.00249999904632568
v 0.03166795075966719 -0.05885049959182272 -0.00249999904632568
v 0.03155587880047150 -0.05891520436763297 -0.00248296189308167
v 0.03145144440872108 -0.05897549959182272 -0.00243301177024841
v 0.03136176441801160 -0.05902727635859976 -0.00235355234146118
v 0.03253397616345163 -0.05835049959182273 -0.00249999904632568
v 0.03190000152907810 -0.05698447421006880 -0.00249999904632568
v 0.03214118265589756 -0.05708437541407219 -0.00249999904632568
v 0.03169289516852566 -0.05682555596235431 -0.00249999904632568
v 0.03153397616345163 -0.05661844878425385 -0.00249999904632568
v 0.03143407558844754 -0.05637726729966536 -0.00249999904632568
v 0.03129295074058821 -0.05906700595378409 -0.00224999904632568
v 0.03140000152907810 -0.05611844880628437 -0.00249999904632568
v 0.03143407511195224 -0.05585962922154367 -0.00249999904632568
v 0.03003397616345163 -0.05402037257290054 -0.00249999904632568
v 0.02993407558844754 -0.05377919108831204 -0.00249999904632568
v 0.02990000152907810 -0.05352037259493105 -0.00249999904632568
v 0.03124969245881591 -0.05909198113441001 -0.00212940859794617
v 0.03123493805777497 -0.05910049959182272 -0.00199999904632568
v 0.03390000278135948 -0.05971652709853059 -0.00249999904632568
v 0.03415882121085640 -0.05968245197483639 -0.00249999904632568
v 0.03440000156723607 -0.05958255039939161 -0.00249999904632568
v 0.03460710904763917 -0.05942363287159542 -0.00249999904632568
v 0.03476602818514391 -0.05921652709853059 -0.00249999904632568
v 0.03486592760956680 -0.05897534479673593 -0.00249999904632568
v 0.03490000160539403 -0.05871652497357666 -0.00249999904632568
v 0.03486592754602459 -0.05845770648019566 -0.00249999904632568
v 0.03476602697102051 -0.05821652499560716 -0.00249999904632568
v 0.03663205237480494 -0.05944857580317604 -0.00249999904632568
v 0.03674412412752409 -0.05938387114657509 -0.00248296189308167
v 0.03684855831279796 -0.05932357604159462 -0.00243301177024841
v 0.03693823850998398 -0.05927179915560829 -0.00235355234146118
v 0.03700705218740738 -0.05923206956042397 -0.00224999904632568
v 0.03705031067565622 -0.05920709426058876 -0.00212940859794617
v 0.03706506466374408 -0.05919857604159462 -0.00199999904632568
v 0.03240000278135947 -0.05711845088717728 -0.00249999904632568
v 0.03265882121085641 -0.05708437576348308 -0.00249999904632568
v 0.03290000156723607 -0.05698447418803829 -0.00249999904632568
v 0.03310710904763917 -0.05682555666024211 -0.00249999904632568
v 0.03426602697102051 -0.05735049959182273 -0.00249999904632568
v 0.03326602818514391 -0.05661845088717728 -0.00249999904632568
v 0.03336592760956680 -0.05637726858538262 -0.00249999904632568
v 0.03340000160539403 -0.05611844876222334 -0.00249999904632568
v 0.03336592754602460 -0.05585963026884234 -0.00249999904632568
v 0.03326602697102051 -0.05561844878425385 -0.00249999904632568
v 0.03310710796594647 -0.05541134160615339 -0.00249999904632568
v 0.03153397494932822 -0.05561844668133042 -0.00249999904632568
v 0.03169289408683296 -0.05541134090826560 -0.00249999904632568
v 0.03190000156723607 -0.05525242338046941 -0.00249999904632568
v 0.03214118192361573 -0.05515252180502463 -0.00249999904632568
v 0.03265882006562149 -0.05515252239285409 -0.00249999904632568
v 0.03240000035311266 -0.05511844668133042 -0.00249999904632568
v 0.03290000160539403 -0.05525242335843891 -0.00249999904632568
v 0.03176602697102050 -0.05302037257290054 -0.00249999904632568
v 0.03140000160539403 -0.05265434714708559 -0.00249999904632568
v 0.03160710796594646 -0.05281326539480008 -0.00249999904632568
v 0.03513205237480494 -0.05685049959182273 -0.00249999904632568
v 0.03524412412752409 -0.05678579493522178 -0.00248296189308167
v 0.03534855831279796 -0.05672549983024130 -0.00243301177024841
v 0.03543823850998398 -0.05667372294425498 -0.00235355234146118
v 0.03550705218740739 -0.05663399334907065 -0.00224999904632568
v 0.03555031067565622 -0.05660901804923545 -0.00212940859794617
v 0.03556506466374407 -0.05660049983024130 -0.00199999904632568
v 0.03071742000405912 -0.06286339039458382 -0.00129409408569336
v 0.02921742000405912 -0.06026531418323050 -0.00129409408569336
v 0.03715000175802588 -0.05568543597220908 -0.00249999904632568
v 0.03758258333688956 -0.05543568488120566 -0.00129409408569336
v 0.07071544087468130 -0.08272537878171959 -0.00212131929397583
v 0.06971544087468130 -0.08099332797415072 -0.00212131929397583
v 0.07030255881014093 -0.08296375635282556 -0.00149999904632568
v 0.06930255881014093 -0.08123170554525667 -0.00149999904632568
v 0.07438967614864214 -0.08060405805723229 -0.00212131929397583
v 0.07338967614864214 -0.07887200724966341 -0.00212131929397583
v 0.07480255821318252 -0.08036568048612634 -0.00149999904632568
v 0.07380255821318252 -0.07863362967855746 -0.00149999904632568
v 0.06878534767483695 -0.08383971861021081 -0.00064999914169312
v 0.06863965452018797 -0.08392383459226647 -0.00062785100936890
v 0.06893104248129828 -0.08375560167448083 -0.00062785100936890
v 0.07004300953246025 -0.08311360719816246 -0.00077645635604858
v 0.06778534767483695 -0.08210766780264193 -0.00064999914169312
v 0.06763965452018797 -0.08219178378469759 -0.00062785100936890
v 0.06793104248129828 -0.08202355086691195 -0.00062785100936890
v 0.06904300953246024 -0.08138155639059359 -0.00077645635604858
v 0.06850389040969443 -0.08400221803800623 -0.00056291532516479
v 0.06906680659179183 -0.08367721822874108 -0.00056291532516479
v 0.06838730549262764 -0.08406952837125817 -0.00045961856842041
v 0.06829784829011157 -0.08412117651121179 -0.00032499885559082
v 0.06918338985704624 -0.08360990884916344 -0.00045961856842041
v 0.06927284871137469 -0.08355825975553552 -0.00032499885559082
v 0.06824161233797868 -0.08415364435331384 -0.00016823148727417
v 0.06932908466350757 -0.08352579191343347 -0.00016823148727417
v 0.06750389040969443 -0.08227016723043734 -0.00056291532516479
v 0.06806680659179183 -0.08194516742117221 -0.00056291532516479
v 0.06738730549262764 -0.08233747756368930 -0.00045961856842041
v 0.06729784829011157 -0.08238912570364290 -0.00032499885559082
v 0.06818338985704624 -0.08187785804159456 -0.00045961856842041
v 0.06827284871137469 -0.08182620894796663 -0.00032499885559082
v 0.06724161233797868 -0.08242159354574495 -0.00016823148727417
v 0.06832908466350758 -0.08179374110586458 -0.00016823148727417
v 0.07506210749086320 -0.08021582964078942 -0.00077645635604858
v 0.07406210749086320 -0.07848377883322054 -0.00077645635604858
v 0.07631977100029887 -0.07948971727506676 -0.00064999914169312
v 0.07617407454202517 -0.07957383516447107 -0.00062785100936890
v 0.07646546415494784 -0.07940560129301111 -0.00062785100936890
v 0.07531977100029888 -0.07775766646749789 -0.00064999914169312
v 0.07517407454202517 -0.07784178435690219 -0.00062785100936890
v 0.07546546415494784 -0.07767355048544222 -0.00062785100936890
v 0.07603831043153161 -0.07965221861021081 -0.00056291532516479
v 0.07660122661362903 -0.07932721880094568 -0.00056291532516479
v 0.07592172716627721 -0.07971952798978844 -0.00045961856842041
v 0.07583226996376112 -0.07977117612974206 -0.00032499885559082
v 0.07671781153069580 -0.07925990846769372 -0.00045961856842041
v 0.07680727038502426 -0.07920825937406580 -0.00032499885559082
v 0.07577603401162825 -0.07980364397184411 -0.00016823148727417
v 0.07686350468534477 -0.07917579248563805 -0.00016823148727417
v 0.07503831043153161 -0.07792016780264192 -0.00056291532516479
v 0.07560122661362903 -0.07759516799337679 -0.00056291532516479
v 0.07492172716627721 -0.07798747718221957 -0.00045961856842041
v 0.07483226996376112 -0.07803912532217318 -0.00032499885559082
v 0.07571781153069580 -0.07752785766012484 -0.00045961856842041
v 0.07580727038502426 -0.07747620856649691 -0.00032499885559082
v 0.07477603401162825 -0.07807159316427523 -0.00016823148727417
v 0.07586350468534477 -0.07744374167806918 -0.00016823148727417
v 0.02814808294901048 -0.05049039137440401 -0.00492403781414032
v 0.02741901096062592 -0.05091132128315645 -0.00469846212863922
v 0.02712135662486567 -0.04877377101727459 -0.00471504044532776
v 0.02653265482576811 -0.04911365815945599 -0.00453289544582367
v 0.02890000156723607 -0.05005627095776278 -0.00499999904632568
v 0.02965192018546165 -0.04962215054112154 -0.00492403781414032
v 0.02772679623870732 -0.04842422029324505 -0.00479583048820496
v 0.03038099217384621 -0.04920122063236910 -0.00469846212863922
v 0.02673493805777497 -0.05130627095776278 -0.00433012604713440
v 0.02597334558245689 -0.04943657550164196 -0.00425331091880798
v 0.02611664940846104 -0.05166324007588106 -0.00383022117614746
v 0.03106506466374407 -0.04880627119618135 -0.00433012604713440
v 0.03012665744339250 -0.04703865978070233 -0.00405331099033356
v 0.03168335372601109 -0.04844930183964449 -0.00383022117614746
v 0.02558293169419652 -0.05197138214188295 -0.00321393704414368
v 0.03061600025072268 -0.04675613757916424 -0.00363379383087158
v 0.03104696057574531 -0.04650732251950238 -0.00313616466522217
v 0.03221707082084597 -0.04814116013127047 -0.00321393704414368
v 0.03141027257697150 -0.04629756423779461 -0.00257111978530884
v 0.01312928044940023 -0.02532877174208135 -0.00482962810993195
v 0.01162928044940023 -0.02273069553072804 -0.00482962810993195
v 0.01425000004135716 -0.02468172398397894 -0.00499999904632568
v 0.01275000004135716 -0.02208364777262562 -0.00499999904632568
v 0.01208493653189606 -0.02593172398397894 -0.00433012604713440
v 0.01058493653189606 -0.02333364777262562 -0.00433012604713440
v 0.01875333238880809 -0.02208172384092779 -0.00499999904632568
v 0.01993311458007693 -0.02158929693968168 -0.00499999904632568
v 0.02119920779694550 -0.02141214614114586 -0.00499999904632568
v 0.02549999984522260 -0.02377256656883029 -0.00499999904632568
v 0.02550000146095294 -0.02376729745573624 -0.00499999904632568
v 0.02246884031881193 -0.02156185199334313 -0.00499999904632568
v 0.02365900412104278 -0.02202861827018711 -0.00499999904632568
v 0.02469189703720544 -0.02278193571335257 -0.00499999904632568
v 0.01118813786366059 -0.02644949093649359 -0.00353553295135498
v 0.00968813786366059 -0.02385141472514027 -0.00353553295135498
v 0.03798965188942233 -0.03420000580368018 -0.00499999904632568
v 0.03778984991350798 -0.03371764331134035 -0.00499999904632568
v 0.03772170179476910 -0.03320000632457835 -0.00499999904632568
v 0.03778984896051737 -0.03268236715509697 -0.00499999904632568
v 0.03798964946117553 -0.03220000159783333 -0.00499999904632568
v 0.03150000166245770 -0.02820000410890622 -0.00499999904632568
v 0.03830748691027882 -0.03178579052854082 -0.00499999904632568
v 0.03872170269699122 -0.03146795499611130 -0.00499999904632568
v 0.03972170026874440 -0.03120000159783333 -0.00499999904632568
v 0.03920406258384436 -0.03126815232205889 -0.00499999904632568
v 0.04942118668222199 -0.03120000563624000 -0.00499999904632568
v 0.04993882012965749 -0.03126814289111406 -0.00499999904632568
v 0.05115323228864315 -0.03219999662758789 -0.00499999904632568
v 0.05042118238329638 -0.03146794529912083 -0.00499999904632568
v 0.05083539345258889 -0.03178578274822413 -0.00499999904632568
v 0.04300000272070391 -0.02820000349792749 -0.00499999904632568
v 0.04500000197111365 -0.02820000393070362 -0.00499999904632568
v 0.04299999721875292 -0.02349999702002663 -0.00259807515144348
v 0.04499999954517636 -0.02308604709213823 -0.00279651498794556
v 0.04299999704938018 -0.02199999291196718 -0.00299999904632568
v 0.04300000033996112 -0.02277645735165493 -0.00289777636528015
v 0.04300000138819376 -0.02122354168677839 -0.00289777636528015
v 0.04499999644474294 -0.02232524612876829 -0.00298231577873230
v 0.04500000352887753 -0.02154229178507980 -0.00296487641334534
v 0.04300000285758960 -0.02050000297208100 -0.00259807515144348
v 0.04499999849037695 -0.02079051303860955 -0.00274538564682007
v 0.02550000069004252 -0.01472243146593922 -0.00499999904632568
v 0.02849999697892136 -0.00999999454453568 -0.00499999904632568
v 0.02549999727740056 -0.00999999437220863 -0.00499999904632568
v 0.02550000031381267 -0.00870590554573531 -0.00482962810993195
v 0.02850000001533347 -0.00870590571806236 -0.00482962810993195
v 0.02550000187148658 -0.00750000232939903 -0.00433012604713440
v 0.02850000157300738 -0.00750000250172608 -0.00433012604713440
v 0.02850000009647636 0.00000000005570065 -0.00499999904632568
v 0.02850000313288847 0.00129408888217398 -0.00482962810993195
v 0.03149999979799716 -0.00000000011662639 -0.00499999904632568
v 0.03150000448622164 0.00129408966352124 -0.00482962810993195
v 0.02849999706116785 0.00250000531300922 -0.00433012604713440
v 0.03149999676268864 0.00250000514068217 -0.00433012604713440
v 0.02549999880081916 -0.00646446310581775 -0.00353553295135498
v 0.02849999850233996 -0.00646446327814480 -0.00353553295135498
v 0.02849999996808259 0.00353553036841722 -0.00353553295135498
v 0.03150000297322813 0.00353553210343881 -0.00353553295135498
v 0.02515000147968452 -0.05222133451777178 -0.00249999904632568
v 0.02421652533221016 -0.05045087614603970 -0.00222470974922180
v 0.02816795075966719 -0.05278832176533166 -0.00249999904632568
v 0.02805587880047150 -0.05285302654114190 -0.00248296189308167
v 0.02795144440872108 -0.05291332176533166 -0.00243301177024841
v 0.02786176441801161 -0.05296509853210870 -0.00235355234146118
v 0.02766795075966719 -0.05192229636154722 -0.00249999904632568
v 0.02755587880047150 -0.05198700113735746 -0.00248296189308167
v 0.02745144440872108 -0.05204729636154722 -0.00243301177024841
v 0.02736176441801160 -0.05209907312832426 -0.00235355234146118
v 0.02993407511195224 -0.05326155301019035 -0.00249999904632568
v 0.02779295074058821 -0.05300482812729303 -0.00224999904632568
v 0.02729295074058821 -0.05213880272350858 -0.00224999904632568
v 0.02774969245881591 -0.05302980330791894 -0.00212940859794617
v 0.02724969245881591 -0.05216377790413450 -0.00212940859794617
v 0.02773493805777497 -0.05303832176533166 -0.00199999904632568
v 0.02723493805777497 -0.05217229636154722 -0.00199999904632568
v 0.03003397494932822 -0.05302037046997711 -0.00249999904632568
v 0.03019289408683296 -0.05281326469691228 -0.00249999904632568
v 0.03040000156723607 -0.05265434716911609 -0.00249999904632568
v 0.03064118192361573 -0.05255444559367131 -0.00249999904632568
v 0.03090000035311266 -0.05252037046997711 -0.00249999904632568
v 0.03115882006562149 -0.05255444618150077 -0.00249999904632568
v 0.03163205237480494 -0.05078832176533166 -0.00249999904632568
v 0.03174412412752409 -0.05072361710873071 -0.00248296189308167
v 0.03184855831279796 -0.05066332200375024 -0.00243301177024841
v 0.03193823850998399 -0.05061154511776391 -0.00235355234146118
v 0.03113205237480494 -0.04992229636154722 -0.00249999904632568
v 0.03124412412752409 -0.04985759170494627 -0.00248296189308167
v 0.03134855831279796 -0.04979729659996580 -0.00243301177024841
v 0.03143823850998399 -0.04974551971397947 -0.00235355234146118
v 0.03200705218740738 -0.05057181552257958 -0.00224999904632568
v 0.03150705218740738 -0.04970579011879515 -0.00224999904632568
v 0.03205031067565622 -0.05054684022274438 -0.00212940859794617
v 0.03155031067565622 -0.04968081481895994 -0.00212940859794617
v 0.03206506466374407 -0.05053832200375024 -0.00199999904632568
v 0.03156506466374407 -0.04967229659996580 -0.00199999904632568
v 0.02483101307597093 -0.05240550255852419 -0.00171009969711304
v 0.02397439792607125 -0.05059066846915219 -0.00157887506484985
v 0.02772679623870732 -0.04842422029324505 -0.00148911523818970
v 0.02772102563219311 -0.04842755195446941 -0.00143488264083862
v 0.02740519539049248 -0.04860989662953350 -0.00138961124420166
v 0.02770409579426103 -0.04843732640095684 -0.00138473844528198
v 0.02743367635232720 -0.04859345313855145 -0.00134597635269165
v 0.02767712913141640 -0.04845289561100934 -0.00134200763702393
v 0.02747005132547762 -0.04857245203801128 -0.00131232500076294
v 0.02751190783797752 -0.04854828616925213 -0.00129088783264160
v 0.02764191455645583 -0.04847322675534222 -0.00130952310562134
v 0.02760078608025796 -0.04849697229214642 -0.00128943872451782
v 0.02755647084504548 -0.04852255770512554 -0.00128308677673340
v 0.03265000175802588 -0.04789120733814913 -0.00249999904632568
v 0.03296898985202465 -0.04770703947621065 -0.00171009969711304
v 0.02463565880185090 -0.05251829040127474 -0.00086823987960815
v 0.02381665572932840 -0.05068174096890423 -0.00089910078048706
v 0.02869480784183346 -0.04786533853360150 -0.00118961143493652
v 0.02867632199664893 -0.04787601134129497 -0.00113931274414062
v 0.02866927082259497 -0.04788008233853314 -0.00108611202239990
v 0.02867412136961915 -0.04787728187390301 -0.00103353691101074
v 0.02869055194726244 -0.04786779567547772 -0.00098507356643677
v 0.02871747359821998 -0.04785225245305035 -0.00094393444061279
v 0.02875310071331994 -0.04783168312855694 -0.00091284799575806
v 0.02893023611642974 -0.04772941395588848 -0.00091776227951050
v 0.02879507161382645 -0.04780745121785138 -0.00089387559890747
v 0.02888667617242339 -0.04775456330128643 -0.00089641666412354
v 0.02884060299589626 -0.04778116366215680 -0.00088827466964722
v 0.02890000156723607 -0.05005627095776278 -0.00074270486831665
v 0.02857840030606813 -0.05024194753246981 -0.00064320135116577
v 0.02889423054776876 -0.05005960285740572 -0.00068847227096558
v 0.02887730070983668 -0.05006937730389315 -0.00063832807540894
v 0.02922160241545091 -0.04987059462147433 -0.00064320135116577
v 0.02669656210246674 -0.04901902624913189 -0.00057135200500488
v 0.02673435102700579 -0.04899720880337689 -0.00053846502304077
v 0.02676349395264774 -0.04898038312741253 -0.00049646282196045
v 0.02834297203147185 -0.05037787211018283 -0.00037135171890259
v 0.02678205908482602 -0.04896966454335186 -0.00044813108444214
v 0.02678881499741886 -0.04896576401539776 -0.00039667367935181
v 0.02678331404927404 -0.04896893998928997 -0.00034550333023071
v 0.02374668960306219 -0.05072213593073818 -0.00019999885559082
v 0.02676592046501911 -0.04897898217984173 -0.00029801225662231
v 0.02673778803559444 -0.04899522444554302 -0.00025734949111938
v 0.02661038911589509 -0.04906877824612591 -0.00019999885559082
v 0.02670078207011872 -0.04901658984967205 -0.00022621154785156
v 0.02665735592291433 -0.04904166194745038 -0.00020666265487671
v 0.02834719199912382 -0.05037543571072298 -0.00002621173858643
v 0.02830376585191944 -0.05040050780850130 -0.00000666236877441
v 0.02860688126790285 -0.05022550404148775 -0.00059956645965576
v 0.02864325624105327 -0.05020450294094760 -0.00056591463088989
v 0.02881511947203148 -0.05010527765827853 -0.00056311273574829
v 0.02885033445994515 -0.05008494627552706 -0.00059559726715088
v 0.02920311698321948 -0.04988126719074923 -0.00059290266036987
v 0.02868511275355317 -0.05018033707218843 -0.00054447746276855
v 0.02877399099583361 -0.05012902319508272 -0.00054302883148193
v 0.02872967617357422 -0.05015460836964327 -0.00053667640686035
v 0.02919606539621242 -0.04988533842640597 -0.00053970193862915
v 0.02920091594323660 -0.04988253796177584 -0.00048712682723999
v 0.02921734693383298 -0.04987305152493197 -0.00043866300582886
v 0.02924426858479053 -0.04985750830250460 -0.00039752435684204
v 0.02838076095601089 -0.05035605466442782 -0.00033846473693848
v 0.02927989569989048 -0.04983693897801119 -0.00036643791198730
v 0.02945703069004719 -0.04973467004376132 -0.00037135171890259
v 0.02932186660039699 -0.04981270706730562 -0.00034746503829956
v 0.02936739798246681 -0.04978641951161104 -0.00034186458587646
v 0.02941347115899394 -0.04975981915074068 -0.00035000658035278
v 0.02840990429460594 -0.05033922875004488 -0.00029646301269531
v 0.02842846901383112 -0.05032851040440280 -0.00024813079833984
v 0.02843522533937706 -0.05032460963803011 -0.00019667387008667
v 0.02842972397827915 -0.05032778585034090 -0.00014550352096558
v 0.02841233080697731 -0.05033782780247408 -0.00009801244735718
v 0.02838419837755263 -0.05035407006817538 -0.00005734968185425
v 0.03316434391966815 -0.04759425175266940 -0.00086823987960815
v 0.01049999995380562 -0.02684678754398794 -0.00249999904632568
v 0.00899999995380561 -0.02424871133263462 -0.00249999904632568
v 0.01006741847818021 -0.02709653857538671 -0.00129409408569336
v 0.00856741847818021 -0.02449846236403340 -0.00129409408569336
v 0.01360048098851883 -0.02505672398397894 -0.00129903697967529
v 0.01210048098851883 -0.02245864777262562 -0.00129903697967529
v 0.01425000004135716 -0.02468172398397894 -0.00149999904632568
v 0.01391378395729353 -0.02487583843061895 -0.00144888782501221
v 0.01458621571246769 -0.02448760977575750 -0.00144888782501221
v 0.01489951909419548 -0.02430672398397894 -0.00129903697967529
v 0.01275000004135716 -0.02208364777262562 -0.00149999904632568
v 0.01241378395729353 -0.02227776221926564 -0.00144888782501221
v 0.01308621571246769 -0.02188953356440419 -0.00144888782501221
v 0.01339951909419549 -0.02170864777262562 -0.00129903697967529
v 0.01333144122286695 -0.02521205416510076 -0.00106065940856934
v 0.01183144122286695 -0.02261397795374745 -0.00106065940856934
v 0.01312499977764367 -0.02533124318907232 -0.00074999904632568
v 0.01162499977764367 -0.02273316697771901 -0.00074999904632568
v 0.01516855844689427 -0.02415139404127569 -0.00106065940856934
v 0.01366855844689427 -0.02155331782992238 -0.00106065940856934
v 0.01537499989211755 -0.02403220501730413 -0.00074999904632568
v 0.01387499989211755 -0.02143412880595082 -0.00074999904632568
v 0.01299522555175642 -0.02540616837332220 -0.00038822746276855
v 0.01149522555175642 -0.02280809216196888 -0.00038822746276855
v 0.01550477453095790 -0.02395727959463568 -0.00038822746276855
v 0.01400477453095790 -0.02135920338328236 -0.00038822746276855
v 0.04300000124775722 -0.02412132281560547 -0.00212131929397583
v 0.04500000002278459 -0.02377283075629402 -0.00242013645172119
v 0.04499999863984643 -0.02433879973548658 -0.00187882947921753
v 0.04500000233082425 -0.02012117002004925 -0.00233880138397217
v 0.04299999717677292 -0.01987867813017648 -0.00212131929397583
v 0.04299999554680741 -0.02459806999083129 -0.00149999904632568
v 0.04500000424732246 -0.01957986779752934 -0.00177283143997192
v 0.04299999690014057 -0.01940191678677738 -0.00149999904632568
v 0.04300000327314728 -0.02651823794477770 -0.00062785100936890
v 0.04299999676209285 -0.02634999470318929 -0.00064999914169312
v 0.04299999788043296 -0.02618176467609985 -0.00062785100936890
v 0.04299999690894363 -0.02489777404079426 -0.00077645635604858
v 0.04499999777841730 -0.02474538393680691 -0.00120948314666748
v 0.04499999766431496 -0.02634999418229111 -0.00064999914169312
v 0.04500000252355701 -0.02651823837755383 -0.00062785100936890
v 0.04499999878265507 -0.02618176415520167 -0.00062785100936890
v 0.04499999953700864 -0.01920348634801086 -0.00108604621887207
v 0.04300000151558651 -0.01910222690498769 -0.00077645635604858
v 0.04300000261030738 -0.01777630106672484 -0.00063761043548584
v 0.04299999714694217 -0.01760696482167216 -0.00064857339859009
v 0.04499999613304632 -0.02680961295949938 -0.00045961856842041
v 0.04499999784601881 -0.02691291411371062 -0.00032499885559082
v 0.04299999911513884 -0.02667499954172396 -0.00056291532516479
v 0.04300000203844139 -0.02602500307915358 -0.00056291532516479
v 0.04299999688263657 -0.02680961252672324 -0.00045961856842041
v 0.04299999829336150 -0.02589037592598102 -0.00045961856842041
v 0.04299999859560907 -0.02691291368093449 -0.00032499885559082
v 0.04300000255797116 -0.02578708893994306 -0.00032499885559082
v 0.04500000264410074 -0.02697785620108778 -0.00016823148727417
v 0.04300000174187864 -0.02697785672198596 -0.00016823148727417
v 0.04299999941170160 -0.02572214589889158 -0.00016823148727417
v 0.04500000001736095 -0.02667499902082578 -0.00056291532516479
v 0.04500000128885113 -0.02602500351192973 -0.00056291532516479
v 0.04499999754377124 -0.02589037635875717 -0.00045961856842041
v 0.04500000279534893 -0.02496488267765693 -0.00045771265029907
v 0.04500000346019328 -0.02578708841904488 -0.00032499885559082
v 0.04499999866211134 -0.02572214633166772 -0.00016823148727417
v 0.04500000404858917 -0.01901768788788349 -0.00032524824142456
v 0.04300000048482853 -0.01793702583987733 -0.00058319568634033
v 0.04299999720056361 -0.01744056781982066 -0.00061533689498901
v 0.04300000352887753 -0.01807819016994204 -0.00048903656005859
v 0.04299999598186724 -0.01728844321141803 -0.00054016590118408
v 0.04299999772719316 -0.01819016437405963 -0.00036155080795288
v 0.04300000088183534 -0.01716096451579455 -0.00042818355560303
v 0.04500000103339076 -0.01810962449890274 -0.00045961856842041
v 0.04499999676878109 -0.01821291148494071 -0.00032499885559082
v 0.04300000173909696 -0.01826534374719727 -0.00020942544937134
v 0.04300000273399868 -0.01706680573653088 -0.00028702163696289
v 0.04500000156686303 -0.01827785357231787 -0.00016823148727417
v 0.04300000018781643 -0.01829857470287869 -0.00004302835464478
v 0.04299999698593576 -0.01701238293879695 -0.00012629890441895
v 0.02549999940211653 -0.01174999805232463 -0.00129903697967529
v 0.02849999602363797 -0.01138822226005350 -0.00144888782501221
v 0.02849999910363732 -0.01174999822465168 -0.00129903697967529
v 0.02849999819304477 -0.01099999664745911 -0.00149999904632568
v 0.02850000036245156 -0.01061177103486471 -0.00144888782501221
v 0.02849999728245221 -0.01024999507026654 -0.00129903697967529
v 0.02549999757927202 -0.00566986717900087 -0.00249999904632568
v 0.02549999849152397 -0.01099999647513206 -0.00149999904632568
v 0.02549999632211717 -0.01138822208772645 -0.00144888782501221
v 0.02550000066093077 -0.01061177086253766 -0.00144888782501221
v 0.02549999758093142 -0.01024999489793949 -0.00129903697967529
v 0.02550000183723127 -0.00517037427934442 -0.00129409408569336
v 0.03199899816378437 -0.01174999467959102 -0.00129903697967529
v 0.03149999789456556 -0.01099999681978616 -0.00149999904632568
v 0.03199899890500418 -0.01099999214872413 -0.00149999904632568
v 0.03149999572515877 -0.01138822243238055 -0.00144888782501221
v 0.03199899838740976 -0.01138821680764421 -0.00144888782501221
v 0.03150000006397236 -0.01061177120719176 -0.00144888782501221
v 0.03199899942259861 -0.01061176748980405 -0.00144888782501221
v 0.03149999880515812 -0.01174999839697872 -0.00129903697967529
v 0.03149999698397301 -0.01024999524259359 -0.00129903697967529
v 0.03199899799441163 -0.01024999057153156 -0.00129903697967529
v 0.02849999728079282 -0.00566986735132792 -0.00249999904632568
v 0.02849999874653545 0.00433012629523410 -0.00249999904632568
v 0.03149999844805625 0.00433012612290705 -0.00249999904632568
v 0.02850000153875206 -0.00517037445167147 -0.00129409408569336
v 0.02550000130554812 -0.00075000134916487 -0.00129903697967529
v 0.02550000039495557 0.00000000022802770 -0.00149999904632568
v 0.02549999822554877 -0.00038822538456669 -0.00144888782501221
v 0.02550000256436236 0.00038822584062210 -0.00144888782501221
v 0.02549999948436301 0.00075000180522027 -0.00129903697967529
v 0.02849999792706957 -0.00038822555689374 -0.00144888782501221
v 0.02850000009647636 0.00000000005570065 -0.00149999904632568
v 0.02850000226588316 0.00038822566829505 -0.00144888782501221
v 0.02850000100706892 -0.00075000152149191 -0.00129903697967529
v 0.02849999918588381 0.00075000163289322 -0.00129903697967529
v 0.03199899698721662 -0.00038822201183309 -0.00144888782501221
v 0.03150000070858971 -0.00075000169381896 -0.00129903697967529
v 0.03199900006721597 -0.00074999797643126 -0.00129903697967529
v 0.03149999979799716 -0.00000000011662639 -0.00149999904632568
v 0.03199899915662342 0.00000000360076131 -0.00149999904632568
v 0.03149999762859037 -0.00038822572922079 -0.00144888782501221
v 0.03150000196740396 0.00038822549596800 -0.00144888782501221
v 0.03149999888740460 0.00075000146056617 -0.00129903697967529
v 0.02849999702691253 0.00482963336306382 -0.00129409408569336
v 0.03199900132603021 0.00038822921335571 -0.00144888782501221
v 0.03199899824603086 0.00075000517795388 -0.00129903697967529
v 0.03149999672843333 0.00482963319073677 -0.00129409408569336
v 0.02550000059071249 -0.01206066142695120 -0.00106065940856934
v 0.02549999856614377 -0.01229903453772695 -0.00074999904632568
v 0.02850000029223329 -0.01206066159927825 -0.00106065940856934
v 0.02850000372325077 -0.00993934491013892 -0.00106065940856934
v 0.02849999826766457 -0.01229903471005400 -0.00074999904632568
v 0.03149999796918537 -0.01229903488238105 -0.00074999904632568
v 0.02549999842130570 -0.01244888703954560 -0.00038822746276855
v 0.02849999812282649 -0.01244888721187264 -0.00038822746276855
v 0.03149999947615966 -0.01244888643052538 -0.00038822746276855
v 0.02550000236991761 -0.00993934569148619 -0.00106065940856934
v 0.02549999841690417 -0.00970095841253716 -0.00074999904632568
v 0.02849999811842497 -0.00970095858486421 -0.00074999904632568
v 0.02549999690992987 -0.00955110686439283 -0.00038822746276855
v 0.02849999661145067 -0.00955110703671988 -0.00038822746276855
v 0.03149999999375409 -0.01206066177160530 -0.00106065940856934
v 0.03199899935238034 -0.01206065805421759 -0.00106065940856934
v 0.03199899886948645 -0.01206113405497904 -0.00106003856658936
v 0.03150000342477158 -0.00993934508246597 -0.00106065940856934
v 0.03199899947977308 -0.00993934327242690 -0.00106065940856934
v 0.03199899897962399 -0.01229903021131903 -0.00074999904632568
v 0.03199899834749050 -0.00970143008689068 -0.00075061893463135
v 0.03199899883038439 -0.00970095408612924 -0.00074999904632568
v 0.03149999781994576 -0.00970095875719126 -0.00074999904632568
v 0.03199899883478591 -0.01244888271313767 -0.00038822746276855
v 0.03149999796478384 -0.00955110625537261 -0.00038822746276855
v 0.03199899983356464 -0.00955140061738958 -0.00038894796371460
v 0.03199899897522246 -0.00955110158431059 -0.00038822746276855
v 0.02550000249414409 -0.00106066472379144 -0.00106065940856934
v 0.02549999664395467 0.00106066422617253 -0.00106065940856934
v 0.02850000219566489 -0.00106066489611849 -0.00106065940856934
v 0.02849999799728784 0.00106066500751980 -0.00106065940856934
v 0.02550000046957537 -0.00129903783456719 -0.00074999904632568
v 0.02550000032033577 0.00129903829062260 -0.00074999904632568
v 0.02850000017109617 -0.00129903800689424 -0.00074999904632568
v 0.02850000002185656 0.00129903811829555 -0.00074999904632568
v 0.03150000189718569 -0.00106066506844554 -0.00106065940856934
v 0.03199900125581194 -0.00106066135105783 -0.00106065940856934
v 0.03199899912110567 -0.00106113830549360 -0.00106003665924072
v 0.03150000152442933 -0.00129903722554697 -0.00074999904632568
v 0.03199899757943084 -0.00129903541550790 -0.00074999904632568
v 0.03199899843777303 -0.00129933444858689 -0.00074927663803101
v 0.03149999769880864 0.00106066483519275 -0.00106065940856934
v 0.03199899705743489 0.00106066855258045 -0.00106065940856934
v 0.03199899859910972 0.00129856566259476 -0.00075061941146851
v 0.03199899743019124 0.00129904070968189 -0.00074999904632568
v 0.03150000137518973 0.00129903889964282 -0.00074999904632568
v 0.02550000032473729 -0.00144889033638584 -0.00038822746276855
v 0.02549999881336147 0.00144888983876693 -0.00038822746276855
v 0.02850000002625809 -0.00144889050871289 -0.00038822746276855
v 0.02849999851488227 0.00144888966643988 -0.00038822746276855
v 0.03149999972777889 -0.00144889068103993 -0.00038822746276855
v 0.03199899908640514 -0.00144888696365223 -0.00038822746276855
v 0.03199899922684168 0.00144889416517485 -0.00038822746276855
v 0.03149999986821543 0.00144889044778715 -0.00038822746276855
v 0.03199900016468388 0.00149990267262047 -0.00000077390670776
v 0.07151923666014029 -0.05397114387831970 -0.00499999904632568
v 0.06975128986911180 -0.05037306628051594 -0.00499999904632568
v 0.06933707549619456 -0.05005523073876127 -0.00499999904632568
v 0.06901923666014030 -0.04964101685939751 -0.00499999904632568
v 0.07023365212275071 -0.05057286868852271 -0.00499999904632568
v 0.07075128989595600 -0.05064102106524436 -0.00499999904632568
v 0.07126892923266839 -0.05057286938734448 -0.00499999904632568
v 0.07175128746770917 -0.05037306766696639 -0.00499999904632568
v 0.07519999879361927 -0.02819999519363169 -0.00499999904632568
v 0.07571763482670694 -0.02813184542308044 -0.00499999904632568
v 0.07620000399476699 -0.02793205500985268 -0.00499999904632568
v 0.07661420884846011 -0.02761420817027283 -0.00499999904632568
v 0.07693204960118816 -0.02719999519363170 -0.00499999904632568
v 0.07713185442761610 -0.02671764475821565 -0.00499999904632568
v 0.07720000159336436 -0.02620000558873426 -0.00499999904632568
v 0.08078579022559267 -0.02761421911952688 -0.00499999904632568
v 0.08046795138953838 -0.02720000524016312 -0.00499999904632568
v 0.08026815106543640 -0.02671764179414898 -0.00499999904632568
v 0.08120000129488517 -0.02793205656863018 -0.00499999904632568
v 0.08168236685214880 -0.02813185706928833 -0.00499999904632568
v 0.08219999699595955 -0.02819999623151102 -0.00499999904632568
v 0.08020000129488515 -0.02620000576106131 -0.00499999904632568
v 0.06010436544431998 -0.03420000697066340 -0.00499999904632568
v 0.05990456512021800 -0.03371764352464925 -0.00499999904632568
v 0.05983641865329149 -0.03320000558421295 -0.00499999904632568
v 0.05990456581903976 -0.03268236641473155 -0.00499999904632568
v 0.06010436301607317 -0.03220000276481655 -0.00499999904632568
v 0.06042220376880121 -0.03178578978817542 -0.00499999904632568
v 0.06083641625188886 -0.03146795616309452 -0.00499999904632568
v 0.06131877779055438 -0.03126815253536780 -0.00499999904632568
v 0.06183641382364205 -0.03120000276481655 -0.00499999904632568
v 0.04499999825786072 -0.01579999597328197 -0.00499999904632568
v 0.04800000316052924 -0.01380000515426112 -0.00499999904632568
v 0.04300000255678632 -0.01380000550283226 -0.00499999904632568
v 0.05099999997987073 -0.00820000186038609 -0.00499999904632568
v 0.04800000145998628 0.00000000084292347 -0.00499999904632568
v 0.04800000284458601 0.00129408871572248 -0.00482962810993195
v 0.05099999485510694 -0.00131997284243329 -0.00492622065544128
v 0.05099999815873169 -0.00131997093508465 -0.00492622065544128
v 0.05100000358105317 -0.00097838181607878 -0.00499999904632568
v 0.05100000027742844 -0.00097838372342741 -0.00499999904632568
v 0.05099999631768722 -0.00179646921114585 -0.00477311921119690
v 0.05099999962131196 -0.00179646730379721 -0.00477311921119690
v 0.05100000069909116 -0.00032771917056554 -0.00499999904632568
v 0.05099999785788233 -0.00000000123675221 -0.00499999904632568
v 0.05100000129378416 0.00016297956746236 -0.00497854173183441
v 0.05100000007037272 0.00056099956977392 -0.00492614257335663
v 0.05100000254610682 0.00129408854339543 -0.00482962810993195
v 0.05100000383583236 0.00126468262300181 -0.00483349943161011
v 0.05100000337827992 0.00159685962400199 -0.00470421600341797
v 0.05099999920876171 -0.00213227438953219 -0.00462754523754120
v 0.05100000111196537 0.00120100478472549 -0.00459012818336487
v 0.05100000010155367 0.00182361853432160 -0.00461029112339020
v 0.05100000095417541 -0.00289043323543131 -0.00419438505172730
v 0.05099999869810821 -0.00310468561442940 -0.00404610097408295
v 0.05100000200173295 -0.00310468370708076 -0.00404610097408295
v 0.05099999812619856 0.00250000592790499 -0.00433012604713440
v 0.05100000247179425 0.00309559471458903 -0.00387310934066772
v 0.04799999842467777 0.00250000610023203 -0.00433012604713440
v 0.05100000077054664 -0.00348631914784570 -0.00372230577468872
v 0.05099999869455518 -0.00361071282995505 -0.00359377503395081
v 0.05100000295692226 -0.00385958343280623 -0.00333091783523560
v 0.05100000295269217 0.00248415131573143 -0.00346663522720337
v 0.05100000527181920 -0.00424435306732535 -0.00281735014915466
v 0.05100000234397715 -0.00436132950250181 -0.00263592600822449
v 0.05099999823752312 -0.00441672705300075 -0.00254999899864197
v 0.05099999823752312 -0.00441672705300075 -0.00254999899864197
v 0.05099999980111804 -0.00413686068163673 -0.00298153853416443
v 0.05099999621975324 -0.00414551384132390 -0.00297063517570496
v 0.05099999952337798 -0.00414551193397527 -0.00297063517570496
v 0.05100000353729449 -0.00291832314653651 -0.00255929088592529
v 0.05099999827593771 0.00138197130575622 -0.00305006146430969
v 0.05099999853079207 -0.00023053218742231 -0.00289126038551331
v 0.05100000708557231 0.00066760057827148 -0.00286320781707764
v 0.05100000279543521 0.00125365232053036 -0.00262964510917664
v 0.04800000133159251 0.00353553115564004 -0.00353553295135498
v 0.05099999945493427 0.00327553920996333 -0.00373503279685974
v 0.05099999772948857 0.00353552907596436 -0.00353553295135498
v 0.05099999641426274 0.00363560612206872 -0.00340511202812195
v 0.05099999877052736 0.00393282799304711 -0.00301776504516602
v 0.05100000112679199 0.00423004986402550 -0.00263041424751282
v 0.08020000243812583 -0.01780000621533335 -0.00499999904632568
v 0.07720000273660504 -0.01780000604300630 -0.00499999904632568
v 0.07713184533665927 -0.01728235679541967 -0.00499999904632568
v 0.07571764048296614 -0.01586815282743064 -0.00499999904632568
v 0.07693205594557655 -0.01680000465655584 -0.00499999904632568
v 0.07661421380589756 -0.01638579268454072 -0.00499999904632568
v 0.07620000273660504 -0.01606795523543742 -0.00499999904632568
v 0.07519999940613613 -0.01580000235805763 -0.00499999904632568
v 0.08026815290749886 -0.01728236513850333 -0.00499999904632568
v 0.08046794680090753 -0.01680000339593695 -0.00499999904632568
v 0.08078579085726030 -0.01638578851194718 -0.00499999904632568
v 0.08120000003672322 -0.01606795679421492 -0.00499999904632568
v 0.08168236157538873 -0.01586815316648820 -0.00499999904632568
v 0.08219999760847639 -0.01580000339593695 -0.00499999904632568
v 0.07519999409571002 -0.00819999468600870 -0.00499999904632568
v 0.04500000421647177 -0.01765000476802016 -0.00064999914169312
v 0.04500000144631931 -0.01781823574878392 -0.00062785100936890
v 0.04499999605360498 -0.01748176248010607 -0.00062785100936890
v 0.04499999728831087 -0.01797499734573018 -0.00056291532516479
v 0.04500000021161341 -0.01732500088315981 -0.00056291532516479
v 0.04500000409592805 -0.01719038694448621 -0.00045961856842041
v 0.04500000073114319 -0.01708708674394928 -0.00032499885559082
v 0.04499999593306126 -0.01702214465657212 -0.00016823148727417
v 0.04200099967694176 -0.01138822423850259 -0.00144888782501221
v 0.04200100184634855 -0.01099999862590819 -0.00149999904632568
v 0.04200100071213061 -0.01061177492066243 -0.00144888782501221
v 0.04200099945331636 -0.01175000211044940 -0.00129903697967529
v 0.04200100093575600 -0.01024999704871562 -0.00129903697967529
v 0.04799999955655469 -0.01099999586023629 -0.00149999904632568
v 0.04799999738714789 -0.01138822147283068 -0.00144888782501221
v 0.04799999842233674 -0.01061177215499053 -0.00144888782501221
v 0.04800000046714724 -0.01174999743742886 -0.00129903697967529
v 0.04799999864596213 -0.01024999428304372 -0.00129903697967529
v 0.04200100158037336 -0.00038822753534283 -0.00144888782501221
v 0.04200100044615541 -0.00000000383009707 -0.00149999904632568
v 0.04200100135674796 -0.00075000540728964 -0.00129903697967529
v 0.04200100261556221 0.00038822178249733 -0.00144888782501221
v 0.04200100283918760 0.00074999965444414 -0.00129903697967529
v 0.05100000343255125 -0.00446783773562371 -0.00245050621032715
v 0.05099999945217323 -0.00455535525546925 -0.00228011441230774
v 0.05100000060481884 -0.00464540699556237 -0.00210480475425720
v 0.05099999948877783 -0.00039056802638981 -0.00236562323570251
v 0.05100000425638736 0.00142993458012605 -0.00247673439979553
v 0.05100000041526495 -0.00100657457496024 -0.00204112362861633
v 0.05100000176618408 0.00024161491867528 -0.00212166881561279
v 0.05100000258642110 0.00025333224798309 -0.00192428016662598
v 0.05100000295536737 0.00155455536383222 -0.00194501733779907
v 0.05099999676547925 -0.00482933741838502 -0.00163934040069580
v 0.05100000006910399 -0.00482933551103639 -0.00163934040069580
v 0.04800000145998628 0.00000000084292347 -0.00149999904632568
v 0.04799999929057949 -0.00038822476967092 -0.00144888782501221
v 0.04800000032576834 0.00038822454816923 -0.00144888782501221
v 0.04800000237057883 -0.00075000073426910 -0.00129903697967529
v 0.04800000054939373 0.00075000242011604 -0.00129903697967529
v 0.05100000013141159 -0.00106676237676882 -0.00171549606323242
v 0.05099999882483847 0.00124859327983691 -0.00174239873886108
v 0.05100000178202434 0.00161294515246963 -0.00183920764923096
v 0.05100000487520959 0.00093386264647812 -0.00161750555038452
v 0.05100000031635710 0.00168255828678287 -0.00157588529586792
v 0.05100000044558069 0.00281955147116418 -0.00183498907089233
v 0.05099999884577208 0.00232960978410617 -0.00178757095336914
v 0.05100000326011458 -0.00068470297650543 -0.00138843011856079
v 0.05100000219139354 -0.00060125843743800 -0.00136064910888672
v 0.05100000219581810 -0.00065917317898829 -0.00133665990829468
v 0.05100000066068918 -0.00212728728032090 -0.00126008033752441
v 0.05100000671455902 -0.00069865549298183 -0.00132030725479126
v 0.05099999666357853 -0.00040396034979795 -0.00150762605667114
v 0.05100000299975510 -0.00011836494010035 -0.00148441648483276
v 0.05100000258409073 -0.00024238765764855 -0.00146808862686157
v 0.05099999899210028 -0.00038822494199797 -0.00144888782501221
v 0.05100000390938834 -0.00044798687695947 -0.00142413568496704
v 0.05100000410923565 0.00147481093363312 -0.00154217767715454
v 0.05100000269450835 0.00064085189719627 -0.00134424686431885
v 0.05100000025091453 0.00075000224778899 -0.00129903697967529
v 0.04800000011004536 0.00433012708245691 -0.00249999904632568
v 0.05099999981156617 0.00433012691012986 -0.00249999904632568
v 0.05099999955819150 0.00438405953892906 -0.00236979103088379
v 0.05099999626763772 0.00454185637603071 -0.00198885583877563
v 0.05099999518960147 0.00464198641707238 -0.00174711561203003
v 0.04799999839042245 0.00482963415028664 -0.00129409408569336
v 0.05099999809194325 0.00482963397795959 -0.00129409408569336
v 0.04200100064191233 -0.01206066548507597 -0.00106065940856934
v 0.04200100076930508 -0.00993935070328528 -0.00106065940856934
v 0.04200100026915598 -0.01229903764217741 -0.00074999904632568
v 0.04200100011991638 -0.00970096151698761 -0.00074999904632568
v 0.04800000165574321 -0.01206066081205543 -0.00106065940856934
v 0.04800000178313596 -0.00993934603026474 -0.00106065940856934
v 0.04799999797936212 -0.01229903487650550 -0.00074999904632568
v 0.04799999783012251 -0.00970095875131571 -0.00074999904632568
v 0.04200100177613027 -0.01244888919032173 -0.00038822746276855
v 0.04200100191656682 -0.00955110806149465 -0.00038822746276855
v 0.04200099759079703 -0.00955109293964706 -0.00038816261291504
v 0.04200099603813913 -0.01249998856579437 -0.00000006389617920
v 0.04799999948633642 -0.01244888642464983 -0.00038822746276855
v 0.04799999632314822 -0.00955110720317138 -0.00038822746276855
v 0.04200100254534394 -0.00106066878191621 -0.00106065940856934
v 0.04200100165059163 0.00106066302907071 -0.00106065940856934
v 0.04200100217258759 -0.00129904093901765 -0.00074999904632568
v 0.04200100202334798 0.00129903518617215 -0.00074999904632568
v 0.04200100367956187 -0.00144889248716197 -0.00038822746276855
v 0.04200100051637369 0.00144888673431647 -0.00038822746276855
v 0.04200099949422863 0.00144890376351270 -0.00038816261291504
v 0.04200099794157073 -0.00149999186263461 -0.00000006389617920
v 0.05099999785038537 -0.00496676758118896 -0.00115808773040771
v 0.05099999555263283 -0.00505636321073980 -0.00066568279266357
v 0.05099999885625756 -0.00505636130339117 -0.00066568279266357
v 0.05100000185935693 -0.00254347282815404 -0.00115243148803711
v 0.04800000355917480 -0.00106066410889567 -0.00106065940856934
v 0.04799999605717302 0.00106066388739398 -0.00106065940856934
v 0.04799999988279371 -0.00129903817334574 -0.00074999904632568
v 0.04799999973355411 0.00129903795184405 -0.00074999904632568
v 0.05100000195163739 -0.00214638589082051 -0.00123921251296997
v 0.05099999868918391 0.00086671180093029 -0.00120948648452759
v 0.05099999813256891 0.00098266430310170 -0.00112051057815552
v 0.05100000051165861 0.00213881100026856 -0.00123484373092651
v 0.05099999735585439 0.00186153375143806 -0.00115757417678833
v 0.05099999575869382 0.00106066371506693 -0.00106065940856934
v 0.05099999833738834 0.00109068854551201 -0.00102153491973877
v 0.05100000104517888 -0.00126631840281958 -0.00079264068603516
v 0.05099999958431451 -0.00129903834567279 -0.00074999904632568
v 0.05100000306339400 0.00117984509371681 -0.00090532970428467
v 0.05100000016000513 0.00126901485642056 -0.00078912353515625
v 0.05099999943507490 0.00129903777951700 -0.00074999904632568
v 0.05099999414113263 0.00203971619938227 -0.00076769065856934
v 0.05100000415496727 0.00133665777825174 -0.00065916728973389
v 0.05099999745989536 0.00226254980658536 -0.00089848470687866
v 0.05100000027450443 -0.00509727257334337 -0.00016686630249023
v 0.04800000138976801 -0.00144888972149007 -0.00038822746276855
v 0.04799999822657981 0.00144888949998838 -0.00038822746276855
v 0.05100000135651177 -0.00135533108806005 -0.00061409235000610
v 0.05100000047220323 -0.00138350491039664 -0.00054607152938843
v 0.05099999970029787 0.00139259658527407 -0.00052413368225098
v 0.05099999792810062 0.00144888932766133 -0.00038822746276855
v 0.05099999999239218 0.00233158381128549 -0.00038494443893433
v 0.05099999711153157 0.00146809392803555 -0.00024238157272339
v 0.05099999684272841 0.00148717550933894 -0.00009747314453125
v 0.05099999859155935 0.00432838189189600 -0.00115978431701660
v 0.05099999859155935 0.00432838189189600 -0.00115978527069092
v 0.05099999893532300 0.00489362787851112 -0.00080794048309326
v 0.05100000045621263 0.00495630072032724 -0.00033196449279785
v 0.05100000246117491 0.00495797571442757 -0.00031916809082031
v 0.05100000176179929 0.00367999230664106 -0.00014430952072144
v 0.05270046221033872 -0.09427987803515998 0.00000000095367432
v 0.05274472582641463 -0.09425432242450324 0.00038822937011719
v 0.04666987291919670 -0.09083459122173981 0.00000000095367432
v 0.04970096193568051 -0.08908459116213517 0.00000000095367432
v 0.04974522555175643 -0.08905903555147843 0.00038822937011719
v 0.05529853842169203 -0.09277987803515998 0.00000000095367432
v 0.05525427480561611 -0.09280543364581673 0.00038822937011719
v 0.05229903814703382 -0.08758459116213517 0.00000000095367432
v 0.05225477453095791 -0.08761014677279191 0.00038822937011719
v 0.05287450005230188 -0.09417939724025337 0.00075000095367432
v 0.05308094149752516 -0.09406020821628180 0.00106066131591797
v 0.04987499977764367 -0.08898411036722856 0.00075000095367432
v 0.05008144122286696 -0.08886492134325699 0.00106066131591797
v 0.05512450016677577 -0.09288035906848519 0.00075000095367432
v 0.05491805872155248 -0.09299954809245674 0.00106066131591797
v 0.05212499989211757 -0.08768507219546037 0.00075000095367432
v 0.05191855844689428 -0.08780426121943193 0.00106066131591797
v 0.04516987291919670 -0.08823651501038650 0.00000000095367432
v 0.04950000004135716 -0.08573651495078186 0.00000000095367432
v 0.06222674123901444 -0.08877987827357857 0.00000000095367432
v 0.06227100485509036 -0.08875432266292183 0.00038822937011719
v 0.06478055383429183 -0.08730543388423530 0.00038822937011719
v 0.05922724096435624 -0.08358459140055376 0.00000000095367432
v 0.05927150458043216 -0.08355903578989701 0.00038822937011719
v 0.06178105355963363 -0.08211014701121049 0.00038822937011719
v 0.06240077949393070 -0.08867939724025337 0.00075000095367432
v 0.06465077919545149 -0.08738035930690376 0.00075000095367432
v 0.06260722135210707 -0.08856020797786324 0.00106066131591797
v 0.06444433898908750 -0.08749954761561958 0.00106066131591797
v 0.05940127921927250 -0.08348411036722855 0.00075000095367432
v 0.06165127892079330 -0.08218507243387894 0.00075000095367432
v 0.05960772107744888 -0.08336492110483842 0.00106066131591797
v 0.06144483871442929 -0.08230426074259477 0.00106066131591797
v 0.05391672951806719 -0.08318651499846558 0.00000000095367432
v 0.05389546160789867 -0.08319879403212646 0.00049988842010498
v 0.05383186352803320 -0.08323551240065673 0.00099496173858643
v 0.05334998126317704 -0.09390487803515998 0.00129903888702393
v 0.04681741847818022 -0.09074940575354294 0.00129409599304199
v 0.05035048098851883 -0.08870959116213517 0.00129903888702393
v 0.05464901936885370 -0.09315487803515998 0.00129903888702393
v 0.05366328423195174 -0.09372399248179999 0.00144888973236084
v 0.05433571598712590 -0.09333576382693855 0.00144888973236084
v 0.05399950031601537 -0.09352987803515998 0.00150000095367432
v 0.05164951909419549 -0.08795959116213517 0.00129903888702393
v 0.05066378395729354 -0.08852870560877518 0.00144888973236084
v 0.05133621571246770 -0.08814047695391374 0.00144888973236084
v 0.05100000004135716 -0.08833459116213517 0.00150000095367432
v 0.04531741847818022 -0.08815132954218963 0.00129409599304199
v 0.04950000004135716 -0.08573651495078186 0.00150000095367432
v 0.06287626029185278 -0.08840487827357857 0.00129903888702393
v 0.06417529839752943 -0.08765487827357857 0.00129903888702393
v 0.06318956449948676 -0.08822399200496284 0.00144888973236084
v 0.06386199584170782 -0.08783576358851997 0.00144888973236084
v 0.06352577934469110 -0.08802987827357857 0.00150000095367432
v 0.05987676001719457 -0.08320959140055376 0.00129903888702393
v 0.06117579812287123 -0.08245959140055376 0.00129903888702393
v 0.06019006422482855 -0.08302870513193802 0.00144888973236084
v 0.06086249556704962 -0.08264047671549515 0.00144888973236084
v 0.06052627907003290 -0.08283459140055376 0.00150000095367432
v 0.05372654644904763 -0.08329631724455933 0.00148045301437378
v 0.05358052623554943 -0.08338062205412963 0.00195168638229370
v 0.05339520775395919 -0.08348761572936157 0.00240412425994873
v 0.03306987444507560 -0.06727870288170289 0.00000000095367432
v 0.03056987444507560 -0.06294857586278069 0.00000000095367432
v 0.02906987444507560 -0.06035049965142737 0.00000000095367432
v 0.03773012817320517 -0.05535049983024130 0.00000000095367432
v 0.03321742000405913 -0.06719351741350602 0.00129409599304199
v 0.03071742000405912 -0.06286339039458382 0.00129409599304199
v 0.02921742000405912 -0.06026531418323050 0.00129409599304199
v 0.03273493805777497 -0.06169857580317605 0.00200000095367432
v 0.03274969245881591 -0.06169005734576332 0.00212941074371338
v 0.03279295074058821 -0.06166508216513741 0.00225000095367432
v 0.03286176441801161 -0.06162535256995308 0.00235355472564697
v 0.03295144440872108 -0.06157357580317604 0.00243301391601563
v 0.03305587880047150 -0.06151328057898629 0.00248296356201172
v 0.03123493805777497 -0.05910049959182272 0.00200000095367432
v 0.03124969245881591 -0.05909198113441001 0.00212941074371338
v 0.03129295074058821 -0.05906700595378409 0.00225000095367432
v 0.03136176441801160 -0.05902727635859976 0.00235355472564697
v 0.03145144440872108 -0.05897549959182272 0.00243301391601563
v 0.03155587880047150 -0.05891520436763297 0.00248296356201172
v 0.03706506466374408 -0.05919857604159462 0.00200000095367432
v 0.03705031067565622 -0.05920709426058876 0.00212941074371338
v 0.03700705218740738 -0.05923206956042397 0.00225000095367432
v 0.03693823850998398 -0.05927179915560829 0.00235355472564697
v 0.03684855831279796 -0.05932357604159462 0.00243301391601563
v 0.03674412412752409 -0.05938387114657509 0.00248296356201172
v 0.03556506466374407 -0.05660049983024130 0.00200000095367432
v 0.03555031067565622 -0.05660901804923545 0.00212941074371338
v 0.03550705218740739 -0.05663399334907065 0.00225000095367432
v 0.03543823850998398 -0.05667372294425498 0.00235355472564697
v 0.03534855831279796 -0.05672549983024130 0.00243301391601563
v 0.03524412412752409 -0.05678579493522178 0.00248296356201172
v 0.03758258333688956 -0.05543568488120566 0.00129409599304199
v 0.06482481745036776 -0.08727987827357857 0.00000000095367432
v 0.06182531717570956 -0.08208459140055376 0.00000000095367432
v 0.06822243149273953 -0.08416471841947595 0.00000000095367432
v 0.06934826550874672 -0.08351471784727135 0.00000000095367432
v 0.06995448230030840 -0.08316471841947595 0.00000000095367432
v 0.06824161233797868 -0.08415364435331384 0.00016823339462280
v 0.06932908466350757 -0.08352579191343347 0.00016823339462280
v 0.06829784829011157 -0.08412117651121179 0.00032500076293945
v 0.06838730549262764 -0.08406952837125817 0.00045962047576904
v 0.06927284871137469 -0.08355825975553552 0.00032500076293945
v 0.06918338985704624 -0.08360990884916344 0.00045962047576904
v 0.06850389040969443 -0.08400221803800623 0.00056291770935059
v 0.06906680659179183 -0.08367721822874108 0.00056291770935059
v 0.06722243149273953 -0.08243266761190707 0.00000000095367432
v 0.06834826550874672 -0.08178266703970248 0.00000000095367432
v 0.06895448230030840 -0.08143266761190707 0.00000000095367432
v 0.06724161233797868 -0.08242159354574495 0.00016823339462280
v 0.06832908466350758 -0.08179374110586458 0.00016823339462280
v 0.06729784829011157 -0.08238912570364290 0.00032500076293945
v 0.06738730549262764 -0.08233747756368930 0.00045962047576904
v 0.06827284871137469 -0.08182620894796663 0.00032500076293945
v 0.06818338985704624 -0.08187785804159456 0.00045962047576904
v 0.06750389040969443 -0.08227016723043734 0.00056291770935059
v 0.06806680659179183 -0.08194516742117221 0.00056291770935059
v 0.06863965452018797 -0.08392383459226647 0.00062785291671753
v 0.06878534767483695 -0.08383971861021081 0.00065000104904175
v 0.06893104248129828 -0.08375560167448083 0.00062785291671753
v 0.07004300953246025 -0.08311360719816246 0.00077645826339722
v 0.06763965452018797 -0.08219178378469759 0.00062785291671753
v 0.06778534767483695 -0.08210766780264193 0.00065000104904175
v 0.06793104248129828 -0.08202355086691195 0.00062785291671753
v 0.06904300953246024 -0.08138155639059359 0.00077645826339722
v 0.07515063472301503 -0.08016471841947595 0.00000000095367432
v 0.07415063472301503 -0.07843266761190706 0.00000000095367432
v 0.07575685316638910 -0.07981471803800622 0.00000000095367432
v 0.07688268553058392 -0.07916471841947595 0.00000000095367432
v 0.07577603401162825 -0.07980364397184411 0.00016823339462280
v 0.07686350468534477 -0.07917579248563805 0.00016823339462280
v 0.07583226996376112 -0.07977117612974206 0.00032500076293945
v 0.07592172716627721 -0.07971952798978844 0.00045962047576904
v 0.07680727038502426 -0.07920825937406580 0.00032500076293945
v 0.07671781153069580 -0.07925990846769372 0.00045962047576904
v 0.07603831043153161 -0.07965221861021081 0.00056291770935059
v 0.07660122661362903 -0.07932721880094568 0.00056291770935059
v 0.07475685316638910 -0.07808266723043734 0.00000000095367432
v 0.07588268553058392 -0.07743266761190706 0.00000000095367432
v 0.07477603401162825 -0.07807159316427523 0.00016823339462280
v 0.07586350468534477 -0.07744374167806918 0.00016823339462280
v 0.07483226996376112 -0.07803912532217318 0.00032500076293945
v 0.07492172716627721 -0.07798747718221957 0.00045962047576904
v 0.07580727038502426 -0.07747620856649691 0.00032500076293945
v 0.07571781153069580 -0.07752785766012484 0.00045962047576904
v 0.07503831043153161 -0.07792016780264192 0.00056291770935059
v 0.07560122661362903 -0.07759516799337679 0.00056291770935059
v 0.07506210749086320 -0.08021582964078942 0.00077645826339722
v 0.07406210749086320 -0.07848377883322054 0.00077645826339722
v 0.07617407454202517 -0.07957383516447107 0.00062785291671753
v 0.07631977100029887 -0.07948971727506676 0.00065000104904175
v 0.07646546415494784 -0.07940560129301111 0.00062785291671753
v 0.07517407454202517 -0.07784178435690219 0.00062785291671753
v 0.07531977100029888 -0.07775766646749789 0.00065000104904175
v 0.07546546415494784 -0.07767355048544222 0.00062785291671753
v 0.07030255881014093 -0.08296375635282556 0.00150000095367432
v 0.06930255881014093 -0.08123170554525667 0.00150000095367432
v 0.07071544087468130 -0.08272537878171959 0.00212132167816162
v 0.06971544087468130 -0.08099332797415072 0.00212132167816162
v 0.07480255821318252 -0.08036568048612634 0.00150000095367432
v 0.07380255821318252 -0.07863362967855746 0.00150000095367432
v 0.07438967614864214 -0.08060405805723229 0.00212132167816162
v 0.07338967614864214 -0.07887200724966341 0.00212132167816162
v 0.04724999995380562 -0.09049965472214418 0.00250000095367432
v 0.04793813786366059 -0.09010235811464982 0.00353553485870361
v 0.04574999995380562 -0.08790157851079086 0.00250000095367432
v 0.04897073086428130 -0.08604208865264037 0.00307244586944580
v 0.04643813786366059 -0.08750428190329650 0.00353553485870361
v 0.05262309944608954 -0.08393339266875366 0.00360624599456787
v 0.05317237661344878 -0.08361626734831909 0.00283340930938721
v 0.05291417851828667 -0.08376533808806517 0.00323540687561035
v 0.04883493653189607 -0.08958459116213517 0.00433012771606445
v 0.04987928044940024 -0.08898163892023758 0.00482962989807129
v 0.05100000004135716 -0.08833459116213517 0.00500000095367432
v 0.04733493653189607 -0.08698651495078186 0.00433012771606445
v 0.05230194334835529 -0.08411881222823242 0.00394235420227051
v 0.05195380324374653 -0.08431981101134399 0.00424049568176270
v 0.04837928044940024 -0.08638356270888427 0.00482962989807129
v 0.04866066420889230 -0.08622110571959594 0.00487240600585937
v 0.05158203231137413 -0.08453445305922606 0.00449779987335205
v 0.04950000004135716 -0.08573651495078186 0.00500000095367432
v 0.05078210872205483 -0.08499628915885070 0.00488039684295654
v 0.05036859194861132 -0.08523503317931273 0.00500000095367432
v 0.05119020920273747 -0.08476067223647216 0.00471178627014160
v 0.05660140860016141 -0.08163651480773071 0.00500000095367432
v 0.03365000147968453 -0.06694376638210724 0.00250000095367432
v 0.03433813938953950 -0.06654646977461288 0.00353553485870361
v 0.03115000147968453 -0.06261363936318505 0.00250000095367432
v 0.03316795075966719 -0.06144857580317604 0.00250000095367432
v 0.03364118265589755 -0.05968245162542551 0.00250000095367432
v 0.03319289516852567 -0.05942363217370762 0.00250000095367432
v 0.03303397616345163 -0.05921652499560717 0.00250000095367432
v 0.03340000152907811 -0.05958255042142211 0.00250000095367432
v 0.02965000147968453 -0.06001556315183173 0.00250000095367432
v 0.03166795075966719 -0.05885049959182272 0.00250000095367432
v 0.03253397616345163 -0.05835049959182273 0.00250000095367432
v 0.03190000152907810 -0.05698447421006880 0.00250000095367432
v 0.03214118265589756 -0.05708437541407219 0.00250000095367432
v 0.03169289516852566 -0.05682555596235431 0.00250000095367432
v 0.03153397616345163 -0.05661844878425385 0.00250000095367432
v 0.03143407558844754 -0.05637726729966536 0.00250000095367432
v 0.03140000152907810 -0.05611844880628437 0.00250000095367432
v 0.03143407511195224 -0.05585962922154367 0.00250000095367432
v 0.03003397616345163 -0.05402037257290054 0.00250000095367432
v 0.02993407558844754 -0.05377919108831204 0.00250000095367432
v 0.02990000152907810 -0.05352037259493105 0.00250000095367432
v 0.03390000278135948 -0.05971652709853059 0.00250000095367432
v 0.03415882121085640 -0.05968245197483639 0.00250000095367432
v 0.03440000156723607 -0.05958255039939161 0.00250000095367432
v 0.03460710904763917 -0.05942363287159542 0.00250000095367432
v 0.03476602818514391 -0.05921652709853059 0.00250000095367432
v 0.03486592760956680 -0.05897534479673593 0.00250000095367432
v 0.03490000160539403 -0.05871652497357666 0.00250000095367432
v 0.03486592754602459 -0.05845770648019566 0.00250000095367432
v 0.03476602697102051 -0.05821652499560716 0.00250000095367432
v 0.03663205237480494 -0.05944857580317604 0.00250000095367432
v 0.03240000278135947 -0.05711845088717728 0.00250000095367432
v 0.03265882121085641 -0.05708437576348308 0.00250000095367432
v 0.03290000156723607 -0.05698447418803829 0.00250000095367432
v 0.03310710904763917 -0.05682555666024211 0.00250000095367432
v 0.03426602697102051 -0.05735049959182273 0.00250000095367432
v 0.03326602818514391 -0.05661845088717728 0.00250000095367432
v 0.03336592760956680 -0.05637726858538262 0.00250000095367432
v 0.03340000160539403 -0.05611844876222334 0.00250000095367432
v 0.03336592754602460 -0.05585963026884234 0.00250000095367432
v 0.03326602697102051 -0.05561844878425385 0.00250000095367432
v 0.03310710796594647 -0.05541134160615339 0.00250000095367432
v 0.03153397494932822 -0.05561844668133042 0.00250000095367432
v 0.03169289408683296 -0.05541134090826560 0.00250000095367432
v 0.03190000156723607 -0.05525242338046941 0.00250000095367432
v 0.03214118192361573 -0.05515252180502463 0.00250000095367432
v 0.03265882006562149 -0.05515252239285409 0.00250000095367432
v 0.03240000035311266 -0.05511844668133042 0.00250000095367432
v 0.03290000160539403 -0.05525242335843891 0.00250000095367432
v 0.03176602697102050 -0.05302037257290054 0.00250000095367432
v 0.03140000160539403 -0.05265434714708559 0.00250000095367432
v 0.03160710796594646 -0.05281326539480008 0.00250000095367432
v 0.03513205237480494 -0.05685049959182273 0.00250000095367432
v 0.03183813938953950 -0.06221634275569069 0.00353553485870361
v 0.03033813938953950 -0.05961826654433738 0.00353553485870361
v 0.03646186333197955 -0.05608273287772666 0.00353553485870361
v 0.03715000175802588 -0.05568543597220908 0.00250000095367432
v 0.03523493805777497 -0.06602870282209825 0.00433012771606445
v 0.03627928197527915 -0.06542575058020066 0.00482962989807129
v 0.03740000156723607 -0.06477870282209824 0.00500000095367432
v 0.03273493805777497 -0.06169857580317605 0.00433012771606445
v 0.03123493805777497 -0.05910049959182272 0.00433012771606445
v 0.03556506466374407 -0.05660049983024130 0.00433012771606445
v 0.03377928197527915 -0.06109562356127846 0.00482962989807129
v 0.03227928197527915 -0.05849754734992514 0.00482962989807129
v 0.03179163803419130 -0.05691210905897351 0.00491394042968750
v 0.03164673860430771 -0.05677575418581896 0.00490285968780518
v 0.03153397616345163 -0.05661844878425385 0.00489898014068604
v 0.03145411928057724 -0.05644212773059823 0.00490285968780518
v 0.03140848984083193 -0.05624847692124684 0.00491394042968750
v 0.03196068588161988 -0.05701647964084577 0.00493069744110107
v 0.03214116222495716 -0.05708436959054918 0.00494974613189697
v 0.03140261855984254 -0.05604987868548352 0.00493069744110107
v 0.03143406993980091 -0.05585964982701858 0.00494974613189697
v 0.03490000156723607 -0.06044857580317604 0.00500000095367432
v 0.03452072074623989 -0.05720345207213889 0.00482962989807129
v 0.03340000156723607 -0.05785049959182273 0.00500000095367432
v 0.03233139885311578 -0.05711582584494291 0.00496871852874756
v 0.03253000922652229 -0.05710995746715618 0.00498529815673828
v 0.03272367591974338 -0.05706432216047915 0.00499619865417480
v 0.03290000156723607 -0.05698447418803829 0.00500000095367432
v 0.03305731476355688 -0.05687169568419131 0.00499619865417480
v 0.03319366944505923 -0.05672679306133343 0.00498529815673828
v 0.03339151329364021 -0.05598842064726086 0.00491394042968750
v 0.03334587622450036 -0.05579475662341051 0.00490285968780518
v 0.03326602697102051 -0.05561844878425385 0.00489898014068604
v 0.03315325690076989 -0.05546113016818979 0.00490285968780518
v 0.03300836510028084 -0.05532478850953419 0.00491394042968750
v 0.03336593278171814 -0.05637724797990770 0.00494974613189697
v 0.03339737653228197 -0.05618700590694380 0.00493069744110107
v 0.03329805679600480 -0.05655772562140166 0.00496871852874756
v 0.03150194633846734 -0.05567917194710605 0.00496871852874756
v 0.03160632606001837 -0.05551009129267531 0.00498529815673828
v 0.03174268074152072 -0.05536518866981743 0.00499619865417480
v 0.03190000156723607 -0.05525242338046941 0.00500000095367432
v 0.03207631958533422 -0.05517256219352959 0.00499619865417480
v 0.03226998627855533 -0.05512692688685256 0.00498529815673828
v 0.03265884049656189 -0.05515252821637710 0.00494974613189697
v 0.03283930921050463 -0.05522040495158155 0.00493069744110107
v 0.03246860428135636 -0.05512107172356479 0.00496871852874756
v 0.04450141012604032 -0.06067870267904709 0.00500000095367432
v 0.03940333391468701 -0.05784857566012489 0.00500000095367432
v 0.04043886327435489 -0.05705397504506361 0.00500000095367432
v 0.04123345937483170 -0.05601844594132087 0.00500000095367432
v 0.04173296495224686 -0.05481254717000937 0.00500000095367432
v 0.04190333369252373 -0.05351844876946873 0.00500000095367432
v 0.04173296422158271 -0.05222435582572661 0.00500000095367432
v 0.04123346093360920 -0.05101844864120270 0.00500000095367432
v 0.07125352040598505 -0.08241471841947595 0.00259807682037354
v 0.07188012716944066 -0.08205294683591882 0.00289777851104736
v 0.07025352040598506 -0.08068266761190707 0.00259807682037354
v 0.07088012716944066 -0.08032089602834994 0.00289777851104736
v 0.07385159661733838 -0.08091471841947595 0.00259807682037354
v 0.07322498985388279 -0.08127649000303308 0.00289777851104736
v 0.07255255851166172 -0.08166471841947595 0.00300000095367432
v 0.07285159661733838 -0.07918266761190706 0.00259807682037354
v 0.07222498985388279 -0.07954443919546419 0.00289777851104736
v 0.07155255851166172 -0.07993266761190707 0.00300000095367432
v 0.06545115119171675 -0.08576471784727135 0.00500000095367432
v 0.06295115119171675 -0.08143459082834915 0.00500000095367432
v 0.06618320199928562 -0.08303266703970248 0.00500000095367432
v 0.07792191667585019 -0.07856471803800621 0.00500000095367432
v 0.07692191667585019 -0.07683266723043734 0.00500000095367432
v 0.05108320352516453 -0.05687870248831223 0.00500000095367432
v 0.05088340154925017 -0.05639633999597239 0.00500000095367432
v 0.05081525343051129 -0.05587870300921041 0.00500000095367432
v 0.05088340059625957 -0.05536106383972902 0.00500000095367432
v 0.05108320109691771 -0.05487869828246538 0.00500000095367432
v 0.04931524913158568 -0.05181651565316905 0.00500000095367432
v 0.04831525343051129 -0.05154857599028821 0.00500000095367432
v 0.04790104070940642 -0.05123073949485923 0.00500000095367432
v 0.04758320352516453 -0.05081652466182116 0.00500000095367432
v 0.04879761568415020 -0.05174837839829500 0.00500000095367432
v 0.05140103854602102 -0.05446448721317287 0.00500000095367432
v 0.05181525433273340 -0.05414665168074335 0.00500000095367432
v 0.04983289279406789 -0.05174837909711676 0.00500000095367432
v 0.05031525433273341 -0.05154857546939003 0.00500000095367432
v 0.06182191820172909 -0.05067870267904710 0.00500000095367432
v 0.06150407936567483 -0.05026448879968334 0.00500000095367432
v 0.05908986739416022 -0.04994665187147821 0.00500000095367432
v 0.05957222893282573 -0.04974684824375149 0.00500000095367432
v 0.06008986496591340 -0.04967869847320024 0.00500000095367432
v 0.06060750604274343 -0.04974684894257325 0.00500000095367432
v 0.05758986739416021 -0.04734857566012490 0.00500000095367432
v 0.05800408318087261 -0.04703074012769538 0.00500000095367432
v 0.05832191300058137 -0.04661651584390391 0.00500000095367432
v 0.05852172113063405 -0.04613416350113923 0.00500000095367432
v 0.06108986829638233 -0.04994665135058003 0.00500000095367432
v 0.05858986829638233 -0.04561652433165785 0.00500000095367432
v 0.05852171852583108 -0.04509888829857017 0.00500000095367432
v 0.05832191820172909 -0.04461652485255602 0.00500000095367432
v 0.02456987444507560 -0.05255627101736742 0.00000000095367432
v 0.02825679945785329 -0.05042762386875826 0.00000000095367432
v 0.02834297203147185 -0.05037787211018283 0.00037135410308838
v 0.02949623686959960 -0.04971203434544283 0.00000666475296021
v 0.02945281072239522 -0.04973710644322115 0.00002621364593506
v 0.02954320367661884 -0.04968491804676729 0.00000000095367432
v 0.02941580475691950 -0.04975847184735018 0.00005735158920288
v 0.02938767232749482 -0.04977471411305148 0.00009801435470581
v 0.02937027874323989 -0.04978475630360323 0.00014550542831421
v 0.02936477779509507 -0.04978793227749544 0.00019667577743530
v 0.02937153370768792 -0.04978403174954135 0.00024813318252563
v 0.02939009883986619 -0.04977331316548067 0.00029646492004395
v 0.02918961360562395 -0.04757966229268048 0.00020000076293945
v 0.02914264721155780 -0.04760677835293743 0.00020666456222534
v 0.02909922106435342 -0.04763185045071575 0.00022621345520020
v 0.02906221468592460 -0.04765321609326336 0.00025735187530518
v 0.02903408266945302 -0.04766945812054608 0.00029801416397095
v 0.02838653197547819 -0.05035272276478487 0.00035000848770142
v 0.02843260473905224 -0.05032612264233309 0.00034186649322510
v 0.02847813653407514 -0.05029983484821993 0.00034746742248535
v 0.02852010702162856 -0.05027560317593294 0.00036643981933594
v 0.02855573454968160 -0.05025503361302096 0.00039752626419067
v 0.02858265620063915 -0.05023949039059359 0.00043866539001465
v 0.02941924176550815 -0.04975648748951632 0.00033846664428711
v 0.02945703069004719 -0.04973467004376132 0.00037135410308838
v 0.02901668908519809 -0.04767950031109783 0.00034550523757935
v 0.02901118813705327 -0.04768267628499005 0.00039667606353760
v 0.02901794404964611 -0.04767877575703595 0.00044813299179077
v 0.02859908677828244 -0.05023000419216830 0.00048712873458862
v 0.02860393732530661 -0.05022720372753817 0.00053970384597778
v 0.02902601213863852 -0.04998351872044283 0.00054303073883057
v 0.02907032696089791 -0.04995793354588229 0.00053667831420898
v 0.02911488996796587 -0.04993220508175570 0.00054447937011719
v 0.02859688615125265 -0.05023127472477633 0.00059290456771851
v 0.02898488366244065 -0.05000726425724703 0.00056311464309692
v 0.02915674689341886 -0.04990803897457796 0.00056591653823853
v 0.02894966867452699 -0.05002759563999849 0.00059559917449951
v 0.02919312145361619 -0.04988703811245638 0.00059956836700439
v 0.02903650876887130 -0.04766805741139386 0.00049646472930908
v 0.02906565210746634 -0.04765123149701092 0.00053846693038940
v 0.02910344103200539 -0.04762941405125592 0.00057135391235352
v 0.02463565880185090 -0.05251829040127474 0.00086824178695679
v 0.02686976701804239 -0.04891902634449932 0.00091776418685913
v 0.02695939972562278 -0.04886727687664959 0.00088827657699585
v 0.02691332696204874 -0.04889387699910137 0.00089641857147217
v 0.02700493110769259 -0.04884098932095501 0.00089387750625610
v 0.02704690200819910 -0.04881675741024945 0.00091284990310669
v 0.02708252953625215 -0.04879618784733745 0.00094393634796143
v 0.02710945118720969 -0.04878064462491009 0.00098507547378540
v 0.02712588176485298 -0.04877115842648479 0.00103353929519653
v 0.02713073231187716 -0.04876835796185467 0.00108611440658569
v 0.02712368113782320 -0.04877242895909283 0.00113931465148926
v 0.02710519529263868 -0.04878310176678631 0.00118961334228516
v 0.02857840030606813 -0.05024194753246981 0.00064320325851440
v 0.02892270201168236 -0.05004316485005099 0.00063833045959473
v 0.02922160241545091 -0.04987059462147433 0.00064320325851440
v 0.02890577217375027 -0.05005293929653841 0.00068847417831421
v 0.02890000156723607 -0.05005627095776278 0.00074270677566528
v 0.03323012817320517 -0.04755627119618136 0.00000000095367432
v 0.03205331322169512 -0.04592630454846355 0.00020000076293945
v 0.03198334740514373 -0.04596669933148358 0.00089910268783569
v 0.03316434391966815 -0.04759425175266940 0.00086824178695679
v 0.02483101307597093 -0.05240550255852419 0.00171010160446167
v 0.02824353187647356 -0.04812588283368084 0.00128308868408203
v 0.02819921705421417 -0.04815146800824139 0.00128944063186646
v 0.02828809529649461 -0.04810015413113568 0.00129088973999023
v 0.02815808857801630 -0.04817521354504559 0.00130952501296997
v 0.02812287359010264 -0.04819554492779705 0.00134200954437256
v 0.02809590734021110 -0.04821111389943097 0.00138474035263062
v 0.02832995180899451 -0.04807598826237652 0.00131232690811157
v 0.02836632678214493 -0.04805498716183636 0.00134597826004028
v 0.02839480774397965 -0.04803854367085431 0.00138961315155029
v 0.02807897750227902 -0.04822088834591839 0.00143488454818726
v 0.02807320648281172 -0.04822422024556133 0.00148911714553833
v 0.02773493805777497 -0.05303832176533166 0.00200000095367432
v 0.02723493805777497 -0.05217229636154722 0.00200000095367432
v 0.02774969245881591 -0.05302980330791894 0.00212941074371338
v 0.02724969245881591 -0.05216377790413450 0.00212941074371338
v 0.02779295074058821 -0.05300482812729303 0.00225000095367432
v 0.02729295074058821 -0.05213880272350858 0.00225000095367432
v 0.02786176441801161 -0.05296509853210870 0.00235355472564697
v 0.02795144440872108 -0.05291332176533166 0.00243301391601563
v 0.02805587880047150 -0.05285302654114190 0.00248296356201172
v 0.02736176441801160 -0.05209907312832426 0.00235355472564697
v 0.02745144440872108 -0.05204729636154722 0.00243301391601563
v 0.02755587880047150 -0.05198700113735746 0.00248296356201172
v 0.03206506466374407 -0.05053832200375024 0.00200000095367432
v 0.03156506466374407 -0.04967229659996580 0.00200000095367432
v 0.03205031067565622 -0.05054684022274438 0.00212941074371338
v 0.03155031067565622 -0.04968081481895994 0.00212941074371338
v 0.03200705218740738 -0.05057181552257958 0.00225000095367432
v 0.03150705218740738 -0.04970579011879515 0.00225000095367432
v 0.03193823850998399 -0.05061154511776391 0.00235355472564697
v 0.03184855831279796 -0.05066332200375024 0.00243301391601563
v 0.03174412412752409 -0.05072361710873071 0.00248296356201172
v 0.03143823850998399 -0.04974551971397947 0.00235355472564697
v 0.03134855831279796 -0.04979729659996580 0.00243301391601563
v 0.03124412412752409 -0.04985759170494627 0.00248296356201172
v 0.03296898985202465 -0.04770703947621065 0.00171010160446167
v 0.03182560510516261 -0.04605777189084027 0.00157887697219849
v 0.03158347749254715 -0.04619756433316204 0.00222471141815186
v 0.00991987291919669 -0.02718172404358358 0.00000000095367432
v 0.00841987291919669 -0.02458364783223027 0.00000000095367432
v 0.01295096193568050 -0.02543172398397894 0.00000000095367432
v 0.01145096193568050 -0.02283364777262562 0.00000000095367432
v 0.01299522555175642 -0.02540616837332220 0.00038822937011719
v 0.01149522555175642 -0.02280809216196888 0.00038822937011719
v 0.01554903814703382 -0.02393172398397894 0.00000000095367432
v 0.01404903814703381 -0.02133364777262562 0.00000000095367432
v 0.01550477453095790 -0.02395727959463568 0.00038822937011719
v 0.01400477453095790 -0.02135920338328236 0.00038822937011719
v 0.01312499977764367 -0.02533124318907232 0.00075000095367432
v 0.01162499977764367 -0.02273316697771901 0.00075000095367432
v 0.01333144122286695 -0.02521205416510076 0.00106066131591797
v 0.01183144122286695 -0.02261397795374745 0.00106066131591797
v 0.01537499989211755 -0.02403220501730413 0.00075000095367432
v 0.01387499989211755 -0.02143412880595082 0.00075000095367432
v 0.01516855844689427 -0.02415139404127569 0.00106066131591797
v 0.01366855844689427 -0.02155331782992238 0.00106066131591797
v 0.01006741847818021 -0.02709653857538671 0.00129409599304199
v 0.00856741847818021 -0.02449846236403340 0.00129409599304199
v 0.01360048098851883 -0.02505672398397894 0.00129903888702393
v 0.01210048098851883 -0.02245864777262562 0.00129903888702393
v 0.01489951909419548 -0.02430672398397894 0.00129903888702393
v 0.01391378395729353 -0.02487583843061895 0.00144888973236084
v 0.01458621571246769 -0.02448760977575750 0.00144888973236084
v 0.01425000004135716 -0.02468172398397894 0.00150000095367432
v 0.01339951909419549 -0.02170864777262562 0.00129903888702393
v 0.01241378395729353 -0.02227776221926564 0.00144888973236084
v 0.01308621571246769 -0.02188953356440419 0.00144888973236084
v 0.01275000004135716 -0.02208364777262562 0.00150000095367432
v 0.04500000237040695 -0.02700000385936044 0.00000000095367432
v 0.04500000264410074 -0.02697785620108778 0.00016823339462280
v 0.04300000146818483 -0.02700000438025862 0.00000000095367432
v 0.04299999968539540 -0.02569999824061892 0.00000000095367432
v 0.04299999903993803 -0.02500000017441177 0.00000000095367432
v 0.04300000174187864 -0.02697785672198596 0.00016823339462280
v 0.04299999941170160 -0.02572214589889158 0.00016823339462280
v 0.04499999784601881 -0.02691291411371062 0.00032500076293945
v 0.04499999613304632 -0.02680961295949938 0.00045962047576904
v 0.04299999859560907 -0.02691291368093449 0.00032500076293945
v 0.04300000255797116 -0.02578708893994306 0.00032500076293945
v 0.04299999688263657 -0.02680961252672324 0.00045962047576904
v 0.04299999829336150 -0.02589037592598102 0.00045962047576904
v 0.04299999911513884 -0.02667499954172396 0.00056291770935059
v 0.04300000203844139 -0.02602500307915358 0.00056291770935059
v 0.04499999893580514 -0.02569999867339506 0.00000000095367432
v 0.04499999866211134 -0.02572214633166772 0.00016823339462280
v 0.04500000001736095 -0.02667499902082578 0.00056291770935059
v 0.04500000346019328 -0.02578708841904488 0.00032500076293945
v 0.04499999618038520 -0.02498231201610210 0.00032525014877319
v 0.04499999754377124 -0.02589037635875717 0.00045962047576904
v 0.04500000128885113 -0.02602500351192973 0.00056291770935059
v 0.04300000103640449 -0.01899999981769586 0.00000000095367432
v 0.04300000201316905 -0.01828761442454076 0.00012630081176758
v 0.04299999881128837 -0.01700142266045904 0.00004303073883057
v 0.04500000129316923 -0.01830000123059053 0.00000000095367432
v 0.04299999626510612 -0.01823319162680685 0.00028702354431152
v 0.04300000158577762 -0.01703466873798805 0.00020942783355713
v 0.04500000156686303 -0.01827785357231787 0.00016823339462280
v 0.04499999743362545 -0.01903511722632866 0.00045771455764771
v 0.04299999811726946 -0.01813903284754317 0.00042818593978882
v 0.04300000127191164 -0.01710983298927809 0.00036155271530151
v 0.04499999676878109 -0.01821291148494071 0.00032500076293945
v 0.04500000103339076 -0.01810962449890274 0.00045962047576904
v 0.04300000301723756 -0.01801155415191969 0.00054016780853271
v 0.04300000309962180 -0.01722182040789464 0.00048903846740723
v 0.04300000179854119 -0.01785942954351706 0.00061533880233765
v 0.04299999851427627 -0.01736297152346039 0.00058319759368896
v 0.04300000327314728 -0.02651823794477770 0.00062785291671753
v 0.04299999788043296 -0.02618176467609985 0.00062785291671753
v 0.04299999676209285 -0.02634999470318929 0.00065000104904175
v 0.04299999690894363 -0.02489777404079426 0.00077645826339722
v 0.04500000252355701 -0.02651823837755383 0.00062785291671753
v 0.04499999766431496 -0.02634999418229111 0.00065000104904175
v 0.04499999878265507 -0.02618176415520167 0.00062785291671753
v 0.04500000069196573 -0.02479651355597473 0.00108604812622070
v 0.04300000151558651 -0.01910222690498769 0.00077645826339722
v 0.04300000185216263 -0.01769303254166556 0.00064857530593872
v 0.04299999638879742 -0.01752369629661288 0.00063761234283447
v 0.04500000245055708 -0.01925461596717868 0.00120948505401611
v 0.04299999554680741 -0.02459806999083129 0.00150000095367432
v 0.04499999598165191 -0.02442013210645625 0.00177283334732056
v 0.04299999690014057 -0.01940191678677738 0.00150000095367432
v 0.04300000124775722 -0.02412132281560547 0.00212132167816162
v 0.04499999789815012 -0.02387882988393633 0.00233880329132080
v 0.04299999717677292 -0.01987867813017648 0.00212132167816162
v 0.04500000158912793 -0.01966120016849901 0.00187883138656616
v 0.04500000020618978 -0.02022716914769158 0.00242013835906982
v 0.02550000031270908 -0.01249999962951719 0.00000000095367432
v 0.02549999842130570 -0.01244888703954560 0.00038822937011719
v 0.02850000001422988 -0.01249999980184424 0.00000000095367432
v 0.03149999971575067 -0.01249999997417129 0.00000000095367432
v 0.02849999812282649 -0.01244888721187264 0.00038822937011719
v 0.03149999947615966 -0.01244888643052538 0.00038822937011719
v 0.02549999856614377 -0.01229903453772695 0.00075000095367432
v 0.02550000059071249 -0.01206066142695120 0.00106066131591797
v 0.02849999826766457 -0.01229903471005400 0.00075000095367432
v 0.03149999796918537 -0.01229903488238105 0.00075000095367432
v 0.02850000029223329 -0.01206066159927825 0.00106066131591797
v 0.02850000372325077 -0.00993934491013892 0.00106066131591797
v 0.02549999667033886 -0.00949999332074692 0.00000000095367432
v 0.02849999637185966 -0.00949999349307397 0.00000000095367432
v 0.02549999883617807 -0.00499999707209046 0.00000000095367432
v 0.02549999690992987 -0.00955110686439283 0.00038822937011719
v 0.02849999661145067 -0.00955110703671988 0.00038822937011719
v 0.02549999841690417 -0.00970095841253716 0.00075000095367432
v 0.02849999811842497 -0.00970095858486421 0.00075000095367432
v 0.02550000236991761 -0.00993934569148619 0.00106066131591797
v 0.03199899907437692 -0.01249999625678359 0.00000000095367432
v 0.03149999607338046 -0.00949999366540102 0.00000000095367432
v 0.03199899873563145 -0.00949998804066468 0.00000000095367432
v 0.03199899883478591 -0.01244888271313767 0.00038822937011719
v 0.03149999796478384 -0.00955110625537261 0.00038822937011719
v 0.03199899897522246 -0.00955110158431059 0.00038822937011719
v 0.03199899897962399 -0.01229903021131903 0.00075000095367432
v 0.03199899781070551 -0.01229855516423190 0.00075061988830566
v 0.03199899797204220 -0.00970065505305025 0.00074927902221680
v 0.03199899883038439 -0.00970095408612924 0.00075000095367432
v 0.03149999781994576 -0.00970095875719126 0.00075000095367432
v 0.03149999999375409 -0.01206066177160530 0.00106066131591797
v 0.03199899935238034 -0.01206065805421759 0.00106066131591797
v 0.03150000342477158 -0.00993934508246597 0.00106066131591797
v 0.03199899996266697 -0.00993886727166545 0.00106003904342651
v 0.03199899947977308 -0.00993934327242690 0.00106066131591797
v 0.02849999853769887 -0.00499999724441751 0.00000000095367432
v 0.02550000221614068 -0.00150000292635744 0.00000000095367432
v 0.02549999857377046 0.00150000338241284 0.00000000095367432
v 0.02850000191766147 -0.00150000309868448 0.00000000095367432
v 0.02849999827529125 0.00150000321008579 0.00000000095367432
v 0.02550000032473729 -0.00144889033638584 0.00038822937011719
v 0.02549999881336147 0.00144888983876693 0.00038822937011719
v 0.02850000002625809 -0.00144889050871289 0.00038822937011719
v 0.02849999851488227 0.00144888966643988 0.00038822937011719
v 0.03150000161918227 -0.00150000327101153 0.00000000095367432
v 0.03199900097780853 -0.00149999955362383 0.00000000095367432
v 0.03149999972777889 -0.00144889068103993 0.00038822937011719
v 0.03199899908640514 -0.00144888696365223 0.00038822937011719
v 0.03199899822806297 -0.00144858793057324 0.00038895273208618
v 0.02850000165525387 0.00499999735581882 0.00000000095367432
v 0.03149999797681205 0.00150000303775874 0.00000000095367432
v 0.03199899733543830 0.00150000675514645 0.00000000095367432
v 0.03150000135677466 0.00499999718349177 0.00000000095367432
v 0.03199900402699064 0.00144898503320187 0.00038745546340942
v 0.03199899922684168 0.00144889416517485 0.00038822937011719
v 0.03149999986821543 0.00144889044778715 0.00038822937011719
v 0.02550000046957537 -0.00129903783456719 0.00075000095367432
v 0.02550000032033577 0.00129903829062260 0.00075000095367432
v 0.02850000017109617 -0.00129903800689424 0.00075000095367432
v 0.02850000002185656 0.00129903811829555 0.00075000095367432
v 0.02550000249414409 -0.00106066472379144 0.00106066131591797
v 0.02549999664395467 0.00106066422617253 0.00106066131591797
v 0.02850000219566489 -0.00106066489611849 0.00106066131591797
v 0.02849999799728784 0.00106066500751980 0.00106066131591797
v 0.03150000152442933 -0.00129903722554697 0.00075000095367432
v 0.03199899757943084 -0.00129903541550790 0.00075000095367432
v 0.03199899971413711 -0.00129855846107214 0.00075062131881714
v 0.03150000189718569 -0.00106066506844554 0.00106066131591797
v 0.03199900125581194 -0.00106066135105783 0.00106066131591797
v 0.03199899743019124 0.00129904070968189 0.00075000095367432
v 0.03150000137518973 0.00129903889964282 0.00075000095367432
v 0.03149999769880864 0.00106066483519275 0.00106066131591797
v 0.03199899919214115 0.00106114550701622 0.00106004142761230
v 0.03199899705743489 0.00106066855258045 0.00106066131591797
v 0.02549999940211653 -0.01174999805232463 0.00129903888702393
v 0.02849999910363732 -0.01174999822465168 0.00129903888702393
v 0.02849999602363797 -0.01138822226005350 0.00144888973236084
v 0.02849999728245221 -0.01024999507026654 0.00129903888702393
v 0.02850000036245156 -0.01061177103486471 0.00144888973236084
v 0.02849999819304477 -0.01099999664745911 0.00150000095367432
v 0.02549999632211717 -0.01138822208772645 0.00144888973236084
v 0.02550000066093077 -0.01061177086253766 0.00144888973236084
v 0.02549999849152397 -0.01099999647513206 0.00150000095367432
v 0.02549999758093142 -0.01024999489793949 0.00129903888702393
v 0.02550000183723127 -0.00517037427934442 0.00129409599304199
v 0.03199899816378437 -0.01174999467959102 0.00129903888702393
v 0.03149999880515812 -0.01174999839697872 0.00129903888702393
v 0.03149999698397301 -0.01024999524259359 0.00129903888702393
v 0.03199899799441163 -0.01024999057153156 0.00129903888702393
v 0.03149999572515877 -0.01138822243238055 0.00144888973236084
v 0.03199899838740976 -0.01138821680764421 0.00144888973236084
v 0.03150000006397236 -0.01061177120719176 0.00144888973236084
v 0.03149999789456556 -0.01099999681978616 0.00150000095367432
v 0.03199899890500418 -0.01099999214872413 0.00150000095367432
v 0.03199899942259861 -0.01061176748980405 0.00144888973236084
v 0.02850000153875206 -0.00517037445167147 0.00129409599304199
v 0.02550000130554812 -0.00075000134916487 0.00129903888702393
v 0.02549999948436301 0.00075000180522027 0.00129903888702393
v 0.02549999822554877 -0.00038822538456669 0.00144888973236084
v 0.02550000256436236 0.00038822584062210 0.00144888973236084
v 0.02550000039495557 0.00000000022802770 0.00150000095367432
v 0.02850000100706892 -0.00075000152149191 0.00129903888702393
v 0.02849999918588381 0.00075000163289322 0.00129903888702393
v 0.02849999792706957 -0.00038822555689374 0.00144888973236084
v 0.02850000226588316 0.00038822566829505 0.00144888973236084
v 0.02850000009647636 0.00000000005570065 0.00150000095367432
v 0.03150000070858971 -0.00075000169381896 0.00129903888702393
v 0.03199900006721597 -0.00074999797643126 0.00129903888702393
v 0.03199899698721662 -0.00038822201183309 0.00144888973236084
v 0.03149999888740460 0.00075000146056617 0.00129903888702393
v 0.03149999762859037 -0.00038822572922079 0.00144888973236084
v 0.03150000196740396 0.00038822549596800 0.00144888973236084
v 0.03149999979799716 -0.00000000011662639 0.00150000095367432
v 0.03199899915662342 0.00000000360076131 0.00150000095367432
v 0.02849999702691253 0.00482963336306382 0.00129409599304199
v 0.03199899824603086 0.00075000517795388 0.00129903888702393
v 0.03199900132603021 0.00038822921335571 0.00144888973236084
v 0.03149999672843333 0.00482963319073677 0.00129409599304199
v 0.02515000147968452 -0.05222133451777178 0.00250000095367432
v 0.02438973035102409 -0.05035087618180249 0.00257112216949463
v 0.02816795075966719 -0.05278832176533166 0.00250000095367432
v 0.02766795075966719 -0.05192229636154722 0.00250000095367432
v 0.02993407511195224 -0.05326155301019035 0.00250000095367432
v 0.03003397494932822 -0.05302037046997711 0.00250000095367432
v 0.03019289408683296 -0.05281326469691228 0.00250000095367432
v 0.03040000156723607 -0.05265434716911609 0.00250000095367432
v 0.03064118192361573 -0.05255444559367131 0.00250000095367432
v 0.03090000035311266 -0.05252037046997711 0.00250000095367432
v 0.03115882006562149 -0.05255444618150077 0.00250000095367432
v 0.03163205237480494 -0.05078832176533166 0.00250000095367432
v 0.03113205237480494 -0.04992229636154722 0.00250000095367432
v 0.02558293169419652 -0.05197138214188295 0.00321393871307373
v 0.02475304276520337 -0.05014111766167614 0.00313616657257080
v 0.02518400247079636 -0.04989230295964214 0.00363379573822021
v 0.03265000175802588 -0.04789120733814913 0.00250000095367432
v 0.03221707082084597 -0.04814116013127047 0.00321393871307373
v 0.02611664940846104 -0.05166324007588106 0.00383022308349609
v 0.02567334548460309 -0.04960978063889477 0.00405331325531006
v 0.02673493805777497 -0.05130627095776278 0.00433012771606445
v 0.03168335372601109 -0.04844930183964449 0.00383022308349609
v 0.03106506466374407 -0.04880627119618135 0.00433012771606445
v 0.02982665775849179 -0.04721186467953655 0.00425331306457520
v 0.02741901096062592 -0.05091132128315645 0.00469846439361572
v 0.02814808294901048 -0.05049039137440401 0.00492403984069824
v 0.02926734830870403 -0.04753478214093182 0.00453289794921875
v 0.02807320648281172 -0.04822422024556133 0.00479583263397217
v 0.02867864609665337 -0.04787466952153179 0.00471504211425781
v 0.02890000156723607 -0.05005627095776278 0.00500000095367432
v 0.02965192018546165 -0.04962215054112154 0.00492403984069824
v 0.03038099217384621 -0.04920122063236910 0.00469846439361572
v 0.01049999995380562 -0.02684678754398794 0.00250000095367432
v 0.00899999995380561 -0.02424871133263462 0.00250000095367432
v 0.01118813786366059 -0.02644949093649359 0.00353553485870361
v 0.00968813786366059 -0.02385141472514027 0.00353553485870361
v 0.01208493653189606 -0.02593172398397894 0.00433012771606445
v 0.01058493653189606 -0.02333364777262562 0.00433012771606445
v 0.01312928044940023 -0.02532877174208135 0.00482962989807129
v 0.01162928044940023 -0.02273069553072804 0.00482962989807129
v 0.01425000004135716 -0.02468172398397894 0.00500000095367432
v 0.01275000004135716 -0.02208364777262562 0.00500000095367432
v 0.01875333238880809 -0.02208172384092779 0.00500000095367432
v 0.01993311458007693 -0.02158929693968168 0.00500000095367432
v 0.02119920779694550 -0.02141214614114586 0.00500000095367432
v 0.02550000146095294 -0.02376729745573624 0.00500000095367432
v 0.02549999984522260 -0.02377256656883029 0.00500000095367432
v 0.02246884031881193 -0.02156185199334313 0.00500000095367432
v 0.02365900412104278 -0.02202861827018711 0.00500000095367432
v 0.02469189703720544 -0.02278193571335257 0.00500000095367432
v 0.04299999721875292 -0.02349999702002663 0.00259807682037354
v 0.04500000173859742 -0.02320948686537605 0.00274538803100586
v 0.04300000285758960 -0.02050000297208100 0.00259807682037354
v 0.04500000068379801 -0.02091395281184737 0.00279651737213135
v 0.04300000033996112 -0.02277645735165493 0.00289777851104736
v 0.04300000138819376 -0.02122354168677839 0.00289777851104736
v 0.04499999670009684 -0.02245770811890579 0.00296487808227539
v 0.04299999704938018 -0.02199999291196718 0.00300000095367432
v 0.04500000378423143 -0.02167475377521730 0.00298231792449951
v 0.03798965188942233 -0.03420000580368018 0.00500000095367432
v 0.03778984991350798 -0.03371764331134035 0.00500000095367432
v 0.03772170179476910 -0.03320000632457835 0.00500000095367432
v 0.03778984896051737 -0.03268236715509697 0.00500000095367432
v 0.03798964946117553 -0.03220000159783333 0.00500000095367432
v 0.03150000166245770 -0.02820000410890622 0.00500000095367432
v 0.03830748691027882 -0.03178579052854082 0.00500000095367432
v 0.03872170269699122 -0.03146795499611130 0.00500000095367432
v 0.03972170026874440 -0.03120000159783333 0.00500000095367432
v 0.03920406258384436 -0.03126815232205889 0.00500000095367432
v 0.04942118668222199 -0.03120000563624000 0.00500000095367432
v 0.04993882012965749 -0.03126814289111406 0.00500000095367432
v 0.05115323228864315 -0.03219999662758789 0.00500000095367432
v 0.05042118238329638 -0.03146794529912083 0.00500000095367432
v 0.05083539345258889 -0.03178578274822413 0.00500000095367432
v 0.04300000272070391 -0.02820000349792749 0.00500000095367432
v 0.04500000197111365 -0.02820000393070362 0.00500000095367432
v 0.02549999757927202 -0.00566986717900087 0.00250000095367432
v 0.02549999880081916 -0.00646446310581775 0.00353553485870361
v 0.02849999728079282 -0.00566986735132792 0.00250000095367432
v 0.02849999874653545 0.00433012629523410 0.00250000095367432
v 0.03149999844805625 0.00433012612290705 0.00250000095367432
v 0.02849999850233996 -0.00646446327814480 0.00353553485870361
v 0.02849999996808259 0.00353553036841722 0.00353553485870361
v 0.03150000297322813 0.00353553210343881 0.00353553485870361
v 0.02550000069004252 -0.01472243146593922 0.00500000095367432
v 0.02849999697892136 -0.00999999454453568 0.00500000095367432
v 0.02550000187148658 -0.00750000232939903 0.00433012771606445
v 0.02850000157300738 -0.00750000250172608 0.00433012771606445
v 0.02550000031381267 -0.00870590554573531 0.00482962989807129
v 0.02549999727740056 -0.00999999437220863 0.00500000095367432
v 0.02850000001533347 -0.00870590571806236 0.00482962989807129
v 0.02849999706116785 0.00250000531300922 0.00433012771606445
v 0.03149999676268864 0.00250000514068217 0.00433012771606445
v 0.02850000313288847 0.00129408888217398 0.00482962989807129
v 0.02850000009647636 0.00000000005570065 0.00500000095367432
v 0.03149999979799716 -0.00000000011662639 0.00500000095367432
v 0.03150000448622164 0.00129408966352124 0.00482962989807129
v 0.07151923666014029 -0.05397114387831970 0.00500000095367432
v 0.06975128986911180 -0.05037306628051594 0.00500000095367432
v 0.06933707549619456 -0.05005523073876127 0.00500000095367432
v 0.06901923666014030 -0.04964101685939751 0.00500000095367432
v 0.07023365212275071 -0.05057286868852271 0.00500000095367432
v 0.07075128989595600 -0.05064102106524436 0.00500000095367432
v 0.07126892923266839 -0.05057286938734448 0.00500000095367432
v 0.07175128746770917 -0.05037306766696639 0.00500000095367432
v 0.07519999879361927 -0.02819999519363169 0.00500000095367432
v 0.07571763482670694 -0.02813184542308044 0.00500000095367432
v 0.07620000399476699 -0.02793205500985268 0.00500000095367432
v 0.07661420884846011 -0.02761420817027283 0.00500000095367432
v 0.07693204960118816 -0.02719999519363170 0.00500000095367432
v 0.07713185442761610 -0.02671764475821565 0.00500000095367432
v 0.07720000159336436 -0.02620000558873426 0.00500000095367432
v 0.08078579022559267 -0.02761421911952688 0.00500000095367432
v 0.08046795138953838 -0.02720000524016312 0.00500000095367432
v 0.08026815106543640 -0.02671764179414898 0.00500000095367432
v 0.08120000129488517 -0.02793205656863018 0.00500000095367432
v 0.08168236685214880 -0.02813185706928833 0.00500000095367432
v 0.08219999699595955 -0.02819999623151102 0.00500000095367432
v 0.08020000129488515 -0.02620000576106131 0.00500000095367432
v 0.04499999620675505 -0.01699999699829947 0.00000000095367432
v 0.04499999593306126 -0.01702214465657212 0.00016823339462280
v 0.04500000073114319 -0.01708708674394928 0.00032500076293945
v 0.04500000409592805 -0.01719038694448621 0.00045962047576904
v 0.04499999728831087 -0.01797499734573018 0.00056291770935059
v 0.04500000021161341 -0.01732500088315981 0.00056291770935059
v 0.04500000144631931 -0.01781823574878392 0.00062785291671753
v 0.04499999605360498 -0.01748176248010607 0.00062785291671753
v 0.04500000421647177 -0.01765000476802016 0.00065000104904175
v 0.04200100036390891 -0.01250000368764197 0.00000000095367432
v 0.04200100002516344 -0.00949999547152306 0.00000000095367432
v 0.04200099672153870 -0.00949999737887169 0.00000006580352783
v 0.04200099847250554 -0.01244889109767037 0.00038816452026367
v 0.04200100177613027 -0.01244888919032173 0.00038822937011719
v 0.04200100191656682 -0.00955110806149465 0.00038822937011719
v 0.04800000137773979 -0.01249999901462143 0.00000000095367432
v 0.04799999773536957 -0.00949999270585115 0.00000000095367432
v 0.04799999948633642 -0.01244888642464983 0.00038822937011719
v 0.04799999632314822 -0.00955110720317138 0.00038822937011719
v 0.04200100026915598 -0.01229903764217741 0.00075000095367432
v 0.04200100011991638 -0.00970096151698761 0.00075000095367432
v 0.04200100064191233 -0.01206066548507597 0.00106066131591797
v 0.04200100076930508 -0.00993935070328528 0.00106066131591797
v 0.04799999797936212 -0.01229903487650550 0.00075000095367432
v 0.04799999783012251 -0.00970095875131571 0.00075000095367432
v 0.04800000165574321 -0.01206066081205543 0.00106066131591797
v 0.04800000178313596 -0.00993934603026474 0.00106066131591797
v 0.04200100226734052 -0.00150000698448220 0.00000000095367432
v 0.04200100192859504 0.00150000123163670 0.00000000095367432
v 0.04200099862497030 0.00149999932428807 0.00000006580352783
v 0.04200100367956187 -0.00144889248716197 0.00038822937011719
v 0.04200100037593714 -0.00144889439451061 0.00038816452026367
v 0.04200100051637369 0.00144888673431647 0.00038822937011719
v 0.04200100217258759 -0.00129904093901765 0.00075000095367432
v 0.04200100202334798 0.00129903518617215 0.00075000095367432
v 0.04200100254534394 -0.00106066878191621 0.00106066131591797
v 0.04200100165059163 0.00106066302907071 0.00106066131591797
v 0.05100000069901792 -0.00508907933889574 0.00033355712890625
v 0.05099999897301837 -0.00507179577076353 0.00048378753662109
v 0.04800000328117139 -0.00150000231146167 0.00000000095367432
v 0.04800000138976801 -0.00144888972149007 0.00038822937011719
v 0.05099999968741703 -0.00309587537727894 0.00051113319396973
v 0.04799999822657981 0.00144888949998838 0.00038822937011719
v 0.05100000109006615 -0.00145919720371113 0.00030996274948120
v 0.05100000116150708 0.00000000067059642 0.00000000095367432
v 0.05099999934032197 0.00150000382498156 0.00000000095367432
v 0.05099999581004550 0.00149357073061539 0.00004889535903931
v 0.05100000244890855 0.00147443996907197 0.00019411516189575
v 0.05100000128645451 0.00210070083259910 0.00027656316757202
v 0.05100000069578061 0.00221517329122317 0.00030445432662964
v 0.05100000149962983 0.00261241921336862 0.00000000095367432
v 0.05100000179308889 0.00246794086084432 0.00008079290390015
v 0.05100000109128881 -0.00144888989381712 0.00038822937011719
v 0.05100000021224920 -0.00148025281219383 0.00040965604782104
v 0.05100000064118726 -0.00152997431929649 0.00040995550155640
v 0.05100000416421555 -0.00144182276755190 0.00040530061721802
v 0.05100000168289485 -0.00136507439018854 0.00059058332443237
v 0.05100000145837708 0.00145532242202750 0.00033933591842651
v 0.05099999792810062 0.00144888932766133 0.00038822937011719
v 0.05099999651183298 0.00141127123627522 0.00047906017303467
v 0.05100000096650238 0.00135533242925289 0.00061409378051758
v 0.04799999988279371 -0.00129903817334574 0.00075000095367432
v 0.04799999973355411 0.00129903795184405 0.00075000095367432
v 0.04800000355917480 -0.00106066410889567 0.00106066131591797
v 0.04799999605717302 0.00106066388739398 0.00106066131591797
v 0.05099999816804688 -0.00133665643705889 0.00065917015075684
v 0.05099999958431451 -0.00129903834567279 0.00075000095367432
v 0.05099999958431451 -0.00129903834567279 0.00075000095367432
v 0.05099999885938428 -0.00126901542257634 0.00078912591934204
v 0.05100000352131843 -0.00119631536740034 0.00088388061523438
v 0.05099999943507490 0.00129903777951700 0.00075000095367432
v 0.05099999787774170 0.00197650019369412 0.00067093133926392
v 0.05100000500390647 0.00120948193040451 0.00086670780181885
v 0.05099999765813541 0.00221989351839929 0.00089191293716431
v 0.05099999894517946 0.00112051842540409 0.00098266267776489
v 0.05099999575869382 0.00106066371506693 0.00106066131591797
v 0.05100000295990688 0.00102153533643831 0.00109068441390991
v 0.05099999800480417 0.00090533298142796 0.00117985105514526
v 0.04799999963880117 0.00150000399730861 0.00000000095367432
v 0.04800000301876379 0.00499999814304164 0.00000000095367432
v 0.05099999941665984 0.00499999606336596 0.00000000095367432
v 0.05100000222643065 0.00497853733927829 0.00016298151016235
v 0.05099999493960428 0.00491482162791225 0.00064704799652100
v 0.05100000367666939 0.00487407315746924 0.00095649814605713
v 0.05099999841873178 0.00415680473762883 0.00119040775299072
v 0.04200099945331636 -0.01175000211044940 0.00129903888702393
v 0.04200100093575600 -0.01024999704871562 0.00129903888702393
v 0.04200099967694176 -0.01138822423850259 0.00144888973236084
v 0.04200100071213061 -0.01061177492066243 0.00144888973236084
v 0.04200100184634855 -0.01099999862590819 0.00150000095367432
v 0.04800000046714724 -0.01174999743742886 0.00129903888702393
v 0.04799999864596213 -0.01024999428304372 0.00129903888702393
v 0.04799999738714789 -0.01138822147283068 0.00144888973236084
v 0.04799999842233674 -0.01061177215499053 0.00144888973236084
v 0.04799999955655469 -0.01099999586023629 0.00150000095367432
v 0.04200100135674796 -0.00075000540728964 0.00129903888702393
v 0.04200100158037336 -0.00038822753534283 0.00144888973236084
v 0.04200100044615541 -0.00000000383009707 0.00150000095367432
v 0.04200100283918760 0.00074999965444414 0.00129903888702393
v 0.04200100261556221 0.00038822178249733 0.00144888973236084
v 0.05100000355836390 -0.00493064465519778 0.00129951810836792
v 0.05100000137906089 -0.00492622346110064 0.00131997823715210
v 0.05099999577823745 -0.00477311470013130 0.00179647636413574
v 0.05099999908186219 -0.00477311279278267 0.00179647636413574
v 0.05100000088567933 -0.00284897498690981 0.00140496253967285
v 0.04800000237057883 -0.00075000073426910 0.00129903888702393
v 0.04800000054939373 0.00075000242011604 0.00129903888702393
v 0.04799999929057949 -0.00038822476967092 0.00144888973236084
v 0.04800000032576834 0.00038822454816923 0.00144888973236084
v 0.04800000145998628 0.00000000084292347 0.00150000095367432
v 0.05100000379934271 -0.00337520989192125 0.00170412063598633
v 0.05100000449601597 -0.00054896292964942 0.00138231182098389
v 0.05099999905486136 -0.00052563807560568 0.00154848337173462
v 0.05099999635332621 0.00078913253376624 0.00126901769638062
v 0.05100000025091453 0.00075000224778899 0.00129903888702393
v 0.05100000025091453 0.00075000224778899 0.00129903888702393
v 0.05100000171864878 0.00074542206887993 0.00130093526840210
v 0.05099999886838182 -0.00047905266960583 0.00141126585006714
v 0.05099999899210028 -0.00038822494199797 0.00144888973236084
v 0.05099999899210028 -0.00038822494199797 0.00144888973236084
v 0.05100000035323331 -0.00033933050999874 0.00145532655715942
v 0.05099999701196948 -0.00022817207383425 0.00146996068954468
v 0.05100000065947283 -0.00013802946571411 0.00148182916641235
v 0.05099999980037406 -0.00004889376140281 0.00149356365203857
v 0.05100000116150708 0.00000000067059642 0.00150000095367432
v 0.05100000116150708 0.00000000067059642 0.00150000095367432
v 0.05100000265398503 0.00001358603720894 0.00149821233749390
v 0.05100000216677109 0.00090503585569761 0.00145541477203369
v 0.05100000272332547 0.00002685343419761 0.00156910467147827
v 0.05100000443334898 0.00173157764520158 0.00162831306457520
v 0.05100000037402481 0.00183545888270025 0.00160965490341187
v 0.05099999865996133 0.00214379620213121 0.00176658868789673
v 0.05100000035915843 -0.00457404884301526 0.00225567340850830
v 0.05100000035915843 -0.00457404884301526 0.00225567340850830
v 0.05100000086355022 -0.00455896640365919 0.00228281116485596
v 0.05099999635130089 -0.00451236587581175 0.00236666011810303
v 0.05099999874230581 -0.00044693270025923 0.00191682577133179
v 0.05099999890282531 0.00147757416282614 0.00192560911178589
v 0.05099999464609914 -0.00032072779047975 0.00206623935699463
v 0.04799999839042245 0.00482963415028664 0.00129409599304199
v 0.05099999809194325 0.00482963397795959 0.00129409599304199
v 0.05099999979442178 0.00480449217419982 0.00135479116439819
v 0.05099999560965694 0.00332719687115559 0.00150753211975098
v 0.05099999583511947 0.00470421827019382 0.00159686660766602
v 0.05099999941028319 0.00451777256366844 0.00204697895050049
v 0.05099999678087863 0.00444110933228621 0.00223208236694336
v 0.06010436544431998 -0.03420000697066340 0.00500000095367432
v 0.05990456512021800 -0.03371764352464925 0.00500000095367432
v 0.05983641865329149 -0.03320000558421295 0.00500000095367432
v 0.05990456581903976 -0.03268236641473155 0.00500000095367432
v 0.06010436301607317 -0.03220000276481655 0.00500000095367432
v 0.06042220376880121 -0.03178578978817542 0.00500000095367432
v 0.06083641625188886 -0.03146795616309452 0.00500000095367432
v 0.06131877779055438 -0.03126815253536780 0.00500000095367432
v 0.06183641382364205 -0.03120000276481655 0.00500000095367432
v 0.04499999825786072 -0.01579999597328197 0.00500000095367432
v 0.04800000316052924 -0.01380000515426112 0.00500000095367432
v 0.05099999933067020 -0.00367535779160186 0.00250339794158936
v 0.05100000406543720 -0.00384559304324012 0.00283684444427490
v 0.05100000353941584 -0.00409062539630454 0.00304036045074463
v 0.05100000070979197 -0.00404610297816240 0.00310468387603760
v 0.05100000070979197 -0.00404610297816240 0.00310468387603760
v 0.05100000473460378 -0.00025147799133313 0.00269977092742920
v 0.05100000174179152 0.00079769864012365 0.00297706794738770
v 0.05100000174179152 0.00079769864012365 0.00297704410552979
v 0.05100000048960467 -0.00342674834873994 0.00320949840545654
v 0.05100000044558894 -0.00379781150492433 0.00339732933044434
v 0.05100000374441083 -0.00369547652040926 0.00351229667663574
v 0.05099999826147483 0.00292630574242776 0.00313161849975586
v 0.05099999768256144 0.00304470731886562 0.00314145183563232
v 0.05100000217938228 0.00296325574352236 0.00315611934661865
v 0.05100000219349403 0.00084467203988088 0.00367330741882324
v 0.05100000307320873 0.00264320109478359 0.00344469165802002
v 0.05099999771655971 0.00228395744308436 0.00367289066314697
v 0.04800000011004536 0.00433012708245691 0.00250000095367432
v 0.05099999981156617 0.00433012691012986 0.00250000095367432
v 0.05099999919015022 0.00389979198791870 0.00306082725524902
v 0.05099999988215642 0.00373503401442644 0.00327553558349609
v 0.04800000133159251 0.00353553115564004 0.00353553485870361
v 0.05100000103311331 0.00353553098331299 0.00353553485870361
v 0.05100000274246171 0.00347308905779096 0.00358344841003418
v 0.04300000255678632 -0.01380000550283226 0.00500000095367432
v 0.05099999952588392 -0.00336266739485865 0.00383438396453857
v 0.05099999952588392 -0.00336266739485865 0.00383438396453857
v 0.05099999895119237 -0.00297063759086995 0.00414551925659180
v 0.05099999895119237 -0.00297063759086995 0.00414551925659180
v 0.05100000282212468 -0.00018760901720107 0.00407422542572022
v 0.05099999637094297 0.00241347637532342 0.00421206951141357
v 0.05099999812619856 0.00250000592790499 0.00433012771606445
v 0.05099999830985449 0.00247722423773327 0.00433956527709961
v 0.05099999997987073 -0.00820000186038609 0.00500000095367432
v 0.05099999683255624 -0.00254999488319860 0.00441673088073730
v 0.05100000013618098 -0.00254999297584996 0.00441673088073730
v 0.04800000284458601 0.00129408871572248 0.00482962989807129
v 0.04800000145998628 0.00000000084292347 0.00500000095367432
v 0.05099999803175069 -0.00210480653057681 0.00464540672302246
v 0.05100000133537543 -0.00210480462322818 0.00464540672302246
v 0.05099999729402546 0.00219723484729842 0.00445553874969482
v 0.05099999385794808 0.00174712940959888 0.00464197826385498
v 0.05099999883239800 -0.00163933855698707 0.00482934474945068
v 0.05099999883239800 -0.00163933855698707 0.00482934474945068
v 0.05099999889513191 -0.00115808408800867 0.00496677398681641
v 0.05099999889513191 -0.00115808408800867 0.00496677398681641
v 0.05100000341198137 -0.00097547472392142 0.00500000095367432
v 0.05100000010835663 -0.00097547663127006 0.00500000095367432
v 0.05099999859864651 -0.00065825905055511 0.00500000095367432
v 0.05100000254610682 0.00129408854339543 0.00482962989807129
v 0.05100000747646583 0.00139212535288421 0.00478901958465576
v 0.05100000163937866 -0.00025609604333190 0.00500000095367432
v 0.05100000116150708 0.00000000067059642 0.00500000095367432
v 0.05100000599801815 0.00111595909038852 0.00485308074951172
v 0.05099999489857512 0.00080794914038309 0.00489363288879395
v 0.05099999566012450 0.00032491559477838 0.00495722579956055
v 0.05100000328369624 0.00008538517845072 0.00498875904083252
v 0.04799999842467777 0.00250000610023203 0.00433012771606445
v 0.08020000243812583 -0.01780000621533335 0.00500000095367432
v 0.07720000273660504 -0.01780000604300630 0.00500000095367432
v 0.07713184533665927 -0.01728235679541967 0.00500000095367432
v 0.07571764048296614 -0.01586815282743064 0.00500000095367432
v 0.07693205594557655 -0.01680000465655584 0.00500000095367432
v 0.07661421380589756 -0.01638579268454072 0.00500000095367432
v 0.07620000273660504 -0.01606795523543742 0.00500000095367432
v 0.07519999940613613 -0.01580000235805763 0.00500000095367432
v 0.08026815290749886 -0.01728236513850333 0.00500000095367432
v 0.08046794680090753 -0.01680000339593695 0.00500000095367432
v 0.08078579085726030 -0.01638578851194718 0.00500000095367432
v 0.08120000003672322 -0.01606795679421492 0.00500000095367432
v 0.08168236157538873 -0.01586815316648820 0.00500000095367432
v 0.08219999760847639 -0.01580000339593695 0.00500000095367432
v 0.07519999409571002 -0.00819999468600870 0.00500000095367432
v 0.14979999963693966 -0.12170381069044756 -0.00499999904632568
v 0.14279999993887052 -0.11410380858776878 -0.00499999904632568
v 0.14331763787930679 -0.11403566212084226 -0.00499999904632568
v 0.14380000132532095 -0.11383586179674028 -0.00499999904632568
v 0.14421421520468475 -0.11351802296068601 -0.00499999904632568
v 0.14453205074643938 -0.11310380858776878 -0.00499999904632568
v 0.14473185315444617 -0.11262144633412988 -0.00499999904632568
v 0.14980000144483552 -0.11410380771829946 -0.00499999904632568
v 0.14879999862543911 -0.11383586335551779 -0.00499999904632568
v 0.14838578564879801 -0.11351802260278974 -0.00499999904632568
v 0.14806795202371711 -0.11310381011970209 -0.00499999904632568
v 0.14928236227535413 -0.11403566055255120 -0.00499999904632568
v 0.14786814839599038 -0.11262144858103658 -0.00499999904632568
v 0.14779999862543913 -0.11210381254794891 -0.00499999904632568
v 0.14479999892391834 -0.11210381237562186 -0.00499999904632568
v 0.17700000286889570 -0.13240380931380338 -0.00433012604713440
v 0.17400000299308932 -0.12990380883960490 -0.00499999904632568
v 0.17400000211956212 -0.13119790522700200 -0.00482962810993195
v 0.17400000275222813 -0.12878033430132729 -0.00496866118907928
v 0.17400000313484176 -0.12858383227848671 -0.00492622065544128
v 0.17400000369733024 -0.12854315332110469 -0.00491315066814423
v 0.17700000269461011 -0.12990380901193194 -0.00499999904632568
v 0.17700000182108289 -0.13119790539932905 -0.00482962810993195
v 0.17400000087110093 -0.12170380821597100 -0.00499999904632568
v 0.17400000316737488 -0.13240380914147634 -0.00433012604713440
v 0.17400000051353787 -0.12726514792868485 -0.00436120820045471
v 0.17400000300619009 -0.12721066311034299 -0.00433093011379242
v 0.17400000043304145 -0.12712252388789377 -0.00426992750167847
v 0.18200000210888259 -0.11610381118077431 -0.00499999904632568
v 0.17400000172520697 -0.13343934436329483 -0.00353553295135498
v 0.17700000142672778 -0.13343934453562187 -0.00353553295135498
v 0.17399999647466777 -0.13390976373589103 -0.00292247390747070
v 0.17400000258520262 -0.13413386489581969 -0.00263041710853577
v 0.17400000257887471 -0.12608204603720319 -0.00337570333480835
v 0.17400000222036127 -0.12606942639768506 -0.00336266255378723
v 0.17400000281587513 -0.12605978387445782 -0.00335051441192627
v 0.17399999963227469 -0.12968967643158916 -0.00304131674766541
v 0.17400000193310244 -0.12946108849779442 -0.00268152594566345
v 0.17699999820151496 -0.11610381343669408 -0.00499999904632568
v 0.17999999738213757 -0.11410381270679902 -0.00499999904632568
v 0.16316358563105351 -0.09870381252251392 -0.00499999904632568
v 0.16368122166414117 -0.09863566275196267 -0.00499999904632568
v 0.16416358511015530 -0.09843586242786069 -0.00499999904632568
v 0.16457779898951908 -0.09811802359180642 -0.00499999904632568
v 0.16489563643862237 -0.09770381252251392 -0.00499999904632568
v 0.16509543693928053 -0.09722144696525029 -0.00499999904632568
v 0.16516358931600217 -0.09670380919204501 -0.00499999904632568
v 0.16509543954545092 -0.09618617315895733 -0.00499999904632568
v 0.16489563591772421 -0.09570381162029180 -0.00499999904632568
v 0.17399999868945507 -0.13423394054564797 -0.00249999904632568
v 0.17399999832221924 -0.13431270577871746 -0.00230983734130859
v 0.17699999743730155 -0.13423393906616263 -0.00249999904632568
v 0.17399999973360980 -0.13462565072820043 -0.00155431795120239
v 0.17400000085167977 -0.13473344075069196 -0.00129409408569336
v 0.17699999959952625 -0.13473343927120665 -0.00129409408569336
v 0.17399999677889907 -0.13243404099623354 -0.00189621925354004
v 0.17400000464200702 -0.12933311772588757 -0.00218386292457581
v 0.17400000127148715 -0.12932577241043686 -0.00214760398864746
v 0.17399999951340067 -0.12707959932139642 -0.00247676587104797
v 0.17400000334695639 -0.12748596277283317 -0.00212039351463318
v 0.17399999954221415 -0.12653914832149815 -0.00202212595939636
v 0.17399999853005491 -0.12736544051369944 -0.00187602996826172
v 0.17400000034172128 -0.13224845451585540 -0.00179910898208618
v 0.17400000251659062 -0.12930883731115991 -0.00158079957962036
v 0.17399999744719144 -0.13142999857464835 -0.00142942953109741
v 0.17400000493558102 -0.12995270136425549 -0.00149356222152710
v 0.17400000043514655 -0.13113950692376647 -0.00140904140472412
v 0.17400000025736226 -0.13038286904259289 -0.00141126441955566
v 0.17399999955843548 -0.13009792520506308 -0.00147444343566895
v 0.17400000078853944 -0.13024314523117342 -0.00145532464981079
v 0.17400000273103114 -0.13029203775582404 -0.00144888782501221
v 0.17400000273103114 -0.13029203775582404 -0.00144888782501221
v 0.17400000299308932 -0.12990380883960490 -0.00149999904632568
v 0.17400000358222470 -0.12979916508462669 -0.00148622274398804
v 0.17400000238486923 -0.12980633464160554 -0.00148716640472412
v 0.17400000438640514 -0.13051790121871903 -0.00135533142089844
v 0.17400000277525143 -0.13082974230018923 -0.00129213666915894
v 0.17400000295000753 -0.13065380876498509 -0.00129903697967529
v 0.17400000417794312 -0.13069829026194904 -0.00126490449905396
v 0.17400000359369289 -0.12903003058300577 -0.00140514945983887
v 0.17400000299303681 -0.12924369836588112 -0.00133856868743896
v 0.17400000025877044 -0.12924032143761002 -0.00133487081527710
v 0.17400000375032360 -0.12907235873515754 -0.00133708047866821
v 0.17400000262292487 -0.12863854940939876 -0.00135090351104736
v 0.17400000303617108 -0.12915380891422470 -0.00129903697967529
v 0.17400000257827927 -0.12912799025003904 -0.00127922487258911
v 0.17400000011602970 -0.12894402602436020 -0.00125081539154053
v 0.17400000057399209 -0.12736249910761338 -0.00182107686996460
v 0.17399999726425222 -0.12683681283298359 -0.00177073097229004
v 0.17400000146123551 -0.12667878482405159 -0.00160152959823608
v 0.17700000269461011 -0.12990380901193194 -0.00149999904632568
v 0.17700000243255196 -0.13029203792815108 -0.00144888782501221
v 0.17700000295666829 -0.12951558009571282 -0.00144888782501221
v 0.17700000265152835 -0.13065380893731213 -0.00129903697967529
v 0.17700000273769187 -0.12915380908655175 -0.00129903697967529
v 0.17399999861980048 -0.12655530578144797 -0.00151718664169312
v 0.18299899779280765 -0.13029203872164016 -0.00144888782501221
v 0.18299899801178407 -0.13065380973080123 -0.00129903697967529
v 0.18299899805486580 -0.12990380980542102 -0.00149999904632568
v 0.18299899831692398 -0.12951558088920190 -0.00144888782501221
v 0.18299899809794759 -0.12915380988004083 -0.00129903697967529
v 0.17700000269069308 -0.11890380900514744 -0.00149999904632568
v 0.17700000242863489 -0.11929203792136657 -0.00144888782501221
v 0.17700000295275123 -0.11851558008892830 -0.00144888782501221
v 0.17700000360128565 -0.11965381058234001 -0.00129903697967529
v 0.17700000178010053 -0.11815380742795487 -0.00129903697967529
v 0.18299899805094880 -0.11890380979863653 -0.00149999904632568
v 0.18299899778889062 -0.11929203871485566 -0.00144888782501221
v 0.18299899831300695 -0.11851558088241740 -0.00144888782501221
v 0.18299899800786701 -0.11965380972401672 -0.00129903697967529
v 0.18299899809403056 -0.11815380987325634 -0.00129903697967529
v 0.17399999830739710 -0.13476496100206822 -0.00105466556549072
v 0.17400000111476779 -0.13315824589387379 -0.00053730869293213
v 0.17400000231913712 -0.13485937407853540 -0.00033751773834229
v 0.17400000119937842 -0.13486103534706426 -0.00032491254806519
v 0.17399999884223047 -0.13486220619112210 -0.00031601619720459
v 0.17400000245441155 -0.13385584953256419 -0.00011456823348999
v 0.17399999835761029 -0.13304434951677435 -0.00103379011154175
v 0.17400000152732797 -0.13197732314653493 -0.00078041410446167
v 0.17400000369275098 -0.13139059594012628 -0.00077893257141113
v 0.17400000306244698 -0.13135432470680619 -0.00071531391143799
v 0.17699999862915095 -0.13096447091566260 -0.00106065940856934
v 0.17700000015281980 -0.12884315092289853 -0.00106065940856934
v 0.17700000111741754 -0.13120284802820115 -0.00074999904632568
v 0.17699999766455321 -0.12860477381035998 -0.00074999904632568
v 0.17399999865446936 -0.12812567937665251 -0.00060359334945679
v 0.17400000517320591 -0.12808038732270882 -0.00042516088485718
v 0.17400000185493192 -0.13139953440732094 -0.00003247737884521
v 0.17400000168024091 -0.12823644816724725 -0.00021951150894165
v 0.17400000323797593 -0.12842254705672967 -0.00014233160018921
v 0.17400000145632502 -0.12841024538683538 -0.00004889345169067
v 0.17699999836709279 -0.13135269983188172 -0.00038822746276855
v 0.17700000041487796 -0.12845492200667941 -0.00038822746276855
v 0.18299900155033044 -0.13096446954626681 -0.00106065940856934
v 0.18299899646674983 -0.12884315336820001 -0.00106065940856934
v 0.18299899647767326 -0.13120284882169025 -0.00074999904632568
v 0.18299900058573268 -0.12860477244096419 -0.00074999904632568
v 0.18299900128827229 -0.13135269846248593 -0.00038822746276855
v 0.18299899672880798 -0.12845492445198087 -0.00038822746276855
v 0.17699999957890822 -0.11996447256069047 -0.00106065940856934
v 0.17699999919522844 -0.11784314926430166 -0.00106065940856934
v 0.17700000111350050 -0.12020284802141665 -0.00074999904632568
v 0.17699999766063615 -0.11760477380357548 -0.00074999904632568
v 0.18299900154641341 -0.11996446953948231 -0.00106065940856934
v 0.18299899889080268 -0.11996451071619676 -0.00106060743331909
v 0.18299899646283280 -0.11784315336141550 -0.00106065940856934
v 0.18299899647375623 -0.12020284881490576 -0.00074999904632568
v 0.18299900131059854 -0.12020287245135146 -0.00074993848800659
v 0.18299899792620494 -0.11760481361089414 -0.00075005054473877
v 0.18299900058181567 -0.11760477243417970 -0.00074999904632568
v 0.17699999931685007 -0.12035270147690960 -0.00038822746276855
v 0.17699999945728662 -0.11745492034808253 -0.00038822746276855
v 0.18299900128435526 -0.12035269845570144 -0.00038822746276855
v 0.18299899849180304 -0.12035270887764818 -0.00038816261291504
v 0.18299900060805893 -0.11745494642982970 -0.00038828802108765
v 0.18299899672489095 -0.11745492444519637 -0.00038822746276855
v 0.18299900195180957 -0.11740381655512562 -0.00000006389617920
v 0.18000000044919715 -0.11225381191558641 -0.00064999914169312
v 0.18000000098266941 -0.11242204098900155 -0.00062785100936890
v 0.17999999800837627 -0.11208557953854655 -0.00062785100936890
v 0.18000000063935823 -0.11257880919319729 -0.00056291532516479
v 0.17999999835168742 -0.11192881133435081 -0.00056291532516479
v 0.17999999726611615 -0.11271343164646899 -0.00045961856842041
v 0.18000000202717709 -0.11281672663603255 -0.00032499885559082
v 0.17999999970693703 -0.11288166402350887 -0.00016823148727417
v 0.14480000146343514 -0.10370380761892053 -0.00499999904632568
v 0.14279999673669011 -0.10170380914494523 -0.00499999904632568
v 0.14331763781352014 -0.10177195961431824 -0.00499999904632568
v 0.14380000337078377 -0.10197176011497640 -0.00499999904632568
v 0.14473185169288388 -0.10318617158583285 -0.00499999904632568
v 0.14453204806515715 -0.10270381004716735 -0.00499999904632568
v 0.14421421444007626 -0.10228959756407968 -0.00499999904632568
v 0.14780000116495592 -0.10370380779124759 -0.00499999904632568
v 0.14786814693442810 -0.10318617383273956 -0.00499999904632568
v 0.14806794934243486 -0.10270381157910066 -0.00499999904632568
v 0.14838578488418955 -0.10228959720618341 -0.00499999904632568
v 0.14879999876355332 -0.10197175837012916 -0.00499999904632568
v 0.14928236220956745 -0.10177195804602716 -0.00499999904632568
v 0.14980000015000375 -0.10170381157910066 -0.00499999904632568
v 0.15324871007963772 -0.07953074431673934 -0.00499999904632568
v 0.15373107161830324 -0.07933094068901263 -0.00499999904632568
v 0.15424871146608821 -0.07926279752571086 -0.00499999904632568
v 0.15476634872822095 -0.07933094138783439 -0.00499999904632568
v 0.15598076088720664 -0.08026279512430821 -0.00499999904632568
v 0.15566292535477710 -0.07984857933759583 -0.00499999904632568
v 0.15524871428548459 -0.07953074188849253 -0.00499999904632568
v 0.15348076088720664 -0.07593266810538603 -0.00499999904632568
v 0.19350000300623488 -0.13119790361387298 -0.00482962810993195
v 0.19349999774934976 -0.12990381186707933 -0.00499999904632568
v 0.19649999745087054 -0.12990381203940637 -0.00499999904632568
v 0.19650000270775567 -0.13119790378620005 -0.00482962810993195
v 0.19349999792363531 -0.13240381216895081 -0.00433012604713440
v 0.19649999762515610 -0.13240381234127785 -0.00433012604713440
v 0.19650000248745056 -0.12119790340462042 -0.00482962810993195
v 0.19949999740892341 -0.11990381265605998 -0.00499999904632568
v 0.19950000218897135 -0.12119790357694747 -0.00482962810993195
v 0.19649999788168818 -0.12240381278560439 -0.00433012604713440
v 0.19949999758320897 -0.12240381295793144 -0.00433012604713440
v 0.19649999770740259 -0.11990381248373294 -0.00499999904632568
v 0.19950000181274150 -0.11518137765674355 -0.00499999904632568
v 0.19350000261187972 -0.13343934275016583 -0.00353553295135498
v 0.19650000231340053 -0.13343934292249288 -0.00353553295135498
v 0.19650000209309543 -0.12343934254091325 -0.00353553295135498
v 0.19950000179461622 -0.12343934271324029 -0.00353553295135498
v 0.18000000078720663 -0.10170380944927822 -0.00499999904632568
v 0.18199999838580400 -0.10170381083572866 -0.00499999904632568
v 0.17416460218740940 -0.09811802593185687 -0.00499999904632568
v 0.17457881986395138 -0.09843585956626290 -0.00499999904632568
v 0.17384676665497986 -0.09770381014514448 -0.00499999904632568
v 0.17506117881396555 -0.09863566388161830 -0.00499999904632568
v 0.17557881798344693 -0.09870381104736657 -0.00499999904632568
v 0.18579594017447593 -0.09863566105792294 -0.00499999904632568
v 0.18527830414138824 -0.09870381082847419 -0.00499999904632568
v 0.18627830362049008 -0.09843586073382096 -0.00499999904632568
v 0.18669251749985383 -0.09811802189776669 -0.00499999904632568
v 0.19350000274767495 -0.10170380831740129 -0.00499999904632568
v 0.18701035494895715 -0.09770381082847419 -0.00499999904632568
v 0.18721015544961528 -0.09722144527121056 -0.00499999904632568
v 0.18727830121908745 -0.09670381131270253 -0.00499999904632568
v 0.18721015144853620 -0.09618617527961486 -0.00499999904632568
v 0.18701035442805894 -0.09570380992625208 -0.00499999904632568
v 0.18000000238829686 -0.10790380917068998 -0.00299999904632568
v 0.18000000186418053 -0.10868026700312826 -0.00289777636528015
v 0.18199999998689420 -0.10790381055714043 -0.00299999904632568
v 0.18199999946277789 -0.10868026838957871 -0.00289777636528015
v 0.18200000051101053 -0.10712735272470217 -0.00289777636528015
v 0.18000000230213331 -0.10940380902145039 -0.00259807515144348
v 0.18199999990073068 -0.10940381040790084 -0.00259807515144348
v 0.18000000291241317 -0.10712735133825171 -0.00289777636528015
v 0.18000000247446035 -0.10640380931992958 -0.00259807515144348
v 0.18200000007305772 -0.10640381070638004 -0.00259807515144348
v 0.20030809777688666 -0.10712187344356558 -0.00499999904632568
v 0.20134099355407228 -0.10787519584216816 -0.00499999904632568
v 0.20253116352095080 -0.10834196516710060 -0.00499999904632568
v 0.19950000129736734 -0.10613651592424558 -0.00499999904632568
v 0.19949999770212432 -0.10613124541487544 -0.00499999904632568
v 0.20380079318179428 -0.10849166606386076 -0.00499999904632568
v 0.20506688461908235 -0.10831451409034973 -0.00499999904632568
v 0.20624666185491408 -0.10782209005012656 -0.00499999904632568
v 0.21225000452619233 -0.10782016015796426 -0.00499999904632568
v 0.21075000452619233 -0.10522208394661095 -0.00499999904632568
v 0.21337071296841575 -0.10717311883716349 -0.00482962810993195
v 0.21187071296841575 -0.10457504262581017 -0.00482962810993195
v 0.21441506803565344 -0.10657016015796426 -0.00433012604713440
v 0.21291506803565344 -0.10397208394661095 -0.00433012604713440
v 0.21531185679301468 -0.10605239892749552 -0.00353553295135498
v 0.21381185679301468 -0.10345432271614220 -0.00353553295135498
v 0.19461900315131839 -0.08070259703914717 -0.00469846212863922
v 0.19534808670238957 -0.08028166045467451 -0.00492403781414032
v 0.19610000490766205 -0.07984754027645186 -0.00499999904632568
v 0.19727320734551915 -0.08147959260989963 -0.00479583048820496
v 0.19685192311293453 -0.07941342009822920 -0.00492403781414032
v 0.19787864282982989 -0.08113004427005588 -0.00471504044532776
v 0.19758099344950675 -0.07899249114315107 -0.00469846212863922
v 0.19846734875845837 -0.08079015474368870 -0.00453289544582367
v 0.19393494139820094 -0.08109754027645184 -0.00433012604713440
v 0.19487334861855254 -0.08286515169193087 -0.00405331099033356
v 0.19331664820640301 -0.08145451201717449 -0.00383022117614746
v 0.19902665242690284 -0.08046724062015354 -0.00425331091880798
v 0.19826506841712316 -0.07859754027645185 -0.00433012604713440
v 0.19888334839442215 -0.07824057616512373 -0.00383022117614746
v 0.19278292780794340 -0.08176265563289715 -0.00321393704414368
v 0.19358973183316117 -0.08360624818851291 -0.00257111978530884
v 0.19438400250759763 -0.08314767580081760 -0.00363379383087158
v 0.19395303805304406 -0.08339649324466525 -0.00313616466522217
v 0.19941706879288176 -0.07793243254940108 -0.00321393704414368
v 0.19349999909929069 -0.13423393810661280 -0.00249999904632568
v 0.19649999880081145 -0.13423393827893984 -0.00249999904632568
v 0.19649999905734353 -0.12423393872326638 -0.00249999904632568
v 0.19350000173835252 -0.13473343913756294 -0.00129409408569336
v 0.19300099857126712 -0.13029203763790043 -0.00144888782501221
v 0.19300100069759216 -0.13065381195068626 -0.00129903697967529
v 0.19650000143987334 -0.13473343930989001 -0.00129409408569336
v 0.19300100074067394 -0.12990381202530601 -0.00149999904632568
v 0.19349999774934976 -0.12990381186707933 -0.00149999904632568
v 0.19349999748729158 -0.13029204078329845 -0.00144888782501221
v 0.19349999801140791 -0.12951558295086019 -0.00144888782501221
v 0.19349999770626797 -0.13065381179245952 -0.00129903697967529
v 0.19300100100273207 -0.12951558310908690 -0.00144888782501221
v 0.19300100078375568 -0.12915381209992582 -0.00129903697967529
v 0.19349999779243152 -0.12915381194169914 -0.00129903697967529
v 0.19649999745087054 -0.12990381203940637 -0.00149999904632568
v 0.19649999718881239 -0.13029204095562552 -0.00144888782501221
v 0.19649999771292873 -0.12951558312318726 -0.00144888782501221
v 0.19649999740778878 -0.13065381196478656 -0.00129903697967529
v 0.19649999749395231 -0.12915381211402618 -0.00129903697967529
v 0.19949999715239133 -0.12990381221173342 -0.00149999904632568
v 0.19949999689033318 -0.13029204112795256 -0.00144888782501221
v 0.19949999741444949 -0.12951558329551430 -0.00144888782501221
v 0.19949999710930960 -0.13065381213711363 -0.00129903697967529
v 0.19949999719547309 -0.12915381228635323 -0.00129903697967529
v 0.19650000121956823 -0.12473343892831036 -0.00129409408569336
v 0.19300099856735009 -0.11929203763111594 -0.00144888782501221
v 0.19300100073675688 -0.11890381201852154 -0.00149999904632568
v 0.19349999774543272 -0.11890381186029483 -0.00149999904632568
v 0.19349999748337457 -0.11929204077651398 -0.00144888782501221
v 0.19300100099881504 -0.11851558310230240 -0.00144888782501221
v 0.19349999800749090 -0.11851558294407570 -0.00144888782501221
v 0.19300100069367512 -0.11965381194390173 -0.00129903697967529
v 0.19349999770235096 -0.11965381178567504 -0.00129903697967529
v 0.19349999778851446 -0.11815381193491463 -0.00129903697967529
v 0.19300100077983864 -0.11815381209314134 -0.00129903697967529
v 0.19949999875886432 -0.12423393889559343 -0.00249999904632568
v 0.19950000092108902 -0.12473343910063742 -0.00129409408569336
v 0.19949999710539254 -0.11965381213032913 -0.00129903697967529
v 0.19949999714847430 -0.11890381220494893 -0.00149999904632568
v 0.19949999688641615 -0.11929204112116808 -0.00144888782501221
v 0.19949999741053248 -0.11851558328872980 -0.00144888782501221
v 0.19649999744695351 -0.11890381203262189 -0.00149999904632568
v 0.19649999718489533 -0.11929204094884102 -0.00144888782501221
v 0.19649999740387175 -0.11965381195800208 -0.00129903697967529
v 0.19649999770901166 -0.11851558311640276 -0.00144888782501221
v 0.19649999749003527 -0.11815381210724168 -0.00129903697967529
v 0.19949999719155609 -0.11815381227956873 -0.00129903697967529
v 0.19300099619837760 -0.13096447310313053 -0.00106065940856934
v 0.19350000076797721 -0.13096447078201892 -0.00106065940856934
v 0.19350000277940665 -0.13120284706865126 -0.00074999904632568
v 0.19300099773296986 -0.13120284856385669 -0.00074999904632568
v 0.19300099724520928 -0.12884315228446028 -0.00106065940856934
v 0.19350000181480892 -0.12884314996334867 -0.00106065940856934
v 0.19300100136419218 -0.12860477135722445 -0.00074999904632568
v 0.19349999932654230 -0.12860477285081012 -0.00074999904632568
v 0.19650000046949803 -0.13096447095434596 -0.00106065940856934
v 0.19650000103949256 -0.12884314930976953 -0.00106065940856934
v 0.19950000017101879 -0.13096447112667300 -0.00106065940856934
v 0.19950000074101334 -0.12884314948209658 -0.00106065940856934
v 0.19650000248092747 -0.13120284724097830 -0.00074999904632568
v 0.19649999902806312 -0.12860477302313716 -0.00074999904632568
v 0.19950000218244823 -0.13120284741330537 -0.00074999904632568
v 0.19949999872958393 -0.12860477319546423 -0.00074999904632568
v 0.19350000002908188 -0.13135269887233186 -0.00038822746276855
v 0.19300100254356892 -0.13135269820465240 -0.00038822746276855
v 0.19300099750726746 -0.12845492336824113 -0.00038822746276855
v 0.19350000207686707 -0.12845492104712952 -0.00038822746276855
v 0.19649999973060270 -0.13135269904465893 -0.00038822746276855
v 0.19650000177838789 -0.12845492121945656 -0.00038822746276855
v 0.19949999943212351 -0.13135269921698597 -0.00038822746276855
v 0.19950000147990868 -0.12845492139178361 -0.00038822746276855
v 0.19300100232487288 -0.11996446845574256 -0.00106065940856934
v 0.19350000028722303 -0.11996446994932823 -0.00106065940856934
v 0.19300099724129227 -0.11784315227767578 -0.00106065940856934
v 0.19350000181089189 -0.11784314995656417 -0.00106065940856934
v 0.19350000277548965 -0.12020284706186678 -0.00074999904632568
v 0.19300099820589001 -0.12020284938297837 -0.00074999904632568
v 0.19300100136027512 -0.11760477135043995 -0.00074999904632568
v 0.19300100206281470 -0.12035269737196169 -0.00038822746276855
v 0.19350000002516488 -0.12035269886554736 -0.00038822746276855
v 0.19300099750335042 -0.11745492336145663 -0.00038822746276855
v 0.19949999969026461 -0.11996447029398233 -0.00106065940856934
v 0.19650000247701041 -0.12020284723419383 -0.00074999904632568
v 0.19950000217853123 -0.12020284740652087 -0.00074999904632568
v 0.19649999972668566 -0.12035269903787442 -0.00038822746276855
v 0.19949999942820645 -0.12035269921020146 -0.00038822746276855
v 0.19649999998874382 -0.11996447012165529 -0.00106065940856934
v 0.19650000151241268 -0.11784315012889121 -0.00106065940856934
v 0.19349999932262529 -0.11760477284402562 -0.00074999904632568
v 0.19649999902414608 -0.11760477301635267 -0.00074999904632568
v 0.19950000121393346 -0.11784315030121827 -0.00106065940856934
v 0.19949999872566687 -0.11760477318867972 -0.00074999904632568
v 0.19350000207295007 -0.11745492104034504 -0.00038822746276855
v 0.19650000177447083 -0.11745492121267208 -0.00038822746276855
v 0.19950000147599165 -0.11745492138499913 -0.00038822746276855
v 0.18000000086462800 -0.11002512916345406 -0.00212131929397583
v 0.18199999846322534 -0.11002513054990451 -0.00212131929397583
v 0.17999999730471622 -0.10578249299262318 -0.00212131929397583
v 0.18200000151056306 -0.10578249056437637 -0.00212131929397583
v 0.17999999923391169 -0.11050188720322841 -0.00149999904632568
v 0.18199999683250909 -0.11050188858967885 -0.00149999904632568
v 0.17999999893543250 -0.10530573495284883 -0.00149999904632568
v 0.18200000314127934 -0.10530573252460201 -0.00149999904632568
v 0.18199999858126678 -0.11242204237545200 -0.00062785100936890
v 0.18199999804779451 -0.11225381330203688 -0.00064999914169312
v 0.18200000221422308 -0.11208557711029975 -0.00062785100936890
v 0.18000000034051167 -0.11080158699589232 -0.00077645635604858
v 0.18199999793910904 -0.11080158838234277 -0.00077645635604858
v 0.17999999782883253 -0.10500603516018490 -0.00077645635604858
v 0.18000000016096795 -0.10372204261753069 -0.00062785100936890
v 0.17999999772014708 -0.10355381024049082 -0.00064999914169312
v 0.18000000379392428 -0.10338557735237842 -0.00062785100936890
v 0.18200000203467939 -0.10500603273193809 -0.00077645635604858
v 0.18200000192599392 -0.10355380781224401 -0.00064999914169312
v 0.18199999775956532 -0.10372204400398115 -0.00062785100936890
v 0.18200000139252165 -0.10338557873882888 -0.00062785100936890
v 0.18199999823795562 -0.11257881057964773 -0.00056291532516479
v 0.18200000255753426 -0.11192880890610400 -0.00056291532516479
v 0.18000000172492953 -0.11179418888107910 -0.00045961856842041
v 0.17999999696386856 -0.11169089389151553 -0.00032499885559082
v 0.18200000147196299 -0.11271342921822219 -0.00045961856842041
v 0.18199999962577448 -0.11281672802248301 -0.00032499885559082
v 0.18199999932352692 -0.11179419026752954 -0.00045961856842041
v 0.18200000116971540 -0.11169089146326873 -0.00032499885559082
v 0.18000000119145729 -0.11162595980766396 -0.00016823148727417
v 0.18199999730553440 -0.11288166540995931 -0.00016823148727417
v 0.18199999879005463 -0.11162596119411443 -0.00016823148727417
v 0.17999999981765677 -0.10387881082172644 -0.00056291532516479
v 0.18000000305166416 -0.10401342946030087 -0.00045961856842041
v 0.18000000120547563 -0.10411672826456170 -0.00032499885559082
v 0.17999999752998597 -0.10322881296287996 -0.00056291532516479
v 0.17999999697788693 -0.10418166234841326 -0.00016823148727417
v 0.18199999741625417 -0.10387881220817688 -0.00056291532516479
v 0.18200000173583281 -0.10322881053463315 -0.00056291532516479
v 0.18200000065026151 -0.10401343084675134 -0.00045961856842041
v 0.18199999850182544 -0.10309419189605869 -0.00045961856842041
v 0.18199999880407303 -0.10411672965101215 -0.00032499885559082
v 0.18200000034801395 -0.10299089309179787 -0.00032499885559082
v 0.18000000090322807 -0.10309419050960825 -0.00045961856842041
v 0.18000000274941658 -0.10299089170534741 -0.00032499885559082
v 0.18200000118373380 -0.10418165992016645 -0.00016823148727417
v 0.18199999606100453 -0.10292595951901883 -0.00016823148727417
v 0.17999999846240719 -0.10292595813256837 -0.00016823148727417
v 0.21600000182631049 -0.10565509820728068 -0.00249999904632568
v 0.21450000182631049 -0.10305702199592735 -0.00249999904632568
v 0.21225000452619233 -0.10782016015796426 -0.00149999904632568
v 0.21191378802917560 -0.10801427484302287 -0.00144888782501221
v 0.21258622102320907 -0.10762604547290568 -0.00144888782501221
v 0.21160048547335400 -0.10819516015796427 -0.00129903697967529
v 0.21075000452619233 -0.10522208394661095 -0.00149999904632568
v 0.21041378802917560 -0.10541619863166955 -0.00144888782501221
v 0.21108622102320906 -0.10502796926155236 -0.00144888782501221
v 0.21010048547335400 -0.10559708394661095 -0.00129903697967529
v 0.21289952357903064 -0.10744516015796426 -0.00129903697967529
v 0.21139952357903063 -0.10484708394661095 -0.00129903697967529
v 0.21643257844973707 -0.10540534997730021 -0.00129409408569336
v 0.21493257844973707 -0.10280727376594689 -0.00129409408569336
v 0.21133143827454645 -0.10835049463062052 -0.00106065940856934
v 0.20983143827454645 -0.10575241841926721 -0.00106065940856934
v 0.21112500137180720 -0.10846968103198770 -0.00074999904632568
v 0.20962500137180720 -0.10587160482063439 -0.00074999904632568
v 0.21316855756333924 -0.10728983331470256 -0.00106065940856934
v 0.21166855756333924 -0.10469175710334923 -0.00106065940856934
v 0.21337499446607852 -0.10717064691333536 -0.00074999904632568
v 0.21187499446607852 -0.10457257070198205 -0.00074999904632568
v 0.21099522177752975 -0.10854460931567911 -0.00038822746276855
v 0.20949522177752974 -0.10594653310432579 -0.00038822746276855
v 0.21350477406035595 -0.10709571862964395 -0.00038822746276855
v 0.21200477406035595 -0.10449764241829064 -0.00038822746276855
v 0.19234999439304495 -0.08201260985652996 -0.00249999904632568
v 0.19203100960267092 -0.08219677581111981 -0.00171009969711304
v 0.19375588193442092 -0.08004621976768694 -0.00248296189308167
v 0.19365144774914705 -0.08010651487266740 -0.00243301177024841
v 0.19386795410009319 -0.07998151487266740 -0.00249999904632568
v 0.19356176094471156 -0.08015829557335100 -0.00235355234146118
v 0.19325588193442092 -0.07918019436390250 -0.00248296189308167
v 0.19315144774914705 -0.07924048946888297 -0.00243301177024841
v 0.19336795410009319 -0.07911548946888297 -0.00249999904632568
v 0.19306176094471156 -0.07929227016956657 -0.00235355234146118
v 0.19349295304863146 -0.08019802183067522 -0.00224999904632568
v 0.19299295304863145 -0.07933199642689079 -0.00224999904632568
v 0.19384118558337046 -0.07734936552955100 -0.00249999904632568
v 0.19410000421443685 -0.07738343746061278 -0.00249999904632568
v 0.19435882223098067 -0.07734936257533716 -0.00249999904632568
v 0.19460000490766205 -0.07724946406509854 -0.00249999904632568
v 0.19480711089366962 -0.07709054299525903 -0.00249999904632568
v 0.19496602961822126 -0.07688343746061278 -0.00249999904632568
v 0.19344968877903931 -0.08022300046837053 -0.00212940859794617
v 0.19294968877903931 -0.07935697506458610 -0.00212940859794617
v 0.19343494139820094 -0.08023151487266740 -0.00199999904632568
v 0.19293494139820094 -0.07936548946888297 -0.00199999904632568
v 0.19506593177589898 -0.07664225798560570 -0.00249999904632568
v 0.19733205571523094 -0.07798151487266741 -0.00249999904632568
v 0.19744412788090318 -0.07791680997764787 -0.00248296189308167
v 0.19754856206617702 -0.07785651487266741 -0.00243301177024841
v 0.19763823565611358 -0.07780474180137835 -0.00235355234146118
v 0.19683205571523094 -0.07711548946888297 -0.00249999904632568
v 0.19694412788090318 -0.07705078457386344 -0.00248296189308167
v 0.19704856206617702 -0.07699048946888297 -0.00243301177024841
v 0.19713823565611358 -0.07693871639759391 -0.00235355234146118
v 0.19770705676669265 -0.07776500791465960 -0.00224999904632568
v 0.19720705676669265 -0.07689898251087515 -0.00224999904632568
v 0.19985000220778024 -0.07768247832576826 -0.00249999904632568
v 0.20078348042002006 -0.07945293550540744 -0.00222470974922180
v 0.19775030782178582 -0.07774003690635881 -0.00212940859794617
v 0.19725030782178582 -0.07687401150257438 -0.00212940859794617
v 0.19776506841712316 -0.07773151487266741 -0.00199999904632568
v 0.19726506841712316 -0.07686548946888297 -0.00199999904632568
v 0.19727320734551915 -0.08147959260989963 -0.00148911523818970
v 0.19727898208156430 -0.08147625856448946 -0.00143488264083862
v 0.19729590985473089 -0.08146648531009494 -0.00138473844528198
v 0.19759480860668707 -0.08129391603519259 -0.00138961124420166
v 0.19732286743260749 -0.08145092134525118 -0.00134200763702393
v 0.19756633136143020 -0.08131035738040744 -0.00134597635269165
v 0.19735808407233352 -0.08143058900882541 -0.00130952310562134
v 0.19739922080759326 -0.08140683870364963 -0.00128943872451782
v 0.19752995184579575 -0.08133136110355198 -0.00131232500076294
v 0.19748808831309331 -0.08135553102542697 -0.00129088783264160
v 0.19744352902260315 -0.08138125734378635 -0.00128308677673340
v 0.20102560968444788 -0.07931314210941134 -0.00157887506484985
v 0.20016898699815425 -0.07749831237117842 -0.00171009969711304
v 0.19183565966455834 -0.08230956115047527 -0.00086823987960815
v 0.19630519243876829 -0.08203847627689181 -0.00118961143493652
v 0.19632367952281210 -0.08202780275394260 -0.00113931274414062
v 0.19633073606525625 -0.08202372865726291 -0.00108611202239990
v 0.19632588634413825 -0.08202652864505587 -0.00103353691101074
v 0.19630944750743312 -0.08203601961185275 -0.00098507356643677
v 0.19628252957305342 -0.08205156068851291 -0.00094393444061279
v 0.19606976292531272 -0.08217440156986057 -0.00091776227951050
v 0.19611333112838092 -0.08214924745609103 -0.00089641666412354
v 0.19620493403516548 -0.08209636049320040 -0.00089387559890747
v 0.19615939687175241 -0.08212265138675509 -0.00088827466964722
v 0.19624690328385963 -0.08207212953616916 -0.00091284799575806
v 0.19610000490766205 -0.07984754027645186 -0.00074270486831665
v 0.19610576642920821 -0.07984421386043623 -0.00068847227096558
v 0.19577840364649413 -0.08003321685115888 -0.00064320135116577
v 0.19612270741687382 -0.07983443297664716 -0.00063832807540894
v 0.19642160616882998 -0.07966186370174483 -0.00064320135116577
v 0.20118335115852282 -0.07922207002689181 -0.00089910078048706
v 0.20036433693626682 -0.07738552703182294 -0.00086823987960815
v 0.19579689073053791 -0.08002254332820967 -0.00059290266036987
v 0.19614966499475039 -0.07981886901180342 -0.00059559726715088
v 0.19639311570907417 -0.07967831267635420 -0.00059956645965576
v 0.19618488163447642 -0.07979853667537763 -0.00056311273574829
v 0.19635674940793865 -0.07969930877010420 -0.00056591463088989
v 0.19580393405848312 -0.08001847686092450 -0.00053970193862915
v 0.19579908433736512 -0.08002127684871747 -0.00048712682723999
v 0.19622600515523722 -0.07977479399959639 -0.00054302883148193
v 0.19627032658474608 -0.07974920501033857 -0.00053667640686035
v 0.19631488587523621 -0.07972347869197920 -0.00054447746276855
v 0.19554297413303856 -0.08016914214412764 -0.00037135171890259
v 0.19558652912160779 -0.08014399565975264 -0.00035000658035278
v 0.19567813202839235 -0.08009110869686201 -0.00034746503829956
v 0.19563260807947822 -0.08011739196102216 -0.00034186458587646
v 0.19578265871515896 -0.08003076018611982 -0.00043866300582886
v 0.19575572756628029 -0.08004630889217451 -0.00039752435684204
v 0.19572010127708653 -0.08006687773983076 -0.00036643791198730
v 0.19661924221526250 -0.07954775847713545 -0.00033846473693848
v 0.19659009103055869 -0.07956458892147139 -0.00029646301269531
v 0.19657153787402010 -0.07957530059139326 -0.00024813079833984
v 0.19656477205055303 -0.07957920684139326 -0.00019667387008667
v 0.19657028249661898 -0.07957602538387373 -0.00014550352096558
v 0.19658767277724917 -0.07956598510067060 -0.00009801244735718
v 0.19661580644553311 -0.07954974211971358 -0.00005734968185425
v 0.19830343611336951 -0.08088478975345431 -0.00057135200500488
v 0.19826565586084541 -0.08090660219241916 -0.00053846502304077
v 0.19823650467614162 -0.08092343263675510 -0.00049646282196045
v 0.19821793830510406 -0.08093415193607151 -0.00044813108444214
v 0.19821118569613597 -0.08093805055667697 -0.00039667367935181
v 0.19821668292770295 -0.08093487672855197 -0.00034550333023071
v 0.19665703568228554 -0.07952593840877607 -0.00037135171890259
v 0.19823408642283211 -0.08092482881595432 -0.00029801225662231
v 0.19826222009111608 -0.08090858583499728 -0.00025734949111938
v 0.19829922068820155 -0.08088722353030979 -0.00022621154785156
v 0.19834264353178122 -0.08086215333988010 -0.00020666265487671
v 0.19838960786108192 -0.08083503847171604 -0.00019999885559082
v 0.19665280704261864 -0.07952837981502607 -0.00002621173858643
v 0.19669622988619828 -0.07950330962459638 -0.00000666236877441
v 0.20125330871601235 -0.07918168001224338 -0.00019999885559082
v 0.16667808264924255 -0.08528728522380108 -0.00499999904632568
v 0.16647828283621310 -0.08480493029238503 -0.00499999904632568
v 0.16641013585821407 -0.08428728383735061 -0.00499999904632568
v 0.16391013585821407 -0.07995715681842844 -0.00499999904632568
v 0.16647828353503488 -0.08376965318246733 -0.00499999904632568
v 0.16667808403569301 -0.08328728762520371 -0.00499999904632568
v 0.16699592148479633 -0.08287307655591120 -0.00499999904632568
v 0.16741013345681147 -0.08255523441623219 -0.00499999904632568
v 0.16439249480822823 -0.08015696113378384 -0.00499999904632568
v 0.16491013588505826 -0.08022511160315686 -0.00499999904632568
v 0.16542777191814595 -0.08015696183260561 -0.00499999904632568
v 0.16591013345681146 -0.07995715820487888 -0.00499999904632568
v 0.16349591818167211 -0.07963932318402241 -0.00499999904632568
v 0.16317808264924255 -0.07922510739730999 -0.00499999904632568
v 0.17468474817005064 -0.07835523365329275 -0.00499999904632568
v 0.17516711352341341 -0.07815543663281549 -0.00499999904632568
v 0.17318474817005064 -0.07575715744193944 -0.00499999904632568
v 0.17359896395676302 -0.07543932190950990 -0.00499999904632568
v 0.17620239063333110 -0.07815543733163727 -0.00499999904632568
v 0.17741679897761950 -0.07908728446086162 -0.00499999904632568
v 0.17709896065263778 -0.07867307909609597 -0.00499999904632568
v 0.17668474576864798 -0.07835523503974319 -0.00499999904632568
v 0.17568474955650110 -0.07808728686226425 -0.00499999904632568
v 0.17391680140586632 -0.07502511084021742 -0.00499999904632568
v 0.17411660190652448 -0.07454274528295377 -0.00499999904632568
v 0.17418474576864798 -0.07402510802082100 -0.00499999904632568
v 0.17411659599809676 -0.07350747198773334 -0.00499999904632568
v 0.17391679897761950 -0.07302510663437055 -0.00499999904632568
v 0.14807808417512147 -0.05307114284591975 -0.00499999904632568
v 0.14707808417512147 -0.05133909203835087 -0.00499999904632568
v 0.15881680050349839 -0.04687114208298030 -0.00499999904632568
v 0.16204885131106728 -0.04846921829433361 -0.00499999904632568
v 0.15954885131106727 -0.04413909127541142 -0.00499999904632568
v 0.15344743903568520 -0.04997114437179866 -0.00299999904632568
v 0.15277501264890123 -0.05035936992721858 -0.00289777636528015
v 0.15214840093000853 -0.05072114437179866 -0.00259807515144348
v 0.15244743903568519 -0.04823909356422978 -0.00299999904632568
v 0.15177501264890123 -0.04862731911964970 -0.00289777636528015
v 0.15114840093000853 -0.04898909356422978 -0.00259807515144348
v 0.15411987202971861 -0.04958291500168147 -0.00289777636528015
v 0.15474647714136186 -0.04922114437179866 -0.00259807515144348
v 0.15311987202971861 -0.04785086419411259 -0.00289777636528015
v 0.15374647714136186 -0.04748909356422978 -0.00259807515144348
v 0.18376653991736244 -0.07888536143515440 -0.00499999904632568
v 0.18326704126999238 -0.07767946038104281 -0.00499999904632568
v 0.18309666963616650 -0.07638535987637689 -0.00499999904632568
v 0.18326703640979733 -0.07509127142094585 -0.00499999904632568
v 0.18376653486889050 -0.07388536794973349 -0.00499999904632568
v 0.18456113789145043 -0.07284982603985822 -0.00499999904632568
v 0.18559666032903516 -0.07205523823092946 -0.00499999904632568
v 0.18049859072493135 -0.06922510739731000 -0.00499999904632568
v 0.19253139765105776 -0.07478274213325420 -0.00496871685981751
v 0.19216068709798301 -0.07468340774737992 -0.00493069553375244
v 0.19234116283212835 -0.07475128042946852 -0.00494974434375763
v 0.19273001530020309 -0.07477687395965069 -0.00498529589176178
v 0.19292368266191354 -0.07473124267185415 -0.00499619674682617
v 0.19310000490766205 -0.07465138785374523 -0.00499999904632568
v 0.19325732233163323 -0.07453861571872915 -0.00499619674682617
v 0.19339367386692766 -0.07439371050750225 -0.00498529589176178
v 0.19349805146441582 -0.07422464429389873 -0.00496871685981751
v 0.19170194322906067 -0.07334608493179261 -0.00496871685981751
v 0.19160261596150840 -0.07371680018476819 -0.00493069553375244
v 0.19163407054697210 -0.07352656066593792 -0.00494974434375763
v 0.19199163740250319 -0.07457902061314858 -0.00491393828392029
v 0.19184673930959834 -0.07444267377775499 -0.00490285813808441
v 0.19173397759652896 -0.07428535914633604 -0.00489897847175598
v 0.19165411998586784 -0.07410904732253427 -0.00490285813808441
v 0.19160849302384109 -0.07391539508267141 -0.00491393828392029
v 0.19180633594839647 -0.07317701439241929 -0.00498529589176178
v 0.19194268557634225 -0.07303210587756767 -0.00499619674682617
v 0.19210000300031344 -0.07291933374255161 -0.00499999904632568
v 0.19227632524606195 -0.07283947892444267 -0.00499619674682617
v 0.19246999451512101 -0.07279385094027085 -0.00498529589176178
v 0.19266859704241876 -0.07278798709243714 -0.00496871685981751
v 0.19160000300031343 -0.07205330833876716 -0.00499999904632568
v 0.19047928134359102 -0.07270035728896249 -0.00482962810993195
v 0.19010000300031343 -0.06945523212741385 -0.00499999904632568
v 0.19356593545365477 -0.07404415762673415 -0.00494974434375763
v 0.19359738063931675 -0.07385393234454789 -0.00493069553375244
v 0.19285884316849852 -0.07281943786320355 -0.00494974434375763
v 0.19303930950284215 -0.07288732478193616 -0.00493069553375244
v 0.19359150357698407 -0.07365533744664468 -0.00491393828392029
v 0.19354587280026003 -0.07346167859953233 -0.00490285813808441
v 0.19346602840409788 -0.07328535914633603 -0.00489897847175598
v 0.19335325347652957 -0.07312805214431162 -0.00490285813808441
v 0.19320835919832194 -0.07299171191616750 -0.00491393828392029
v 0.19272071144253683 -0.07140626701796639 -0.00482962810993195
v 0.19122071144253686 -0.06880819080661307 -0.00482962810993195
v 0.18943493949085233 -0.07330330833876715 -0.00433012604713440
v 0.19376506650977454 -0.07080330833876716 -0.00433012604713440
v 0.19226506650977454 -0.06820523212741385 -0.00433012604713440
v 0.18760000300031343 -0.06512510510849165 -0.00499999904632568
v 0.18872071144253685 -0.06447806378769087 -0.00482962810993195
v 0.18976506650977454 -0.06387510510849165 -0.00433012604713440
v 0.18853813751899209 -0.07382107719863043 -0.00353553295135498
v 0.19466185526713578 -0.07028554710829842 -0.00353553295135498
v 0.19316185526713578 -0.06768747089694510 -0.00353553295135498
v 0.19066185526713578 -0.06335734387802290 -0.00353553295135498
v 0.16839859225081022 -0.04826729526862639 -0.00499999904632568
v 0.17380979082232798 -0.04514313831672209 -0.00471178460121155
v 0.17463140229511087 -0.04466878071174163 -0.00499999904632568
v 0.17421789419368228 -0.04490751972541350 -0.00488039469718933
v 0.17550000452619230 -0.04416729297980803 -0.00499999904632568
v 0.17341796771369133 -0.04536935749396818 -0.00449779736995697
v 0.17633933664207935 -0.04368270435676116 -0.00487240397930145
v 0.17662071296841575 -0.04352025165900725 -0.00482962810993195
v 0.17304619099997565 -0.04558400287971037 -0.00424049401283264
v 0.17269805502489780 -0.04578499927863615 -0.00394235229492187
v 0.17766506803565341 -0.04291729297980804 -0.00433012604713440
v 0.17400000452619230 -0.04156921676845472 -0.00499999904632568
v 0.17512071296841575 -0.04092217544765393 -0.00482962810993195
v 0.17616506803565340 -0.04031921676845471 -0.00433012604713440
v 0.17208582728812211 -0.04613846912726896 -0.00323540472984314
v 0.17182762919295999 -0.04628753986701506 -0.00283340716362000
v 0.17237690305669445 -0.04597041645392912 -0.00360624361038208
v 0.17856185679301467 -0.04239953174933928 -0.00353553295135498
v 0.17596346343368632 -0.04389971485480803 -0.00269043231010437
v 0.17706185679301467 -0.03980145553798597 -0.00353553295135498
v 0.15161032635414187 -0.05103180187301936 -0.00212131929397583
v 0.15061032635414187 -0.04929975106545048 -0.00212131929397583
v 0.15119743933416438 -0.05127018230514827 -0.00149999904632568
v 0.15019743933416438 -0.04953813149757939 -0.00149999904632568
v 0.15528455832447796 -0.04891048305588069 -0.00212131929397583
v 0.15428455832447796 -0.04717843224831181 -0.00212131929397583
v 0.15569743873720598 -0.04867210643844905 -0.00149999904632568
v 0.15469743873720598 -0.04694005563088017 -0.00149999904632568
v 0.14953453999964855 -0.05223025768356624 -0.00062785100936890
v 0.14968022985067275 -0.05214614360885921 -0.00064999914169312
v 0.14982592630894648 -0.05206202571945491 -0.00062785100936890
v 0.14853453999964855 -0.05049820687599735 -0.00062785100936890
v 0.14868022985067275 -0.05041409280129033 -0.00064999914169312
v 0.14882592630894648 -0.05032997491188602 -0.00062785100936890
v 0.15093789336010843 -0.05142003124313655 -0.00077645635604858
v 0.14993789336010843 -0.04968798043556766 -0.00077645635604858
v 0.14939877423734263 -0.05230864208298030 -0.00056291532516479
v 0.14996169207125240 -0.05198364132004085 -0.00056291532516479
v 0.14928218932027584 -0.05237595241623225 -0.00045961856842041
v 0.14919273376957212 -0.05242759960251155 -0.00032499885559082
v 0.15007827038106969 -0.05191633480148616 -0.00045961856842041
v 0.15016773253902291 -0.05186468380050960 -0.00032499885559082
v 0.14913649286200215 -0.05246007030563655 -0.00016823148727417
v 0.15022396683934341 -0.05183221691208186 -0.00016823148727417
v 0.14839877423734263 -0.05057659127541142 -0.00056291532516479
v 0.14896169207125240 -0.05025159051247197 -0.00056291532516479
v 0.14828218932027584 -0.05064390160866337 -0.00045961856842041
v 0.14819273376957212 -0.05069554879494267 -0.00032499885559082
v 0.14907827038106972 -0.05018428399391728 -0.00045961856842041
v 0.14916773253902291 -0.05013263299294071 -0.00032499885559082
v 0.14813649286200214 -0.05072801949806767 -0.00016823148727417
v 0.14922396683934341 -0.05010016610451298 -0.00016823148727417
v 0.15595699131851140 -0.04852225368576350 -0.00077645635604858
v 0.15706895836967338 -0.04788025920944514 -0.00062785100936890
v 0.15721465482794708 -0.04779614132004085 -0.00064999914169312
v 0.15736034467897131 -0.04771202724533381 -0.00062785100936890
v 0.15495699131851140 -0.04679020287819462 -0.00077645635604858
v 0.15606895836967338 -0.04614820840187626 -0.00062785100936890
v 0.15621465482794708 -0.04606409051247196 -0.00064999914169312
v 0.15636034467897131 -0.04597997643776493 -0.00062785100936890
v 0.15693319260736743 -0.04795864360885921 -0.00056291532516479
v 0.15749611044127723 -0.04763364284591975 -0.00056291532516479
v 0.15681660769030065 -0.04802595394211116 -0.00045961856842041
v 0.15672715213959695 -0.04807760112839046 -0.00032499885559082
v 0.15761269535834402 -0.04756633251266780 -0.00045961856842041
v 0.15770215090904774 -0.04751468532638850 -0.00032499885559082
v 0.15667091783927645 -0.04811006801681819 -0.00016823148727417
v 0.15775838520936822 -0.04748221843796077 -0.00016823148727417
v 0.15593319260736743 -0.04622659280129032 -0.00056291532516479
v 0.15649611044127723 -0.04590159203835087 -0.00056291532516479
v 0.15581660769030067 -0.04629390313454228 -0.00045961856842041
v 0.15572715213959695 -0.04634555032082158 -0.00032499885559082
v 0.15661269535834402 -0.04583428170509892 -0.00045961856842041
v 0.15670215090904774 -0.04578263451881962 -0.00032499885559082
v 0.15567091783927645 -0.04637801720924931 -0.00016823148727417
v 0.15675838520936822 -0.04575016763039189 -0.00016823148727417
v 0.18784999248569631 -0.07421837791884528 -0.00249999904632568
v 0.18741741586226973 -0.07446812614882575 -0.00129409408569336
v 0.18975588002707230 -0.07311801323378668 -0.00248296189308167
v 0.18965144584179841 -0.07317830833876715 -0.00243301177024841
v 0.18986795219274455 -0.07305330833876715 -0.00249999904632568
v 0.18956175903736291 -0.07323008903945075 -0.00235355234146118
v 0.18949295114128281 -0.07326981529677497 -0.00224999904632568
v 0.19339289727009237 -0.07709054655467028 -0.00249999904632568
v 0.19360000280473863 -0.07724946527922194 -0.00249999904632568
v 0.19323397950387761 -0.07688343866131409 -0.00249999904632568
v 0.19210000089739002 -0.07465138576424389 -0.00249999904632568
v 0.19260000421443685 -0.07478536124925947 -0.00249999904632568
v 0.19234118367602182 -0.07475128601457295 -0.00249999904632568
v 0.19285882223098066 -0.07475128636398384 -0.00249999904632568
v 0.19310000490766205 -0.07465138785374523 -0.00249999904632568
v 0.19330711089366961 -0.07449246678390571 -0.00249999904632568
v 0.19346602961822126 -0.07428536124925947 -0.00249999904632568
v 0.19189289536274373 -0.07449246703969223 -0.00249999904632568
v 0.19173397759652896 -0.07428535914633604 -0.00249999904632568
v 0.19163407578266561 -0.07404417837700328 -0.00249999904632568
v 0.19160000089739002 -0.07378536036045945 -0.00249999904632568
v 0.19163407613207650 -0.07352653982204443 -0.00249999904632568
v 0.19173398019710286 -0.07328536365066210 -0.00249999904632568
v 0.19073397759652896 -0.07255330833876716 -0.00249999904632568
v 0.19189289892165448 -0.07307825811601584 -0.00249999904632568
v 0.19210000300031344 -0.07291933374255161 -0.00249999904632568
v 0.19234118758434343 -0.07281943853593772 -0.00249999904632568
v 0.19260000560088728 -0.07278536365066210 -0.00249999904632568
v 0.18944968687169070 -0.07329479393447028 -0.00212940859794617
v 0.18943493949085233 -0.07330330833876715 -0.00199999904632568
v 0.18825588002707230 -0.07051993702243337 -0.00248296189308167
v 0.18815144584179844 -0.07058023212741384 -0.00243301177024841
v 0.18836795219274455 -0.07045523212741384 -0.00249999904632568
v 0.18806175903736291 -0.07063201282809743 -0.00235355234146118
v 0.18799295114128281 -0.07067173908542165 -0.00224999904632568
v 0.19023397759652896 -0.07168728293498272 -0.00249999904632568
v 0.19013407578266561 -0.07144610216564996 -0.00249999904632568
v 0.19010000089739001 -0.07118728414910613 -0.00249999904632568
v 0.19013407613207650 -0.07092846361069111 -0.00249999904632568
v 0.19023398019710286 -0.07068728743930877 -0.00249999904632568
v 0.19039289892165448 -0.07048018190466253 -0.00249999904632568
v 0.19060000300031343 -0.07032125753119829 -0.00249999904632568
v 0.19084118758434343 -0.07022136232458441 -0.00249999904632568
v 0.19110000560088727 -0.07018728743930877 -0.00249999904632568
v 0.18794968687169070 -0.07069671772311696 -0.00212940859794617
v 0.18793493949085233 -0.07070523212741384 -0.00199999904632568
v 0.19509999379608653 -0.07638344507658522 -0.00249999904632568
v 0.19506593212530984 -0.07612461943064684 -0.00249999904632568
v 0.19496603031144652 -0.07588343866131408 -0.00249999904632568
v 0.19356592986855034 -0.07404417847062765 -0.00249999904632568
v 0.19359999188873789 -0.07378536556160717 -0.00249999904632568
v 0.19356593021796120 -0.07352653991566879 -0.00249999904632568
v 0.19346602840409788 -0.07328535914633603 -0.00249999904632568
v 0.19330711063788308 -0.07307825125297984 -0.00249999904632568
v 0.19285882232460502 -0.07281943227809912 -0.00249999904632568
v 0.19309999188873789 -0.07291934015782273 -0.00249999904632568
v 0.19246602840409788 -0.07155330833876716 -0.00249999904632568
v 0.19333205380788229 -0.07105330833876716 -0.00249999904632568
v 0.19344412597355456 -0.07098860344374763 -0.00248296189308167
v 0.19354856015882840 -0.07092830833876716 -0.00243301177024841
v 0.19363823374876496 -0.07087653526747810 -0.00235355234146118
v 0.19370705485934400 -0.07083680138075936 -0.00224999904632568
v 0.19535000030043159 -0.06988824638808358 -0.00249999904632568
v 0.19375030591443718 -0.07081183037245857 -0.00212940859794617
v 0.19376506650977454 -0.07080330833876716 -0.00199999904632568
v 0.19159999188873789 -0.07032126394646941 -0.00249999904632568
v 0.19196602840409788 -0.07068728293498272 -0.00249999904632568
v 0.19180711063788308 -0.07048017504162653 -0.00249999904632568
v 0.19135882232460502 -0.07022135606674580 -0.00249999904632568
v 0.19183205380788229 -0.06845523212741385 -0.00249999904632568
v 0.19194412597355456 -0.06839052723239432 -0.00248296189308167
v 0.19204856015882840 -0.06833023212741385 -0.00243301177024841
v 0.19213823374876496 -0.06827845905612479 -0.00235355234146118
v 0.19220705485934400 -0.06823872516940604 -0.00224999904632568
v 0.19385000030043159 -0.06729017017673025 -0.00249999904632568
v 0.19225030591443718 -0.06821375416110526 -0.00212940859794617
v 0.19226506650977454 -0.06820523212741385 -0.00199999904632568
v 0.19578257692385817 -0.06963849815810311 -0.00129409408569336
v 0.19428257692385817 -0.06704042194674979 -0.00129409408569336
v 0.19135000030043159 -0.06296004315780807 -0.00249999904632568
v 0.19178257692385817 -0.06271029492782759 -0.00129409408569336
v 0.17160479309701246 -0.04641619434699552 -0.00240412235260010
v 0.17141947296360985 -0.04652318897590178 -0.00195168447494507
v 0.17127345275011166 -0.04660749378547209 -0.00148045063018799
v 0.16447371847731401 -0.04706922058315197 -0.00149999904632568
v 0.16413750198029728 -0.04726333526821057 -0.00144888782501221
v 0.16480993497433075 -0.04687510589809338 -0.00144888782501221
v 0.16382419942447568 -0.04744422058315197 -0.00129903697967529
v 0.16512323753015232 -0.04669422058315197 -0.00129903697967529
v 0.16147421820265581 -0.04187393371012716 -0.00149999904632568
v 0.16113800170563908 -0.04206804839518576 -0.00144888782501221
v 0.16181043469967252 -0.04167981902506857 -0.00144888782501221
v 0.16082469914981748 -0.04224893371012716 -0.00129903697967529
v 0.16212373725549412 -0.04149893371012716 -0.00129903697967529
v 0.17925000182631046 -0.04200223102912444 -0.00249999904632568
v 0.17563787139383275 -0.04408769550666350 -0.00161642694473267
v 0.17550000452619230 -0.04416729297980803 -0.00149999904632568
v 0.17968257844973703 -0.04175248279914397 -0.00129409408569336
v 0.17775000182631048 -0.03940415481777113 -0.00249999904632568
v 0.17400000452619230 -0.04156921676845472 -0.00149999904632568
v 0.17366378802917562 -0.04176333145351331 -0.00144888782501221
v 0.17433622102320903 -0.04137510208339612 -0.00144888782501221
v 0.17335048547335399 -0.04194421676845472 -0.00129903697967529
v 0.17100050425153410 -0.03637392989542990 -0.00149999904632568
v 0.17066428775451742 -0.03656804458048850 -0.00144888782501221
v 0.17133672074855083 -0.03617981521037131 -0.00144888782501221
v 0.17035098519869579 -0.03674892989542990 -0.00129903697967529
v 0.17464952357903066 -0.04119421676845472 -0.00129903697967529
v 0.17818257844973703 -0.03915440658779065 -0.00129409408569336
v 0.17165002330437246 -0.03599892989542990 -0.00129903697967529
v 0.17116813319340754 -0.04666830005988615 -0.00099495983123779
v 0.17110453180991730 -0.04670502033576505 -0.00049988651275635
v 0.16355515883291763 -0.04759955124111096 -0.00106065940856934
v 0.16539227812171040 -0.04653888992519299 -0.00106065940856934
v 0.16334872193017835 -0.04771873764247814 -0.00074999904632568
v 0.16559872163169914 -0.04641969970912854 -0.00074999904632568
v 0.16055565855825940 -0.04240426436808615 -0.00106065940856934
v 0.16239277784705219 -0.04134360305216818 -0.00106065940856934
v 0.16034922165552015 -0.04252345076945333 -0.00074999904632568
v 0.16259922135704094 -0.04122441283610372 -0.00074999904632568
v 0.16321894894315037 -0.04779366211147229 -0.00038822746276855
v 0.16572849461872713 -0.04634477524013440 -0.00038822746276855
v 0.16021944866849216 -0.04259837523844748 -0.00038822746276855
v 0.16272899434406893 -0.04114948836710958 -0.00038822746276855
v 0.17308143827454645 -0.04209955124111096 -0.00106065940856934
v 0.17287500137180717 -0.04221873764247815 -0.00074999904632568
v 0.17008193799988822 -0.03690426436808615 -0.00106065940856934
v 0.16987550109714897 -0.03702345076945334 -0.00074999904632568
v 0.17491855756333921 -0.04103888992519300 -0.00106065940856934
v 0.17512499446607852 -0.04091970352382581 -0.00074999904632568
v 0.17191905728868101 -0.03584360305216819 -0.00106065940856934
v 0.17212549419142031 -0.03572441665080100 -0.00074999904632568
v 0.17274522177752974 -0.04229366592616956 -0.00038822746276855
v 0.16974572150287154 -0.03709837905314475 -0.00038822746276855
v 0.17525477406035594 -0.04084477524013441 -0.00038822746276855
v 0.17225527378569774 -0.03564948836710959 -0.00038822746276855
v 0.17400000334166044 -0.13490380944334779 0.00000000095367432
v 0.17700000304318125 -0.13490380961567486 0.00000000095367432
v 0.17700000260844659 -0.13140380886269235 0.00000000095367432
v 0.17399999998283502 -0.13392309073506650 0.00093716573715210
v 0.17400000291142370 -0.13474006663272622 0.00124374628067017
v 0.17399999788423925 -0.13297049615780923 0.00021136236190796
v 0.17400000290692580 -0.13140380869036528 0.00000000095367432
v 0.17400000357617931 -0.13139737064056201 0.00004889535903931
v 0.17399999939419553 -0.13139324352410675 0.00008026266098022
v 0.17400000299308932 -0.12990380883960490 0.00000000095367432
v 0.17400000307925284 -0.12840380898884449 0.00000000095367432
v 0.17400000307925284 -0.12840380898884449 0.00000000095367432
v 0.17400000248900790 -0.12841664060811186 0.00009747505187988
v 0.17400000346867392 -0.12842961227564628 0.00019600534439087
v 0.17400000271957922 -0.12821649147134023 0.00027857828140259
v 0.17399999778261646 -0.13273222999058240 0.00037236928939819
v 0.17400000079261732 -0.12829851938374437 0.00043013763427734
v 0.17700000278077363 -0.12840380916117153 0.00000000095367432
v 0.17699999836709279 -0.13135269983188172 0.00038822937011719
v 0.17700000041487796 -0.12845492200667941 0.00038822937011719
v 0.17400000320697781 -0.13170694031358623 0.00081698942184448
v 0.17400000294368340 -0.13179614273840634 0.00084143304824829
v 0.17400000191445397 -0.13169517354850213 0.00082587289810181
v 0.17400000162244200 -0.13075892426342570 0.00121838140487671
v 0.17399999974105426 -0.12899877391003997 0.00118007516860962
v 0.17400000007816435 -0.12903710457205678 0.00120948743820190
v 0.17700000111741754 -0.13120284802820115 0.00075000095367432
v 0.17699999766455321 -0.12860477381035998 0.00075000095367432
v 0.17699999862915095 -0.13096447091566260 0.00106066131591797
v 0.17700000015281980 -0.12884315092289853 0.00106066131591797
v 0.17400000261888673 -0.12720271261041230 0.00101662206649780
v 0.18299899796870231 -0.13140380965618145 0.00000000095367432
v 0.18299899814102935 -0.12840380995466064 0.00000000095367432
v 0.18299900128827229 -0.13135269846248593 0.00038822937011719
v 0.18299899672880798 -0.12845492445198087 0.00038822937011719
v 0.18299899647767326 -0.13120284882169025 0.00075000095367432
v 0.18299900058573268 -0.12860477244096419 0.00075000095367432
v 0.18299900155033044 -0.13096446954626681 0.00106066131591797
v 0.18299899646674983 -0.12884315336820001 0.00106066131591797
v 0.17700000260452955 -0.12040380885590783 0.00000000095367432
v 0.17700000277685660 -0.11740380915438704 0.00000000095367432
v 0.17699999931685007 -0.12035270147690960 0.00038822937011719
v 0.17699999945728662 -0.11745492034808253 0.00038822937011719
v 0.18299899796478525 -0.12040380964939694 0.00000000095367432
v 0.18299900075733749 -0.12040379922745018 0.00000006580352783
v 0.18299899813711229 -0.11740380994787612 0.00000000095367432
v 0.18299900128435526 -0.12035269845570144 0.00038822937011719
v 0.18299899740118725 -0.12035267647106811 0.00038828945159912
v 0.18299899951744317 -0.11745491402324962 0.00038816452026367
v 0.18299899672489095 -0.11745492444519637 0.00038822937011719
v 0.17700000111350050 -0.12020284802141665 0.00075000095367432
v 0.17699999766063615 -0.11760477380357548 0.00075000095367432
v 0.17699999957890822 -0.11996447256069047 0.00106066131591797
v 0.17699999919522844 -0.11784314926430166 0.00106066131591797
v 0.18299899647375623 -0.12020284881490576 0.00075000095367432
v 0.18299899912936696 -0.12020280763819129 0.00075005292892456
v 0.18299899669864766 -0.11760475044954637 0.00074994087219238
v 0.18299900058181567 -0.11760477243417970 0.00075000095367432
v 0.18299900154641341 -0.11996446953948231 0.00106066131591797
v 0.18299899911844353 -0.11784311218470105 0.00106060934066772
v 0.18299899646283280 -0.11784315336141550 0.00106066131591797
v 0.17399999989800546 -0.13473343909887958 0.00129409599304199
v 0.17699999959952625 -0.13473343927120665 0.00129409599304199
v 0.17400000075855312 -0.13460802860208720 0.00159686756134033
v 0.17399999650272832 -0.13443492552765740 0.00201477527618408
v 0.17400000176688241 -0.13440911677434597 0.00207707977294922
v 0.17400000303289861 -0.13069293244371286 0.00126901674270630
v 0.17400000058002851 -0.13091787326357660 0.00132155466079712
v 0.17400000295000753 -0.13065380876498509 0.00129903888702393
v 0.17400000447000213 -0.13056297582640386 0.00133666276931763
v 0.17400000129463353 -0.13042794530209006 0.00139259529113770
v 0.17400000147738448 -0.13126768255710053 0.00145619487762451
v 0.17399999767168836 -0.13163216265977748 0.00151572418212891
v 0.17400000273103114 -0.13029203775582404 0.00144888973236084
v 0.17400000155465001 -0.13014619221241275 0.00146809053421021
v 0.17400000360130941 -0.13000128303760425 0.00148716831207275
v 0.17400000105059760 -0.12985491631495430 0.00149356412887573
v 0.17400000299308932 -0.12990380883960490 0.00150000095367432
v 0.17400000154005230 -0.12981698381310533 0.00148857021331787
v 0.17400000303617108 -0.12915380891422470 0.00129903888702393
v 0.17400000303617108 -0.12915380891422470 0.00129903936386108
v 0.17400000199869706 -0.12877718968562638 0.00128466463088989
v 0.17400000321599521 -0.12922674623740799 0.00132925033569336
v 0.17400000068961172 -0.12924424369263807 0.00145569467544556
v 0.17399999876931432 -0.13218604334510106 0.00181303024291992
v 0.17400000200185012 -0.12933975072624387 0.00166166353225708
v 0.17700000265152835 -0.13065380893731213 0.00129903888702393
v 0.17700000273769187 -0.12915380908655175 0.00129903888702393
v 0.17700000243255196 -0.13029203792815108 0.00144888973236084
v 0.17700000295666829 -0.12951558009571282 0.00144888973236084
v 0.17700000269461011 -0.12990380901193194 0.00150000095367432
v 0.17400000140967931 -0.12620292413905046 0.00164245271682739
v 0.17399999832264990 -0.12697753121891650 0.00181967830657959
v 0.17400000229859888 -0.12940888881346996 0.00212259483337402
v 0.17400000170633215 -0.12783796493607141 0.00195271492004395
v 0.17400000415751352 -0.12772247540722800 0.00201008701324463
v 0.17400000168520394 -0.12716509807818718 0.00198657560348511
v 0.17400000001001578 -0.12726694759366838 0.00202333641052246
v 0.17400000125597354 -0.12635017118727743 0.00213850975036621
v 0.17399999852593895 -0.12522805036985160 0.00202105903625488
v 0.17399999930256385 -0.12567325740348198 0.00228841972351074
v 0.17400000284176365 -0.12532975767418084 0.00225567340850830
v 0.17399999903374713 -0.12534484202088553 0.00228281307220459
v 0.17400000187056847 -0.12538819715413080 0.00236082935333252
v 0.18299899801178407 -0.13065380973080123 0.00129903888702393
v 0.18299899779280765 -0.13029203872164016 0.00144888973236084
v 0.18299899809794759 -0.12915380988004083 0.00129903888702393
v 0.18299899805486580 -0.12990380980542102 0.00150000095367432
v 0.18299899831692398 -0.12951558088920190 0.00144888973236084
v 0.17700000360128565 -0.11965381058234001 0.00129903888702393
v 0.17700000178010053 -0.11815380742795487 0.00129903888702393
v 0.17700000242863489 -0.11929203792136657 0.00144888973236084
v 0.17700000295275123 -0.11851558008892830 0.00144888973236084
v 0.17700000269069308 -0.11890380900514744 0.00150000095367432
v 0.18299899800786701 -0.11965380972401672 0.00129903888702393
v 0.18299899809403056 -0.11815380987325634 0.00129903888702393
v 0.18299899778889062 -0.11929203871485566 0.00144888973236084
v 0.18299899805094880 -0.11890380979863653 0.00150000095367432
v 0.18299899831300695 -0.11851558088241740 0.00144888973236084
v 0.18000000273686798 -0.11290380977443289 0.00000000095367432
v 0.17999999970693703 -0.11288166402350887 0.00016823339462280
v 0.18000000202717709 -0.11281672663603255 0.00032500076293945
v 0.17999999726611615 -0.11271343164646899 0.00045962047576904
v 0.18000000063935823 -0.11257880919319729 0.00056291770935059
v 0.17999999835168742 -0.11192881133435081 0.00056291770935059
v 0.18000000098266941 -0.11242204098900155 0.00062785291671753
v 0.17999999800837627 -0.11208557953854655 0.00062785291671753
v 0.18000000044919715 -0.11225381191558641 0.00065000104904175
v 0.14979999963693966 -0.12170381069044756 0.00500000095367432
v 0.14279999993887052 -0.11410380858776878 0.00500000095367432
v 0.14331763787930679 -0.11403566212084226 0.00500000095367432
v 0.14380000132532095 -0.11383586179674028 0.00500000095367432
v 0.14421421520468475 -0.11351802296068601 0.00500000095367432
v 0.14453205074643938 -0.11310380858776878 0.00500000095367432
v 0.14473185315444617 -0.11262144633412988 0.00500000095367432
v 0.14980000144483552 -0.11410380771829946 0.00500000095367432
v 0.14879999862543911 -0.11383586335551779 0.00500000095367432
v 0.14838578564879801 -0.11351802260278974 0.00500000095367432
v 0.14806795202371711 -0.11310381011970209 0.00500000095367432
v 0.14928236227535413 -0.11403566055255120 0.00500000095367432
v 0.14786814839599038 -0.11262144858103658 0.00500000095367432
v 0.14779999862543913 -0.11210381254794891 0.00500000095367432
v 0.14479999892391834 -0.11210381237562186 0.00500000095367432
v 0.17399999868945507 -0.13423394054564797 0.00250000095367432
v 0.17699999743730155 -0.13423393906616263 0.00250000095367432
v 0.17399999910887520 -0.13393543358167526 0.00288902091979980
v 0.17400000075983640 -0.13383549137286457 0.00301926708221436
v 0.17400000172520697 -0.13343934436329483 0.00353553485870361
v 0.17700000142672778 -0.13343934453562187 0.00353553485870361
v 0.17400000357468604 -0.12952946597488962 0.00284341335296631
v 0.17399999936613134 -0.12971363226944349 0.00326045036315918
v 0.17399999950263292 -0.12612301055762895 0.00341737842559814
v 0.17400000255154724 -0.12618150277697998 0.00348632144927979
v 0.17400000072252661 -0.12622338498499994 0.00352685356140137
v 0.17700000286889570 -0.13240380931380338 0.00433012771606445
v 0.17400000316737488 -0.13240380914147634 0.00433012771606445
v 0.17400000211956212 -0.13119790522700200 0.00482962989807129
v 0.17400000299308932 -0.12990380883960490 0.00500000095367432
v 0.17700000182108289 -0.13119790539932905 0.00482962989807129
v 0.17700000269461011 -0.12990380901193194 0.00500000095367432
v 0.17400000087110093 -0.12170380821597100 0.00500000095367432
v 0.18200000210888259 -0.11610381118077431 0.00500000095367432
v 0.17699999820151496 -0.11610381343669408 0.00500000095367432
v 0.17999999738213757 -0.11410381270679902 0.00500000095367432
v 0.16316358563105351 -0.09870381252251392 0.00500000095367432
v 0.16368122166414117 -0.09863566275196267 0.00500000095367432
v 0.16416358511015530 -0.09843586242786069 0.00500000095367432
v 0.16457779898951908 -0.09811802359180642 0.00500000095367432
v 0.16489563643862237 -0.09770381252251392 0.00500000095367432
v 0.16509543693928053 -0.09722144696525029 0.00500000095367432
v 0.16516358931600217 -0.09670380919204501 0.00500000095367432
v 0.16509543954545092 -0.09618617315895733 0.00500000095367432
v 0.16489563591772421 -0.09570381162029180 0.00500000095367432
v 0.14480000146343514 -0.10370380761892053 0.00500000095367432
v 0.14279999673669011 -0.10170380914494523 0.00500000095367432
v 0.14331763781352014 -0.10177195961431824 0.00500000095367432
v 0.14380000337078377 -0.10197176011497640 0.00500000095367432
v 0.14473185169288388 -0.10318617158583285 0.00500000095367432
v 0.14453204806515715 -0.10270381004716735 0.00500000095367432
v 0.14421421444007626 -0.10228959756407968 0.00500000095367432
v 0.14780000116495592 -0.10370380779124759 0.00500000095367432
v 0.14786814693442810 -0.10318617383273956 0.00500000095367432
v 0.14806794934243486 -0.10270381157910066 0.00500000095367432
v 0.14838578488418955 -0.10228959720618341 0.00500000095367432
v 0.14879999876355332 -0.10197175837012916 0.00500000095367432
v 0.14928236220956745 -0.10177195804602716 0.00500000095367432
v 0.14980000015000375 -0.10170381157910066 0.00500000095367432
v 0.15324871007963772 -0.07953074431673934 0.00500000095367432
v 0.15373107161830324 -0.07933094068901263 0.00500000095367432
v 0.15424871146608821 -0.07926279752571086 0.00500000095367432
v 0.15476634872822095 -0.07933094138783439 0.00500000095367432
v 0.15598076088720664 -0.08026279512430821 0.00500000095367432
v 0.15566292535477710 -0.07984857933759583 0.00500000095367432
v 0.15524871428548459 -0.07953074188849253 0.00500000095367432
v 0.15348076088720664 -0.07593266810538603 0.00500000095367432
v 0.19349999762108372 -0.13490381164491608 0.00000000095367432
v 0.19300100065451040 -0.13140381187606645 0.00000000095367432
v 0.19349999766318624 -0.13140381171783974 0.00000000095367432
v 0.19649999732260451 -0.13490381181724312 0.00000000095367432
v 0.19350000002908188 -0.13135269887233186 0.00038822937011719
v 0.19300100254356892 -0.13135269820465240 0.00038822937011719
v 0.19300100082683744 -0.12840381217454563 0.00000000095367432
v 0.19349999783551328 -0.12840381201631895 0.00000000095367432
v 0.19300099750726746 -0.12845492336824113 0.00038822937011719
v 0.19350000207686707 -0.12845492104712952 0.00038822937011719
v 0.19649999736470702 -0.13140381189016678 0.00000000095367432
v 0.19649999753703407 -0.12840381218864599 0.00000000095367432
v 0.19949999706622781 -0.13140381206249385 0.00000000095367432
v 0.19949999723855488 -0.12840381236097304 0.00000000095367432
v 0.19649999973060270 -0.13135269904465893 0.00038822937011719
v 0.19650000177838789 -0.12845492121945656 0.00038822937011719
v 0.19949999943212351 -0.13135269921698597 0.00038822937011719
v 0.19950000147990868 -0.12845492139178361 0.00038822937011719
v 0.19649999710229940 -0.12490381143566347 0.00000000095367432
v 0.19350000277940665 -0.13120284706865126 0.00075000095367432
v 0.19300099773296986 -0.13120284856385669 0.00075000095367432
v 0.19300099619837760 -0.13096447310313053 0.00106066131591797
v 0.19350000076797721 -0.13096447078201892 0.00106066131591797
v 0.19300100136419218 -0.12860477135722445 0.00075000095367432
v 0.19349999932654230 -0.12860477285081012 0.00075000095367432
v 0.19300099724520928 -0.12884315228446028 0.00106066131591797
v 0.19350000181480892 -0.12884314996334867 0.00106066131591797
v 0.19650000248092747 -0.13120284724097830 0.00075000095367432
v 0.19649999902806312 -0.12860477302313716 0.00075000095367432
v 0.19950000218244823 -0.13120284741330537 0.00075000095367432
v 0.19949999872958393 -0.12860477319546423 0.00075000095367432
v 0.19650000046949803 -0.13096447095434596 0.00106066131591797
v 0.19650000103949256 -0.12884314930976953 0.00106066131591797
v 0.19950000017101879 -0.13096447112667300 0.00106066131591797
v 0.19950000074101334 -0.12884314948209658 0.00106066131591797
v 0.19300100065059336 -0.12040381186928194 0.00000000095367432
v 0.19349999765926917 -0.12040381171105523 0.00000000095367432
v 0.19300100082292043 -0.11740381216776113 0.00000000095367432
v 0.19300100206281470 -0.12035269737196169 0.00038822937011719
v 0.19350000002516488 -0.12035269886554736 0.00038822937011719
v 0.19300099750335042 -0.11745492336145663 0.00038822937011719
v 0.19350000277548965 -0.12020284706186678 0.00075000095367432
v 0.19300099820589001 -0.12020284938297837 0.00075000095367432
v 0.19300100136027512 -0.11760477135043995 0.00075000095367432
v 0.19300100232487288 -0.11996446845574256 0.00106066131591797
v 0.19350000028722303 -0.11996446994932823 0.00106066131591797
v 0.19300099724129227 -0.11784315227767578 0.00106066131591797
v 0.19350000181089189 -0.11784314995656417 0.00106066131591797
v 0.19949999680382022 -0.12490381160799052 0.00000000095367432
v 0.19649999736078999 -0.12040381188338228 0.00000000095367432
v 0.19949999706231078 -0.12040381205570932 0.00000000095367432
v 0.19649999972668566 -0.12035269903787442 0.00038822937011719
v 0.19949999942820645 -0.12035269921020146 0.00038822937011719
v 0.19650000247701041 -0.12020284723419383 0.00075000095367432
v 0.19950000217853123 -0.12020284740652087 0.00075000095367432
v 0.19949999969026461 -0.11996447029398233 0.00106066131591797
v 0.19349999783159624 -0.11740381200953444 0.00000000095367432
v 0.19649999753311703 -0.11740381218186148 0.00000000095367432
v 0.19350000207295007 -0.11745492104034504 0.00038822937011719
v 0.19650000177447083 -0.11745492121267208 0.00038822937011719
v 0.19949999723463782 -0.11740381235418854 0.00000000095367432
v 0.19950000147599165 -0.11745492138499913 0.00038822937011719
v 0.19349999932262529 -0.11760477284402562 0.00075000095367432
v 0.19649999902414608 -0.11760477301635267 0.00075000095367432
v 0.19649999998874382 -0.11996447012165529 0.00106066131591797
v 0.19650000151241268 -0.11784315012889121 0.00106066131591797
v 0.19949999872566687 -0.11760477318867972 0.00075000095367432
v 0.19950000121393346 -0.11784315030121827 0.00106066131591797
v 0.19350000173835252 -0.13473343913756294 0.00129409599304199
v 0.19300100069759216 -0.13065381195068626 0.00129903888702393
v 0.19300099857126712 -0.13029203763790043 0.00144888973236084
v 0.19650000143987334 -0.13473343930989001 0.00129409599304199
v 0.19349999770626797 -0.13065381179245952 0.00129903888702393
v 0.19349999748729158 -0.13029204078329845 0.00144888973236084
v 0.19349999801140791 -0.12951558295086019 0.00144888973236084
v 0.19300100074067394 -0.12990381202530601 0.00150000095367432
v 0.19349999774934976 -0.12990381186707933 0.00150000095367432
v 0.19300100078375568 -0.12915381209992582 0.00129903888702393
v 0.19349999779243152 -0.12915381194169914 0.00129903888702393
v 0.19300100100273207 -0.12951558310908690 0.00144888973236084
v 0.19649999740778878 -0.13065381196478656 0.00129903888702393
v 0.19649999749395231 -0.12915381211402618 0.00129903888702393
v 0.19649999718881239 -0.13029204095562552 0.00144888973236084
v 0.19649999745087054 -0.12990381203940637 0.00150000095367432
v 0.19649999771292873 -0.12951558312318726 0.00144888973236084
v 0.19949999710930960 -0.13065381213711363 0.00129903888702393
v 0.19949999689033318 -0.13029204112795256 0.00144888973236084
v 0.19949999741444949 -0.12951558329551430 0.00144888973236084
v 0.19949999715239133 -0.12990381221173342 0.00150000095367432
v 0.19949999719547309 -0.12915381228635323 0.00129903888702393
v 0.19650000121956823 -0.12473343892831036 0.00129409599304199
v 0.19300100069367512 -0.11965381194390173 0.00129903888702393
v 0.19349999770235096 -0.11965381178567504 0.00129903888702393
v 0.19349999778851446 -0.11815381193491463 0.00129903888702393
v 0.19300099856735009 -0.11929203763111594 0.00144888973236084
v 0.19349999748337457 -0.11929204077651398 0.00144888973236084
v 0.19300100099881504 -0.11851558310230240 0.00144888973236084
v 0.19349999800749090 -0.11851558294407570 0.00144888973236084
v 0.19300100073675688 -0.11890381201852154 0.00150000095367432
v 0.19349999774543272 -0.11890381186029483 0.00150000095367432
v 0.19300100077983864 -0.11815381209314134 0.00129903888702393
v 0.19950000092108902 -0.12473343910063742 0.00129409599304199
v 0.19949999710539254 -0.11965381213032913 0.00129903888702393
v 0.19949999688641615 -0.11929204112116808 0.00144888973236084
v 0.19949999741053248 -0.11851558328872980 0.00144888973236084
v 0.19949999714847430 -0.11890381220494893 0.00150000095367432
v 0.19649999740387175 -0.11965381195800208 0.00129903888702393
v 0.19649999718489533 -0.11929204094884102 0.00144888973236084
v 0.19649999744695351 -0.11890381203262189 0.00150000095367432
v 0.19649999749003527 -0.11815381210724168 0.00129903888702393
v 0.19649999770901166 -0.11851558311640276 0.00144888973236084
v 0.19949999719155609 -0.11815381227956873 0.00129903888702393
v 0.17999999625417770 -0.11160381075311521 0.00000000095367432
v 0.18200000033546535 -0.11290381116088336 0.00000000095367432
v 0.18200000046002451 -0.11160380832486838 0.00000000095367432
v 0.18000000119145729 -0.11162595980766396 0.00016823339462280
v 0.18199999730553440 -0.11288166540995931 0.00016823339462280
v 0.18199999879005463 -0.11162596119411443 0.00016823339462280
v 0.18000000221596982 -0.11090380887221078 0.00000000095367432
v 0.18199999981456716 -0.11090381025866124 0.00000000095367432
v 0.17999999696386856 -0.11169089389151553 0.00032500076293945
v 0.18000000172492953 -0.11179418888107910 0.00045962047576904
v 0.18199999962577448 -0.11281672802248301 0.00032500076293945
v 0.18200000147196299 -0.11271342921822219 0.00045962047576904
v 0.18200000116971540 -0.11169089146326873 0.00032500076293945
v 0.18199999932352692 -0.11179419026752954 0.00045962047576904
v 0.18199999823795562 -0.11257881057964773 0.00056291770935059
v 0.18200000255753426 -0.11192880890610400 0.00056291770935059
v 0.18000000256062390 -0.10490380946916919 0.00000000095367432
v 0.18000000191516652 -0.10420381140296203 0.00000000095367432
v 0.17999999697788693 -0.10418166234841326 0.00016823339462280
v 0.18000000120547563 -0.10411672826456170 0.00032500076293945
v 0.18000000305166416 -0.10401342946030087 0.00045962047576904
v 0.17999999981765677 -0.10387881082172644 0.00056291770935059
v 0.17999999752998597 -0.10322881296287996 0.00056291770935059
v 0.18200000015922127 -0.10490381085561964 0.00000000095367432
v 0.18199999951376389 -0.10420381278941249 0.00000000095367432
v 0.18199999963832308 -0.10290380995339753 0.00000000095367432
v 0.18200000118373380 -0.10418165992016645 0.00016823339462280
v 0.18199999606100453 -0.10292595951901883 0.00016823339462280
v 0.18000000203972571 -0.10290380856694709 0.00000000095367432
v 0.17999999846240719 -0.10292595813256837 0.00016823339462280
v 0.18199999880407303 -0.10411672965101215 0.00032500076293945
v 0.18200000034801395 -0.10299089309179787 0.00032500076293945
v 0.18200000065026151 -0.10401343084675134 0.00045962047576904
v 0.18199999850182544 -0.10309419189605869 0.00045962047576904
v 0.18199999741625417 -0.10387881220817688 0.00056291770935059
v 0.18200000173583281 -0.10322881053463315 0.00056291770935059
v 0.18000000274941658 -0.10299089170534741 0.00032500076293945
v 0.18000000090322807 -0.10309419050960825 0.00045962047576904
v 0.18199999858126678 -0.11242204237545200 0.00062785291671753
v 0.18199999804779451 -0.11225381330203688 0.00065000104904175
v 0.18200000221422308 -0.11208557711029975 0.00062785291671753
v 0.18000000034051167 -0.11080158699589232 0.00077645826339722
v 0.18199999793910904 -0.11080158838234277 0.00077645826339722
v 0.18000000016096795 -0.10372204261753069 0.00062785291671753
v 0.17999999782883253 -0.10500603516018490 0.00077645826339722
v 0.18000000379392428 -0.10338557735237842 0.00062785291671753
v 0.17999999772014708 -0.10355381024049082 0.00065000104904175
v 0.18200000203467939 -0.10500603273193809 0.00077645826339722
v 0.18199999775956532 -0.10372204400398115 0.00062785291671753
v 0.18200000192599392 -0.10355380781224401 0.00065000104904175
v 0.18200000139252165 -0.10338557873882888 0.00062785291671753
v 0.17999999923391169 -0.11050188720322841 0.00150000095367432
v 0.18199999683250909 -0.11050188858967885 0.00150000095367432
v 0.17999999893543250 -0.10530573495284883 0.00150000095367432
v 0.18200000314127934 -0.10530573252460201 0.00150000095367432
v 0.18000000086462800 -0.11002512916345406 0.00212132167816162
v 0.18199999846322534 -0.11002513054990451 0.00212132167816162
v 0.17999999730471622 -0.10578249299262318 0.00212132167816162
v 0.18200000151056306 -0.10578249056437637 0.00212132167816162
v 0.21095096642051567 -0.10857016015796427 0.00000000095367432
v 0.20945096642051567 -0.10597208394661095 0.00000000095367432
v 0.21099522177752975 -0.10854460931567911 0.00038822937011719
v 0.20949522177752974 -0.10594653310432579 0.00038822937011719
v 0.21354904263186900 -0.10707016015796426 0.00000000095367432
v 0.21204904263186899 -0.10447208394661095 0.00000000095367432
v 0.21658013154511452 -0.10532016015796426 0.00000000095367432
v 0.21508013154511452 -0.10272208394661095 0.00000000095367432
v 0.21350477406035595 -0.10709571862964395 0.00038822937011719
v 0.21200477406035595 -0.10449764241829064 0.00038822937011719
v 0.21112500137180720 -0.10846968103198770 0.00075000095367432
v 0.20962500137180720 -0.10587160482063439 0.00075000095367432
v 0.21133143827454645 -0.10835049463062052 0.00106066131591797
v 0.20983143827454645 -0.10575241841926721 0.00106066131591797
v 0.21337499446607852 -0.10717064691333536 0.00075000095367432
v 0.21187499446607852 -0.10457257070198205 0.00075000095367432
v 0.21316855756333924 -0.10728983331470256 0.00106066131591797
v 0.21166855756333924 -0.10469175710334923 0.00106066131591797
v 0.21160048547335400 -0.10819516015796427 0.00129903888702393
v 0.21191378802917560 -0.10801427484302287 0.00144888973236084
v 0.21258622102320907 -0.10762604547290568 0.00144888973236084
v 0.21225000452619233 -0.10782016015796426 0.00150000095367432
v 0.21010048547335400 -0.10559708394661095 0.00129903888702393
v 0.21041378802917560 -0.10541619863166955 0.00144888973236084
v 0.21108622102320906 -0.10502796926155236 0.00144888973236084
v 0.21075000452619233 -0.10522208394661095 0.00150000095367432
v 0.21289952357903064 -0.10744516015796426 0.00129903888702393
v 0.21139952357903063 -0.10484708394661095 0.00129903888702393
v 0.21643257844973707 -0.10540534997730021 0.00129409599304199
v 0.21493257844973707 -0.10280727376594689 0.00129409599304199
v 0.19176987788873986 -0.08234754027645184 0.00000000095367432
v 0.19294668788481281 -0.08397750978519260 0.00020000076293945
v 0.19183565966455834 -0.08230956115047527 0.00086824178695679
v 0.19301665865680129 -0.08393711214114963 0.00089910268783569
v 0.19545680238532617 -0.08021889342586591 0.00000000095367432
v 0.19550376671462688 -0.08019177855770185 0.00000666475296021
v 0.19554718955820652 -0.08016670836727216 0.00002621364593506
v 0.19558420336979102 -0.08014533843319013 0.00005735158920288
v 0.19561232382357599 -0.08012910308162763 0.00009801435470581
v 0.19562972731870515 -0.08011905516902998 0.00014550542831421
v 0.19581038873974324 -0.08232415132571994 0.00020000076293945
v 0.19585735306904395 -0.08229703645755587 0.00020666456222534
v 0.19590077591262359 -0.08227196626712618 0.00022621345520020
v 0.19593778972420806 -0.08225059633304416 0.00025735187530518
v 0.19596592339249203 -0.08223435335208713 0.00029801416397095
v 0.19563522455027213 -0.08011588134090498 0.00019667577743530
v 0.19562847194130401 -0.08011977996151044 0.00024813318252563
v 0.19560990557026647 -0.08013049926082685 0.00029646492004395
v 0.19598331367312219 -0.08222431306888400 0.00034550523757935
v 0.19598881090468920 -0.08222113924075901 0.00039667606353760
v 0.19598205829572110 -0.08222503786136447 0.00044813299179077
v 0.19558075438556266 -0.08014732970516279 0.00033846664428711
v 0.19554297413303856 -0.08016914214412764 0.00037135410308838
v 0.19652186457243279 -0.07960397948543622 0.00034746742248535
v 0.19656740173584589 -0.07957768859188154 0.00034186649322510
v 0.19661346747921735 -0.07955109252254561 0.00035000848770142
v 0.19647989532373866 -0.07962821044246748 0.00036643981933594
v 0.19644426903454487 -0.07964877929012373 0.00039752626419067
v 0.19641735110016514 -0.07966432036678389 0.00043866539001465
v 0.19596349192468354 -0.08223575716068088 0.00049646472930908
v 0.19593435395447870 -0.08225257997562228 0.00053846693038940
v 0.19589656048745563 -0.08227440004398166 0.00057135391235352
v 0.19592967001607908 -0.07994588317195966 0.00053667831420898
v 0.19588511072558895 -0.07997160949031903 0.00054447937011719
v 0.19597399144558797 -0.07992029418270186 0.00054303073883057
v 0.19640091226346001 -0.07967381133358076 0.00048712873458862
v 0.19639606254234204 -0.07967661132137373 0.00053970384597778
v 0.19584326040738542 -0.07999577178279951 0.00056591653823853
v 0.19601511496634871 -0.07989655150692060 0.00056311464309692
v 0.19580688089175102 -0.08001677550594403 0.00059956836700439
v 0.19605033160607474 -0.07987621917049482 0.00059559917449951
v 0.19640311908478619 -0.07967253722469404 0.00059290456771851
v 0.19674320742999793 -0.07947618712703779 0.00000000095367432
v 0.20043013192658424 -0.07734754027645185 0.00000000095367432
v 0.19665703568228554 -0.07952593840877607 0.00037135410308838
v 0.19577840364649413 -0.08003321685115888 0.00064320325851440
v 0.19607730239845028 -0.07986064757625654 0.00063833045959473
v 0.19609423017161692 -0.07985087432186201 0.00068847417831421
v 0.19642160616882998 -0.07966186370174483 0.00064320325851440
v 0.19610000490766205 -0.07984754027645186 0.00074270677566528
v 0.19799507578015862 -0.08106282167484104 0.00089387750625610
v 0.19804059972907276 -0.08103653841068088 0.00088827657699585
v 0.19808667868694321 -0.08100993471195041 0.00089641857147217
v 0.19795309331696553 -0.08108706026126682 0.00091284990310669
v 0.19813023367551244 -0.08098478822757540 0.00091776418685913
v 0.20036433693626682 -0.07738552703182294 0.00086824178695679
v 0.19791746702777174 -0.08110762910892307 0.00094393634796143
v 0.19789054909339202 -0.08112317018558322 0.00098507547378540
v 0.19787412347118588 -0.08113265352298557 0.00103353929519653
v 0.19786927375006785 -0.08113545351077854 0.00108611440658569
v 0.19787631707801306 -0.08113138704349337 0.00113931465148926
v 0.19789480416205688 -0.08112071352054416 0.00118961334228516
v 0.19317440013087622 -0.08384604005863010 0.00157887697219849
v 0.19203100960267092 -0.08219677581111981 0.00171010160446167
v 0.19341652939530407 -0.08370624666263400 0.00222471141815186
v 0.19667004475502939 -0.08182782869388400 0.00131232690811157
v 0.19663367845389390 -0.08184882478763400 0.00134597826004028
v 0.19660518799413806 -0.08186527376224338 0.00138961315155029
v 0.19675646757822199 -0.08177793245364963 0.00128308868408203
v 0.19671190828773186 -0.08180365877200900 0.00129088973999023
v 0.19680078900773085 -0.08175234346439182 0.00128944063186646
v 0.19684191252849162 -0.08172860078861056 0.00130952501296997
v 0.19687712916821767 -0.08170826845218479 0.00134200954437256
v 0.19690409996059322 -0.08169269685794650 0.00138474035263062
v 0.19692102773375983 -0.08168292360355198 0.00143488454818726
v 0.19692678925530602 -0.08167959718753634 0.00148911714553833
v 0.20016898699815425 -0.07749831237117842 0.00171010160446167
v 0.19343494139820094 -0.08023151487266740 0.00200000095367432
v 0.19293494139820094 -0.07936548946888297 0.00200000095367432
v 0.19344968877903931 -0.08022300046837053 0.00212941074371338
v 0.19294968877903931 -0.07935697506458610 0.00212941074371338
v 0.19349295304863146 -0.08019802183067522 0.00225000095367432
v 0.19299295304863145 -0.07933199642689079 0.00225000095367432
v 0.19356176094471156 -0.08015829557335100 0.00235355472564697
v 0.19365144774914705 -0.08010651487266740 0.00243301391601563
v 0.19375588193442092 -0.08004621976768694 0.00248296356201172
v 0.19306176094471156 -0.07929227016956657 0.00235355472564697
v 0.19315144774914705 -0.07924048946888297 0.00243301391601563
v 0.19325588193442092 -0.07918019436390250 0.00248296356201172
v 0.19776506841712316 -0.07773151487266741 0.00200000095367432
v 0.19726506841712316 -0.07686548946888297 0.00200000095367432
v 0.19775030782178582 -0.07774003690635881 0.00212941074371338
v 0.19725030782178582 -0.07687401150257438 0.00212941074371338
v 0.19770705676669265 -0.07776500791465960 0.00225000095367432
v 0.19720705676669265 -0.07689898251087515 0.00225000095367432
v 0.19763823565611358 -0.07780474180137835 0.00235355472564697
v 0.19754856206617702 -0.07785651487266741 0.00243301391601563
v 0.19744412788090318 -0.07791680997764787 0.00248296356201172
v 0.19713823565611358 -0.07693871639759391 0.00235355472564697
v 0.19704856206617702 -0.07699048946888297 0.00243301391601563
v 0.19694412788090318 -0.07705078457386344 0.00248296356201172
v 0.19349999909929069 -0.13423393810661280 0.00250000095367432
v 0.19649999880081145 -0.13423393827893984 0.00250000095367432
v 0.19649999905734353 -0.12423393872326638 0.00250000095367432
v 0.19350000261187972 -0.13343934275016583 0.00353553485870361
v 0.19650000231340053 -0.13343934292249288 0.00353553485870361
v 0.19650000209309543 -0.12343934254091325 0.00353553485870361
v 0.19949999875886432 -0.12423393889559343 0.00250000095367432
v 0.19950000179461622 -0.12343934271324029 0.00353553485870361
v 0.19349999792363531 -0.13240381216895081 0.00433012771606445
v 0.19649999762515610 -0.13240381234127785 0.00433012771606445
v 0.19350000300623488 -0.13119790361387298 0.00482962989807129
v 0.19349999774934976 -0.12990381186707933 0.00500000095367432
v 0.19650000270775567 -0.13119790378620005 0.00482962989807129
v 0.19649999745087054 -0.12990381203940637 0.00500000095367432
v 0.19649999788168818 -0.12240381278560439 0.00433012771606445
v 0.19949999758320897 -0.12240381295793144 0.00433012771606445
v 0.19650000248745056 -0.12119790340462042 0.00482962989807129
v 0.19950000218897135 -0.12119790357694747 0.00482962989807129
v 0.19949999740892341 -0.11990381265605998 0.00500000095367432
v 0.19649999770740259 -0.11990381248373294 0.00500000095367432
v 0.19950000181274150 -0.11518137765674355 0.00500000095367432
v 0.18000000230213331 -0.10940380902145039 0.00259807682037354
v 0.18199999990073068 -0.10940381040790084 0.00259807682037354
v 0.18000000186418053 -0.10868026700312826 0.00289777851104736
v 0.18000000238829686 -0.10790380917068998 0.00300000095367432
v 0.18199999946277789 -0.10868026838957871 0.00289777851104736
v 0.18200000051101053 -0.10712735272470217 0.00289777851104736
v 0.18199999998689420 -0.10790381055714043 0.00300000095367432
v 0.18000000247446035 -0.10640380931992958 0.00259807682037354
v 0.18000000291241317 -0.10712735133825171 0.00289777851104736
v 0.18200000007305772 -0.10640381070638004 0.00259807682037354
v 0.18000000078720663 -0.10170380944927822 0.00500000095367432
v 0.18199999838580400 -0.10170381083572866 0.00500000095367432
v 0.17416460218740940 -0.09811802593185687 0.00500000095367432
v 0.17457881986395138 -0.09843585956626290 0.00500000095367432
v 0.17384676665497986 -0.09770381014514448 0.00500000095367432
v 0.17506117881396555 -0.09863566388161830 0.00500000095367432
v 0.17557881798344693 -0.09870381104736657 0.00500000095367432
v 0.18579594017447593 -0.09863566105792294 0.00500000095367432
v 0.18527830414138824 -0.09870381082847419 0.00500000095367432
v 0.18627830362049008 -0.09843586073382096 0.00500000095367432
v 0.18669251749985383 -0.09811802189776669 0.00500000095367432
v 0.19350000274767495 -0.10170380831740129 0.00500000095367432
v 0.18701035494895715 -0.09770381082847419 0.00500000095367432
v 0.18721015544961528 -0.09722144527121056 0.00500000095367432
v 0.18727830121908745 -0.09670381131270253 0.00500000095367432
v 0.18721015144853620 -0.09618617527961486 0.00500000095367432
v 0.18701035442805894 -0.09570380992625208 0.00500000095367432
v 0.21600000182631049 -0.10565509820728068 0.00250000095367432
v 0.21450000182631049 -0.10305702199592735 0.00250000095367432
v 0.21531185679301468 -0.10605239892749552 0.00353553485870361
v 0.21381185679301468 -0.10345432271614220 0.00353553485870361
v 0.20030809777688666 -0.10712187344356558 0.00500000095367432
v 0.20134099355407228 -0.10787519584216816 0.00500000095367432
v 0.20253116352095080 -0.10834196516710060 0.00500000095367432
v 0.19950000129736734 -0.10613651592424558 0.00500000095367432
v 0.19949999770212432 -0.10613124541487544 0.00500000095367432
v 0.20380079318179428 -0.10849166606386076 0.00500000095367432
v 0.20506688461908235 -0.10831451409034973 0.00500000095367432
v 0.20624666185491408 -0.10782209005012656 0.00500000095367432
v 0.21441506803565344 -0.10657016015796426 0.00433012771606445
v 0.21291506803565344 -0.10397208394661095 0.00433012771606445
v 0.21225000452619233 -0.10782016015796426 0.00500000095367432
v 0.21075000452619233 -0.10522208394661095 0.00500000095367432
v 0.21337071296841575 -0.10717311883716349 0.00482962989807129
v 0.21187071296841575 -0.10457504262581017 0.00482962989807129
v 0.19234999439304495 -0.08201260985652996 0.00250000095367432
v 0.19278292780794340 -0.08176265563289715 0.00321393871307373
v 0.19386795410009319 -0.07998151487266740 0.00250000095367432
v 0.19336795410009319 -0.07911548946888297 0.00250000095367432
v 0.19384118558337046 -0.07734936552955100 0.00250000095367432
v 0.19410000421443685 -0.07738343746061278 0.00250000095367432
v 0.19435882223098067 -0.07734936257533716 0.00250000095367432
v 0.19460000490766205 -0.07724946406509854 0.00250000095367432
v 0.19480711089366962 -0.07709054299525903 0.00250000095367432
v 0.19496602961822126 -0.07688343746061278 0.00250000095367432
v 0.19506593177589898 -0.07664225798560570 0.00250000095367432
v 0.19733205571523094 -0.07798151487266741 0.00250000095367432
v 0.19683205571523094 -0.07711548946888297 0.00250000095367432
v 0.20061027798216297 -0.07955293397952853 0.00257112216949463
v 0.19985000220778024 -0.07768247832576826 0.00250000095367432
v 0.20024695854778110 -0.07976269655277073 0.00313616657257080
v 0.19941706879288176 -0.07793243254940108 0.00321393871307373
v 0.19981599409322756 -0.08001151399661838 0.00363379573822021
v 0.19331664820640301 -0.08145451201717449 0.00383022308349609
v 0.19517334417392232 -0.08269194917728244 0.00425331306457520
v 0.19393494139820094 -0.08109754027645184 0.00433012771606445
v 0.19932666119677156 -0.08029403047611057 0.00405331325531006
v 0.19888334839442215 -0.07824057616512373 0.00383022308349609
v 0.19826506841712316 -0.07859754027645185 0.00433012771606445
v 0.19573264784236680 -0.08236903505374728 0.00453289794921875
v 0.19461900315131839 -0.08070259703914717 0.00469846439361572
v 0.19632135377099527 -0.08202914552738010 0.00471504211425781
v 0.19692678925530602 -0.08167959718753634 0.00479583263397217
v 0.19534808670238957 -0.08028166045467451 0.00492403984069824
v 0.19610000490766205 -0.07984754027645186 0.00500000095367432
v 0.19758099344950675 -0.07899249114315107 0.00469846439361572
v 0.19685192311293453 -0.07941342009822920 0.00492403984069824
v 0.14911731201676298 -0.05247114437179866 0.00000000095367432
v 0.15024314768458255 -0.05182114284591975 0.00000000095367432
v 0.14913649286200215 -0.05246007030563655 0.00016823339462280
v 0.15022396683934341 -0.05183221691208186 0.00016823339462280
v 0.14919273376957212 -0.05242759960251155 0.00032500076293945
v 0.14928218932027584 -0.05237595241623225 0.00045962047576904
v 0.15016773253902291 -0.05186468380050960 0.00032500076293945
v 0.15007827038106969 -0.05191633480148616 0.00045962047576904
v 0.14939877423734263 -0.05230864208298030 0.00056291770935059
v 0.14996169207125240 -0.05198364132004085 0.00056291770935059
v 0.14811731201676298 -0.05073909356422978 0.00000000095367432
v 0.14924314768458255 -0.05008909203835087 0.00000000095367432
v 0.14813649286200214 -0.05072801949806767 0.00016823339462280
v 0.14922396683934341 -0.05010016610451298 0.00016823339462280
v 0.14819273376957212 -0.05069554879494267 0.00032500076293945
v 0.14828218932027584 -0.05064390160866337 0.00045962047576904
v 0.14916773253902291 -0.05013263299294071 0.00032500076293945
v 0.14907827038106972 -0.05018428399391728 0.00045962047576904
v 0.14839877423734263 -0.05057659127541142 0.00056291770935059
v 0.14896169207125240 -0.05025159051247197 0.00056291770935059
v 0.15084936282433187 -0.05147114437179866 0.00000000095367432
v 0.14984936282433187 -0.04973909356422978 0.00000000095367432
v 0.14953453999964855 -0.05223025768356624 0.00062785291671753
v 0.14982592630894648 -0.05206202571945491 0.00062785291671753
v 0.14968022985067275 -0.05214614360885921 0.00065000104904175
v 0.14853453999964855 -0.05049820687599735 0.00062785291671753
v 0.14882592630894648 -0.05032997491188602 0.00062785291671753
v 0.14868022985067275 -0.05041409280129033 0.00065000104904175
v 0.15093789336010843 -0.05142003124313655 0.00077645826339722
v 0.14993789336010843 -0.04968798043556766 0.00077645826339722
v 0.15604551524703852 -0.04847114437179866 0.00000000095367432
v 0.15665173699403728 -0.04812114208298030 0.00000000095367432
v 0.15777756605460738 -0.04747114437179866 0.00000000095367432
v 0.15667091783927645 -0.04811006801681819 0.00016823339462280
v 0.15775838520936822 -0.04748221843796077 0.00016823339462280
v 0.15672715213959695 -0.04807760112839046 0.00032500076293945
v 0.15681660769030065 -0.04802595394211116 0.00045962047576904
v 0.15770215090904774 -0.04751468532638850 0.00032500076293945
v 0.15761269535834402 -0.04756633251266780 0.00045962047576904
v 0.15693319260736743 -0.04795864360885921 0.00056291770935059
v 0.15749611044127723 -0.04763364284591975 0.00056291770935059
v 0.15504551524703852 -0.04673909356422978 0.00000000095367432
v 0.15565173699403731 -0.04638909127541142 0.00000000095367432
v 0.15677756605460738 -0.04573909356422978 0.00000000095367432
v 0.15567091783927645 -0.04637801720924931 0.00016823339462280
v 0.15675838520936822 -0.04575016763039189 0.00016823339462280
v 0.15572715213959695 -0.04634555032082158 0.00032500076293945
v 0.15581660769030067 -0.04629390313454228 0.00045962047576904
v 0.15670215090904774 -0.04578263451881962 0.00032500076293945
v 0.15661269535834402 -0.04583428170509892 0.00045962047576904
v 0.15593319260736743 -0.04622659280129032 0.00056291770935059
v 0.15649611044127723 -0.04590159203835087 0.00056291770935059
v 0.16317468037163735 -0.04781922058315197 0.00000000095367432
v 0.16017518009697915 -0.04262393371012716 0.00000000095367432
v 0.15595699131851140 -0.04852225368576350 0.00077645826339722
v 0.15706895836967338 -0.04788025920944514 0.00062785291671753
v 0.15736034467897131 -0.04771202724533381 0.00062785291671753
v 0.15721465482794708 -0.04779614132004085 0.00065000104904175
v 0.15495699131851140 -0.04679020287819462 0.00077645826339722
v 0.15606895836967338 -0.04614820840187626 0.00062785291671753
v 0.15636034467897131 -0.04597997643776493 0.00062785291671753
v 0.15621465482794708 -0.04606409051247196 0.00065000104904175
v 0.15119743933416438 -0.05127018230514827 0.00150000095367432
v 0.15019743933416438 -0.04953813149757939 0.00150000095367432
v 0.15161032635414187 -0.05103180187301936 0.00212132167816162
v 0.15061032635414187 -0.04929975106545048 0.00212132167816162
v 0.15569743873720598 -0.04867210643844905 0.00150000095367432
v 0.15469743873720598 -0.04694005563088017 0.00150000095367432
v 0.15528455832447796 -0.04891048305588069 0.00212132167816162
v 0.15428455832447796 -0.04717843224831181 0.00212132167816162
v 0.18726987598139125 -0.07455330833876715 0.00000000095367432
v 0.19593013001923562 -0.06955330833876716 0.00000000095367432
v 0.19443013001923562 -0.06695523212741385 0.00000000095367432
v 0.19193013001923562 -0.06262510510849166 0.00000000095367432
v 0.18741741586226973 -0.07446812614882575 0.00129409599304199
v 0.19578257692385817 -0.06963849815810311 0.00129409599304199
v 0.19428257692385817 -0.06704042194674979 0.00129409599304199
v 0.18943493949085233 -0.07330330833876715 0.00200000095367432
v 0.18944968687169070 -0.07329479393447028 0.00212941074371338
v 0.18949295114128281 -0.07326981529677497 0.00225000095367432
v 0.18956175903736291 -0.07323008903945075 0.00235355472564697
v 0.18965144584179841 -0.07317830833876715 0.00243301391601563
v 0.18975588002707230 -0.07311801323378668 0.00248296356201172
v 0.18793493949085233 -0.07070523212741384 0.00200000095367432
v 0.18794968687169070 -0.07069671772311696 0.00212941074371338
v 0.18799295114128281 -0.07067173908542165 0.00225000095367432
v 0.18806175903736291 -0.07063201282809743 0.00235355472564697
v 0.18815144584179844 -0.07058023212741384 0.00243301391601563
v 0.18825588002707230 -0.07051993702243337 0.00248296356201172
v 0.19376506650977454 -0.07080330833876716 0.00200000095367432
v 0.19375030591443718 -0.07081183037245857 0.00212941074371338
v 0.19370705485934400 -0.07083680138075936 0.00225000095367432
v 0.19363823374876496 -0.07087653526747810 0.00235355472564697
v 0.19354856015882840 -0.07092830833876716 0.00243301391601563
v 0.19344412597355456 -0.07098860344374763 0.00248296356201172
v 0.19226506650977454 -0.06820523212741385 0.00200000095367432
v 0.19225030591443718 -0.06821375416110526 0.00212941074371338
v 0.19220705485934400 -0.06823872516940604 0.00225000095367432
v 0.19213823374876496 -0.06827845905612479 0.00235355472564697
v 0.19204856015882840 -0.06833023212741385 0.00243301391601563
v 0.19194412597355456 -0.06839052723239432 0.00248296356201172
v 0.19178257692385817 -0.06271029492782759 0.00129409599304199
v 0.17108326968109211 -0.04671729603156584 0.00000000095367432
v 0.17110453180991730 -0.04670502033576505 0.00049988842010498
v 0.17116813319340754 -0.04666830005988615 0.00099496173858643
v 0.16577275658299068 -0.04631922058315197 0.00000000095367432
v 0.16321894894315037 -0.04779366211147229 0.00038822937011719
v 0.16572849461872713 -0.04634477524013440 0.00038822937011719
v 0.16277325630833248 -0.04112393371012716 0.00000000095367432
v 0.16021944866849216 -0.04259837523844748 0.00038822937011719
v 0.16272899434406893 -0.04114948836710958 0.00038822937011719
v 0.16334872193017835 -0.04771873764247814 0.00075000095367432
v 0.16559872163169914 -0.04641969970912854 0.00075000095367432
v 0.16355515883291763 -0.04759955124111096 0.00106066131591797
v 0.16539227812171040 -0.04653888992519299 0.00106066131591797
v 0.16034922165552015 -0.04252345076945333 0.00075000095367432
v 0.16259922135704094 -0.04122441283610372 0.00075000095367432
v 0.16055565855825940 -0.04240426436808615 0.00106066131591797
v 0.16239277784705219 -0.04134360305216818 0.00106066131591797
v 0.17550000452619230 -0.04416729297980803 0.00000000095367432
v 0.17983013154511451 -0.04166729297980803 0.00000000095367432
v 0.17270096642051563 -0.04231921676845472 0.00000000095367432
v 0.17274522177752974 -0.04229366592616956 0.00038822937011719
v 0.16970146614585743 -0.03712392989542990 0.00000000095367432
v 0.16974572150287154 -0.03709837905314475 0.00038822937011719
v 0.17529904263186896 -0.04081921676845471 0.00000000095367432
v 0.17833013154511451 -0.03906921676845471 0.00000000095367432
v 0.17525477406035594 -0.04084477524013441 0.00038822937011719
v 0.17229954235721076 -0.03562392989542990 0.00000000095367432
v 0.17225527378569774 -0.03564948836710959 0.00038822937011719
v 0.17287500137180717 -0.04221873764247815 0.00075000095367432
v 0.17308143827454645 -0.04209955124111096 0.00106066131591797
v 0.16987550109714897 -0.03702345076945334 0.00075000095367432
v 0.17008193799988822 -0.03690426436808615 0.00106066131591797
v 0.17512499446607852 -0.04091970352382581 0.00075000095367432
v 0.17491855756333921 -0.04103888992519300 0.00106066131591797
v 0.17212549419142031 -0.03572441665080100 0.00075000095367432
v 0.17191905728868101 -0.03584360305216819 0.00106066131591797
v 0.17127345275011166 -0.04660749378547209 0.00148045301437378
v 0.17141947296360985 -0.04652318897590178 0.00195168638229370
v 0.17160479309701246 -0.04641619434699552 0.00240412425994873
v 0.16382419942447568 -0.04744422058315197 0.00129903888702393
v 0.16413750198029728 -0.04726333526821057 0.00144888973236084
v 0.16480993497433075 -0.04687510589809338 0.00144888973236084
v 0.16447371847731401 -0.04706922058315197 0.00150000095367432
v 0.16512323753015232 -0.04669422058315197 0.00129903888702393
v 0.16082469914981748 -0.04224893371012716 0.00129903888702393
v 0.16113800170563908 -0.04206804839518576 0.00144888973236084
v 0.16181043469967252 -0.04167981902506857 0.00144888973236084
v 0.16147421820265581 -0.04187393371012716 0.00150000095367432
v 0.16212373725549412 -0.04149893371012716 0.00129903888702393
v 0.17550000452619230 -0.04416729297980803 0.00150000095367432
v 0.17968257844973703 -0.04175248279914397 0.00129409599304199
v 0.17335048547335399 -0.04194421676845472 0.00129903888702393
v 0.17366378802917562 -0.04176333145351331 0.00144888973236084
v 0.17433622102320903 -0.04137510208339612 0.00144888973236084
v 0.17400000452619230 -0.04156921676845472 0.00150000095367432
v 0.17035098519869579 -0.03674892989542990 0.00129903888702393
v 0.17066428775451742 -0.03656804458048850 0.00144888973236084
v 0.17133672074855083 -0.03617981521037131 0.00144888973236084
v 0.17100050425153410 -0.03637392989542990 0.00150000095367432
v 0.17464952357903066 -0.04119421676845472 0.00129903888702393
v 0.17818257844973703 -0.03915440658779065 0.00129409599304199
v 0.17165002330437246 -0.03599892989542990 0.00129903888702393
v 0.16667808264924255 -0.08528728522380108 0.00500000095367432
v 0.16647828283621310 -0.08480493029238503 0.00500000095367432
v 0.16641013585821407 -0.08428728383735061 0.00500000095367432
v 0.16391013585821407 -0.07995715681842844 0.00500000095367432
v 0.16647828353503488 -0.08376965318246733 0.00500000095367432
v 0.16667808403569301 -0.08328728762520371 0.00500000095367432
v 0.16699592148479633 -0.08287307655591120 0.00500000095367432
v 0.16741013345681147 -0.08255523441623219 0.00500000095367432
v 0.16439249480822823 -0.08015696113378384 0.00500000095367432
v 0.16491013588505826 -0.08022511160315686 0.00500000095367432
v 0.16542777191814595 -0.08015696183260561 0.00500000095367432
v 0.16591013345681146 -0.07995715820487888 0.00500000095367432
v 0.16349591818167211 -0.07963932318402241 0.00500000095367432
v 0.16317808264924255 -0.07922510739730999 0.00500000095367432
v 0.17468474817005064 -0.07835523365329275 0.00500000095367432
v 0.17516711352341341 -0.07815543663281549 0.00500000095367432
v 0.17318474817005064 -0.07575715744193944 0.00500000095367432
v 0.17359896395676302 -0.07543932190950990 0.00500000095367432
v 0.17620239063333110 -0.07815543733163727 0.00500000095367432
v 0.17741679897761950 -0.07908728446086162 0.00500000095367432
v 0.17709896065263778 -0.07867307909609597 0.00500000095367432
v 0.17668474576864798 -0.07835523503974319 0.00500000095367432
v 0.17568474955650110 -0.07808728686226425 0.00500000095367432
v 0.17391680140586632 -0.07502511084021742 0.00500000095367432
v 0.17411660190652448 -0.07454274528295377 0.00500000095367432
v 0.17418474576864798 -0.07402510802082100 0.00500000095367432
v 0.17411659599809676 -0.07350747198773334 0.00500000095367432
v 0.17391679897761950 -0.07302510663437055 0.00500000095367432
v 0.15214840093000853 -0.05072114437179866 0.00259807682037354
v 0.15277501264890123 -0.05035936992721858 0.00289777851104736
v 0.15344743903568520 -0.04997114437179866 0.00300000095367432
v 0.15114840093000853 -0.04898909356422978 0.00259807682037354
v 0.15177501264890123 -0.04862731911964970 0.00289777851104736
v 0.15244743903568519 -0.04823909356422978 0.00300000095367432
v 0.15474647714136186 -0.04922114437179866 0.00259807682037354
v 0.15411987202971861 -0.04958291500168147 0.00289777851104736
v 0.15374647714136186 -0.04748909356422978 0.00259807682037354
v 0.15311987202971861 -0.04785086419411259 0.00289777851104736
v 0.14807808417512147 -0.05307114284591975 0.00500000095367432
v 0.14707808417512147 -0.05133909203835087 0.00500000095367432
v 0.15881680050349839 -0.04687114208298030 0.00500000095367432
v 0.16204885131106728 -0.04846921829433361 0.00500000095367432
v 0.15954885131106727 -0.04413909127541142 0.00500000095367432
v 0.18784999248569631 -0.07421837791884528 0.00250000095367432
v 0.18986795219274455 -0.07305330833876715 0.00250000095367432
v 0.19339289727009237 -0.07709054655467028 0.00250000095367432
v 0.19360000280473863 -0.07724946527922194 0.00250000095367432
v 0.19323397950387761 -0.07688343866131409 0.00250000095367432
v 0.19210000089739002 -0.07465138576424389 0.00250000095367432
v 0.19260000421443685 -0.07478536124925947 0.00250000095367432
v 0.19234118367602182 -0.07475128601457295 0.00250000095367432
v 0.19285882223098066 -0.07475128636398384 0.00250000095367432
v 0.19310000490766205 -0.07465138785374523 0.00250000095367432
v 0.19330711089366961 -0.07449246678390571 0.00250000095367432
v 0.19346602961822126 -0.07428536124925947 0.00250000095367432
v 0.19189289536274373 -0.07449246703969223 0.00250000095367432
v 0.19173397759652896 -0.07428535914633604 0.00250000095367432
v 0.19163407578266561 -0.07404417837700328 0.00250000095367432
v 0.19160000089739002 -0.07378536036045945 0.00250000095367432
v 0.19163407613207650 -0.07352653982204443 0.00250000095367432
v 0.19173398019710286 -0.07328536365066210 0.00250000095367432
v 0.19073397759652896 -0.07255330833876716 0.00250000095367432
v 0.19189289892165448 -0.07307825811601584 0.00250000095367432
v 0.19210000300031344 -0.07291933374255161 0.00250000095367432
v 0.19234118758434343 -0.07281943853593772 0.00250000095367432
v 0.19260000560088728 -0.07278536365066210 0.00250000095367432
v 0.18836795219274455 -0.07045523212741384 0.00250000095367432
v 0.19023397759652896 -0.07168728293498272 0.00250000095367432
v 0.19013407578266561 -0.07144610216564996 0.00250000095367432
v 0.19010000089739001 -0.07118728414910613 0.00250000095367432
v 0.19013407613207650 -0.07092846361069111 0.00250000095367432
v 0.19023398019710286 -0.07068728743930877 0.00250000095367432
v 0.19039289892165448 -0.07048018190466253 0.00250000095367432
v 0.19060000300031343 -0.07032125753119829 0.00250000095367432
v 0.19084118758434343 -0.07022136232458441 0.00250000095367432
v 0.19110000560088727 -0.07018728743930877 0.00250000095367432
v 0.19509999379608653 -0.07638344507658522 0.00250000095367432
v 0.19506593212530984 -0.07612461943064684 0.00250000095367432
v 0.19496603031144652 -0.07588343866131408 0.00250000095367432
v 0.19356592986855034 -0.07404417847062765 0.00250000095367432
v 0.19359999188873789 -0.07378536556160717 0.00250000095367432
v 0.19356593021796120 -0.07352653991566879 0.00250000095367432
v 0.19346602840409788 -0.07328535914633603 0.00250000095367432
v 0.19330711063788308 -0.07307825125297984 0.00250000095367432
v 0.19285882232460502 -0.07281943227809912 0.00250000095367432
v 0.19309999188873789 -0.07291934015782273 0.00250000095367432
v 0.19246602840409788 -0.07155330833876716 0.00250000095367432
v 0.19333205380788229 -0.07105330833876716 0.00250000095367432
v 0.19535000030043159 -0.06988824638808358 0.00250000095367432
v 0.19159999188873789 -0.07032126394646941 0.00250000095367432
v 0.19196602840409788 -0.07068728293498272 0.00250000095367432
v 0.19180711063788308 -0.07048017504162653 0.00250000095367432
v 0.19135882232460502 -0.07022135606674580 0.00250000095367432
v 0.19183205380788229 -0.06845523212741385 0.00250000095367432
v 0.19385000030043159 -0.06729017017673025 0.00250000095367432
v 0.18853813751899209 -0.07382107719863043 0.00353553485870361
v 0.19466185526713578 -0.07028554710829842 0.00353553485870361
v 0.19316185526713578 -0.06768747089694510 0.00353553485870361
v 0.19135000030043159 -0.06296004315780807 0.00250000095367432
v 0.19066185526713578 -0.06335734387802290 0.00353553485870361
v 0.18376653991736244 -0.07888536143515440 0.00500000095367432
v 0.18326704126999238 -0.07767946038104281 0.00500000095367432
v 0.18309666963616650 -0.07638535987637689 0.00500000095367432
v 0.18326703640979733 -0.07509127142094585 0.00500000095367432
v 0.18376653486889050 -0.07388536794973349 0.00500000095367432
v 0.18456113789145043 -0.07284982603985822 0.00500000095367432
v 0.18559666032903516 -0.07205523823092946 0.00500000095367432
v 0.18049859072493135 -0.06922510739731000 0.00500000095367432
v 0.18943493949085233 -0.07330330833876715 0.00433012771606445
v 0.19376506650977454 -0.07080330833876716 0.00433012771606445
v 0.19226506650977454 -0.06820523212741385 0.00433012771606445
v 0.19216068709798301 -0.07468340774737992 0.00493069744110107
v 0.19234116283212835 -0.07475128042946852 0.00494974613189697
v 0.19253139765105776 -0.07478274213325420 0.00496871852874756
v 0.19273001530020309 -0.07477687395965069 0.00498529815673828
v 0.19292368266191354 -0.07473124267185415 0.00499619865417480
v 0.19310000490766205 -0.07465138785374523 0.00500000095367432
v 0.19325732233163323 -0.07453861571872915 0.00499619865417480
v 0.19349805146441582 -0.07422464429389873 0.00496871852874756
v 0.19339367386692766 -0.07439371050750225 0.00498529815673828
v 0.19047928134359102 -0.07270035728896249 0.00482962989807129
v 0.19173397759652896 -0.07428535914633604 0.00489898014068604
v 0.19184673930959834 -0.07444267377775499 0.00490285968780518
v 0.19199163740250319 -0.07457902061314858 0.00491394042968750
v 0.19165411998586784 -0.07410904732253427 0.00490285968780518
v 0.19160849302384109 -0.07391539508267141 0.00491394042968750
v 0.19160261596150840 -0.07371680018476819 0.00493069744110107
v 0.19163407054697210 -0.07352656066593792 0.00494974613189697
v 0.19170194322906067 -0.07334608493179261 0.00496871852874756
v 0.19180633594839647 -0.07317701439241929 0.00498529815673828
v 0.19194268557634225 -0.07303210587756767 0.00499619865417480
v 0.19210000300031344 -0.07291933374255161 0.00500000095367432
v 0.19227632524606195 -0.07283947892444267 0.00499619865417480
v 0.19266859704241876 -0.07278798709243714 0.00496871852874756
v 0.19246999451512101 -0.07279385094027085 0.00498529815673828
v 0.19160000300031343 -0.07205330833876716 0.00500000095367432
v 0.19010000300031343 -0.06945523212741385 0.00500000095367432
v 0.19359738063931675 -0.07385393234454789 0.00493069744110107
v 0.19356593545365477 -0.07404415762673415 0.00494974613189697
v 0.19272071144253683 -0.07140626701796639 0.00482962989807129
v 0.19346602840409788 -0.07328535914633603 0.00489898014068604
v 0.19354587280026003 -0.07346167859953233 0.00490285968780518
v 0.19359150357698407 -0.07365533744664468 0.00491394042968750
v 0.19335325347652957 -0.07312805214431162 0.00490285968780518
v 0.19320835919832194 -0.07299171191616750 0.00491394042968750
v 0.19303930950284215 -0.07288732478193616 0.00493069744110107
v 0.19285884316849852 -0.07281943786320355 0.00494974613189697
v 0.19122071144253686 -0.06880819080661307 0.00482962989807129
v 0.18976506650977454 -0.06387510510849165 0.00433012771606445
v 0.18760000300031343 -0.06512510510849165 0.00500000095367432
v 0.18872071144253685 -0.06447806378769087 0.00482962989807129
v 0.17182762919295999 -0.04628753986701506 0.00283340930938721
v 0.17208582728812211 -0.04613846912726896 0.00323540687561035
v 0.17602927163850271 -0.04386172047004241 0.00307244110107422
v 0.17925000182631046 -0.04200223102912444 0.00250000095367432
v 0.17237690305669445 -0.04597041645392912 0.00360624599456787
v 0.17856185679301467 -0.04239953174933928 0.00353553485870361
v 0.17775000182631048 -0.03940415481777113 0.00250000095367432
v 0.17706185679301467 -0.03980145553798597 0.00353553485870361
v 0.16839859225081022 -0.04826729526862639 0.00500000095367432
v 0.17269805502489780 -0.04578499927863615 0.00394235420227051
v 0.17304619099997565 -0.04558400287971037 0.00424049568176270
v 0.17766506803565341 -0.04291729297980804 0.00433012771606445
v 0.17341796771369133 -0.04536935749396818 0.00449779987335205
v 0.17380979082232798 -0.04514313831672209 0.00471178627014160
v 0.17421789419368228 -0.04490751972541350 0.00488039684295654
v 0.17463141550960981 -0.04466877308234710 0.00500000095367432
v 0.17550000452619230 -0.04416729297980803 0.00500000095367432
v 0.17662071296841575 -0.04352025165900725 0.00482962989807129
v 0.17633933664207935 -0.04368270435676116 0.00487240600585937
v 0.17616506803565340 -0.04031921676845471 0.00433012771606445
v 0.17400000452619230 -0.04156921676845472 0.00500000095367432
v 0.17512071296841575 -0.04092217544765393 0.00482962989807129
v 0.09849591369357387 -0.03493205051608748 -0.00499999904632568
v 0.09891012948028625 -0.03461421498365796 -0.00499999904632568
v 0.09922796692938955 -0.03420000391436546 -0.00499999904632568
v 0.09942776743004769 -0.03371763835710182 -0.00499999904632568
v 0.09749591126532706 -0.03119999550267176 -0.00499999904632568
v 0.09801355234215707 -0.03126814597204478 -0.00499999904632568
v 0.09949591129217124 -0.03320000109496907 -0.00499999904632568
v 0.09942776812886947 -0.03268236124718413 -0.00499999904632568
v 0.09922796450114274 -0.03219999970851861 -0.00499999904632568
v 0.09849591129217124 -0.03146795028740019 -0.00499999904632568
v 0.09891012896871322 -0.03178578392180622 -0.00499999904632568
v 0.10962027177480282 -0.02820000391436546 -0.00499999904632568
v 0.10996755960169891 -0.02816961184395437 -0.00499999904632568
v 0.11030431061848539 -0.02807938928288841 -0.00499999904632568
v 0.11062026934655601 -0.02793205051608749 -0.00499999904632568
v 0.12348076088720662 -0.02397114387831971 -0.00499999904632568
v 0.12024871007963774 -0.02237306766696639 -0.00499999904632568
v 0.12066292586635012 -0.02205523213453687 -0.00499999904632568
v 0.12098076331545343 -0.02164102106524437 -0.00499999904632568
v 0.12118056381611157 -0.02115865550798073 -0.00499999904632568
v 0.12124871428548459 -0.02064101443115070 -0.00499999904632568
v 0.12118056451493334 -0.02012337839806303 -0.00499999904632568
v 0.12098076088720662 -0.01964101685939752 -0.00499999904632568
v 0.11934050209814412 -0.01680000529917986 -0.00499999904632568
v 0.11760844886232844 -0.01580000109333302 -0.00499999904632568
v 0.11812608993915845 -0.01586815156270603 -0.00499999904632568
v 0.11902266656571459 -0.01638578951246747 -0.00499999904632568
v 0.11860845549642209 -0.01606795206336417 -0.00499999904632568
v 0.11899999863037054 -0.00953012124674889 -0.00499999904632568
v 0.11650000470098756 -0.01020000474244382 -0.00499999904632568
v 0.11779409478370674 -0.01002963031606570 -0.00499999904632568
v 0.12003553148990205 -0.00873553623037234 -0.00499999904632568
v 0.08166446770962124 -0.00873553654667884 -0.00499999904632568
v 0.08270000199010197 -0.00953012635473982 -0.00499999904632568
v 0.08390590927601159 -0.01002963142108245 -0.00499999904632568
v 0.08519999773144264 -0.01019999819471330 -0.00499999904632568
v 0.08086987227129794 -0.00770000089459513 -0.00499999904632568
v 0.08037036980923061 -0.00649409323323407 -0.00499999904632568
v 0.08020000199010197 -0.00519999933581763 -0.00499999904632568
v 0.07520000621036563 -0.00000000346217652 -0.00499999904632568
v 0.07519999666194609 0.00129409571777282 -0.00482962810993195
v 0.08319999852378013 -0.00129409497342871 -0.00482962810993195
v 0.08558314388496799 -0.00092368539309378 -0.00491393828392029
v 0.08449290740967630 -0.00070712387288941 -0.00494974434375763
v 0.08464192495741700 -0.00082947239050658 -0.00493069553375244
v 0.08427631920468749 -0.00038316007604428 -0.00498529589176178
v 0.08437055005845098 -0.00055810671119232 -0.00496871685981751
v 0.08421900488843410 -0.00019262595090951 -0.00499619674682617
v 0.08420000531492802 -0.00000000397915766 -0.00499999904632568
v 0.08481685140680802 -0.00092368313648631 -0.00491393828392029
v 0.08500737829272592 -0.00098099556376806 -0.00490285813808441
v 0.08519999439533084 -0.00099999546815599 -0.00489897847175598
v 0.08539262018177995 -0.00098100250189939 -0.00490285813808441
v 0.08020000351048380 -0.00000000502095402 -0.00499999904632568
v 0.08020000056931374 0.00129409797369258 -0.00482962810993195
v 0.08320000321200459 -0.00000000519328107 -0.00499999904632568
v 0.08421900801186816 0.00019262254539400 -0.00499619674682617
v 0.08427632323170213 0.00038315985325865 -0.00498529589176178
v 0.08437054719218083 0.00055809393204419 -0.00496871685981751
v 0.08449290510959968 0.00070712571642891 -0.00494974434375763
v 0.08320000027083453 0.00129409780136553 -0.00482962810993195
v 0.08319999861791859 -0.00249999723609067 -0.00433012604713440
v 0.08020000047517530 0.00250000023635454 -0.00433012604713440
v 0.08320000017669608 0.00250000006402750 -0.00433012604713440
v 0.09219999419298824 -0.00321393512125641 -0.00383022117614746
v 0.09419999879697677 -0.00257112637577529 -0.00405331099033356
v 0.08575806790581537 -0.00082947640536882 -0.00493069553375244
v 0.08602945442902310 -0.00055810709150723 -0.00496871685981751
v 0.08590709548945920 -0.00070712184669573 -0.00494974434375763
v 0.08612368499675128 -0.00038316919802443 -0.00498529589176178
v 0.08618100021658524 -0.00019263189015977 -0.00499619674682617
v 0.08620000291352538 -0.00000000536560812 -0.00499999904632568
v 0.08618099571062479 0.00019262982064269 -0.00499619674682617
v 0.08612368139437139 0.00038316394577746 -0.00498529589176178
v 0.08602945817000242 0.00055809736642654 -0.00496871685981751
v 0.08590708658213309 0.00070712392792533 -0.00494974434375763
v 0.08575806903439240 0.00082947244554249 -0.00493069553375244
v 0.08558314919225087 0.00092368700621949 -0.00491393828392029
v 0.08464192608599404 0.00082947646040474 -0.00493069553375244
v 0.08481685671409091 0.00092368926282696 -0.00491393828392029
v 0.08500737381002944 0.00098100255693531 -0.00490285813808441
v 0.08539262230633296 0.00098099943350125 -0.00490285813808441
v 0.08519999959647855 0.00099999552319190 -0.00489897847175598
v 0.09219999688824715 -0.00086823666458176 -0.00492403781414032
v 0.09220000231656698 -0.00000000571026221 -0.00499999904632568
v 0.09220000182005871 -0.00171010311688621 -0.00469846212863922
v 0.09220000011549229 0.00086823845855629 -0.00492403781414032
v 0.09419999885462363 0.00020000694722900 -0.00479583048820496
v 0.09419999748056807 0.00089910600685056 -0.00471504044532776
v 0.09219999518368073 0.00171010491086074 -0.00469846212863922
v 0.09420000077447215 0.00157887935437570 -0.00453289544582367
v 0.09219999772248096 -0.00249999775307182 -0.00433012604713440
v 0.09219999928125848 0.00249999954704635 -0.00433012604713440
v 0.09220000281075119 0.00321393691523094 -0.00383022117614746
v 0.08320000003677364 -0.00353553741334627 -0.00353553295135498
v 0.08019999905632023 0.00353554041361014 -0.00353553295135498
v 0.09220000156292198 -0.00383021985901233 -0.00321393704414368
v 0.09419999940197145 -0.00313616038264118 -0.00363379383087158
v 0.09420000179383529 -0.00363379941316620 -0.00313616466522217
v 0.09420000456768292 -0.00405331410530651 -0.00257111978530884
v 0.08319999875784104 0.00353554024128309 -0.00353553295135498
v 0.09220000204806694 0.00383022546768413 -0.00321393704414368
v 0.07520000317505712 0.00250000179513205 -0.00433012604713440
v 0.07519999514895258 0.00353553815769038 -0.00353553295135498
v 0.09419999715215141 0.00222471387548957 -0.00425331091880798
v 0.08019999861286693 -0.00224999653803277 -0.00243301177024841
v 0.08020000079170388 -0.00235356171325623 -0.00235355234146118
v 0.08019999778360523 -0.00243300901772498 -0.00224999904632568
v 0.08019999498230525 -0.00248296144112172 -0.00212940859794617
v 0.08019999891639777 -0.00249999706376362 -0.00199999904632568
v 0.08019999830933608 -0.00199999601230191 -0.00249999904632568
v 0.08020000012933198 -0.00212940895466636 -0.00248296189308167
v 0.08320000456194551 -0.00433013143281451 -0.00249999904632568
v 0.08320000049322467 -0.00235356188558328 -0.00235355234146118
v 0.08319999831438774 -0.00224999671035981 -0.00243301177024841
v 0.08319999983085279 -0.00212940912699341 -0.00248296189308167
v 0.08319999801085688 -0.00199999618462896 -0.00249999904632568
v 0.08319999748512602 -0.00243300919005203 -0.00224999904632568
v 0.08319999679673347 -0.00099999408170553 -0.00249999904632568
v 0.08449289978028177 -0.00070711065839045 -0.00249999904632568
v 0.08494118148631036 -0.00096593344796844 -0.00249999904632568
v 0.08470000531492802 -0.00086602938294210 -0.00249999904632568
v 0.08433397540681753 -0.00050000657973152 -0.00249999904632568
v 0.08423408020020363 -0.00025882199570150 -0.00249999904632568
v 0.08420000531492802 -0.00000000397915766 -0.00249999904632568
v 0.08519999439533084 -0.00099999546815599 -0.00249999904632568
v 0.08545882004126920 -0.00096593379737932 -0.00249999904632568
v 0.08320000129107552 -0.00248295779875151 -0.00212940859794617
v 0.08319999861791859 -0.00249999723609067 -0.00199999904632568
v 0.08170000561340723 -0.00086602921061505 -0.00249999904632568
v 0.08149289347151149 -0.00070711430076067 -0.00249999904632568
v 0.08133397570529673 -0.00050000640740447 -0.00249999904632568
v 0.08123407389143338 -0.00025882563807171 -0.00249999904632568
v 0.08120000561340723 -0.00000000380683061 -0.00249999904632568
v 0.08194118178478957 -0.00096593327564139 -0.00249999904632568
v 0.08219999469381004 -0.00099999529582894 -0.00249999904632568
v 0.08123407424084425 0.00025881291688713 -0.00249999904632568
v 0.08133397449117333 0.00049999569551895 -0.00249999904632568
v 0.08149289321572498 0.00070710123016520 -0.00249999904632568
v 0.08170000110908117 0.00086601899637997 -0.00249999904632568
v 0.08194118187841393 0.00096592081024333 -0.00249999904632568
v 0.08020000108223699 0.00199999918489283 -0.00249999904632568
v 0.08019999926224108 0.00212941212725728 -0.00248296189308167
v 0.08020000077870615 0.00224999971062369 -0.00243301177024841
v 0.08019999962201425 0.00235354785665093 -0.00235355234146118
v 0.08020000160796785 0.00243301219031590 -0.00224999904632568
v 0.08320000199788119 0.00099999690964236 -0.00249999904632568
v 0.08219999989495776 0.00099999569551895 -0.00249999904632568
v 0.08423407394236504 0.00025881274456008 -0.00249999904632568
v 0.08433397419269412 0.00049999552319190 -0.00249999904632568
v 0.08449289291724577 0.00070710105783816 -0.00249999904632568
v 0.08320000078375779 0.00199999901256578 -0.00249999904632568
v 0.08319999896376187 0.00212941195493024 -0.00248296189308167
v 0.08320000048022694 0.00224999953829664 -0.00243301177024841
v 0.08319999932353504 0.00235354768432388 -0.00235355234146118
v 0.08320000130948864 0.00243301201798885 -0.00224999904632568
v 0.08020000216054288 0.00433012121857942 -0.00249999904632568
v 0.08019999780201834 0.00248296079901538 -0.00212940859794617
v 0.08020000047517530 0.00250000023635454 -0.00199999904632568
v 0.08319999750353914 0.00248296062668833 -0.00212940859794617
v 0.08320000017669608 0.00250000006402750 -0.00199999904632568
v 0.08319999534854915 -0.00482962719349391 -0.00129409408569336
v 0.08019999713729523 0.00482962637906052 -0.00129409408569336
v 0.09220000366650789 -0.00433013194979565 -0.00249999904632568
v 0.09220000376399666 -0.00469846402783084 -0.00171009969711304
v 0.08570000081060196 -0.00086603198351596 -0.00249999904632568
v 0.08590710870395817 -0.00070711421730120 -0.00249999904632568
v 0.08606601979911527 -0.00049999546815599 -0.00249999904632568
v 0.08616592767883889 -0.00025882590402313 -0.00249999904632568
v 0.08620000291352538 -0.00000000536560812 -0.00249999904632568
v 0.08616592802824977 0.00025881265093572 -0.00249999904632568
v 0.08606602621438640 0.00049999342026848 -0.00249999904632568
v 0.08570000291352538 0.00086602003817632 -0.00249999904632568
v 0.08590710844817165 0.00070710131362467 -0.00249999904632568
v 0.09020000199918968 -0.00235356101611397 -0.00235355234146118
v 0.09020000133681781 -0.00212940825752410 -0.00248296189308167
v 0.09019999951682189 -0.00199999531515965 -0.00249999904632568
v 0.09019999982035275 -0.00224999584089051 -0.00243301177024841
v 0.09119999683249175 -0.00212941085809796 -0.00248296189308167
v 0.09119999501249583 -0.00199999791573351 -0.00249999904632568
v 0.09119999531602668 -0.00224999844146437 -0.00243301177024841
v 0.09120000410211310 -0.00235355980199056 -0.00235355234146118
v 0.09019999899109103 -0.00243300832058272 -0.00224999904632568
v 0.09120000109401445 -0.00243300710645931 -0.00224999904632568
v 0.08819999409685163 -0.00099999564048304 -0.00249999904632568
v 0.08845881974279000 -0.00096593396970637 -0.00249999904632568
v 0.08870000051212276 -0.00086603215584301 -0.00249999904632568
v 0.08890710840547895 -0.00070711438962825 -0.00249999904632568
v 0.08906601950063607 -0.00049999564048304 -0.00249999904632568
v 0.08819999929799936 0.00099999535086486 -0.00249999904632568
v 0.08916592738035968 -0.00025882607635018 -0.00249999904632568
v 0.08920000261504619 -0.00000000553793516 -0.00249999904632568
v 0.08916592772977056 0.00025881247860867 -0.00249999904632568
v 0.08906602591590719 0.00049999324794143 -0.00249999904632568
v 0.08890710814969244 0.00070710114129763 -0.00249999904632568
v 0.08870000261504619 0.00086601986584927 -0.00249999904632568
v 0.08845881983641436 0.00096592011617835 -0.00249999904632568
v 0.09019999618979105 -0.00248296074397946 -0.00212940859794617
v 0.09119999829271448 -0.00248295952985606 -0.00212940859794617
v 0.09020000012388359 -0.00249999636662136 -0.00199999904632568
v 0.09119999561955754 -0.00249999896719522 -0.00199999904632568
v 0.08470000081060197 0.00086601882405292 -0.00249999904632568
v 0.08494118157993472 0.00096592063791628 -0.00249999904632568
v 0.08519999959647855 0.00099999552319190 -0.00249999904632568
v 0.08545882013489357 0.00096592028850540 -0.00249999904632568
v 0.08320000186206368 0.00433012104625237 -0.00249999904632568
v 0.09020000228972279 0.00199999988203509 -0.00249999904632568
v 0.09119999778539675 0.00199999728146123 -0.00249999904632568
v 0.09119999596540083 0.00212941022382568 -0.00248296189308167
v 0.09119999748186590 0.00224999780719209 -0.00243301177024841
v 0.09020000046972688 0.00212941282439954 -0.00248296189308167
v 0.09020000198619195 0.00225000040776595 -0.00243301177024841
v 0.09020000082950005 0.00235354855379319 -0.00235355234146118
v 0.09120000293242349 0.00235354976791659 -0.00235355234146118
v 0.09020000281545366 0.00243301288745816 -0.00224999904632568
v 0.09119999831112760 0.00243301028688430 -0.00224999904632568
v 0.09220000096662606 0.00433012052927123 -0.00249999904632568
v 0.09019999900950415 0.00248296149615764 -0.00212940859794617
v 0.09120000111242757 0.00248296271028105 -0.00212940859794617
v 0.09020000168266110 0.00250000093349681 -0.00199999904632568
v 0.09119999717833505 0.00249999833292295 -0.00199999904632568
v 0.08320000344606550 0.00482963002143073 -0.00129409408569336
v 0.09219999984699224 0.00469846963650264 -0.00171009969711304
v 0.09419999885462363 0.00020000694722900 -0.00148911523818970
v 0.09419999570426391 0.00020666523584336 -0.00143488264083862
v 0.09420000519956154 0.00022621055708354 -0.00138473844528198
v 0.09419999521896859 0.00025735577366513 -0.00134200763702393
v 0.09420000252564800 0.00029800779097669 -0.00130952310562134
v 0.09419999543837214 0.00034550541806109 -0.00128943872451782
v 0.09420000236606697 0.00057135401464478 -0.00138961124420166
v 0.09420000121577889 0.00053845805778343 -0.00134597635269165
v 0.09419999891237912 0.00049646985988886 -0.00131232500076294
v 0.09419999457522711 0.00044813752830652 -0.00129088783264160
v 0.09420000039140781 0.00039667481766726 -0.00128308677673340
v 0.09220000132587450 -0.00492404574237936 -0.00086823987960815
v 0.09420000019031069 -0.00091776270023323 -0.00118961143493652
v 0.09420000453555526 -0.00089642318051914 -0.00113931274414062
v 0.09419999378985988 -0.00088827163385849 -0.00108611202239990
v 0.09419999507676183 -0.00089387383842397 -0.00103353691101074
v 0.09419999912356888 -0.00091284752250411 -0.00098507356643677
v 0.09419999840833215 -0.00094392843699806 -0.00094393444061279
v 0.09220000231656698 -0.00000000571026221 -0.00074270486831665
v 0.09219999880512364 -0.00037135277767800 -0.00064320135116577
v 0.09219999814406221 0.00000666960754837 -0.00068847227096558
v 0.09220000103211035 0.00002621111409129 -0.00063832807540894
v 0.09219999819861580 0.00037135457165253 -0.00064320135116577
v 0.09419999936180556 -0.00118961185115776 -0.00091776227951050
v 0.09419999989996575 -0.00098506871589572 -0.00091284799575806
v 0.09419999493470348 -0.00113931121444200 -0.00089641666412354
v 0.09420000373997414 -0.00103353728104786 -0.00089387559890747
v 0.09420000127154884 -0.00108611479271920 -0.00088827466964722
v 0.09220000330725947 0.00492403432185494 -0.00086823987960815
v 0.09220000315036819 -0.00035001325796390 -0.00059290266036987
v 0.09220000528816141 0.00005734693087119 -0.00059559726715088
v 0.09220000496544631 0.00009801216268171 -0.00056311273574829
v 0.09220000365557719 0.00033846242948844 -0.00059956645965576
v 0.09220000237432247 0.00029645720239765 -0.00056591463088989
v 0.09219999901192230 -0.00034185789660599 -0.00053970193862915
v 0.09220000029882425 -0.00034746010117147 -0.00048712682723999
v 0.09220000464441994 0.00024812868551257 -0.00054447746276855
v 0.09219999787817043 0.00014550978976610 -0.00054302883148193
v 0.09219999622395665 0.00019667537467501 -0.00053667640686035
v 0.09219999773838185 -0.00036643759994887 -0.00043866300582886
v 0.09219999702314510 -0.00039751851444283 -0.00039752435684204
v 0.09219999797661850 -0.00064320192860253 -0.00037135171890259
v 0.09219999851477868 -0.00043865879334048 -0.00036643791198730
v 0.09220000015676590 -0.00059289747718949 -0.00035000658035278
v 0.09220000235478709 -0.00048712735849263 -0.00034746503829956
v 0.09219999988636178 -0.00053970487016396 -0.00034186458587646
v 0.09219999902712091 0.00064320372257706 -0.00037135171890259
v 0.09220000030386330 0.00059956137447565 -0.00033846473693848
v 0.09419999940798240 0.00138961170167410 -0.00057135200500488
v 0.09420000068472478 0.00134596935357269 -0.00053846502304077
v 0.09419999621378251 0.00131233146758904 -0.00049646282196045
v 0.09420000151870157 0.00128308643935597 -0.00039667367935181
v 0.09419999800140828 0.00129088977269759 -0.00044813108444214
v 0.09419999592305928 0.00128944378754271 -0.00034550333023071
v 0.09220000346231555 0.00056591027399304 -0.00029646301269531
v 0.09219999762054679 0.00054448179360056 -0.00024813079833984
v 0.09220000113784006 0.00053667846025894 -0.00019667387008667
v 0.09219999554219778 0.00054303580844568 -0.00014550352096558
v 0.09220000080214179 0.00056310726436167 -0.00009801244735718
v 0.09219999903276814 0.00059559629092079 -0.00005734968185425
v 0.09220000465682208 0.00063832641793765 -0.00002621173858643
v 0.09220000282177598 0.00068846997719013 -0.00000666236877441
v 0.09419999355360875 0.00130952845795766 -0.00029801225662231
v 0.09419999941362962 0.00134200427001782 -0.00025734949111938
v 0.09420000503768358 0.00138473439703469 -0.00022621154785156
v 0.09420000320263748 0.00143487795628717 -0.00020666265487671
v 0.09420000209092064 0.00148910961816535 -0.00019999885559082
v 0.07520000486042472 0.00433012277735693 -0.00249999904632568
v 0.07519999983717707 0.00482962793783802 -0.00129409408569336
v 0.09420000080935455 0.00425331777052011 -0.00222470974922180
v 0.09419999560189710 0.00453289832330410 -0.00157887506484985
v 0.09419999365827052 0.00471504585480318 -0.00089910078048706
v 0.09419999827033898 0.00479583315455219 -0.00019999885559082
v 0.14132808417512147 -0.04137979989482983 -0.00499999904632568
v 0.13854249633410712 -0.03538345040102816 -0.00499999904632568
v 0.13906013359623987 -0.03545159426315169 -0.00499999904632568
v 0.13957777344402481 -0.03538345109984992 -0.00499999904632568
v 0.14006013498269032 -0.03518364747212320 -0.00499999904632568
v 0.13764591970755097 -0.03486581245126671 -0.00499999904632568
v 0.13806013738409298 -0.03518364608567274 -0.00499999904632568
v 0.13732808417512146 -0.03445159666455432 -0.00499999904632568
v 0.14704371357085402 -0.03115167649434000 -0.00499999904632568
v 0.14741289059608895 -0.03087748986391685 -0.00499999904632568
v 0.14770967735926652 -0.03052622894780902 -0.00499999904632568
v 0.14791838901419119 -0.03011647264510624 -0.00499999904632568
v 0.14802799609725886 -0.02966987359005204 -0.00499999904632568
v 0.15192468037163737 -0.02833364899800210 -0.00499999904632568
v 0.14803270724177539 -0.02921004647116957 -0.00499999904632568
v 0.14793226538898721 -0.02876129580549662 -0.00499999904632568
v 0.14773197432452514 -0.02834734964519467 -0.00499999904632568
v 0.14744244130361625 -0.02799008981673031 -0.00499999904632568
v 0.12549999732209413 -0.01396474927877349 -0.00499999904632568
v 0.12530019369436740 -0.01348238774010798 -0.00499999904632568
v 0.12988503663837891 -0.01081106561210182 -0.00499999904632568
v 0.12523205053106562 -0.01296474789232304 -0.00499999904632568
v 0.12530020202258368 -0.01244712384468924 -0.00499999904632568
v 0.12550000252324184 -0.01196475828742560 -0.00499999904632568
v 0.12581783997234514 -0.01155054721813310 -0.00499999904632568
v 0.12623204812966299 -0.01123269847120461 -0.00499999904632568
v 0.12083013171990976 -0.00770000474244382 -0.00499999904632568
v 0.12132962636430565 -0.00649409466398199 -0.00499999904632568
v 0.12149999593048871 -0.00519999578660420 -0.00499999904632568
v 0.12748630890561669 -0.01050855067457375 -0.00499999904632568
v 0.12796447290401819 -0.01030988428661637 -0.00499999904632568
v 0.12847759855233823 -0.01024062090888436 -0.00499999904632568
v 0.12899131922117990 -0.01030541425997418 -0.00499999904632568
v 0.12947118558430476 -0.01049990946690599 -0.00499999904632568
v 0.12449999897357643 -0.00150000479845278 -0.00499999904632568
v 0.12449999715239132 -0.00000000164406764 -0.00499999904632568
v 0.15558974388109845 -0.02968172520935542 -0.00499999904632568
v 0.15671046553782084 -0.02903467625916011 -0.00482962810993195
v 0.15408974388109847 -0.02708364899800211 -0.00499999904632568
v 0.15521046553782084 -0.02643660004780679 -0.00482962810993195
v 0.15775481399780902 -0.02843172139465816 -0.00433012604713440
v 0.15625481399780902 -0.02583364518330484 -0.00433012604713440
v 0.16575000452619229 -0.02727979760601148 -0.00499999904632568
v 0.16425000452619229 -0.02468172139465816 -0.00499999904632568
v 0.16687071296841574 -0.02663275628521070 -0.00482962810993195
v 0.16537071296841574 -0.02403468007385738 -0.00482962810993195
v 0.16791506803565340 -0.02602979760601148 -0.00433012604713440
v 0.16641506803565340 -0.02343172139465816 -0.00433012604713440
v 0.15865160275517029 -0.02791396016418941 -0.00353553295135498
v 0.15715160275517029 -0.02531588395283609 -0.00353553295135498
v 0.16881185679301466 -0.02551203637554273 -0.00353553295135498
v 0.16731185679301466 -0.02291396016418941 -0.00353553295135498
v 0.12149999836146308 -0.00075000304893316 -0.00129903697967529
v 0.12449999715239132 -0.00000000164406764 -0.00149999904632568
v 0.12449999498298452 -0.00038822725666204 -0.00144888782501221
v 0.12449999932179812 0.00038822396852676 -0.00144888782501221
v 0.12449999806298388 -0.00075000322126021 -0.00129903697967529
v 0.12449999624179878 0.00074999993312493 -0.00129903697967529
v 0.12150000285368379 -0.00106066451621110 -0.00106065940856934
v 0.12450000255520458 -0.00106066468853815 -0.00106065940856934
v 0.12449999835682754 0.00106066521510014 -0.00106065940856934
v 0.12150000248092743 -0.00129903667331254 -0.00074999904632568
v 0.12450000218244824 -0.00129903684563959 -0.00074999904632568
v 0.12150000068427698 -0.00144889012880550 -0.00038822746276855
v 0.12450000038579780 -0.00144889030113255 -0.00038822746276855
v 0.15933974778846610 -0.02751665944397456 -0.00249999904632568
v 0.15783974778846610 -0.02491858323262125 -0.00249999904632568
v 0.15647321875197220 -0.03321194857291913 -0.00149999904632568
v 0.15622371847731401 -0.03277980142070874 -0.00149999904632568
v 0.15613700225495550 -0.03340606325797773 -0.00144888782501221
v 0.15588750198029730 -0.03297391610576733 -0.00144888782501221
v 0.15680943524898894 -0.03301783388786054 -0.00144888782501221
v 0.15655993497433074 -0.03258568673565014 -0.00144888782501221
v 0.15582369969913387 -0.03358694857291913 -0.00129903697967529
v 0.15557419942447567 -0.03315480142070874 -0.00129903697967529
v 0.15712273780481054 -0.03283694857291913 -0.00129903697967529
v 0.15687323753015234 -0.03240480142070874 -0.00129903697967529
v 0.15472371847731400 -0.03018172520935542 -0.00149999904632568
v 0.15438750198029730 -0.03037583989441401 -0.00144888782501221
v 0.15505993497433074 -0.02998761052429683 -0.00144888782501221
v 0.15407419942447567 -0.03055672520935542 -0.00129903697967529
v 0.15322371847731400 -0.02758364899800210 -0.00149999904632568
v 0.15288750198029730 -0.02777776368306070 -0.00144888782501221
v 0.15355993497433074 -0.02738953431294351 -0.00144888782501221
v 0.15257419942447567 -0.02795864899800210 -0.00129903697967529
v 0.15537323753015234 -0.02980672520935542 -0.00129903697967529
v 0.15387323753015233 -0.02720864899800211 -0.00129903697967529
v 0.15977232441189268 -0.02726691121399409 -0.00129409408569336
v 0.15827232441189268 -0.02466883500264078 -0.00129409408569336
v 0.16950000182631048 -0.02511473565532788 -0.00249999904632568
v 0.16800000182631047 -0.02251665944397457 -0.00249999904632568
v 0.16599950480085052 -0.02771194475822188 -0.00149999904632568
v 0.16575000452619229 -0.02727979760601148 -0.00149999904632568
v 0.16566328830383381 -0.02790605944328047 -0.00144888782501221
v 0.16541378802917561 -0.02747391229107007 -0.00144888782501221
v 0.16633572129786722 -0.02751783007316328 -0.00144888782501221
v 0.16608622102320902 -0.02708568292095288 -0.00144888782501221
v 0.16534998574801218 -0.02808694475822188 -0.00129903697967529
v 0.16510048547335399 -0.02765479760601148 -0.00129903697967529
v 0.16425000452619229 -0.02468172139465816 -0.00149999904632568
v 0.16391378802917561 -0.02487583607971676 -0.00144888782501221
v 0.16458622102320902 -0.02448760670959957 -0.00144888782501221
v 0.16360048547335398 -0.02505672139465816 -0.00129903697967529
v 0.16275000452619232 -0.02208364518330485 -0.00149999904632568
v 0.16241378802917561 -0.02227775986836344 -0.00144888782501221
v 0.16308622102320902 -0.02188953049824625 -0.00144888782501221
v 0.16210048547335398 -0.02245864518330485 -0.00129903697967529
v 0.16664902385368885 -0.02733694475822188 -0.00129903697967529
v 0.16639952357903065 -0.02690479760601148 -0.00129903697967529
v 0.16993257844973703 -0.02486498742534742 -0.00129409408569336
v 0.16489952357903065 -0.02430672139465816 -0.00129903697967529
v 0.16339952357903065 -0.02170864518330485 -0.00129903697967529
v 0.16843257844973705 -0.02226691121399410 -0.00129409408569336
v 0.15555465910757582 -0.03374227923087812 -0.00106065940856934
v 0.15530515883291762 -0.03331013207866772 -0.00106065940856934
v 0.15739177839636861 -0.03268161791496015 -0.00106065940856934
v 0.15714227812171042 -0.03224947076274975 -0.00106065940856934
v 0.15534822220483657 -0.03386146563224531 -0.00074999904632568
v 0.15509872193017837 -0.03342931848003491 -0.00074999904632568
v 0.15759822190635733 -0.03256242769889570 -0.00074999904632568
v 0.15734872163169913 -0.03213028054668530 -0.00074999904632568
v 0.15380515883291762 -0.03071205586731441 -0.00106065940856934
v 0.15230515883291762 -0.02811397965596109 -0.00106065940856934
v 0.15564227812171041 -0.02965139455139644 -0.00106065940856934
v 0.15414227812171041 -0.02705331834004312 -0.00106065940856934
v 0.15359872193017837 -0.03083124226868159 -0.00074999904632568
v 0.15209872193017837 -0.02823316605732828 -0.00074999904632568
v 0.15584872163169913 -0.02953220433533198 -0.00074999904632568
v 0.15434872163169913 -0.02693412812397867 -0.00074999904632568
v 0.15521844921780859 -0.03393639010123944 -0.00038822746276855
v 0.15496894894315036 -0.03350424294902905 -0.00038822746276855
v 0.15772799489338532 -0.03248750322990156 -0.00038822746276855
v 0.15747849461872712 -0.03205535607769116 -0.00038822746276855
v 0.15346894894315036 -0.03090616673767573 -0.00038822746276855
v 0.15196894894315036 -0.02830809052632242 -0.00038822746276855
v 0.15597849461872712 -0.02945727986633784 -0.00038822746276855
v 0.15447849461872712 -0.02685920365498453 -0.00038822746276855
v 0.16508093854920464 -0.02824227923087813 -0.00106065940856934
v 0.16483143827454644 -0.02781013207866773 -0.00106065940856934
v 0.16487450164646539 -0.02836146563224531 -0.00074999904632568
v 0.16462500137180719 -0.02792931848003492 -0.00074999904632568
v 0.16333143827454644 -0.02521205586731441 -0.00106065940856934
v 0.16183143827454644 -0.02261397965596110 -0.00106065940856934
v 0.16312500137180719 -0.02533124226868160 -0.00074999904632568
v 0.16162500137180719 -0.02273316605732828 -0.00074999904632568
v 0.16691805783799743 -0.02718161791496016 -0.00106065940856934
v 0.16666855756333923 -0.02674947076274976 -0.00106065940856934
v 0.16712449474073671 -0.02706243151359297 -0.00074999904632568
v 0.16687499446607851 -0.02663028436138257 -0.00074999904632568
v 0.16516855756333923 -0.02415139455139644 -0.00106065940856934
v 0.16366855756333923 -0.02155331834004313 -0.00106065940856934
v 0.16537499446607851 -0.02403220815002926 -0.00074999904632568
v 0.16387499446607851 -0.02143413193867594 -0.00074999904632568
v 0.16474472205218793 -0.02843639391593672 -0.00038822746276855
v 0.16449522177752973 -0.02800424676372632 -0.00038822746276855
v 0.16299522177752973 -0.02540617055237301 -0.00038822746276855
v 0.16149522177752973 -0.02280809434101969 -0.00038822746276855
v 0.16725427433501414 -0.02698750322990156 -0.00038822746276855
v 0.16700477406035594 -0.02655535607769116 -0.00038822746276855
v 0.16550477406035594 -0.02395727986633785 -0.00038822746276855
v 0.16400477406035593 -0.02135920365498453 -0.00038822746276855
v 0.12149999745087052 -0.00000000147174059 -0.00499999904632568
v 0.12150000213909501 0.00129408830840705 -0.00482962810993195
v 0.12450000184061580 0.00129408813608000 -0.00482962810993195
v 0.12149999441556202 0.00250000378556797 -0.00433012604713440
v 0.12449999411708280 0.00250000361324092 -0.00433012604713440
v 0.12150000062610150 0.00353553074832461 -0.00353553295135498
v 0.12450000032762229 0.00353553057599756 -0.00353553295135498
v 0.12150000270817908 0.00433012858249012 -0.00249999904632568
v 0.12149999745087052 -0.00000000147174059 -0.00149999904632568
v 0.12149999528146373 -0.00038822708433499 -0.00144888782501221
v 0.12149999962027733 0.00038822414085380 -0.00144888782501221
v 0.12149999654027796 0.00075000010545198 -0.00129903697967529
v 0.12149999768493143 0.00482963374297121 -0.00129409408569336
v 0.12450000240969988 0.00433012841016307 -0.00249999904632568
v 0.12449999738645222 0.00482963357064416 -0.00129409408569336
v 0.12149999865530674 0.00106066538742719 -0.00106065940856934
v 0.12149999902806309 0.00129903754452862 -0.00074999904632568
v 0.12449999872958389 0.00129903737220157 -0.00074999904632568
v 0.12150000082471354 0.00144889100002158 -0.00038822746276855
v 0.12450000052623433 0.00144889082769453 -0.00038822746276855
v 0.09849591369357387 -0.03493205051608748 0.00500000095367432
v 0.09891012948028625 -0.03461421498365796 0.00500000095367432
v 0.09922796692938955 -0.03420000391436546 0.00500000095367432
v 0.09942776743004769 -0.03371763835710182 0.00500000095367432
v 0.09749591126532706 -0.03119999550267176 0.00500000095367432
v 0.09801355234215707 -0.03126814597204478 0.00500000095367432
v 0.09949591129217124 -0.03320000109496907 0.00500000095367432
v 0.09942776812886947 -0.03268236124718413 0.00500000095367432
v 0.09922796450114274 -0.03219999970851861 0.00500000095367432
v 0.09849591129217124 -0.03146795028740019 0.00500000095367432
v 0.09891012896871322 -0.03178578392180622 0.00500000095367432
v 0.10962027177480282 -0.02820000391436546 0.00500000095367432
v 0.10996755960169891 -0.02816961184395437 0.00500000095367432
v 0.11030431061848539 -0.02807938928288841 0.00500000095367432
v 0.11062026934655601 -0.02793205051608749 0.00500000095367432
v 0.12348076088720662 -0.02397114387831971 0.00500000095367432
v 0.12024871007963774 -0.02237306766696639 0.00500000095367432
v 0.12066292586635012 -0.02205523213453687 0.00500000095367432
v 0.12098076331545343 -0.02164102106524437 0.00500000095367432
v 0.12118056381611157 -0.02115865550798073 0.00500000095367432
v 0.12124871428548459 -0.02064101443115070 0.00500000095367432
v 0.12118056451493334 -0.02012337839806303 0.00500000095367432
v 0.12098076088720662 -0.01964101685939752 0.00500000095367432
v 0.11934050209814412 -0.01680000529917986 0.00500000095367432
v 0.11760844886232844 -0.01580000109333302 0.00500000095367432
v 0.11812608993915845 -0.01586815156270603 0.00500000095367432
v 0.11902266656571459 -0.01638578951246747 0.00500000095367432
v 0.11860845549642209 -0.01606795206336417 0.00500000095367432
v 0.11899999863037054 -0.00953012124674889 0.00500000095367432
v 0.11650000470098756 -0.01020000474244382 0.00500000095367432
v 0.11779409478370674 -0.01002963031606570 0.00500000095367432
v 0.12003553148990205 -0.00873553623037234 0.00500000095367432
v 0.08320000165322709 -0.00500000249339923 0.00000000095367432
v 0.08019999743986676 0.00500000549366311 0.00000000095367432
v 0.09220000075778949 -0.00500000301038038 0.00000000095367432
v 0.09420000053784468 -0.00479583031878130 0.00020000076293945
v 0.09420000434665755 -0.00148911999689342 0.00020000076293945
v 0.09220000132587450 -0.00492404574237936 0.00086824178695679
v 0.09420000514991314 -0.00471504301903228 0.00089910268783569
v 0.08319999714138755 0.00500000532133606 0.00000000095367432
v 0.09219999529368030 -0.00074269984509378 0.00000000095367432
v 0.09219999418196345 -0.00068846818321560 0.00000666475296021
v 0.09220000658356135 -0.00063833402376481 0.00002621364593506
v 0.09219999797097130 -0.00059559449694625 0.00005735158920288
v 0.09220000171005913 0.00074270163906832 0.00000000095367432
v 0.09220000383099218 -0.00056311868488609 0.00009801435470581
v 0.09220000146154164 -0.00054303401447114 0.00014550542831421
v 0.09219999586589936 -0.00053667666628440 0.00019667577743530
v 0.09219999938319265 -0.00054447999962602 0.00024813318252563
v 0.09220000117081840 -0.00056592169451747 0.00029646492004395
v 0.09420000323494071 -0.00143488833501523 0.00020666456222534
v 0.09420000139989460 -0.00138474477576275 0.00022621345520020
v 0.09419999939455402 -0.00134200143424693 0.00025735187530518
v 0.09420000525457491 -0.00130952562218677 0.00029801416397095
v 0.09220000432927067 -0.00059957279500008 0.00033846664428711
v 0.09219999797661850 -0.00064320192860253 0.00037135410308838
v 0.09220000125620181 0.00048713296716443 0.00034746742248535
v 0.09219999711737766 0.00053970666413850 0.00034186649322510
v 0.09220000345422301 0.00059290308586129 0.00035000848770142
v 0.09219999848896075 0.00043866058731502 0.00036643981933594
v 0.09219999902712091 0.00064320372257706 0.00037135410308838
v 0.09219999998059433 0.00039752030841736 0.00039752626419067
v 0.09219999926535759 0.00036643939392341 0.00043866539001465
v 0.09220000077978278 -0.00019667358070047 0.00053667831420898
v 0.09220000659596350 -0.00024813629133973 0.00054447937011719
v 0.09219999912556899 -0.00014550799579157 0.00054303073883057
v 0.09220000331216466 0.00034746570984327 0.00048712873458862
v 0.09220000459906660 0.00034186350527779 0.00053970384597778
v 0.09220000225881148 -0.00029646862292208 0.00056591653823853
v 0.09220000097755678 -0.00033847385001287 0.00059956836700439
v 0.09219999864554260 -0.00009800655400991 0.00056311464309692
v 0.09220000595222202 -0.00005735453669834 0.00059559917449951
v 0.09220000148276578 0.00035000183743948 0.00059290456771851
v 0.09420000288512437 -0.00128944095177182 0.00034550523757935
v 0.09419999728948208 -0.00128308360358508 0.00039667606353760
v 0.09420000080677537 -0.00129088693692670 0.00044813299179077
v 0.09420000259440113 -0.00131232863181814 0.00049646472930908
v 0.09419999914560391 -0.00134598354699802 0.00053846693038940
v 0.09419999940020124 -0.00138960886590320 0.00057135391235352
v 0.09219999624594995 0.00500000480435491 0.00000000095367432
v 0.09219999880512364 -0.00037135277767800 0.00064320325851440
v 0.09219999597162906 -0.00002620932011676 0.00063833045959473
v 0.09219999885967722 -0.00000666781357384 0.00068847417831421
v 0.09219999819861580 0.00037135457165253 0.00064320325851440
v 0.09220000231656698 -0.00000000571026221 0.00074270677566528
v 0.09419999506820950 0.00103354011681875 0.00089387750625610
v 0.09419999753663481 0.00108611762849009 0.00088827657699585
v 0.09420000387348018 0.00113931405021289 0.00089641857147217
v 0.09419999890821791 0.00098507155166661 0.00091284990310669
v 0.09419999944637809 0.00118961468692866 0.00091776418685913
v 0.09420000039985149 0.00094393127276895 0.00094393634796143
v 0.09419999968461476 0.00091285035827500 0.00098507547378540
v 0.09420000373142183 0.00089387667419486 0.00103353929519653
v 0.09419999841107429 0.00088827065493212 0.00108611440658569
v 0.09420000190202293 0.00089641280179107 0.00113931465148926
v 0.09419999861787295 0.00091776553600412 0.00118961334228516
v 0.09220000330725947 0.00492403432185494 0.00086824178695679
v 0.08319999534854915 -0.00482962719349391 0.00129409599304199
v 0.08019999713729523 0.00482962637906052 0.00129409599304199
v 0.08019999891639777 -0.00249999706376362 0.00200000095367432
v 0.08019999498230525 -0.00248296144112172 0.00212941074371338
v 0.08019999778360523 -0.00243300901772498 0.00225000095367432
v 0.08020000079170388 -0.00235356171325623 0.00235355472564697
v 0.08019999861286693 -0.00224999653803277 0.00243301391601563
v 0.08020000012933198 -0.00212940895466636 0.00248296356201172
v 0.08319999861791859 -0.00249999723609067 0.00200000095367432
v 0.08320000129107552 -0.00248295779875151 0.00212941074371338
v 0.08319999748512602 -0.00243300919005203 0.00225000095367432
v 0.08320000049322467 -0.00235356188558328 0.00235355472564697
v 0.08319999831438774 -0.00224999671035981 0.00243301391601563
v 0.08319999983085279 -0.00212940912699341 0.00248296356201172
v 0.08020000047517530 0.00250000023635454 0.00200000095367432
v 0.08019999780201834 0.00248296079901538 0.00212941074371338
v 0.08320000017669608 0.00250000006402750 0.00200000095367432
v 0.08319999750353914 0.00248296062668833 0.00212941074371338
v 0.08020000160796785 0.00243301219031590 0.00225000095367432
v 0.08019999962201425 0.00235354785665093 0.00235355472564697
v 0.08020000077870615 0.00224999971062369 0.00243301391601563
v 0.08019999926224108 0.00212941212725728 0.00248296356201172
v 0.08320000130948864 0.00243301201798885 0.00225000095367432
v 0.08319999932353504 0.00235354768432388 0.00235355472564697
v 0.08319999896376187 0.00212941195493024 0.00248296356201172
v 0.08320000048022694 0.00224999953829664 0.00243301391601563
v 0.09220000376399666 -0.00469846402783084 0.00171010160446167
v 0.09420000320628653 -0.00453289548753321 0.00157887697219849
v 0.09419999799882911 -0.00425331493474922 0.00222471141815186
v 0.08320000344606550 0.00482963002143073 0.00129409599304199
v 0.09419999989580452 -0.00049646702411797 0.00131232690811157
v 0.09419999644211667 -0.00057135117887389 0.00138961315155029
v 0.09420000522179929 -0.00053846843651150 0.00134597826004028
v 0.09419999841677583 -0.00039667198189637 0.00128308868408203
v 0.09420000423295655 -0.00044813469253563 0.00129088973999023
v 0.09419999676256204 -0.00034550639698746 0.00128944063186646
v 0.09420000391193017 -0.00029801816970476 0.00130952501296997
v 0.09420000358921507 -0.00025735293789424 0.00134200954437256
v 0.09419999360862211 -0.00022620772131265 0.00138474035263062
v 0.09420000310391974 -0.00020666240007246 0.00143488454818726
v 0.09419999995356003 -0.00020000411145811 0.00148911714553833
v 0.09219999984699224 0.00469846963650264 0.00171010160446167
v 0.09020000012388359 -0.00249999636662136 0.00200000095367432
v 0.09119999561955754 -0.00249999896719522 0.00200000095367432
v 0.09019999618979105 -0.00248296074397946 0.00212941074371338
v 0.09119999829271448 -0.00248295952985606 0.00212941074371338
v 0.09019999899109103 -0.00243300832058272 0.00225000095367432
v 0.09120000109401445 -0.00243300710645931 0.00225000095367432
v 0.09020000199918968 -0.00235356101611397 0.00235355472564697
v 0.09120000410211310 -0.00235355980199056 0.00235355472564697
v 0.09019999982035275 -0.00224999584089051 0.00243301391601563
v 0.09020000133681781 -0.00212940825752410 0.00248296356201172
v 0.09119999531602668 -0.00224999844146437 0.00243301391601563
v 0.09119999683249175 -0.00212941085809796 0.00248296356201172
v 0.09020000168266110 0.00250000093349681 0.00200000095367432
v 0.09119999717833505 0.00249999833292295 0.00200000095367432
v 0.09019999900950415 0.00248296149615764 0.00212941074371338
v 0.09120000111242757 0.00248296271028105 0.00212941074371338
v 0.09020000281545366 0.00243301288745816 0.00225000095367432
v 0.09119999831112760 0.00243301028688430 0.00225000095367432
v 0.09119999748186590 0.00224999780719209 0.00243301391601563
v 0.09119999596540083 0.00212941022382568 0.00248296356201172
v 0.09020000082950005 0.00235354855379319 0.00235355472564697
v 0.09120000293242349 0.00235354976791659 0.00235355472564697
v 0.09020000198619195 0.00225000040776595 0.00243301391601563
v 0.09020000046972688 0.00212941282439954 0.00248296356201172
v 0.07520000013974859 0.00500000705244061 0.00000000095367432
v 0.07519999983717707 0.00482962793783802 0.00129409599304199
v 0.08019999830933608 -0.00199999601230191 0.00250000095367432
v 0.08320000456194551 -0.00433013143281451 0.00250000095367432
v 0.08319999801085688 -0.00199999618462896 0.00250000095367432
v 0.08319999679673347 -0.00099999408170553 0.00250000095367432
v 0.08449289978028177 -0.00070711065839045 0.00250000095367432
v 0.08494118148631036 -0.00096593344796844 0.00250000095367432
v 0.08470000531492802 -0.00086602938294210 0.00250000095367432
v 0.08433397540681753 -0.00050000657973152 0.00250000095367432
v 0.08423408020020363 -0.00025882199570150 0.00250000095367432
v 0.08420000531492802 -0.00000000397915766 0.00250000095367432
v 0.08519999439533084 -0.00099999546815599 0.00250000095367432
v 0.08545882004126920 -0.00096593379737932 0.00250000095367432
v 0.08170000561340723 -0.00086602921061505 0.00250000095367432
v 0.08149289347151149 -0.00070711430076067 0.00250000095367432
v 0.08133397570529673 -0.00050000640740447 0.00250000095367432
v 0.08123407389143338 -0.00025882563807171 0.00250000095367432
v 0.08120000561340723 -0.00000000380683061 0.00250000095367432
v 0.08194118178478957 -0.00096593327564139 0.00250000095367432
v 0.08219999469381004 -0.00099999529582894 0.00250000095367432
v 0.08123407424084425 0.00025881291688713 0.00250000095367432
v 0.08133397449117333 0.00049999569551895 0.00250000095367432
v 0.08149289321572498 0.00070710123016520 0.00250000095367432
v 0.08170000110908117 0.00086601899637997 0.00250000095367432
v 0.08194118187841393 0.00096592081024333 0.00250000095367432
v 0.08020000108223699 0.00199999918489283 0.00250000095367432
v 0.08320000199788119 0.00099999690964236 0.00250000095367432
v 0.08219999989495776 0.00099999569551895 0.00250000095367432
v 0.08423407394236504 0.00025881274456008 0.00250000095367432
v 0.08433397419269412 0.00049999552319190 0.00250000095367432
v 0.08449289291724577 0.00070710105783816 0.00250000095367432
v 0.08320000078375779 0.00199999901256578 0.00250000095367432
v 0.08020000216054288 0.00433012121857942 0.00250000095367432
v 0.08320000003677364 -0.00353553741334627 0.00353553485870361
v 0.08019999905632023 0.00353554041361014 0.00353553485870361
v 0.09220000366650789 -0.00433013194979565 0.00250000095367432
v 0.09220000156292198 -0.00383021985901233 0.00321393871307373
v 0.08570000081060196 -0.00086603198351596 0.00250000095367432
v 0.08590710870395817 -0.00070711421730120 0.00250000095367432
v 0.08606601979911527 -0.00049999546815599 0.00250000095367432
v 0.08616592767883889 -0.00025882590402313 0.00250000095367432
v 0.08620000291352538 -0.00000000536560812 0.00250000095367432
v 0.08616592802824977 0.00025881265093572 0.00250000095367432
v 0.08606602621438640 0.00049999342026848 0.00250000095367432
v 0.08570000291352538 0.00086602003817632 0.00250000095367432
v 0.08590710844817165 0.00070710131362467 0.00250000095367432
v 0.09019999951682189 -0.00199999531515965 0.00250000095367432
v 0.09119999501249583 -0.00199999791573351 0.00250000095367432
v 0.08819999409685163 -0.00099999564048304 0.00250000095367432
v 0.08845881974279000 -0.00096593396970637 0.00250000095367432
v 0.08870000051212276 -0.00086603215584301 0.00250000095367432
v 0.08890710840547895 -0.00070711438962825 0.00250000095367432
v 0.08906601950063607 -0.00049999564048304 0.00250000095367432
v 0.08819999929799936 0.00099999535086486 0.00250000095367432
v 0.08916592738035968 -0.00025882607635018 0.00250000095367432
v 0.08920000261504619 -0.00000000553793516 0.00250000095367432
v 0.08916592772977056 0.00025881247860867 0.00250000095367432
v 0.08906602591590719 0.00049999324794143 0.00250000095367432
v 0.08890710814969244 0.00070710114129763 0.00250000095367432
v 0.08870000261504619 0.00086601986584927 0.00250000095367432
v 0.08845881983641436 0.00096592011617835 0.00250000095367432
v 0.08470000081060197 0.00086601882405292 0.00250000095367432
v 0.08494118157993472 0.00096592063791628 0.00250000095367432
v 0.08519999959647855 0.00099999552319190 0.00250000095367432
v 0.08545882013489357 0.00096592028850540 0.00250000095367432
v 0.08320000186206368 0.00433012104625237 0.00250000095367432
v 0.09020000228972279 0.00199999988203509 0.00250000095367432
v 0.09119999778539675 0.00199999728146123 0.00250000095367432
v 0.09220000096662606 0.00433012052927123 0.00250000095367432
v 0.08319999875784104 0.00353554024128309 0.00353553485870361
v 0.09220000204806694 0.00383022546768413 0.00321393871307373
v 0.08166446770962124 -0.00873553654667884 0.00500000095367432
v 0.08270000199010197 -0.00953012635473982 0.00500000095367432
v 0.08390590927601159 -0.01002963142108245 0.00500000095367432
v 0.08519999773144264 -0.01019999819471330 0.00500000095367432
v 0.08319999861791859 -0.00249999723609067 0.00433012771606445
v 0.08020000047517530 0.00250000023635454 0.00433012771606445
v 0.08320000017669608 0.00250000006402750 0.00433012771606445
v 0.08086987227129794 -0.00770000089459513 0.00500000095367432
v 0.08037036980923061 -0.00649409323323407 0.00500000095367432
v 0.08020000199010197 -0.00519999933581763 0.00500000095367432
v 0.07519999666194609 0.00129409571777282 0.00482962989807129
v 0.07520000621036563 -0.00000000346217652 0.00500000095367432
v 0.08319999852378013 -0.00129409497342871 0.00482962989807129
v 0.08558314388496799 -0.00092368539309378 0.00491394042968750
v 0.08481685140680802 -0.00092368313648631 0.00491394042968750
v 0.08500737829272592 -0.00098099556376806 0.00490285968780518
v 0.08519999439533084 -0.00099999546815599 0.00489898014068604
v 0.08539262018177995 -0.00098100250189939 0.00490285968780518
v 0.08449290740967630 -0.00070712387288941 0.00494974613189697
v 0.08464192495741700 -0.00082947239050658 0.00493069744110107
v 0.08437055005845098 -0.00055810671119232 0.00496871852874756
v 0.08427631920468749 -0.00038316007604428 0.00498529815673828
v 0.08421900488843410 -0.00019262595090951 0.00499619865417480
v 0.08420000531492802 -0.00000000397915766 0.00500000095367432
v 0.08020000056931374 0.00129409797369258 0.00482962989807129
v 0.08020000351048380 -0.00000000502095402 0.00500000095367432
v 0.08320000027083453 0.00129409780136553 0.00482962989807129
v 0.08320000321200459 -0.00000000519328107 0.00500000095367432
v 0.08421900801186816 0.00019262254539400 0.00499619865417480
v 0.08449290510959968 0.00070712571642891 0.00494974613189697
v 0.08437054719218083 0.00055809393204419 0.00496871852874756
v 0.08427632323170213 0.00038315985325865 0.00498529815673828
v 0.09219999419298824 -0.00321393512125641 0.00383022308349609
v 0.09420000165603225 -0.00222471103971868 0.00425331306457520
v 0.09419999803371151 -0.00157887651860481 0.00453289794921875
v 0.09220000281075119 0.00321393691523094 0.00383022308349609
v 0.09219999772248096 -0.00249999775307182 0.00433012771606445
v 0.09219999928125848 0.00249999954704635 0.00433012771606445
v 0.08575806790581537 -0.00082947640536882 0.00493069744110107
v 0.08558314919225087 0.00092368700621949 0.00491394042968750
v 0.08590709548945920 -0.00070712184669573 0.00494974613189697
v 0.08602945442902310 -0.00055810709150723 0.00496871852874756
v 0.08612368499675128 -0.00038316919802443 0.00498529815673828
v 0.08618100021658524 -0.00019263189015977 0.00499619865417480
v 0.08620000291352538 -0.00000000536560812 0.00500000095367432
v 0.08618099571062479 0.00019262982064269 0.00499619865417480
v 0.08575806903439240 0.00082947244554249 0.00493069744110107
v 0.08590708658213309 0.00070712392792533 0.00494974613189697
v 0.08602945817000242 0.00055809736642654 0.00496871852874756
v 0.08612368139437139 0.00038316394577746 0.00498529815673828
v 0.08481685671409091 0.00092368926282696 0.00491394042968750
v 0.08500737381002944 0.00098100255693531 0.00490285968780518
v 0.08519999959647855 0.00099999552319190 0.00489898014068604
v 0.08539262230633296 0.00098099943350125 0.00490285968780518
v 0.08464192608599404 0.00082947646040474 0.00493069744110107
v 0.09220000182005871 -0.00171010311688621 0.00469846439361572
v 0.09219999688824715 -0.00086823666458176 0.00492403984069824
v 0.09220000231656698 -0.00000000571026221 0.00500000095367432
v 0.09420000132761559 -0.00089910317107967 0.00471504211425781
v 0.09419999995356003 -0.00020000411145811 0.00479583263397217
v 0.09220000011549229 0.00086823845855629 0.00492403984069824
v 0.09219999518368073 0.00171010491086074 0.00469846439361572
v 0.07520000486042472 0.00433012277735693 0.00250000095367432
v 0.07519999514895258 0.00353553815769038 0.00353553485870361
v 0.07520000317505712 0.00250000179513205 0.00433012771606445
v 0.09419999424050073 0.00405331694107740 0.00257112216949463
v 0.09420000464374288 0.00363378903443813 0.00313616657257080
v 0.09419999940621220 0.00313616321841207 0.00363379573822021
v 0.09419999340395739 0.00257112539684891 0.00405331325531006
v 0.15517418064629557 -0.03396194857291913 0.00000000095367432
v 0.15492468037163734 -0.03352980142070874 0.00000000095367432
v 0.15342468037163737 -0.03093172520935542 0.00000000095367432
v 0.15192468037163737 -0.02833364899800210 0.00000000095367432
v 0.12149999927205564 -0.00150000462612573 0.00000000095367432
v 0.12449999897357643 -0.00150000479845278 0.00000000095367432
v 0.12150000068427698 -0.00144889012880550 0.00038822937011719
v 0.12450000038579780 -0.00144889030113255 0.00038822937011719
v 0.12150000248092743 -0.00129903667331254 0.00075000095367432
v 0.12450000218244824 -0.00129903684563959 0.00075000095367432
v 0.12150000285368379 -0.00106066451621110 0.00106066131591797
v 0.12450000255520458 -0.00106066468853815 0.00106066131591797
v 0.12449999835682754 0.00106066521510014 0.00106066131591797
v 0.12149999836146308 -0.00075000304893316 0.00129903888702393
v 0.12449999806298388 -0.00075000322126021 0.00129903888702393
v 0.12449999624179878 0.00074999993312493 0.00129903888702393
v 0.12449999498298452 -0.00038822725666204 0.00144888973236084
v 0.12449999932179812 0.00038822396852676 0.00144888973236084
v 0.12449999715239132 -0.00000000164406764 0.00150000095367432
v 0.15777225685764887 -0.03246194857291913 0.00000000095367432
v 0.15752275658299067 -0.03202980142070874 0.00000000095367432
v 0.15521844921780859 -0.03393639010123944 0.00038822937011719
v 0.15496894894315036 -0.03350424294902905 0.00038822937011719
v 0.15772799489338532 -0.03248750322990156 0.00038822937011719
v 0.15747849461872712 -0.03205535607769116 0.00038822937011719
v 0.15602275658299067 -0.02943172520935542 0.00000000095367432
v 0.15452275658299067 -0.02683364899800211 0.00000000095367432
v 0.15346894894315036 -0.03090616673767573 0.00038822937011719
v 0.15196894894315036 -0.02830809052632242 0.00038822937011719
v 0.15597849461872712 -0.02945727986633784 0.00038822937011719
v 0.15447849461872712 -0.02685920365498453 0.00038822937011719
v 0.15991987750727013 -0.02718172139465816 0.00000000095367432
v 0.15841987750727013 -0.02458364518330484 0.00000000095367432
v 0.15534822220483657 -0.03386146563224531 0.00075000095367432
v 0.15509872193017837 -0.03342931848003491 0.00075000095367432
v 0.15759822190635733 -0.03256242769889570 0.00075000095367432
v 0.15734872163169913 -0.03213028054668530 0.00075000095367432
v 0.15555465910757582 -0.03374227923087812 0.00106066131591797
v 0.15530515883291762 -0.03331013207866772 0.00106066131591797
v 0.15739177839636861 -0.03268161791496015 0.00106066131591797
v 0.15714227812171042 -0.03224947076274975 0.00106066131591797
v 0.15359872193017837 -0.03083124226868159 0.00075000095367432
v 0.15209872193017837 -0.02823316605732828 0.00075000095367432
v 0.15584872163169913 -0.02953220433533198 0.00075000095367432
v 0.15434872163169913 -0.02693412812397867 0.00075000095367432
v 0.15380515883291762 -0.03071205586731441 0.00106066131591797
v 0.15230515883291762 -0.02811397965596109 0.00106066131591797
v 0.15564227812171041 -0.02965139455139644 0.00106066131591797
v 0.15414227812171041 -0.02705331834004312 0.00106066131591797
v 0.16470046669517385 -0.02846194475822188 0.00000000095367432
v 0.16445096642051565 -0.02802979760601148 0.00000000095367432
v 0.16474472205218793 -0.02843639391593672 0.00038822937011719
v 0.16449522177752973 -0.02800424676372632 0.00038822937011719
v 0.16295096642051565 -0.02543172139465816 0.00000000095367432
v 0.16145096642051565 -0.02283364518330485 0.00000000095367432
v 0.16299522177752973 -0.02540617055237301 0.00038822937011719
v 0.16149522177752973 -0.02280809434101969 0.00038822937011719
v 0.16729854290652715 -0.02696194475822188 0.00000000095367432
v 0.16704904263186895 -0.02652979760601148 0.00000000095367432
v 0.17008013154511450 -0.02477979760601148 0.00000000095367432
v 0.16725427433501414 -0.02698750322990156 0.00038822937011719
v 0.16700477406035594 -0.02655535607769116 0.00038822937011719
v 0.16554904263186895 -0.02393172139465816 0.00000000095367432
v 0.16404904263186895 -0.02133364518330485 0.00000000095367432
v 0.16858013154511450 -0.02218172139465816 0.00000000095367432
v 0.16550477406035594 -0.02395727986633785 0.00038822937011719
v 0.16400477406035593 -0.02135920365498453 0.00038822937011719
v 0.16487450164646539 -0.02836146563224531 0.00075000095367432
v 0.16462500137180719 -0.02792931848003492 0.00075000095367432
v 0.16508093854920464 -0.02824227923087813 0.00106066131591797
v 0.16483143827454644 -0.02781013207866773 0.00106066131591797
v 0.16312500137180719 -0.02533124226868160 0.00075000095367432
v 0.16162500137180719 -0.02273316605732828 0.00075000095367432
v 0.16333143827454644 -0.02521205586731441 0.00106066131591797
v 0.16183143827454644 -0.02261397965596110 0.00106066131591797
v 0.16712449474073671 -0.02706243151359297 0.00075000095367432
v 0.16687499446607851 -0.02663028436138257 0.00075000095367432
v 0.16691805783799743 -0.02718161791496016 0.00106066131591797
v 0.16666855756333923 -0.02674947076274976 0.00106066131591797
v 0.16537499446607851 -0.02403220815002926 0.00075000095367432
v 0.16387499446607851 -0.02143413193867594 0.00075000095367432
v 0.16516855756333923 -0.02415139455139644 0.00106066131591797
v 0.16366855756333923 -0.02155331834004313 0.00106066131591797
v 0.15582369969913387 -0.03358694857291913 0.00129903888702393
v 0.15557419942447567 -0.03315480142070874 0.00129903888702393
v 0.15613700225495550 -0.03340606325797773 0.00144888973236084
v 0.15588750198029730 -0.03297391610576733 0.00144888973236084
v 0.15680943524898894 -0.03301783388786054 0.00144888973236084
v 0.15655993497433074 -0.03258568673565014 0.00144888973236084
v 0.15647321875197220 -0.03321194857291913 0.00150000095367432
v 0.15622371847731401 -0.03277980142070874 0.00150000095367432
v 0.15712273780481054 -0.03283694857291913 0.00129903888702393
v 0.15687323753015234 -0.03240480142070874 0.00129903888702393
v 0.15407419942447567 -0.03055672520935542 0.00129903888702393
v 0.15438750198029730 -0.03037583989441401 0.00144888973236084
v 0.15505993497433074 -0.02998761052429683 0.00144888973236084
v 0.15472371847731400 -0.03018172520935542 0.00150000095367432
v 0.15257419942447567 -0.02795864899800210 0.00129903888702393
v 0.15288750198029730 -0.02777776368306070 0.00144888973236084
v 0.15355993497433074 -0.02738953431294351 0.00144888973236084
v 0.15322371847731400 -0.02758364899800210 0.00150000095367432
v 0.15537323753015234 -0.02980672520935542 0.00129903888702393
v 0.15387323753015233 -0.02720864899800211 0.00129903888702393
v 0.15977232441189268 -0.02726691121399409 0.00129409599304199
v 0.15827232441189268 -0.02466883500264078 0.00129409599304199
v 0.16534998574801218 -0.02808694475822188 0.00129903888702393
v 0.16510048547335399 -0.02765479760601148 0.00129903888702393
v 0.16566328830383381 -0.02790605944328047 0.00144888973236084
v 0.16541378802917561 -0.02747391229107007 0.00144888973236084
v 0.16633572129786722 -0.02751783007316328 0.00144888973236084
v 0.16608622102320902 -0.02708568292095288 0.00144888973236084
v 0.16599950480085052 -0.02771194475822188 0.00150000095367432
v 0.16575000452619229 -0.02727979760601148 0.00150000095367432
v 0.16360048547335398 -0.02505672139465816 0.00129903888702393
v 0.16391378802917561 -0.02487583607971676 0.00144888973236084
v 0.16458622102320902 -0.02448760670959957 0.00144888973236084
v 0.16425000452619229 -0.02468172139465816 0.00150000095367432
v 0.16210048547335398 -0.02245864518330485 0.00129903888702393
v 0.16241378802917561 -0.02227775986836344 0.00144888973236084
v 0.16308622102320902 -0.02188953049824625 0.00144888973236084
v 0.16275000452619232 -0.02208364518330485 0.00150000095367432
v 0.16664902385368885 -0.02733694475822188 0.00129903888702393
v 0.16639952357903065 -0.02690479760601148 0.00129903888702393
v 0.16993257844973703 -0.02486498742534742 0.00129409599304199
v 0.16489952357903065 -0.02430672139465816 0.00129903888702393
v 0.16339952357903065 -0.02170864518330485 0.00129903888702393
v 0.16843257844973705 -0.02226691121399410 0.00129409599304199
v 0.14132808417512147 -0.04137979989482983 0.00500000095367432
v 0.13854249633410712 -0.03538345040102816 0.00500000095367432
v 0.13906013359623987 -0.03545159426315169 0.00500000095367432
v 0.13957777344402481 -0.03538345109984992 0.00500000095367432
v 0.14006013498269032 -0.03518364747212320 0.00500000095367432
v 0.13764591970755097 -0.03486581245126671 0.00500000095367432
v 0.13806013738409298 -0.03518364608567274 0.00500000095367432
v 0.13732808417512146 -0.03445159666455432 0.00500000095367432
v 0.14704371357085402 -0.03115167649434000 0.00500000095367432
v 0.14741289059608895 -0.03087748986391685 0.00500000095367432
v 0.14770967735926652 -0.03052622894780902 0.00500000095367432
v 0.14791838901419119 -0.03011647264510624 0.00500000095367432
v 0.14802799609725886 -0.02966987359005204 0.00500000095367432
v 0.15192468037163737 -0.02833364899800210 0.00500000095367432
v 0.14803270724177539 -0.02921004647116957 0.00500000095367432
v 0.14793226538898721 -0.02876129580549662 0.00500000095367432
v 0.14773197432452514 -0.02834734964519467 0.00500000095367432
v 0.14744244130361625 -0.02799008981673031 0.00500000095367432
v 0.12549999732209413 -0.01396474927877349 0.00500000095367432
v 0.12530019369436740 -0.01348238774010798 0.00500000095367432
v 0.12988503663837891 -0.01081106561210182 0.00500000095367432
v 0.12523205053106562 -0.01296474789232304 0.00500000095367432
v 0.12530020202258368 -0.01244712384468924 0.00500000095367432
v 0.12550000252324184 -0.01196475828742560 0.00500000095367432
v 0.12581783997234514 -0.01155054721813310 0.00500000095367432
v 0.12623204812966299 -0.01123269847120461 0.00500000095367432
v 0.12083013171990976 -0.00770000474244382 0.00500000095367432
v 0.12132962636430565 -0.00649409466398199 0.00500000095367432
v 0.12149999593048871 -0.00519999578660420 0.00500000095367432
v 0.12748630890561669 -0.01050855067457375 0.00500000095367432
v 0.12796447290401819 -0.01030988428661637 0.00500000095367432
v 0.12847759855233823 -0.01024062090888436 0.00500000095367432
v 0.12899131922117990 -0.01030541425997418 0.00500000095367432
v 0.12947118558430476 -0.01049990946690599 0.00500000095367432
v 0.12449999897357643 -0.00150000479845278 0.00500000095367432
v 0.12449999715239132 -0.00000000164406764 0.00500000095367432
v 0.15933974778846610 -0.02751665944397456 0.00250000095367432
v 0.15783974778846610 -0.02491858323262125 0.00250000095367432
v 0.15865160275517029 -0.02791396016418941 0.00353553485870361
v 0.15715160275517029 -0.02531588395283609 0.00353553485870361
v 0.16950000182631048 -0.02511473565532788 0.00250000095367432
v 0.16800000182631047 -0.02251665944397457 0.00250000095367432
v 0.16881185679301466 -0.02551203637554273 0.00353553485870361
v 0.16731185679301466 -0.02291396016418941 0.00353553485870361
v 0.15775481399780902 -0.02843172139465816 0.00433012771606445
v 0.15625481399780902 -0.02583364518330484 0.00433012771606445
v 0.15671046553782084 -0.02903467625916011 0.00482962989807129
v 0.15558974388109845 -0.02968172520935542 0.00500000095367432
v 0.15521046553782084 -0.02643660004780679 0.00482962989807129
v 0.15408974388109847 -0.02708364899800211 0.00500000095367432
v 0.16791506803565340 -0.02602979760601148 0.00433012771606445
v 0.16641506803565340 -0.02343172139465816 0.00433012771606445
v 0.16575000452619229 -0.02727979760601148 0.00500000095367432
v 0.16425000452619229 -0.02468172139465816 0.00500000095367432
v 0.16687071296841574 -0.02663275628521070 0.00482962989807129
v 0.16537071296841574 -0.02403468007385738 0.00482962989807129
v 0.12149999562968541 0.00150000168264455 0.00000000095367432
v 0.12449999533120620 0.00150000151031750 0.00000000095367432
v 0.12149999900964803 0.00499999582837758 0.00000000095367432
v 0.12150000082471354 0.00144889100002158 0.00038822937011719
v 0.12450000052623433 0.00144889082769453 0.00038822937011719
v 0.12149999902806309 0.00129903754452862 0.00075000095367432
v 0.12449999872958389 0.00129903737220157 0.00075000095367432
v 0.12149999865530674 0.00106066538742719 0.00106066131591797
v 0.12449999871116882 0.00499999565605053 0.00000000095367432
v 0.12149999654027796 0.00075000010545198 0.00129903888702393
v 0.12149999528146373 -0.00038822708433499 0.00144888973236084
v 0.12149999745087052 -0.00000000147174059 0.00150000095367432
v 0.12149999962027733 0.00038822414085380 0.00144888973236084
v 0.12149999768493143 0.00482963374297121 0.00129409599304199
v 0.12449999738645222 0.00482963357064416 0.00129409599304199
v 0.12150000270817908 0.00433012858249012 0.00250000095367432
v 0.12150000062610150 0.00353553074832461 0.00353553485870361
v 0.12450000240969988 0.00433012841016307 0.00250000095367432
v 0.12450000032762229 0.00353553057599756 0.00353553485870361
v 0.12149999441556202 0.00250000378556797 0.00433012771606445
v 0.12150000213909501 0.00129408830840705 0.00482962989807129
v 0.12149999745087052 -0.00000000147174059 0.00500000095367432
v 0.12450000184061580 0.00129408813608000 0.00482962989807129
v 0.12449999411708280 0.00250000361324092 0.00433012771606445
f 2 3 4
f 1 2 4
f 1 4 5
f 1 5 6
f 5 7 6
f 3 13 4
f 6 7 8
f 1 6 17
f 4 12 5
f 1 175 2
f 7 10 8
f 5 15 7
f 4 13 12
f 3 14 13
f 3 174 14
f 8 10 9
f 6 8 19
f 6 19 17
f 8 9 480
f 7 16 10
f 5 12 15
f 1 17 175
f 7 15 16
f 9 10 11
f 10 18 11
f 15 170 172
f 10 16 18
f 12 13 169
f 12 170 15
f 8 480 19
f 9 11 478
f 9 478 480
f 15 172 16
f 16 172 175
f 16 175 18
f 17 18 175
f 17 20 18
f 11 18 20
f 11 20 479
f 11 479 478
f 17 19 20
f 19 481 20
f 19 480 481
f 20 481 479
f 21 22 23
f 21 26 22
f 21 25 26
f 22 26 24
f 22 24 23
f 23 24 29
f 25 34 26
f 25 33 34
f 21 23 85
f 23 30 32
f 23 29 30
f 28 31 32
f 27 28 30
f 27 30 29
f 27 29 59
f 28 32 30
f 23 32 36
f 31 36 32
f 31 35 36
f 27 59 103
f 21 85 25
f 33 74 34
f 24 26 93
f 33 73 74
f 25 86 33
f 26 34 93
f 34 74 89
f 23 98 88
f 23 87 85
f 23 88 87
f 24 93 115
f 23 36 98
f 35 98 36
f 27 101 28
f 28 149 31
f 35 97 98
f 31 161 35
f 24 115 113
f 27 104 101
f 27 103 104
f 59 105 103
f 59 106 105
f 38 59 52
f 2 37 3
f 3 37 38
f 3 38 44
f 38 43 44
f 38 39 40
f 38 52 39
f 38 40 41
f 38 41 42
f 38 42 43
f 43 47 44
f 44 47 45
f 45 47 48
f 45 48 49
f 45 49 46
f 46 50 446
f 46 49 50
f 50 51 446
f 51 53 446
f 2 170 37
f 37 171 38
f 3 44 174
f 37 170 169
f 37 169 171
f 2 172 170
f 38 171 173
f 56 59 57
f 55 59 56
f 57 59 58
f 52 59 55
f 29 62 59
f 24 72 29
f 58 59 60
f 59 61 60
f 59 62 61
f 29 63 62
f 29 64 63
f 29 72 64
f 24 113 72
f 64 72 68
f 68 72 69
f 69 72 70
f 70 72 71
f 66 71 72
f 65 67 72
f 66 72 67
f 38 625 59
f 72 113 117
f 72 117 119
f 33 77 73
f 25 85 86
f 73 78 74
f 33 86 77
f 34 89 93
f 73 75 78
f 73 122 75
f 73 77 122
f 76 77 82
f 74 78 79
f 74 79 91
f 74 91 89
f 79 80 92
f 88 98 130
f 81 82 86
f 81 86 85
f 81 85 83
f 83 85 87
f 77 86 82
f 83 87 84
f 84 87 88
f 90 91 92
f 89 91 90
f 89 90 94
f 89 94 93
f 79 92 91
f 93 94 96
f 93 96 95
f 97 100 98
f 35 161 97
f 28 101 145
f 28 145 149
f 59 147 106
f 59 151 147
f 59 163 151
f 97 99 100
f 98 100 130
f 97 538 99
f 93 95 115
f 95 111 115
f 31 149 161
f 59 625 163
f 104 107 108
f 103 107 104
f 103 105 109
f 103 109 107
f 101 104 108
f 101 108 102
f 105 106 110
f 105 110 109
f 107 109 108
f 102 108 109
f 102 109 110
f 114 115 116
f 113 115 114
f 113 114 118
f 113 118 117
f 111 116 115
f 111 112 116
f 117 118 120
f 117 120 119
f 76 122 77
f 76 121 122
f 121 124 122
f 75 122 124
f 75 507 78
f 121 123 124
f 123 138 124
f 75 124 138
f 78 125 79
f 79 125 80
f 80 125 126
f 80 128 92
f 78 127 125
f 80 126 128
f 125 127 126
f 78 139 127
f 126 127 128
f 127 139 128
f 84 88 129
f 88 130 129
f 129 130 131
f 100 132 130
f 130 132 131
f 131 132 141
f 100 142 132
f 90 92 128
f 90 128 94
f 94 128 96
f 95 96 134
f 95 134 133
f 96 128 134
f 133 134 136
f 128 136 134
f 133 136 135
f 128 144 136
f 135 136 144
f 75 138 502
f 75 502 507
f 123 137 138
f 76 567 121
f 121 522 123
f 137 504 138
f 123 520 137
f 137 503 504
f 138 504 502
f 78 507 139
f 128 139 140
f 139 508 140
f 139 507 508
f 140 508 509
f 81 575 82
f 81 83 574
f 83 84 572
f 132 142 141
f 76 82 573
f 84 129 530
f 129 131 528
f 131 141 514
f 141 142 512
f 142 513 512
f 142 537 513
f 135 144 143
f 128 517 144
f 143 144 517
f 128 140 533
f 128 519 517
f 143 517 516
f 99 537 100
f 95 133 111
f 133 135 153
f 111 133 153
f 135 143 157
f 135 157 153
f 101 102 145
f 102 146 145
f 97 161 538
f 145 146 149
f 106 148 110
f 106 147 148
f 147 152 148
f 102 110 146
f 110 148 146
f 146 148 150
f 146 150 149
f 149 150 161
f 147 151 152
f 151 164 152
f 148 152 150
f 150 152 162
f 111 153 112
f 112 153 154
f 153 157 154
f 119 120 156
f 119 156 155
f 155 156 160
f 154 157 158
f 157 165 158
f 112 559 116
f 155 160 159
f 114 116 559
f 114 559 118
f 118 559 120
f 159 160 168
f 99 536 537
f 100 537 142
f 99 538 536
f 143 165 157
f 143 516 165
f 165 516 544
f 150 162 161
f 151 163 164
f 152 164 162
f 161 162 538
f 162 539 538
f 163 626 164
f 163 625 626
f 162 164 539
f 164 626 539
f 158 165 166
f 112 154 559
f 154 158 559
f 120 559 156
f 159 168 167
f 156 559 160
f 165 544 166
f 166 544 545
f 158 166 559
f 167 168 628
f 167 628 627
f 160 563 168
f 38 610 625
f 52 55 664
f 2 175 172
f 38 173 176
f 38 176 178
f 38 178 180
f 44 177 174
f 44 179 177
f 44 181 179
f 38 180 610
f 12 169 170
f 13 171 169
f 14 173 171
f 13 14 171
f 14 174 173
f 39 651 40
f 41 653 42
f 40 652 41
f 42 654 43
f 44 611 181
f 44 45 657
f 45 46 658
f 46 446 957
f 43 659 47
f 47 659 48
f 48 660 49
f 49 661 50
f 50 662 51
f 51 663 53
f 39 52 664
f 53 665 54
f 173 174 176
f 174 177 176
f 176 177 178
f 177 179 178
f 178 179 180
f 179 181 180
f 180 181 610
f 181 611 610
f 55 56 668
f 56 57 668
f 57 58 669
f 58 60 670
f 72 119 155
f 72 155 159
f 72 159 167
f 60 61 672
f 61 62 673
f 62 63 674
f 63 64 676
f 64 68 676
f 72 167 627
f 54 677 65
f 65 677 67
f 66 678 71
f 66 67 679
f 68 69 681
f 69 70 682
f 70 71 683
f 72 684 1068
f 184 235 259
f 184 259 332
f 235 260 259
f 186 188 189
f 185 187 186
f 186 187 188
f 186 189 198
f 185 186 194
f 182 192 185
f 182 185 210
f 185 192 187
f 185 240 210
f 195 196 220
f 185 220 240
f 186 201 208
f 186 198 199
f 186 199 200
f 186 200 201
f 186 208 194
f 189 202 198
f 189 203 202
f 189 204 203
f 189 205 204
f 190 206 205
f 190 207 206
f 185 194 195
f 185 195 220
f 189 190 205
f 190 191 229
f 190 209 207
f 190 233 209
f 190 229 233
f 191 230 229
f 191 234 230
f 191 211 242
f 191 242 234
f 210 240 212
f 188 318 189
f 194 208 277
f 194 278 195
f 196 279 197
f 193 197 280
f 195 278 196
f 212 240 248
f 198 306 199
f 198 202 307
f 202 203 308
f 203 204 308
f 204 205 309
f 205 206 310
f 200 304 201
f 201 305 208
f 199 304 200
f 206 207 311
f 207 209 311
f 209 233 312
f 211 214 242
f 243 453 2884
f 211 213 214
f 213 249 214
f 215 219 216
f 215 218 219
f 218 223 219
f 216 219 220
f 193 220 197
f 193 217 220
f 216 220 217
f 196 197 220
f 219 223 224
f 230 234 231
f 219 224 225
f 219 225 226
f 219 226 234
f 226 228 234
f 227 234 228
f 227 232 234
f 231 234 232
f 221 235 222
f 221 237 235
f 222 235 236
f 183 236 235
f 222 236 241
f 183 241 236
f 215 216 338
f 215 339 218
f 193 337 217
f 216 217 337
f 219 341 220
f 183 253 241
f 221 222 343
f 220 335 240
f 222 241 343
f 223 366 224
f 218 366 223
f 224 367 225
f 225 368 226
f 229 364 233
f 229 230 365
f 230 231 365
f 227 369 232
f 231 232 370
f 226 371 228
f 227 228 371
f 219 234 372
f 214 254 242
f 234 242 373
f 183 235 184
f 183 184 253
f 221 382 237
f 245 2884 246
f 243 2884 244
f 244 2884 245
f 212 248 247
f 187 318 188
f 187 192 318
f 189 402 190
f 190 402 191
f 182 320 192
f 182 210 320
f 191 406 211
f 194 277 278
f 196 278 279
f 197 279 280
f 214 251 254
f 199 306 304
f 198 307 306
f 201 304 305
f 208 305 277
f 202 308 307
f 204 309 308
f 205 310 309
f 206 311 310
f 209 312 311
f 247 276 261
f 210 212 403
f 212 247 403
f 247 248 276
f 248 342 276
f 251 330 378
f 214 249 250
f 214 250 251
f 211 391 213
f 213 391 249
f 250 252 251
f 251 252 330
f 249 398 250
f 241 253 344
f 240 333 248
f 216 337 338
f 215 338 339
f 193 280 337
f 219 372 341
f 220 341 335
f 184 332 253
f 221 343 381
f 229 365 364
f 231 370 365
f 218 339 366
f 224 366 367
f 225 367 368
f 226 368 371
f 232 369 370
f 227 371 369
f 233 364 312
f 242 254 375
f 234 373 372
f 221 381 382
f 237 382 383
f 237 383 384
f 237 384 385
f 237 385 386
f 240 335 334
f 240 334 333
f 241 344 343
f 253 345 344
f 248 333 336
f 248 336 342
f 253 332 347
f 253 346 345
f 253 347 346
f 251 378 254
f 242 374 373
f 242 375 374
f 254 376 375
f 254 377 376
f 254 378 377
f 237 386 387
f 255 261 317
f 255 317 256
f 255 407 261
f 255 256 407
f 256 317 390
f 256 390 257
f 256 257 407
f 257 390 258
f 257 435 407
f 258 390 687
f 257 258 435
f 258 687 435
f 259 388 332
f 235 685 260
f 259 260 388
f 260 750 388
f 260 685 750
f 261 276 317
f 192 320 318
f 189 318 402
f 263 266 268
f 262 266 263
f 262 269 267
f 262 263 269
f 263 265 269
f 264 265 268
f 263 268 265
f 265 271 269
f 266 267 268
f 262 267 266
f 264 268 267
f 264 267 270
f 267 269 297
f 264 270 271
f 264 271 265
f 269 271 273
f 270 273 271
f 269 273 275
f 267 272 270
f 267 294 274
f 267 274 272
f 267 297 294
f 247 261 425
f 210 403 320
f 270 272 273
f 272 274 275
f 272 275 273
f 211 406 391
f 191 402 406
f 276 361 329
f 282 288 283
f 281 288 282
f 283 288 307
f 284 307 285
f 283 307 284
f 286 308 287
f 285 308 286
f 287 309 289
f 290 293 291
f 289 309 290
f 291 293 292
f 294 295 296
f 294 297 295
f 295 298 296
f 294 296 300
f 295 297 298
f 296 298 299
f 296 299 300
f 294 300 302
f 299 301 300
f 294 302 313
f 300 301 302
f 297 316 298
f 301 303 302
f 294 313 315
f 302 303 313
f 298 316 299
f 299 316 301
f 301 316 303
f 288 304 306
f 277 305 288
f 288 305 304
f 288 306 307
f 285 307 308
f 277 288 278
f 287 308 309
f 290 309 293
f 293 309 310
f 293 310 311
f 293 311 312
f 293 312 364
f 293 364 365
f 303 314 313
f 314 316 315
f 313 314 315
f 303 316 314
f 317 329 390
f 247 425 403
f 318 320 319
f 320 321 322
f 320 327 326
f 320 322 323
f 320 328 327
f 320 323 324
f 320 324 328
f 319 320 325
f 320 326 325
f 330 398 427
f 276 329 317
f 250 398 252
f 249 391 398
f 252 398 330
f 330 331 378
f 330 427 331
f 331 445 389
f 243 953 448
f 342 346 347
f 278 341 279
f 279 341 280
f 280 341 337
f 337 341 338
f 338 341 339
f 339 341 366
f 334 335 343
f 333 334 344
f 335 341 340
f 335 340 348
f 335 348 343
f 333 345 336
f 341 372 366
f 276 342 360
f 276 360 361
f 336 346 342
f 342 347 360
f 333 344 345
f 336 345 346
f 332 362 347
f 332 363 362
f 334 343 344
f 343 348 349
f 343 349 350
f 343 350 351
f 343 351 352
f 343 352 355
f 343 355 381
f 355 356 381
f 356 357 381
f 357 358 381
f 354 381 359
f 358 359 381
f 347 362 360
f 361 362 363
f 360 362 361
f 332 388 363
f 365 370 372
f 366 372 367
f 367 372 368
f 368 372 371
f 369 372 370
f 369 371 372
f 353 372 373
f 353 373 354
f 354 373 381
f 373 374 382
f 374 375 383
f 375 376 384
f 377 378 379
f 378 380 379
f 376 377 385
f 377 379 386
f 379 380 387
f 378 389 380
f 373 382 381
f 374 383 382
f 375 384 383
f 376 385 384
f 377 386 385
f 379 387 386
f 331 389 378
f 237 387 813
f 237 950 238
f 238 951 239
f 239 952 246
f 453 3868 2884
f 243 244 954
f 244 245 955
f 245 246 956
f 261 407 425
f 318 319 402
f 319 325 404
f 320 403 321
f 325 326 405
f 391 392 393
f 391 393 394
f 321 413 322
f 326 327 415
f 322 414 323
f 327 328 416
f 323 418 324
f 324 420 328
f 319 404 402
f 391 394 395
f 391 395 396
f 391 396 397
f 391 397 399
f 391 399 401
f 391 400 398
f 391 401 400
f 391 406 392
f 392 417 393
f 269 766 297
f 325 405 404
f 321 403 413
f 322 413 414
f 326 415 405
f 327 416 415
f 323 414 418
f 324 418 420
f 328 420 419
f 328 419 416
f 393 421 394
f 394 422 395
f 395 423 396
f 396 428 397
f 397 429 399
f 399 430 401
f 400 401 431
f 398 400 427
f 269 275 766
f 274 294 765
f 274 765 275
f 392 406 417
f 294 315 765
f 402 404 406
f 404 405 417
f 404 417 406
f 393 417 421
f 394 421 422
f 395 422 423
f 329 361 727
f 329 727 390
f 281 282 834
f 281 833 288
f 282 283 835
f 283 284 836
f 284 285 837
f 285 286 838
f 286 287 839
f 287 289 841
f 289 290 842
f 290 291 843
f 291 292 844
f 292 293 845
f 297 827 316
f 315 316 778
f 278 288 830
f 293 365 845
f 390 727 687
f 407 408 425
f 407 435 408
f 408 435 409
f 408 409 426
f 409 410 437
f 409 435 410
f 410 435 411
f 411 435 412
f 410 411 438
f 411 412 439
f 408 426 425
f 409 437 426
f 410 438 437
f 405 415 421
f 405 421 417
f 415 416 422
f 403 425 413
f 413 426 414
f 414 437 418
f 415 422 421
f 416 419 423
f 416 423 422
f 396 423 424
f 396 424 428
f 397 428 429
f 400 431 427
f 399 429 430
f 401 430 431
f 413 425 426
f 418 438 420
f 419 420 439
f 414 426 437
f 419 424 423
f 418 437 438
f 420 438 439
f 419 440 424
f 427 694 445
f 435 687 692
f 412 435 432
f 432 435 433
f 412 432 441
f 433 435 434
f 434 435 436
f 432 433 442
f 433 434 443
f 411 439 438
f 412 440 439
f 412 441 440
f 434 436 444
f 435 692 436
f 432 442 441
f 433 443 442
f 434 444 443
f 436 692 444
f 419 439 440
f 427 431 694
f 430 693 431
f 424 698 428
f 428 697 429
f 429 696 430
f 424 440 698
f 431 693 694
f 430 695 693
f 430 696 695
f 429 697 696
f 428 698 697
f 331 427 445
f 445 694 747
f 445 747 751
f 363 388 750
f 361 363 796
f 278 867 341
f 340 866 348
f 340 341 866
f 348 869 349
f 349 870 350
f 350 871 351
f 351 872 352
f 352 873 355
f 353 354 875
f 355 876 356
f 356 877 357
f 357 878 358
f 358 879 359
f 354 359 880
f 380 389 751
f 365 372 882
f 389 445 751
f 353 889 372
f 380 806 387
f 53 449 446
f 53 454 449
f 447 449 451
f 447 452 448
f 449 454 451
f 448 452 453
f 447 450 452
f 447 451 450
f 53 54 454
f 54 455 454
f 54 456 455
f 54 462 456
f 54 65 462
f 456 462 457
f 457 462 458
f 458 462 459
f 459 462 460
f 460 462 461
f 243 448 453
f 461 462 463
f 462 464 463
f 65 72 462
f 72 1068 462
f 462 477 464
f 464 476 465
f 465 475 466
f 466 473 3049
f 466 472 473
f 466 469 467
f 466 467 468
f 466 468 472
f 466 470 469
f 466 471 470
f 466 474 471
f 466 475 474
f 465 476 475
f 464 477 476
f 462 3069 477
f 447 448 959
f 446 449 960
f 447 958 449
f 450 961 452
f 450 451 962
f 452 963 453
f 451 454 965
f 454 455 965
f 455 456 967
f 456 457 968
f 457 458 969
f 458 459 970
f 459 460 971
f 460 461 972
f 461 463 972
f 462 1666 973
f 463 464 975
f 464 465 975
f 465 466 977
f 466 3049 977
f 468 979 472
f 467 978 468
f 467 469 980
f 469 470 981
f 470 471 982
f 471 474 985
f 472 983 473
f 474 475 986
f 475 476 987
f 476 477 988
f 478 479 487
f 478 487 480
f 480 493 482
f 479 481 483
f 480 483 481
f 480 482 483
f 479 483 488
f 482 485 483
f 479 488 487
f 482 484 485
f 484 486 485
f 483 485 488
f 484 616 486
f 486 616 489
f 489 616 619
f 480 487 493
f 482 494 484
f 487 488 493
f 482 493 494
f 485 495 488
f 489 619 490
f 485 486 495
f 490 621 492
f 488 495 493
f 484 497 616
f 486 489 496
f 486 496 495
f 489 490 498
f 493 495 494
f 484 494 497
f 490 492 500
f 491 624 501
f 491 501 492
f 489 498 496
f 494 495 496
f 497 499 616
f 490 500 498
f 494 496 497
f 492 501 500
f 496 498 497
f 497 498 499
f 498 500 499
f 499 500 649
f 500 501 649
f 137 505 503
f 503 506 504
f 137 520 505
f 503 505 506
f 502 504 506
f 502 569 507
f 502 506 566
f 123 522 520
f 121 567 522
f 76 573 567
f 505 521 506
f 507 510 508
f 508 510 509
f 509 510 511
f 507 569 510
f 510 524 511
f 141 512 514
f 131 514 528
f 512 513 514
f 129 528 530
f 513 515 514
f 513 537 515
f 84 530 572
f 83 572 574
f 82 575 573
f 81 574 575
f 514 515 528
f 140 509 533
f 128 533 519
f 516 517 519
f 516 519 518
f 509 511 533
f 518 519 533
f 502 566 569
f 505 520 521
f 520 523 521
f 506 521 566
f 520 522 523
f 522 568 523
f 522 567 568
f 521 523 566
f 511 524 525
f 510 569 524
f 524 526 525
f 524 569 526
f 525 526 527
f 525 527 585
f 526 569 570
f 526 570 527
f 527 570 571
f 515 529 528
f 528 529 530
f 515 589 529
f 529 531 530
f 530 531 572
f 531 576 572
f 529 589 531
f 511 525 533
f 518 533 532
f 525 535 533
f 532 533 535
f 525 581 535
f 532 535 534
f 525 585 581
f 534 535 581
f 534 581 580
f 536 589 537
f 515 537 589
f 536 538 588
f 516 518 546
f 516 546 544
f 518 558 546
f 538 539 540
f 539 541 540
f 543 626 625
f 542 543 625
f 539 626 541
f 541 626 543
f 540 541 550
f 542 553 543
f 541 543 551
f 544 546 545
f 166 545 559
f 545 546 547
f 549 627 628
f 168 563 628
f 548 627 549
f 545 547 559
f 546 558 547
f 160 559 563
f 549 628 563
f 548 549 561
f 536 588 589
f 518 532 558
f 532 562 558
f 532 534 562
f 534 580 600
f 534 600 562
f 541 551 550
f 550 551 554
f 542 552 553
f 552 557 553
f 543 553 551
f 551 553 555
f 538 540 633
f 551 555 554
f 554 555 590
f 555 591 590
f 552 556 557
f 556 596 557
f 556 592 596
f 553 557 555
f 555 557 591
f 557 596 591
f 547 558 559
f 558 562 559
f 548 561 560
f 549 563 561
f 560 561 565
f 559 562 563
f 562 600 563
f 563 600 601
f 561 563 565
f 560 565 564
f 563 601 565
f 564 565 603
f 564 603 602
f 567 577 568
f 566 630 569
f 523 629 566
f 523 568 629
f 570 582 571
f 569 630 570
f 570 630 582
f 582 630 586
f 567 573 577
f 572 576 574
f 574 576 578
f 573 575 579
f 573 579 577
f 574 578 575
f 575 578 579
f 531 634 576
f 527 571 587
f 571 582 583
f 527 587 585
f 580 581 585
f 580 585 584
f 582 586 583
f 583 586 587
f 571 583 587
f 584 587 586
f 584 585 587
f 566 629 630
f 568 577 631
f 568 631 629
f 577 579 637
f 584 586 632
f 538 633 588
f 588 634 589
f 531 589 634
f 580 584 604
f 580 604 600
f 590 591 593
f 591 597 593
f 592 594 598
f 592 598 596
f 593 597 595
f 594 595 599
f 595 597 599
f 594 599 598
f 591 596 597
f 596 598 597
f 597 598 599
f 540 550 643
f 542 625 671
f 565 601 605
f 600 604 601
f 601 604 605
f 565 605 603
f 602 603 607
f 602 607 606
f 604 608 605
f 605 608 609
f 606 609 608
f 606 607 609
f 603 605 609
f 603 609 607
f 588 633 634
f 540 635 633
f 542 671 552
f 550 554 645
f 554 590 645
f 552 671 556
f 556 671 592
f 610 611 612
f 611 613 612
f 612 613 614
f 44 656 611
f 613 615 614
f 614 615 617
f 615 618 617
f 617 618 620
f 618 624 620
f 490 619 621
f 620 624 622
f 492 621 623
f 491 623 622
f 491 622 624
f 491 492 623
f 610 612 650
f 39 664 651
f 40 651 652
f 41 652 653
f 42 653 654
f 43 654 655
f 43 655 659
f 611 656 613
f 44 657 656
f 45 658 657
f 46 957 658
f 48 659 660
f 49 660 661
f 50 661 662
f 51 662 663
f 612 614 650
f 614 617 650
f 499 619 616
f 617 620 650
f 613 656 615
f 615 656 618
f 618 656 624
f 53 663 665
f 54 665 666
f 54 666 677
f 72 627 684
f 610 671 625
f 55 668 667
f 57 669 668
f 58 670 669
f 60 672 670
f 55 667 664
f 61 673 672
f 62 674 673
f 63 675 674
f 63 676 675
f 548 684 627
f 548 560 684
f 560 564 684
f 564 602 684
f 67 677 679
f 66 679 678
f 68 680 676
f 68 681 680
f 69 682 681
f 70 683 682
f 71 678 683
f 629 632 630
f 577 637 631
f 586 630 632
f 584 632 638
f 576 641 578
f 578 641 579
f 576 634 641
f 584 642 604
f 629 631 632
f 579 639 637
f 584 638 642
f 540 643 635
f 633 636 634
f 604 642 608
f 590 593 646
f 593 595 646
f 592 671 594
f 594 671 595
f 633 635 636
f 634 636 641
f 550 645 643
f 590 646 645
f 631 638 632
f 631 637 638
f 579 641 639
f 637 640 638
f 637 639 640
f 639 642 640
f 638 640 642
f 639 641 642
f 641 648 642
f 635 644 636
f 636 644 641
f 635 643 644
f 595 671 646
f 643 647 644
f 641 644 647
f 641 647 648
f 643 645 647
f 645 648 647
f 645 646 648
f 646 671 648
f 610 650 671
f 499 621 619
f 621 649 623
f 622 623 649
f 620 622 650
f 650 664 671
f 499 649 621
f 622 649 650
f 501 624 656
f 501 650 649
f 501 656 650
f 650 656 655
f 650 652 651
f 650 651 664
f 650 653 652
f 650 654 653
f 650 655 654
f 655 656 659
f 656 657 659
f 657 660 659
f 657 661 660
f 657 658 661
f 658 957 662
f 658 662 661
f 662 957 663
f 663 957 665
f 602 606 684
f 606 608 684
f 668 669 671
f 667 668 671
f 669 670 671
f 664 667 671
f 608 642 684
f 648 671 674
f 642 648 684
f 670 672 671
f 671 672 673
f 671 673 674
f 648 674 675
f 648 675 676
f 648 676 684
f 676 680 684
f 680 681 684
f 681 682 684
f 682 683 684
f 678 684 683
f 677 684 679
f 678 679 684
f 732 825 818
f 732 820 744
f 732 818 819
f 685 792 750
f 685 686 792
f 686 861 792
f 686 822 861
f 685 949 686
f 687 727 728
f 687 728 692
f 688 745 694
f 688 693 689
f 688 689 745
f 689 690 745
f 689 695 690
f 690 696 691
f 690 691 745
f 691 702 745
f 691 697 702
f 440 441 712
f 441 442 710
f 443 444 708
f 444 692 709
f 442 443 708
f 440 715 698
f 688 694 693
f 690 695 696
f 689 693 695
f 691 696 697
f 444 709 708
f 442 708 710
f 440 712 715
f 441 710 712
f 692 711 709
f 698 720 699
f 697 698 702
f 698 699 702
f 699 700 703
f 692 728 711
f 702 703 745
f 703 704 745
f 704 705 745
f 699 703 702
f 700 704 703
f 705 706 745
f 706 707 745
f 701 705 704
f 705 713 706
f 709 711 730
f 708 709 729
f 708 731 710
f 710 733 712
f 712 739 715
f 715 739 716
f 706 714 707
f 698 715 720
f 699 719 700
f 700 721 701
f 715 716 720
f 699 720 719
f 701 725 713
f 713 726 714
f 700 719 721
f 700 701 704
f 701 713 705
f 706 713 714
f 716 717 723
f 717 718 724
f 716 723 720
f 701 721 725
f 713 725 726
f 714 726 737
f 718 722 735
f 717 724 723
f 718 735 724
f 361 794 727
f 709 730 729
f 711 732 730
f 708 729 731
f 710 731 733
f 712 733 739
f 716 740 717
f 717 741 718
f 718 742 722
f 716 739 740
f 717 740 741
f 718 741 742
f 722 743 734
f 719 752 721
f 719 720 754
f 720 723 754
f 721 753 725
f 723 724 755
f 724 735 756
f 735 736 757
f 275 765 766
f 297 766 827
f 315 826 765
f 722 734 736
f 722 736 735
f 734 738 736
f 725 758 726
f 726 759 737
f 315 777 826
f 711 728 763
f 729 744 731
f 729 730 744
f 730 732 744
f 731 744 733
f 733 744 739
f 722 742 743
f 734 743 744
f 739 744 740
f 740 744 741
f 736 738 761
f 723 755 754
f 721 752 753
f 719 754 752
f 724 756 755
f 725 753 758
f 726 758 759
f 741 744 742
f 742 744 743
f 735 757 756
f 736 761 757
f 737 759 760
f 738 762 761
f 707 714 859
f 727 764 728
f 278 830 867
f 727 794 764
f 281 834 833
f 282 835 834
f 283 836 835
f 284 837 836
f 285 838 837
f 286 839 838
f 287 841 839
f 288 833 840
f 288 840 830
f 289 842 841
f 290 843 842
f 291 844 843
f 292 845 844
f 315 778 777
f 316 847 778
f 365 882 845
f 316 827 847
f 694 745 747
f 745 746 747
f 707 748 745
f 745 748 746
f 747 749 751
f 746 749 747
f 746 748 749
f 707 789 748
f 748 789 749
f 363 750 796
f 380 751 806
f 235 949 685
f 361 796 794
f 348 866 869
f 341 867 866
f 349 869 870
f 350 870 871
f 351 871 872
f 352 872 873
f 353 875 874
f 354 880 875
f 355 873 876
f 356 876 877
f 357 877 878
f 359 879 880
f 358 878 879
f 750 792 796
f 372 889 882
f 749 793 751
f 353 874 889
f 751 793 806
f 387 806 813
f 237 813 950
f 728 764 763
f 711 825 732
f 711 763 825
f 752 754 760
f 754 755 760
f 755 756 760
f 756 757 760
f 757 761 760
f 752 760 753
f 753 760 758
f 758 760 759
f 760 761 762
f 714 737 860
f 763 764 828
f 763 828 825
f 734 744 896
f 765 767 768
f 765 768 766
f 765 769 767
f 767 770 768
f 734 898 738
f 737 760 897
f 738 903 762
f 760 762 924
f 765 771 769
f 767 769 770
f 765 775 771
f 766 768 827
f 769 771 772
f 769 772 770
f 768 770 827
f 765 776 775
f 765 826 776
f 771 775 773
f 771 773 772
f 770 772 827
f 774 775 776
f 773 775 774
f 772 773 827
f 774 776 827
f 773 774 827
f 776 826 827
f 777 846 826
f 764 794 828
f 778 780 779
f 777 778 779
f 777 779 781
f 779 780 781
f 778 782 780
f 777 781 783
f 777 783 784
f 780 782 781
f 777 784 785
f 777 785 846
f 781 782 783
f 778 847 787
f 782 788 783
f 778 788 782
f 778 786 788
f 778 787 786
f 783 788 784
f 784 788 786
f 784 786 785
f 785 787 846
f 785 786 787
f 787 847 846
f 707 791 789
f 707 859 791
f 789 791 790
f 749 789 790
f 749 790 793
f 714 860 859
f 790 791 859
f 790 859 891
f 790 891 793
f 238 950 951
f 239 951 952
f 246 952 956
f 795 796 797
f 794 796 795
f 795 797 798
f 792 861 796
f 797 802 798
f 799 802 803
f 794 795 828
f 795 798 828
f 798 802 799
f 799 803 800
f 800 804 801
f 801 805 862
f 796 861 797
f 797 861 802
f 800 803 804
f 801 804 805
f 805 868 862
f 793 891 806
f 806 807 814
f 806 891 807
f 807 891 808
f 807 808 815
f 808 811 816
f 810 817 811
f 809 890 892
f 809 812 810
f 806 814 813
f 807 815 814
f 808 816 815
f 811 817 816
f 810 812 817
f 809 892 812
f 243 954 953
f 244 955 954
f 245 956 955
f 732 819 820
f 818 825 857
f 818 857 819
f 744 820 821
f 819 895 820
f 820 895 821
f 686 949 822
f 822 823 893
f 822 949 823
f 825 828 857
f 826 846 827
f 827 846 847
f 737 922 860
f 737 897 922
f 798 858 828
f 828 858 857
f 834 835 840
f 833 834 840
f 835 851 840
f 836 837 851
f 835 836 851
f 838 839 852
f 837 838 852
f 839 841 853
f 842 843 845
f 841 842 853
f 843 844 845
f 840 850 848
f 840 848 849
f 829 840 849
f 840 851 850
f 837 852 851
f 829 830 840
f 839 853 852
f 842 845 853
f 845 854 853
f 845 855 854
f 845 856 855
f 845 881 856
f 845 882 881
f 859 860 891
f 857 858 895
f 744 821 896
f 734 896 898
f 819 857 895
f 760 924 923
f 760 923 897
f 738 898 901
f 762 900 924
f 762 899 900
f 738 901 903
f 829 906 830
f 830 907 831
f 831 908 832
f 848 911 849
f 829 849 910
f 848 850 913
f 850 851 914
f 851 852 915
f 852 853 917
f 853 854 918
f 854 855 920
f 855 856 921
f 860 922 894
f 830 831 867
f 831 832 867
f 832 863 867
f 863 864 867
f 864 865 867
f 865 883 867
f 862 866 867
f 862 869 866
f 862 868 869
f 867 883 889
f 798 799 858
f 799 800 858
f 802 861 893
f 802 893 803
f 803 893 804
f 868 870 869
f 868 871 870
f 868 872 871
f 868 873 872
f 868 876 873
f 868 892 876
f 876 892 877
f 877 892 878
f 878 892 879
f 875 880 892
f 879 892 880
f 800 801 925
f 801 862 925
f 804 893 805
f 822 893 861
f 805 926 868
f 882 889 887
f 883 884 889
f 884 885 889
f 885 888 889
f 886 887 889
f 886 889 888
f 874 890 889
f 874 875 890
f 875 892 890
f 808 894 811
f 810 811 894
f 808 891 894
f 860 894 891
f 809 927 890
f 809 810 927
f 813 814 950
f 862 867 928
f 800 925 858
f 832 909 863
f 863 930 864
f 864 931 865
f 867 889 933
f 868 935 892
f 805 893 926
f 881 882 936
f 882 887 938
f 865 932 883
f 883 941 884
f 884 943 885
f 885 942 888
f 886 939 887
f 886 888 944
f 856 881 946
f 889 890 947
f 810 894 927
f 812 892 935
f 814 815 950
f 815 816 950
f 816 817 950
f 812 950 817
f 762 903 899
f 821 895 896
f 895 925 896
f 858 925 895
f 830 906 905
f 829 910 906
f 830 905 907
f 831 907 908
f 832 908 909
f 849 911 910
f 848 912 911
f 848 913 912
f 855 921 919
f 855 919 920
f 850 914 913
f 851 915 914
f 852 916 915
f 852 917 916
f 854 920 918
f 853 918 917
f 856 946 921
f 897 927 922
f 900 902 924
f 896 925 898
f 897 923 902
f 902 923 924
f 899 904 900
f 898 906 901
f 901 914 903
f 900 904 902
f 899 903 904
f 898 925 928
f 905 928 907
f 897 902 927
f 902 947 927
f 898 905 906
f 898 928 905
f 901 906 910
f 901 910 911
f 901 911 912
f 901 912 913
f 901 913 914
f 903 914 915
f 903 916 917
f 903 915 916
f 903 917 918
f 904 920 919
f 904 918 920
f 902 904 936
f 903 918 904
f 902 936 937
f 902 937 947
f 904 946 936
f 904 919 921
f 904 921 946
f 953 3868 964
f 862 928 925
f 868 926 934
f 823 926 893
f 863 909 929
f 863 929 930
f 864 930 931
f 865 931 932
f 867 933 928
f 868 934 935
f 894 922 927
f 890 927 947
f 882 937 936
f 882 938 937
f 881 936 946
f 886 944 939
f 887 939 938
f 888 945 944
f 888 942 945
f 883 940 941
f 883 932 940
f 884 941 943
f 885 943 942
f 889 947 933
f 823 824 926
f 823 949 824
f 812 935 950
f 907 928 908
f 908 928 909
f 909 928 929
f 928 930 929
f 928 933 930
f 930 933 931
f 931 933 932
f 932 933 940
f 937 938 947
f 933 941 940
f 942 947 945
f 938 939 947
f 939 944 947
f 944 945 947
f 933 947 942
f 933 943 941
f 933 942 943
f 824 934 926
f 824 948 934
f 934 948 935
f 935 949 950
f 824 949 948
f 935 948 949
f 955 956 3868
f 953 954 3868
f 954 955 3868
f 447 959 958
f 446 960 957
f 449 958 960
f 452 961 963
f 450 962 961
f 451 965 962
f 453 963 964
f 455 966 965
f 455 967 966
f 456 968 967
f 457 969 968
f 458 970 969
f 459 971 970
f 460 972 971
f 448 953 959
f 453 964 3868
f 463 974 972
f 463 975 974
f 465 976 975
f 465 977 976
f 462 973 3933
f 977 3049 3913
f 472 979 983
f 468 978 979
f 467 980 978
f 469 981 980
f 470 982 981
f 471 985 982
f 473 983 984
f 474 986 985
f 475 987 986
f 476 988 987
f 665 957 960
f 665 960 965
f 958 962 960
f 958 959 963
f 960 962 965
f 959 964 963
f 958 963 961
f 958 961 962
f 665 965 666
f 666 965 966
f 666 966 967
f 666 967 973
f 666 973 677
f 967 968 973
f 968 969 973
f 969 970 973
f 970 971 973
f 971 972 973
f 953 964 959
f 972 974 973
f 973 974 975
f 677 973 684
f 684 973 2196
f 973 975 988
f 975 976 987
f 976 977 986
f 977 3913 984
f 977 984 983
f 977 978 980
f 977 979 978
f 977 983 979
f 977 980 981
f 977 981 982
f 977 982 985
f 977 985 986
f 976 986 987
f 975 987 988
f 973 988 3933
f 989 993 990
f 990 993 992
f 989 999 993
f 989 991 999
f 990 992 994
f 990 994 995
f 990 995 1003
f 991 1005 999
f 991 1004 1005
f 989 990 1116
f 992 1000 994
f 1003 995 996
f 994 1000 1006
f 990 1003 1066
f 990 1066 1129
f 1003 996 997
f 1003 997 998
f 1003 998 1001
f 1003 1001 1002
f 1003 1002 1007
f 1003 1007 1008
f 989 1116 991
f 1004 1120 1005
f 1004 1108 1120
f 991 1116 1004
f 990 1118 1116
f 990 1119 1118
f 990 1127 1119
f 990 1129 1127
f 1066 1128 1129
f 1066 1130 1128
f 1066 1131 1130
f 1003 1008 1009
f 1003 1009 1132
f 1003 1132 1133
f 1003 1133 1134
f 1010 1011 1012
f 1011 1061 1012
f 1010 1013 1011
f 1010 1050 1013
f 1010 1012 1050
f 1014 1021 1015
f 1015 1021 1016
f 1014 1027 1021
f 1016 1021 1017
f 1017 1021 1020
f 1022 1023 1298
f 1018 1298 1023
f 1022 1298 1042
f 1018 1019 1298
f 1020 1021 1299
f 1019 1020 1299
f 1021 1051 1299
f 1011 1013 1024
f 1011 1024 1054
f 1025 1027 1026
f 1025 1026 1028
f 1021 1027 1025
f 1025 1028 1029
f 1025 1029 1030
f 1025 1030 1031
f 1025 1031 1032
f 1025 1032 1040
f 1032 1033 1040
f 1033 1034 1040
f 1034 1035 1040
f 1035 1036 1040
f 1036 1039 1040
f 1041 1302 1043
f 1041 1042 1298
f 1043 1302 1044
f 1044 1302 1045
f 1045 1302 1046
f 1048 1303 1049
f 1037 1049 1303
f 1046 1303 1047
f 1047 1303 1048
f 1037 1303 1038
f 1039 1305 1040
f 1038 1305 1039
f 1040 1305 1052
f 1012 1062 1050
f 1013 1164 1024
f 1012 1061 1062
f 1013 1050 1164
f 1021 1025 1180
f 1014 1182 1027
f 1014 1015 1182
f 1015 1016 1181
f 1016 1017 1183
f 1018 1185 1019
f 1017 1020 1184
f 1019 1184 1020
f 1022 1042 1188
f 1022 1188 1023
f 1018 1023 1187
f 1051 1063 1308
f 1021 1176 1051
f 1024 1204 1054
f 1026 1027 1210
f 1026 1211 1028
f 1028 1212 1029
f 1029 1212 1030
f 1030 1213 1031
f 1025 1040 1214
f 1031 1215 1032
f 1032 1216 1033
f 1033 1216 1034
f 1034 1217 1035
f 1035 1218 1036
f 1037 1038 1220
f 1036 1219 1039
f 1038 1039 1219
f 1041 1221 1042
f 1041 1043 1222
f 1043 1044 1223
f 1044 1045 1223
f 1045 1046 1224
f 1046 1047 1226
f 1047 1048 1225
f 1048 1049 1225
f 1037 1227 1049
f 1040 1052 1231
f 1052 1311 1064
f 1003 1053 1080
f 1011 1054 1053
f 1053 1054 1055
f 1053 1055 1056
f 1053 1056 1057
f 1053 1057 1058
f 1053 1058 1081
f 1058 1059 1087
f 1059 1060 1088
f 1011 1161 1061
f 1011 1162 1161
f 1050 1062 1165
f 1061 1163 1062
f 1051 1178 1063
f 1015 1181 1182
f 1016 1183 1181
f 1017 1184 1183
f 1019 1185 1184
f 1018 1187 1185
f 1021 1180 1176
f 1023 1188 1187
f 1024 1164 1203
f 1024 1203 1204
f 1054 1204 1205
f 1054 1205 1206
f 1054 1206 1207
f 1054 1207 1208
f 1025 1214 1180
f 1026 1210 1211
f 1027 1182 1210
f 1028 1211 1212
f 1030 1212 1213
f 1031 1213 1215
f 1032 1215 1216
f 1034 1216 1217
f 1035 1217 1218
f 1036 1218 1219
f 1038 1219 1220
f 1037 1220 1227
f 1040 1231 1214
f 1042 1221 1188
f 1041 1222 1221
f 1043 1223 1222
f 1045 1224 1223
f 1046 1226 1224
f 1047 1225 1226
f 1049 1227 1225
f 1052 1064 1233
f 1061 1161 1163
f 1050 1165 1164
f 1062 1166 1165
f 1062 1163 1172
f 1062 1167 1166
f 1062 1172 1167
f 1063 1175 1312
f 1051 1177 1178
f 1051 1176 1177
f 1063 1186 1175
f 1063 1178 1179
f 1063 1179 1186
f 1054 1208 1209
f 1052 1232 1231
f 1052 1233 1232
f 1064 1234 1233
f 1064 1240 1235
f 1064 1235 1234
f 1064 1315 1240
f 1065 1066 1067
f 1065 1067 1068
f 1066 1080 1067
f 1003 1080 1066
f 1067 1069 1068
f 1065 1068 1074
f 1067 1077 1069
f 1065 1074 1070
f 1065 1070 1071
f 1065 1071 1242
f 1067 1072 1077
f 1067 1073 1072
f 1067 1243 1073
f 1065 1242 1251
f 1070 1072 1071
f 1067 1245 1243
f 1071 1072 1073
f 1068 1075 1074
f 1068 1076 1075
f 1068 1246 1076
f 1069 1077 1078
f 1069 1078 1079
f 1069 1079 1247
f 1070 1074 1077
f 1074 1075 1078
f 1075 1076 1079
f 1070 1077 1072
f 1074 1078 1077
f 1075 1079 1078
f 1068 1248 1246
f 1069 1247 1249
f 1053 1081 1080
f 1058 1087 1081
f 1081 1086 1082
f 1082 1089 1083
f 1083 1085 1084
f 1081 1087 1086
f 1082 1086 1089
f 1083 1089 1085
f 1059 1088 1087
f 1084 1092 1090
f 1090 1093 1091
f 1084 1085 1092
f 1090 1092 1093
f 1091 1093 1100
f 1091 1100 1096
f 1096 1100 1097
f 1097 1101 1098
f 1098 1103 1099
f 1097 1100 1101
f 1098 1101 1102
f 1098 1102 1103
f 1099 1103 1105
f 1099 1105 1104
f 1095 1104 1106
f 1104 1105 1106
f 1004 1117 1108
f 1108 1121 1120
f 1004 1116 1117
f 1108 1110 1121
f 1108 1137 1110
f 1108 1117 1111
f 1108 1111 1137
f 1109 1111 1117
f 1112 1115 1113
f 1112 1114 1115
f 1109 1113 1139
f 1113 1115 1139
f 1112 1113 1116
f 1112 1118 1114
f 1113 1117 1116
f 1112 1116 1118
f 1109 1117 1113
f 1114 1119 1115
f 1114 1118 1119
f 1123 1126 1124
f 1123 1125 1126
f 1122 1124 1148
f 1124 1126 1148
f 1123 1124 1128
f 1123 1130 1125
f 1124 1129 1128
f 1123 1128 1130
f 1122 1129 1124
f 1122 1127 1129
f 1125 1131 1126
f 1125 1130 1131
f 1003 1134 1159
f 1003 1159 1160
f 1003 2074 1053
f 1135 1143 1136
f 1109 1135 1111
f 1111 1135 1137
f 1135 1136 1137
f 1110 1137 1138
f 1110 1906 1121
f 1136 1138 1137
f 1136 1143 1138
f 1110 1138 1144
f 1109 1139 1140
f 1109 1140 1145
f 1115 1141 1139
f 1115 1119 1141
f 1139 1141 1142
f 1139 1142 1140
f 1140 1142 1146
f 1135 1889 1143
f 1135 1890 1889
f 1110 1144 1891
f 1110 1891 1906
f 1138 1143 1144
f 1143 1889 1144
f 1144 1889 1892
f 1144 1892 1891
f 1109 1145 1894
f 1109 1903 1135
f 1109 1894 1895
f 1109 1895 1902
f 1140 1146 1145
f 1145 1146 1896
f 1145 1896 1894
f 1119 1151 1141
f 1141 1151 1142
f 1119 1127 1151
f 1142 1153 1146
f 1142 1151 1153
f 1122 1148 1147
f 1147 1148 1149
f 1148 1155 1149
f 1148 1150 1155
f 1122 1147 1127
f 1127 1147 1151
f 1147 1149 1151
f 1126 1152 1148
f 1126 1131 1152
f 1148 1152 1154
f 1149 1153 1151
f 1149 1155 1153
f 1148 1154 1150
f 1150 1154 1158
f 1146 1153 1157
f 1146 1157 1896
f 1157 1911 1896
f 1150 1156 1155
f 1155 1156 1908
f 1153 1155 1157
f 1150 1158 1156
f 1155 1908 1157
f 1157 1908 1911
f 1156 1158 1984
f 1156 1984 1983
f 1003 1160 2074
f 1011 1951 1162
f 1163 1173 1172
f 1163 1174 1173
f 1164 1165 1177
f 1165 1166 1178
f 1164 1177 1176
f 1165 1178 1177
f 1166 1167 1179
f 1166 1179 1178
f 1164 1171 1168
f 1164 1169 1171
f 1164 1176 1169
f 1164 1168 1194
f 1164 1194 1195
f 1164 1195 1196
f 1167 1172 1186
f 1167 1186 1179
f 1172 1192 1186
f 1161 1238 1163
f 1163 1238 1174
f 1172 1173 1192
f 1173 1174 1193
f 1173 1193 1192
f 1175 1186 1192
f 1175 1192 1193
f 1169 1176 1170
f 1170 1176 1180
f 1180 1181 1183
f 1180 1183 1184
f 1180 1182 1181
f 1180 1210 1182
f 1184 1185 1189
f 1185 1187 1189
f 1187 1188 1189
f 1188 1221 1189
f 1189 1222 1386
f 1189 1191 1190
f 1189 1386 1191
f 1175 1193 1239
f 1164 1196 1203
f 1196 1197 1203
f 1197 1198 1203
f 1198 1199 1203
f 1199 1200 1203
f 1200 1201 1203
f 1203 1231 1204
f 1201 1231 1203
f 1204 1231 1232
f 1204 1232 1205
f 1205 1232 1233
f 1205 1233 1206
f 1206 1233 1234
f 1206 1234 1207
f 1207 1234 1235
f 1207 1235 1208
f 1208 1235 1236
f 1208 1236 1209
f 1209 1236 1237
f 1180 1211 1210
f 1180 1212 1211
f 1180 1214 1212
f 1212 1214 1213
f 1213 1214 1215
f 1201 1202 1231
f 1202 1214 1231
f 1214 1216 1215
f 1214 1217 1216
f 1214 1218 1217
f 1214 1219 1218
f 1189 1221 1222
f 1222 1223 1394
f 1223 1224 1396
f 1222 1393 1386
f 1222 1394 1393
f 1223 1395 1394
f 1223 1396 1395
f 1224 1397 1396
f 1219 1228 1220
f 1225 1228 1226
f 1224 1226 1228
f 1225 1227 1228
f 1220 1228 1227
f 1224 1228 1398
f 1224 1398 1397
f 1228 1229 1398
f 1228 1230 1229
f 1235 1240 1236
f 1236 1240 1237
f 1161 1162 1238
f 1175 1239 1413
f 1054 1209 1970
f 1011 1053 2175
f 1237 1240 1241
f 1054 2176 1055
f 1055 2177 1056
f 1056 2178 1057
f 1240 1427 1241
f 1057 2179 1058
f 1058 2180 1059
f 1059 2181 1060
f 1174 1238 1952
f 1162 1952 1238
f 1168 2079 1194
f 1169 2080 1171
f 1169 1170 2081
f 1168 1171 2082
f 1174 1958 1193
f 1193 1953 1239
f 1239 1953 1428
f 1170 1180 2081
f 1180 1184 2085
f 1184 1189 2089
f 1189 1190 2094
f 1190 1191 2095
f 1194 2096 1195
f 1195 2097 1196
f 1196 2098 1197
f 1197 2099 1198
f 1198 2100 1199
f 1199 2101 1200
f 1200 2102 1201
f 1201 2103 1202
f 1209 1237 1976
f 1202 2110 1214
f 1214 2115 1219
f 1219 2124 1228
f 1228 2124 1230
f 1229 2125 1398
f 1229 1230 2126
f 1162 1951 1952
f 1237 1241 1954
f 1241 1485 1954
f 1065 1251 1258
f 1065 1258 1260
f 1065 1260 1261
f 1066 1152 1131
f 1066 1154 1152
f 1066 1158 1154
f 1067 1268 1266
f 1067 1269 1268
f 1071 1073 1242
f 1242 1243 1244
f 1067 1254 1245
f 1073 1243 1242
f 1067 1255 1254
f 1067 1266 1255
f 1065 1261 1264
f 1065 1264 1985
f 1065 2194 1066
f 1066 1984 1158
f 1067 1272 1269
f 1067 1996 1272
f 1242 1244 1251
f 1244 1245 1253
f 1243 1245 1244
f 1076 1246 1247
f 1076 1247 1079
f 1246 1249 1247
f 1068 1278 1248
f 1068 1283 1278
f 1068 1286 1283
f 1068 1287 1286
f 1069 1249 1279
f 1069 1279 1281
f 1069 1281 1291
f 1069 1291 1294
f 1069 1294 1295
f 1246 1248 1249
f 1248 1275 1249
f 1068 1289 1287
f 1068 2018 1289
f 1069 1295 1297
f 1069 1297 2028
f 1069 2197 1094
f 1244 1253 1252
f 1244 1250 1251
f 1244 1252 1250
f 1250 1254 1251
f 1250 1252 1256
f 1252 1253 1259
f 1245 1256 1257
f 1245 1257 1253
f 1245 1254 1256
f 1251 1254 1255
f 1250 1256 1254
f 1256 1267 1257
f 1251 1255 1258
f 1252 1259 1267
f 1258 1266 1260
f 1253 1262 1259
f 1253 1263 1262
f 1259 1262 1270
f 1260 1268 1261
f 1262 1263 1271
f 1253 1987 1263
f 1253 1257 1987
f 1261 1269 1264
f 1263 1987 1265
f 1263 1265 1273
f 1264 1272 1985
f 1265 1986 1997
f 1265 1987 1986
f 1255 1266 1258
f 1252 1267 1256
f 1260 1266 1268
f 1257 1267 1270
f 1259 1270 1267
f 1257 1270 1271
f 1261 1268 1269
f 1262 1271 1270
f 1257 1271 1998
f 1264 1269 1272
f 1263 1273 1271
f 1257 1998 1987
f 1271 1273 1998
f 1272 1996 1985
f 1265 1997 1273
f 1273 1997 1998
f 1248 1274 1275
f 1248 1277 1274
f 1249 1275 1280
f 1248 1276 1277
f 1248 1278 1276
f 1274 1277 1282
f 1276 1279 1277
f 1276 1278 1281
f 1249 1280 1279
f 1275 1290 1280
f 1277 1279 1280
f 1276 1281 1279
f 1274 1284 1285
f 1274 1285 2015
f 1274 2015 2016
f 1285 1288 2015
f 1288 2017 2015
f 1274 2016 1275
f 1275 1293 1292
f 1275 2016 1293
f 1293 2016 1296
f 1296 2016 2027
f 1274 1282 1284
f 1277 1280 1282
f 1278 1283 1291
f 1282 1290 1284
f 1283 1286 1294
f 1284 1292 1285
f 1286 1287 1295
f 1285 1293 1288
f 1287 1289 1297
f 1288 1296 2017
f 1289 2018 2028
f 1280 1290 1282
f 1275 1292 1290
f 1278 1291 1281
f 1284 1290 1292
f 1283 1294 1291
f 1285 1292 1293
f 1286 1295 1294
f 1288 1293 1296
f 1287 1297 1295
f 1296 2027 2017
f 1289 2028 1297
f 1067 1080 2198
f 1080 1081 2199
f 1081 1082 2200
f 1082 1083 2201
f 1083 1084 2202
f 1085 1089 2207
f 1086 1087 2205
f 1086 2204 1089
f 1087 1088 2206
f 1088 1333 2206
f 1084 1090 2208
f 1090 1091 2209
f 1085 2203 1092
f 1092 2210 1093
f 1094 2212 1095
f 1095 2213 1104
f 1091 1096 2214
f 1093 2218 1100
f 1096 1097 2215
f 1097 1098 2216
f 1098 1099 2217
f 1100 2218 1101
f 1101 2219 1102
f 1102 2220 1103
f 1103 2221 1105
f 1099 1104 2222
f 1105 2223 1106
f 1106 2224 1107
f 1019 1299 1298
f 1298 1300 1304
f 1298 1299 1300
f 1051 1306 1299
f 1299 1301 1300
f 1299 1307 1301
f 1299 1306 1307
f 1041 1298 1302
f 1046 1302 1303
f 1038 1303 1305
f 1298 1304 1302
f 1052 1305 1309
f 1051 1308 1306
f 1052 1309 1311
f 1309 1310 1311
f 1302 1304 1415
f 1310 1313 1311
f 1060 1327 1338
f 1063 1312 1308
f 1300 1301 1415
f 1306 1417 1307
f 1301 1307 1417
f 1300 1415 1304
f 1302 1441 1303
f 1303 1441 1305
f 1064 1311 1315
f 1311 1313 1314
f 1305 1445 1309
f 1311 1314 1315
f 1309 1430 1310
f 1306 1308 1442
f 1175 1376 1312
f 1308 1312 1442
f 1310 1430 1313
f 1313 1437 1314
f 1314 1316 1315
f 1240 1315 1426
f 1315 1316 1426
f 1317 1318 1319
f 1317 1322 1318
f 1317 1321 1322
f 1318 1320 1319
f 1319 1320 1323
f 1321 1332 1322
f 1321 1331 1332
f 1317 1319 1492
f 1318 1496 1320
f 1319 1323 1495
f 1320 1324 1323
f 1320 1359 1324
f 1326 1330 1327
f 1327 1330 1359
f 1329 1359 1330
f 1324 1359 1325
f 1325 1359 1328
f 1328 1359 1329
f 1320 1499 1359
f 1317 1493 1321
f 1318 1322 1496
f 1331 1487 1332
f 1331 1486 1487
f 1321 1490 1331
f 1322 1332 1496
f 1317 1492 1493
f 1319 1494 1492
f 1319 1495 1494
f 1320 1496 1498
f 1320 1498 1499
f 1060 1333 1088
f 1060 1338 1333
f 1333 1338 1334
f 1334 1338 1335
f 1335 1338 1336
f 1336 1338 1337
f 1337 1338 1339
f 1338 1340 1339
f 1338 1342 1340
f 1338 1348 1342
f 1341 1342 1348
f 1343 1349 1344
f 1344 1349 1346
f 1346 1349 1694
f 1341 1348 1343
f 1343 1348 1349
f 1348 1697 1349
f 1348 1699 1697
f 1348 1352 1699
f 1349 1697 1355
f 1348 1353 1352
f 1348 1350 1353
f 1348 1512 1350
f 1349 1355 1351
f 1349 1351 1513
f 1352 1354 1699
f 1355 1697 1356
f 1356 1697 1358
f 1354 1357 1699
f 1358 1697 1515
f 1357 1516 1699
f 1348 1517 1512
f 1349 1513 1514
f 1349 1514 1526
f 1350 1513 1351
f 1352 1355 1356
f 1352 1353 1355
f 1351 1355 1353
f 1352 1356 1354
f 1354 1356 1358
f 1515 1697 1518
f 1350 1351 1353
f 1354 1358 1357
f 1357 1358 1515
f 1516 1551 1699
f 1327 1359 1338
f 1338 1359 1360
f 1359 1361 1360
f 1338 1360 1368
f 1359 1571 1361
f 1338 1368 1576
f 1360 1361 1363
f 1361 1362 1363
f 1362 1364 1365
f 1362 1365 1363
f 1364 1373 1365
f 1364 1372 1373
f 1360 1363 1366
f 1363 1365 1366
f 1360 1366 1368
f 1366 1369 1368
f 1366 1367 1369
f 1368 1369 1371
f 1367 1371 1369
f 1367 1370 1371
f 1365 1373 1366
f 1366 1595 1367
f 1370 1375 1371
f 1370 1374 1375
f 1359 1563 1571
f 1338 1576 1578
f 1338 1578 1582
f 1361 1573 1362
f 1362 1620 1364
f 1372 1585 1373
f 1361 1571 1570
f 1361 1570 1572
f 1364 1620 1372
f 1372 1569 1585
f 1361 1572 1573
f 1366 1373 1585
f 1367 1595 1370
f 1368 1371 1604
f 1374 1587 1375
f 1368 1580 1576
f 1368 1604 1580
f 1366 1585 1597
f 1366 1597 1594
f 1366 1594 1595
f 1370 1596 1374
f 1374 1586 1587
f 1371 1375 1604
f 1375 1587 1602
f 1175 1413 1376
f 1378 1379 1380
f 1378 1380 1381
f 1378 1381 1387
f 1378 1382 1379
f 1379 1383 1380
f 1379 1382 1383
f 1380 1383 1384
f 1382 1384 1383
f 1382 1385 1384
f 1380 1384 1381
f 1381 1384 1385
f 1382 1388 1385
f 1378 1399 1382
f 1378 1387 1389
f 1378 1389 1391
f 1381 1385 1387
f 1385 1388 1387
f 1382 1390 1388
f 1387 1388 1389
f 1382 1392 1390
f 1382 1403 1392
f 1301 1417 1415
f 1376 1413 1377
f 1312 1376 1449
f 1388 1390 1389
f 1389 1390 1391
f 1390 1392 1391
f 1306 1442 1417
f 1382 1399 1403
f 1302 1415 1441
f 1399 1400 1404
f 1399 1404 1403
f 1400 1405 1404
f 1400 1401 1405
f 1403 1404 1405
f 1403 1405 1406
f 1401 1406 1405
f 1401 1402 1406
f 1403 1406 1408
f 1399 1411 1400
f 1400 1411 1401
f 1401 1411 1402
f 1402 1411 1407
f 1402 1408 1406
f 1402 1407 1408
f 1403 1408 1410
f 1407 1410 1408
f 1403 1410 1412
f 1314 1437 1316
f 1309 1445 1430
f 1305 1441 1445
f 1407 1411 1409
f 1407 1409 1410
f 1409 1412 1410
f 1409 1411 1412
f 1313 1430 1437
f 1316 1437 1426
f 1377 1413 1414
f 1376 1377 1446
f 1239 1428 1413
f 1377 1414 1446
f 1413 1428 1414
f 1312 1449 1442
f 1415 1417 1416
f 1416 1417 1418
f 1417 1420 1418
f 1417 1419 1421
f 1417 1421 1422
f 1417 1423 1420
f 1417 1424 1423
f 1417 1422 1425
f 1417 1425 1424
f 1426 1475 1427
f 1426 1437 1475
f 1240 1426 1427
f 1241 1427 1485
f 1060 2182 1327
f 1414 1428 1429
f 1414 1429 1446
f 1378 2300 1399
f 1376 1446 1449
f 1428 1453 1429
f 1378 1391 2300
f 1191 1386 2538
f 1392 1403 2301
f 1391 1392 2301
f 1415 1416 1441
f 1416 1418 1443
f 1417 1442 1419
f 1418 1420 1444
f 1430 1431 1432
f 1430 1432 1433
f 1419 1461 1421
f 1421 1462 1422
f 1420 1423 1464
f 1422 1466 1425
f 1423 1424 1463
f 1424 1425 1468
f 1416 1443 1441
f 1430 1445 1431
f 1431 1465 1432
f 1430 1433 1434
f 1430 1434 1435
f 1430 1435 1436
f 1430 1436 1438
f 1430 1439 1437
f 1430 1438 1440
f 1430 1440 1439
f 1427 1475 1485
f 1386 1393 2539
f 1393 1394 2540
f 1394 1395 2541
f 1395 1396 2542
f 1396 1397 2543
f 1397 1398 2544
f 1403 1412 2301
f 1399 2536 1411
f 1418 1444 1443
f 1419 1442 1461
f 1421 1461 1462
f 1420 1464 1444
f 1423 1463 1464
f 1422 1462 1466
f 1425 1466 1468
f 1424 1468 1467
f 1424 1467 1463
f 1432 1469 1433
f 1433 1470 1434
f 1431 1445 1465
f 1434 1471 1435
f 1441 1443 1445
f 1443 1444 1465
f 1443 1465 1445
f 1432 1465 1469
f 1435 1474 1436
f 1437 1439 1475
f 1436 1476 1438
f 1438 1477 1440
f 1439 1440 1478
f 1433 1469 1470
f 1434 1470 1471
f 1411 2312 1412
f 1428 2226 1453
f 1429 1453 1456
f 1429 1456 1446
f 1446 1447 1449
f 1447 1448 1473
f 1448 1450 1479
f 1447 1473 1449
f 1450 1451 1480
f 1448 1479 1473
f 1451 1452 1481
f 1450 1480 1479
f 1446 1456 1447
f 1447 1456 1448
f 1448 1456 1450
f 1450 1456 1451
f 1451 1456 1452
f 1428 1953 2226
f 1453 2226 1456
f 1451 1481 1480
f 1452 1454 1483
f 1454 1455 1484
f 1452 1482 1481
f 1452 1483 1482
f 1455 1457 1459
f 1452 1456 1454
f 1454 1456 1455
f 1455 1456 1457
f 1456 1458 1457
f 1456 2226 2227
f 1456 2227 1458
f 1457 1458 1460
f 1454 1484 1483
f 1457 1460 1459
f 1455 1459 1484
f 1458 2227 1460
f 1444 1464 1469
f 1444 1469 1465
f 1463 1470 1464
f 1442 1449 1461
f 1461 1473 1462
f 1462 1479 1466
f 1463 1467 1471
f 1464 1470 1469
f 1463 1471 1470
f 1435 1471 1472
f 1435 1472 1474
f 1436 1474 1476
f 1438 1476 1477
f 1439 1478 1475
f 1440 1477 1478
f 1449 1473 1461
f 1466 1480 1468
f 1462 1473 1479
f 1467 1468 1481
f 1467 1472 1471
f 1466 1479 1480
f 1467 1482 1472
f 1468 1480 1481
f 1475 2231 1485
f 1467 1481 1482
f 1472 2234 1474
f 1475 1478 2231
f 1477 2229 1478
f 1474 2233 1476
f 1476 2232 1477
f 1472 1482 2234
f 1478 2229 2231
f 1477 2230 2229
f 1477 2232 2230
f 1476 2233 2232
f 1474 2234 2233
f 1485 2231 2284
f 1485 2284 1954
f 1331 1500 1486
f 1321 1493 1490
f 1332 1487 1497
f 1486 1489 1487
f 1331 1490 1500
f 1332 1497 1496
f 1323 1504 1495
f 1323 1506 1504
f 1323 1510 1506
f 1486 1488 1489
f 1487 1489 1501
f 1487 1491 1497
f 1487 1501 1491
f 1486 1502 1488
f 1486 1500 1502
f 1490 1497 1491
f 1323 2333 1510
f 1492 1496 1493
f 1493 1496 1497
f 1492 1494 1498
f 1492 1498 1496
f 1490 1493 1497
f 1494 1495 1499
f 1494 1499 1498
f 1359 1499 1505
f 1359 1505 1507
f 1359 1507 1511
f 1359 1511 2334
f 1323 1324 2577
f 1324 1325 2578
f 1326 1327 2580
f 1326 2580 1330
f 1325 1328 2581
f 1329 1330 2583
f 1328 1329 2582
f 1490 1491 1500
f 1491 1501 1500
f 1500 1501 1502
f 1489 1503 1501
f 1488 2328 1489
f 1488 1502 1508
f 1501 1503 1502
f 1502 1503 1508
f 1489 1509 1503
f 1495 1505 1499
f 1495 1504 1505
f 1504 1507 1505
f 1504 1506 1507
f 1506 1511 1507
f 1488 1508 2327
f 1488 2327 2328
f 1489 2328 1509
f 1503 1509 1508
f 1508 1509 2329
f 1508 2329 2327
f 1509 2330 2329
f 1509 2328 2330
f 1506 1510 1511
f 1510 2334 1511
f 1510 2333 2334
f 1333 1334 2594
f 1334 1335 2595
f 1335 1336 2596
f 1336 1337 2597
f 1338 2598 1348
f 1337 1339 2599
f 1339 1340 2600
f 1341 2601 1342
f 1340 1342 2602
f 1341 1343 2601
f 1107 2605 1345
f 1343 1344 2604
f 1345 2605 1347
f 1346 1347 2607
f 1344 1346 2606
f 1348 1520 1517
f 1349 1526 1543
f 1349 1543 1532
f 1349 1532 1533
f 1348 1534 1520
f 1348 1536 1534
f 1348 1538 1536
f 1350 1512 1513
f 1512 1514 1513
f 1357 1515 1516
f 1515 1518 1516
f 1348 1541 1538
f 1348 2359 1541
f 1349 1533 1540
f 1349 1540 2357
f 1512 1517 1514
f 1514 1517 1524
f 1516 1518 1519
f 1516 1519 1531
f 1518 1528 1519
f 1517 1523 1524
f 1517 1522 1523
f 1517 1520 1521
f 1517 1521 1522
f 1522 1535 1523
f 1520 1526 1521
f 1521 1525 1522
f 1521 1526 1525
f 1522 1525 1527
f 1514 1524 1525
f 1514 1525 1526
f 1524 1527 1525
f 1524 1544 1527
f 1523 1546 1524
f 1524 1545 1544
f 1524 1546 1545
f 1518 1762 1528
f 1519 1528 1529
f 1516 1531 1551
f 1519 1529 1530
f 1518 1764 1762
f 1519 1530 1531
f 1528 1762 1763
f 1528 1549 1529
f 1529 1550 1530
f 1528 1763 1765
f 1528 1765 1556
f 1530 1763 1762
f 1531 1762 1764
f 1530 1762 1531
f 1531 1764 1551
f 1532 1543 1534
f 1532 1536 1533
f 1520 1534 1543
f 1523 1535 1537
f 1532 1534 1536
f 1523 1537 1539
f 1522 1527 1535
f 1520 1543 1526
f 1527 1544 1535
f 1535 1544 1537
f 1537 1544 1545
f 1533 1536 1538
f 1537 1545 1539
f 1539 1545 1547
f 1523 2361 1546
f 1523 1539 2361
f 1533 1538 1540
f 1541 2359 2357
f 1540 1541 2357
f 1538 1541 1540
f 1539 1542 2361
f 1539 1547 1542
f 1542 1547 1548
f 1542 2360 2361
f 1542 1548 2360
f 1548 2372 2360
f 1545 1546 1547
f 1546 1548 1547
f 1546 2372 1548
f 1546 2361 2376
f 1546 2376 2372
f 1529 1552 1550
f 1529 1554 1552
f 1550 1552 1765
f 1530 1550 1763
f 1528 1556 1549
f 1550 1765 1763
f 1551 1764 1766
f 1552 1556 1765
f 1551 1766 1553
f 1553 1767 1555
f 1553 1766 1767
f 1529 1558 1554
f 1552 1554 1556
f 1529 1549 2379
f 1529 2379 1558
f 1554 1557 1556
f 1549 1556 1557
f 1555 1767 1768
f 1555 1768 1559
f 1554 1558 1557
f 1549 1557 1560
f 1557 1558 1560
f 1549 1560 2382
f 1559 1768 1769
f 1559 1769 1562
f 1558 2379 1561
f 1558 1561 1560
f 1560 1561 2382
f 1562 1769 2653
f 1562 2653 2381
f 1359 1611 1563
f 1359 1612 1611
f 1359 1617 1612
f 1338 1582 1625
f 1338 1625 1616
f 1338 1616 1619
f 1359 2415 1617
f 1338 1619 2418
f 1564 1570 1571
f 1564 1566 1570
f 1566 1567 1572
f 1563 1565 1571
f 1564 1571 1565
f 1564 1567 1566
f 1564 1568 1567
f 1564 1565 1568
f 1362 1573 1620
f 1372 1621 1569
f 1569 1588 1585
f 1372 1620 1621
f 1569 1574 1588
f 1566 1572 1570
f 1567 1573 1572
f 1567 1568 1573
f 1569 1623 1574
f 1551 1553 1699
f 1553 1555 1699
f 1555 1559 1699
f 1575 1577 1626
f 1576 1579 1578
f 1576 1577 1579
f 1576 1580 1577
f 1577 1580 1581
f 1575 1579 1577
f 1575 1582 1578
f 1575 1578 1579
f 1580 1583 1581
f 1581 1583 1584
f 1559 1562 1699
f 1562 2381 1699
f 1370 1595 1596
f 1374 1596 1598
f 1374 1598 1586
f 1375 1602 1604
f 1586 1610 1587
f 1585 1588 1640
f 1585 1640 1597
f 1580 1600 1583
f 1580 1604 1600
f 1590 1595 1591
f 1589 1591 1594
f 1590 1592 1596
f 1592 1593 1598
f 1591 1595 1594
f 1590 1596 1595
f 1589 1594 1597
f 1592 1598 1596
f 1600 1604 1601
f 1599 1601 1604
f 1601 1608 1647
f 1586 1598 1641
f 1586 1641 1607
f 1587 1605 1602
f 1587 1606 1605
f 1586 1607 1610
f 1587 1610 1606
f 1599 1604 1602
f 1599 1602 1603
f 1602 1605 1603
f 1603 1605 1608
f 1599 1603 1601
f 1601 1603 1608
f 1605 1606 1608
f 1606 1609 1608
f 1611 1612 1615
f 1563 1613 1565
f 1563 1611 1613
f 1611 1615 1613
f 1565 1614 1568
f 1565 1613 1614
f 1613 1622 1614
f 1613 1615 1622
f 1612 1618 1615
f 1615 1624 1622
f 1612 1617 1618
f 1617 2415 2417
f 1615 1618 1624
f 1616 1634 1619
f 1617 2417 1618
f 1618 2417 2428
f 1619 2435 2418
f 1618 2428 1624
f 1568 1620 1573
f 1569 1621 1623
f 1568 1614 1620
f 1614 1621 1620
f 1614 1622 1621
f 1621 1622 1623
f 1622 1624 1623
f 1574 1623 2427
f 1574 2427 2429
f 1574 2429 2451
f 1623 1624 2427
f 1624 2428 2427
f 1575 1626 1582
f 1577 1627 1626
f 1582 1626 1625
f 1577 1630 1627
f 1625 1626 1627
f 1616 1625 1627
f 1583 1628 1584
f 1584 1628 1629
f 1628 1631 1629
f 1577 1634 1630
f 1616 1627 1630
f 1616 1630 1634
f 1577 2435 1634
f 1628 1633 1631
f 1631 1633 1632
f 1632 1633 1636
f 1577 2438 2435
f 1577 1581 2506
f 1633 1635 1636
f 1581 1584 2506
f 1635 1637 1636
f 1619 1634 2435
f 1577 2441 2438
f 1584 1629 2506
f 1635 2436 1637
f 1629 1631 2506
f 1631 1632 2506
f 1637 2436 2437
f 1583 1646 1628
f 1583 1600 1646
f 1588 1644 1640
f 1628 1646 1649
f 1574 2451 1588
f 1588 1659 1644
f 1628 1649 1633
f 1633 1649 1661
f 1589 1597 1638
f 1597 1640 1638
f 1638 1640 1642
f 1593 1641 1598
f 1593 1639 1641
f 1639 1645 1641
f 1640 1644 1642
f 1642 1644 1657
f 1639 1643 1645
f 1643 1660 1645
f 1600 1601 1647
f 1608 1648 1647
f 1600 1647 1646
f 1646 1647 1648
f 1608 1650 1648
f 1646 1648 1649
f 1608 1651 1650
f 1608 1662 1651
f 1648 1650 1649
f 1649 1650 1651
f 1649 1651 1661
f 1607 1641 1645
f 1606 1652 1609
f 1609 1652 1653
f 1606 1610 1652
f 1652 1654 1653
f 1610 1656 1652
f 1607 1645 1660
f 1652 1656 1654
f 1610 1664 1656
f 1654 1656 1655
f 1655 1656 1664
f 1607 2468 1610
f 1588 2451 1659
f 1633 1661 1635
f 1659 2451 2454
f 1635 2460 2436
f 1635 1661 2460
f 1589 2512 1591
f 1644 1659 1657
f 1589 1638 2476
f 1638 1642 2472
f 1590 1591 2514
f 1590 2516 1592
f 1592 2515 1593
f 1593 2513 1639
f 1643 1658 1660
f 1642 1657 2456
f 1657 1659 2452
f 1659 2454 2452
f 1639 2477 1643
f 1643 2473 1658
f 1658 2455 1660
f 1658 2453 2455
f 1608 2461 1662
f 1651 1662 1661
f 1608 2463 2461
f 1661 1662 2461
f 1608 2464 2463
f 1661 2461 2460
f 1608 2481 2464
f 1607 1660 2465
f 1655 1664 1663
f 1608 1609 2529
f 1610 2468 1664
f 1607 2465 2468
f 1660 2455 2465
f 1609 1653 2529
f 1663 1664 1665
f 1653 1654 2529
f 1654 1655 2529
f 1664 2466 1665
f 1664 2468 2466
f 1665 2466 2467
f 462 1068 1666
f 1068 1069 1666
f 1069 1094 1666
f 1094 1095 1669
f 1094 1668 1666
f 1094 1669 1668
f 1666 1672 1673
f 1666 1668 1667
f 1666 1667 1670
f 1666 1670 1671
f 1666 1671 1672
f 1095 1106 1669
f 1106 1107 1669
f 1107 1688 1669
f 1666 1673 4671
f 1674 1686 1696
f 1674 1675 1686
f 1675 1676 1685
f 1676 1677 1684
f 1677 1678 1681
f 1686 4675 1696
f 1675 1685 1686
f 1676 1684 1685
f 1677 1681 1684
f 1678 1682 1681
f 1678 1679 1682
f 1679 1680 1682
f 1680 1683 1682
f 1680 1687 1683
f 1667 1668 2633
f 1667 2632 1670
f 1668 1669 2634
f 1670 2635 1671
f 1671 2636 1672
f 1672 2637 1673
f 1669 1688 2634
f 1666 4686 2631
f 1696 4675 2807
f 1674 2639 1675
f 1675 2640 1676
f 1676 2641 1677
f 1677 2642 1678
f 1678 2643 1679
f 1679 2644 1680
f 1681 1682 2647
f 1682 1683 2648
f 1673 5148 4671
f 1684 2649 1685
f 1681 2646 1684
f 1685 2650 1686
f 1683 1687 2652
f 1107 1345 1688
f 1345 1347 1691
f 1345 1689 1688
f 1345 1690 1689
f 1345 1691 1690
f 1347 1692 1691
f 1347 1693 1692
f 1346 1694 1693
f 1346 1693 1347
f 1349 1695 1694
f 1349 1696 1695
f 1349 1674 1696
f 1697 1698 1754
f 1698 1700 1754
f 1697 1699 1698
f 1698 1777 1701
f 1698 1701 1700
f 1700 1716 1719
f 1700 1719 1721
f 1700 1701 1706
f 1700 1706 1705
f 1700 1705 1704
f 1700 1704 1703
f 1700 1703 1708
f 1700 1708 1707
f 1700 1707 1716
f 1701 1709 1706
f 1701 1702 1714
f 1701 1710 1709
f 1701 1711 1710
f 1701 1712 1711
f 1701 1714 1712
f 1702 1713 1714
f 1702 1715 1713
f 1702 1718 1715
f 1712 1714 1717
f 1702 1722 1718
f 1700 1721 1720
f 1700 1720 1725
f 1700 1725 1726
f 1700 1726 1727
f 1700 1727 1733
f 1701 1796 1702
f 1722 1737 1718
f 1712 1717 1791
f 1722 1723 1728
f 1702 1724 1722
f 1722 1724 1723
f 1724 1742 1723
f 1724 1741 1742
f 1698 1778 1776
f 1698 1776 1775
f 1698 1775 1777
f 1701 1777 1779
f 1700 1733 1735
f 1700 1735 1734
f 1700 1734 1729
f 1700 1729 1730
f 1700 1730 1732
f 1700 1732 1731
f 1700 1731 1785
f 1700 1785 1786
f 1700 1786 1787
f 1702 1796 1724
f 1736 1727 1726
f 1716 1790 1719
f 1722 1728 1740
f 1722 1740 1737
f 1791 1717 1739
f 1700 1787 1795
f 1700 1795 1794
f 1700 1794 1850
f 1701 1779 1799
f 1701 1799 1797
f 1701 1797 1796
f 1740 1728 1789
f 1801 1719 1790
f 1741 1743 1742
f 1741 1744 1743
f 1741 1745 1744
f 1724 1796 1741
f 1741 1746 1745
f 1741 1821 1746
f 1821 1822 1746
f 1680 1748 1687
f 1700 1761 1754
f 1687 1748 1747
f 1747 1748 1749
f 1747 1749 1751
f 1751 1752 1756
f 1747 1751 1755
f 1751 1756 1755
f 1752 1757 1756
f 1750 1754 1761
f 1750 1761 1753
f 1752 1753 1761
f 1752 1761 1757
f 1757 1761 1758
f 1758 1761 1759
f 1759 4703 1760
f 1759 1761 4703
f 1761 4707 4703
f 1761 4708 4707
f 1761 4709 4708
f 1761 4710 4709
f 1349 2609 1674
f 1688 1689 2800
f 1689 1690 2801
f 1690 1691 2802
f 1691 1692 2803
f 1692 1693 2804
f 1693 1694 2805
f 1694 1695 2806
f 1695 1696 2807
f 1518 1697 1764
f 1697 1766 1764
f 1697 1767 1766
f 1697 1768 1767
f 1697 1769 1768
f 1697 2653 1769
f 1700 2843 1761
f 1698 1832 1778
f 1698 1834 1832
f 1698 1840 1834
f 1698 1699 2809
f 1771 1774 1772
f 1771 1829 1774
f 1771 1775 1776
f 1770 1776 1778
f 1770 1771 1776
f 1771 1772 1775
f 1770 1778 1773
f 1772 1774 1777
f 1698 2668 1840
f 1772 1777 1775
f 1774 1779 1777
f 1781 1784 1783
f 1780 1781 1797
f 1781 1783 1796
f 1781 1843 1784
f 1780 1799 1782
f 1783 1784 1798
f 1700 1850 1852
f 1700 1852 1851
f 1700 1851 1873
f 1741 1796 1798
f 1816 1788 1738
f 1791 1739 1792
f 1816 1738 1815
f 1738 1814 1815
f 1700 1873 2690
f 1700 2690 2691
f 1781 1796 1797
f 1783 1798 1796
f 1780 1797 1799
f 1816 1813 1788
f 1793 1803 1818
f 1820 1802 1793
f 1820 1793 1818
f 1808 1809 1810
f 1812 1808 1810
f 1816 1817 1813
f 1820 1804 1802
f 1820 1819 1804
f 1863 1807 1806
f 1863 1805 1807
f 1820 1818 1859
f 1818 1860 1859
f 1863 1818 1805
f 1863 1806 1862
f 1861 1824 1872
f 1741 1798 1821
f 1821 1823 1822
f 1821 1824 1823
f 1821 1825 1824
f 1798 1800 1821
f 1800 1855 1821
f 1784 1800 1798
f 1821 1826 1825
f 1821 1855 1826
f 1861 1823 1824
f 1826 1827 1825
f 1773 1832 1828
f 1771 1831 1829
f 1773 1778 1832
f 1828 1832 1834
f 1774 1829 1779
f 1829 1831 1833
f 1828 1834 1830
f 1771 1837 1831
f 1771 1838 1837
f 1771 2663 1838
f 1830 1834 1840
f 1831 1837 1835
f 1779 1829 1833
f 1779 1833 1799
f 1831 1835 1833
f 1833 1835 1856
f 1782 1854 1842
f 1842 1856 1844
f 1830 1840 1836
f 1770 2741 1771
f 1771 2664 2663
f 1770 1773 2741
f 1771 2667 2664
f 1837 1838 1841
f 1836 1840 1839
f 1839 2668 2662
f 1773 1828 2741
f 1828 1830 2741
f 1771 2673 2667
f 1839 1840 2668
f 1838 2663 2669
f 1835 1837 1841
f 1835 1841 1874
f 1838 2669 1841
f 1841 2669 2692
f 1844 1874 1846
f 1846 1874 1849
f 1849 2692 2680
f 1781 1845 1843
f 1784 1843 1800
f 1843 1845 1855
f 1781 1847 1845
f 1781 1848 1847
f 1781 2681 1848
f 1780 2752 1781
f 1780 1782 2752
f 1781 2682 2681
f 1781 2685 2682
f 1782 1842 2752
f 1842 1844 2752
f 1781 2687 2685
f 1799 1833 1854
f 1833 1856 1854
f 1782 1799 1854
f 1842 1854 1856
f 1835 1874 1856
f 1844 1856 1874
f 1866 1858 1811
f 1877 1853 1858
f 1863 1860 1818
f 1863 1862 1864
f 1862 1867 1864
f 1869 1862 1861
f 1862 1868 1867
f 1869 1861 1872
f 1866 1811 1865
f 1866 1876 1858
f 1876 1877 1858
f 1869 1868 1862
f 1869 1872 1870
f 1869 1870 1871
f 1870 1878 1871
f 1879 1870 1883
f 1879 1883 1880
f 1841 2692 1874
f 1849 1874 2692
f 1870 1879 1878
f 1879 2703 1881
f 2703 1882 1881
f 2698 1882 2703
f 1879 1880 1888
f 1879 1888 2703
f 1800 1843 1855
f 1826 1855 1857
f 1845 1857 1855
f 1845 1847 1857
f 1826 1857 1875
f 1826 1885 1827
f 1883 1870 1884
f 1826 1886 1885
f 1886 1826 1887
f 1847 1875 1857
f 1847 1848 1875
f 1848 2731 1875
f 1848 2681 2731
f 1875 2731 2732
f 1826 1875 2732
f 1826 2732 1887
f 1888 1880 1886
f 1888 1886 1887
f 2732 2733 1887
f 1680 2645 1748
f 1697 1754 2875
f 1687 1747 2652
f 1748 2869 1749
f 1749 2870 1751
f 1751 2872 1752
f 1752 2873 1753
f 1750 1753 2874
f 1750 2871 1754
f 1747 1755 2876
f 1755 1756 2877
f 1756 1757 2878
f 1757 1758 2879
f 1758 1759 2880
f 1759 1760 2881
f 1761 2882 4710
f 1135 1898 1890
f 1135 1899 1898
f 1135 1925 1899
f 1135 1929 1925
f 1889 1890 1892
f 1890 1893 1892
f 1891 1892 1893
f 1891 1936 1906
f 1891 1893 1926
f 1890 1898 1893
f 1109 1902 1903
f 1135 1903 1928
f 1135 1928 1930
f 1894 1896 1897
f 1894 1897 1895
f 1895 1897 1904
f 1891 1926 1936
f 1893 1898 1900
f 1898 1899 1900
f 1893 1900 1926
f 1899 1901 1900
f 1899 1925 1901
f 1901 1925 1927
f 1900 1901 1926
f 1135 1931 1929
f 1135 1930 1931
f 1895 1904 1902
f 1902 1904 1905
f 1902 1905 1903
f 1903 1932 1928
f 1903 1905 1932
f 1896 1912 1897
f 1896 1911 1912
f 1897 1912 1918
f 1156 1909 1908
f 1156 1983 1909
f 1909 1983 1910
f 1909 1910 1915
f 1908 1909 1911
f 1909 1912 1911
f 1913 1983 1984
f 1910 1983 1913
f 1909 1914 1912
f 1910 1913 1919
f 1897 1918 1904
f 1904 1918 1920
f 1904 1920 1905
f 1905 1920 1932
f 1920 1943 1932
f 1909 1916 1914
f 1909 1938 1916
f 1909 1915 1917
f 1909 1917 1939
f 1909 1940 1938
f 1909 1939 1941
f 1909 1942 1940
f 1909 1941 1942
f 1912 1914 1918
f 1914 1916 1918
f 1910 1919 1915
f 1915 1919 1921
f 1916 1920 1918
f 1916 1938 1920
f 1920 1938 1943
f 1915 1921 1917
f 1917 1944 1939
f 1917 1921 1944
f 1925 1929 1927
f 1926 2055 1936
f 1901 2053 1926
f 1901 1927 2053
f 1927 1933 2053
f 1927 1929 1933
f 1928 1934 1930
f 1928 1932 1934
f 1929 1931 1933
f 1930 1935 1931
f 1931 1935 1933
f 1930 1934 1935
f 1926 2053 2055
f 1933 1935 2054
f 1933 2054 2053
f 1938 1940 1943
f 1940 1945 1943
f 1939 1946 1941
f 1939 1944 1946
f 1940 1942 1945
f 1941 1947 1942
f 1942 1947 1945
f 1941 1946 1947
f 2074 1160 1922
f 2074 1922 1923
f 2074 1923 1924
f 2074 1924 1948
f 1011 2134 1951
f 1174 1952 1958
f 1951 1956 1952
f 1193 1964 1953
f 1237 1954 1976
f 1951 1955 1956
f 1193 1958 1964
f 1168 2082 2079
f 1169 2081 2080
f 1171 2080 2082
f 1952 1956 1958
f 1953 1957 2267
f 1180 2085 2081
f 1184 2089 2085
f 1189 2093 2089
f 1189 2094 2093
f 1190 2095 2094
f 1191 2538 2095
f 1953 1964 1957
f 1194 2079 2096
f 1195 2096 2097
f 1196 2097 2098
f 1197 2098 2099
f 1198 2099 2100
f 1199 2100 2101
f 1200 2101 2102
f 1201 2102 2103
f 1202 2103 2104
f 1209 1976 1970
f 1202 2104 2110
f 1214 2110 2115
f 1219 2115 2124
f 1230 2124 2126
f 1229 2126 2125
f 1054 1970 2176
f 1954 2287 1982
f 1954 1982 1976
f 1011 2175 2134
f 1951 2134 1955
f 1955 2077 1956
f 1957 2083 2288
f 1955 2075 2077
f 1956 2077 1958
f 1958 1959 1965
f 1958 1965 1964
f 1959 1966 1965
f 1958 2077 1959
f 1959 2077 1960
f 1959 1960 1966
f 1960 1961 1967
f 1960 1967 1966
f 1961 1962 1968
f 1961 1968 1967
f 1962 1963 1969
f 1963 2078 2084
f 1962 1969 1968
f 1963 2084 1969
f 1957 1964 2083
f 1964 1965 2083
f 1965 1966 2083
f 1970 1976 1971
f 1971 1976 1977
f 1971 1977 1972
f 1972 1977 1978
f 1972 1978 1973
f 1973 1978 1979
f 1973 1979 1974
f 1974 1979 1980
f 1975 1981 2105
f 1981 2127 2105
f 1974 1980 1975
f 1975 1980 1981
f 1976 2131 1977
f 1977 2131 1978
f 1053 2074 2175
f 1055 2176 2177
f 1056 2177 2178
f 1982 2324 2131
f 1057 2178 2179
f 1058 2179 2180
f 1059 2180 2181
f 1060 2181 2182
f 1976 1982 2131
f 1065 1985 2193
f 1066 2194 1984
f 1067 2195 1996
f 1985 1996 1988
f 1986 1987 1989
f 1986 1989 2000
f 1988 1999 1990
f 1987 1992 1989
f 1989 1992 2003
f 1987 1998 2010
f 1990 2001 1991
f 1987 2010 1992
f 1992 1993 2004
f 1991 2002 1994
f 1994 2005 2007
f 1995 2009 2013
f 1992 2010 1993
f 1993 1995 2006
f 1993 2010 1995
f 1988 1996 1999
f 1986 2000 1997
f 1997 2000 1998
f 1990 1999 2001
f 1989 2003 2000
f 1998 2000 2003
f 1991 2001 2002
f 1992 2004 2003
f 1998 2003 2014
f 1994 2002 2005
f 1995 2013 2006
f 2005 2011 2007
f 1993 2006 2004
f 2003 2004 2014
f 2004 2006 2014
f 1998 2014 2010
f 2007 2011 2008
f 2008 2012 2009
f 1995 2010 2009
f 2007 2008 2045
f 2008 2009 2045
f 2009 2010 2045
f 2010 2014 2045
f 2008 2011 2012
f 2009 2012 2013
f 2006 2013 2014
f 2012 2046 2013
f 2013 2046 2014
f 2015 2017 2019
f 2015 2019 2021
f 2015 2021 2037
f 2015 2037 2038
f 2021 2022 2037
f 2016 2029 2027
f 2016 2031 2029
f 2015 2038 2016
f 2016 2038 2031
f 2031 2038 2032
f 2017 2027 2019
f 2018 2020 2030
f 2019 2029 2021
f 2020 2023 2033
f 1068 2196 2018
f 2021 2031 2022
f 2023 2024 2034
f 2022 2032 2025
f 2022 2025 2037
f 2025 2035 2039
f 2026 2041 2044
f 2024 2026 2036
f 2019 2027 2029
f 2018 2030 2028
f 2021 2029 2031
f 2020 2033 2030
f 1069 2028 2197
f 2022 2031 2032
f 2023 2034 2033
f 2025 2032 2035
f 2035 2042 2039
f 2032 2038 2035
f 2026 2044 2036
f 2024 2036 2034
f 2037 2039 2049
f 2038 2050 2042
f 2037 2050 2038
f 2025 2039 2037
f 2039 2042 2040
f 2040 2043 2041
f 2039 2040 2049
f 2040 2041 2049
f 2035 2038 2042
f 2040 2042 2043
f 2041 2043 2044
f 2042 2050 2043
f 1985 1988 2193
f 1988 1990 2193
f 1065 2193 2194
f 1913 1984 2194
f 1996 2195 1999
f 1999 2195 2001
f 2007 2045 2047
f 2045 2046 2047
f 2014 2046 2045
f 1990 1991 2193
f 1991 1994 2193
f 1994 2007 2193
f 1913 2194 1919
f 2001 2195 2002
f 2002 2195 2005
f 1919 2194 1921
f 1921 2194 1944
f 2047 2048 2183
f 2005 2195 2011
f 2011 2195 2012
f 2046 2048 2047
f 2012 2195 2046
f 2048 2185 2183
f 1067 2198 2195
f 2037 2049 2050
f 2049 2052 2050
f 2018 2196 2020
f 2020 2196 2023
f 684 2196 1068
f 2028 2030 2197
f 2030 2033 2197
f 2049 2051 2052
f 2051 2187 2190
f 2051 2190 2052
f 2023 2196 2024
f 2024 2196 2026
f 2026 2196 2041
f 2041 2196 2049
f 2033 2034 2197
f 2034 2036 2197
f 2036 2044 2197
f 2043 2197 2044
f 2043 2050 2197
f 1080 2199 2198
f 1081 2200 2199
f 1082 2201 2200
f 1083 2202 2201
f 1085 2207 2203
f 1086 2205 2204
f 1089 2204 2207
f 1087 2206 2205
f 1084 2208 2202
f 1090 2209 2208
f 1092 2203 2210
f 1093 2210 2211
f 1091 2214 2209
f 1093 2211 2218
f 1094 2197 2212
f 1095 2212 2213
f 1096 2215 2214
f 1097 2216 2215
f 1099 2222 2217
f 1098 2217 2216
f 1101 2218 2219
f 1102 2219 2220
f 1103 2220 2221
f 1104 2213 2222
f 1105 2221 2223
f 1106 2223 2224
f 1107 2224 2225
f 1107 2225 2605
f 2053 2057 2055
f 1935 2061 2054
f 1932 2063 1934
f 1934 2063 1935
f 1932 1943 2063
f 2053 2054 2057
f 1935 2062 2061
f 1937 2056 2070
f 1943 1945 2063
f 1945 1947 2194
f 1944 2194 1946
f 1946 2194 1947
f 2074 1948 1949
f 2074 1949 1950
f 2074 1950 2059
f 2074 2059 2060
f 2054 2064 2057
f 2054 2061 2064
f 1935 2063 2062
f 2061 2067 2064
f 2061 2062 2067
f 2062 2068 2067
f 2062 2070 2068
f 2062 2063 2070
f 2063 2072 2070
f 2063 2074 2072
f 2068 2070 2056
f 2074 2071 2072
f 1945 2194 2063
f 2063 2194 2074
f 2074 2060 2058
f 2074 2058 2065
f 2074 2065 2066
f 2074 2066 2069
f 2074 2069 2073
f 2074 2073 2071
f 1955 2134 2075
f 2075 2134 2076
f 1960 2077 2128
f 2078 2079 2082
f 2078 2082 2080
f 2078 2080 2084
f 2078 2096 2079
f 2078 2097 2096
f 2078 2098 2097
f 1960 2128 1961
f 1961 2128 1962
f 2075 2128 2077
f 1962 2128 1963
f 1963 2135 2078
f 1966 2129 2083
f 2080 2081 2084
f 2081 2085 2084
f 2085 2088 2086
f 2085 2089 2088
f 2085 2086 2087
f 2085 2087 2106
f 1966 1967 2129
f 1967 1968 2129
f 2089 2093 2090
f 2090 2093 2091
f 2091 2093 2092
f 2092 2093 2117
f 2093 2538 2118
f 2093 2094 2095
f 2093 2095 2538
f 2083 2129 2547
f 1968 1969 2136
f 1969 2084 2136
f 2078 2105 2098
f 2098 2105 2099
f 2099 2105 2100
f 2100 2105 2101
f 2101 2105 2102
f 2102 2105 2103
f 2103 2105 2127
f 1970 1971 2176
f 2085 2106 2107
f 2085 2107 2108
f 2085 2108 2110
f 2108 2109 2110
f 2109 2111 2110
f 2103 2127 2104
f 2104 2127 2110
f 2110 2111 2112
f 2110 2112 2113
f 2110 2113 2114
f 2110 2114 2115
f 2093 2118 2117
f 2118 2540 2119
f 2119 2542 2120
f 2118 2538 2539
f 2118 2539 2540
f 2119 2540 2541
f 2119 2541 2542
f 2120 2542 2543
f 2115 2116 2124
f 2121 2122 2124
f 2120 2124 2122
f 2121 2124 2123
f 2116 2123 2124
f 2120 2544 2124
f 2120 2543 2544
f 2124 2544 2125
f 2124 2125 2126
f 1978 2130 1979
f 1979 2130 1980
f 1978 2131 2130
f 1980 2137 1981
f 1981 2137 2127
f 2075 2076 2128
f 1963 2128 2135
f 2084 2085 2139
f 1968 2136 2129
f 2086 2145 2087
f 2086 2088 2140
f 2088 2089 2141
f 2089 2090 2143
f 2090 2091 2144
f 2091 2092 2147
f 2078 2149 2105
f 1975 2105 2149
f 1971 1972 2176
f 1972 1973 2176
f 1973 1974 2176
f 1974 1975 2176
f 2110 2127 2150
f 2085 2110 2151
f 2106 2153 2107
f 2087 2152 2106
f 2107 2154 2108
f 2108 2156 2109
f 2109 2157 2111
f 2112 2164 2113
f 2111 2165 2112
f 2113 2158 2114
f 2114 2159 2115
f 2115 2161 2116
f 2116 2162 2123
f 2092 2117 2166
f 2117 2118 2167
f 2118 2119 2168
f 2119 2120 2170
f 2120 2122 2171
f 2121 2123 2173
f 2121 2174 2122
f 1980 2130 2137
f 2130 2131 2551
f 2076 2134 2132
f 2132 2134 2133
f 2076 2135 2128
f 2078 2135 2138
f 2076 2132 2135
f 2078 2138 2149
f 2129 2136 2552
f 2084 2139 2136
f 2085 2151 2139
f 2086 2140 2145
f 2087 2145 2146
f 2087 2146 2152
f 2089 2142 2141
f 2089 2143 2142
f 2088 2141 2140
f 2090 2144 2143
f 2091 2147 2144
f 2092 2148 2147
f 2092 2166 2148
f 1975 2149 2176
f 2127 2137 2150
f 2130 2555 2137
f 2106 2152 2153
f 2107 2153 2154
f 2108 2154 2155
f 2108 2155 2156
f 2109 2156 2157
f 2110 2150 2151
f 2112 2165 2163
f 2113 2164 2158
f 2112 2163 2164
f 2115 2159 2160
f 2115 2160 2161
f 2114 2158 2159
f 2116 2161 2162
f 2111 2157 2165
f 2117 2167 2166
f 2118 2168 2167
f 2119 2169 2168
f 2119 2170 2169
f 2120 2171 2170
f 2121 2172 2174
f 2123 2162 2173
f 2121 2173 2172
f 2122 2174 2171
f 2132 2138 2135
f 2132 2133 2138
f 2133 2149 2138
f 2136 2139 2558
f 2139 2140 2141
f 2139 2141 2142
f 2139 2145 2140
f 2139 2146 2145
f 2139 2152 2146
f 2139 2142 2558
f 2142 2143 2558
f 2143 2144 2559
f 2144 2147 2559
f 2147 2148 2559
f 2148 2166 2559
f 2133 2134 2149
f 2134 2176 2149
f 2137 2565 2150
f 2139 2151 2152
f 2151 2153 2152
f 2151 2154 2153
f 2151 2155 2154
f 2151 2156 2155
f 2151 2165 2157
f 2151 2157 2156
f 2150 2165 2151
f 2150 2163 2165
f 2150 2164 2163
f 2150 2159 2158
f 2150 2160 2159
f 2150 2158 2164
f 2150 2565 2160
f 2160 2565 2161
f 2166 2167 2559
f 2167 2168 2563
f 2168 2169 2563
f 2169 2170 2563
f 2170 2171 2563
f 2161 2564 2162
f 2162 2564 2173
f 2172 2173 2564
f 2172 2564 2174
f 2171 2174 2564
f 2074 2198 2175
f 2134 2175 2176
f 2175 2177 2176
f 2175 2178 2177
f 2175 2179 2178
f 2175 2180 2179
f 2175 2199 2180
f 2180 2205 2181
f 2181 2206 2182
f 2007 2047 2193
f 2183 2185 2184
f 2184 2185 2186
f 2046 2195 2048
f 2047 2183 2193
f 2183 2184 2193
f 2184 2189 2193
f 2048 2195 2185
f 2185 2195 2186
f 2186 2195 2192
f 2187 2188 2191
f 2184 2186 2189
f 2188 2189 2192
f 2187 2191 2190
f 2186 2192 2189
f 2188 2192 2191
f 2049 2196 2051
f 2050 2052 2197
f 2051 2196 2187
f 2187 2196 2188
f 2188 2196 2189
f 2052 2190 2197
f 2190 2191 2197
f 2191 2192 2197
f 2193 2195 2194
f 2193 2196 2195
f 2194 2195 2198
f 2074 2194 2198
f 2189 2196 2193
f 2192 2195 2197
f 2195 2196 2197
f 2175 2198 2199
f 2180 2199 2205
f 2199 2200 2205
f 2200 2201 2207
f 2201 2202 2203
f 2200 2204 2205
f 2200 2207 2204
f 2201 2203 2207
f 2181 2205 2206
f 2202 2208 2210
f 2208 2209 2211
f 2202 2210 2203
f 2208 2211 2210
f 2209 2214 2211
f 2211 2214 2218
f 2214 2215 2218
f 2215 2216 2219
f 2216 2217 2221
f 2215 2219 2218
f 2216 2220 2219
f 2216 2221 2220
f 2217 2223 2221
f 2217 2222 2223
f 2213 2224 2222
f 2222 2224 2223
f 1953 2267 2226
f 2226 2267 2227
f 1460 2227 2243
f 2227 2228 2243
f 2227 2267 2228
f 2243 2269 2244
f 2228 2270 2243
f 2244 2271 2245
f 2245 2272 2246
f 1482 1483 2246
f 1483 1484 2245
f 1459 2244 1484
f 1459 1460 2244
f 1482 2247 2234
f 2229 2239 2231
f 2229 2230 2240
f 2230 2232 2241
f 2232 2233 2242
f 2231 2239 2238
f 2229 2240 2239
f 1483 2245 2246
f 1484 2244 2245
f 1482 2246 2247
f 1460 2243 2244
f 2234 2256 2235
f 2233 2234 2251
f 2234 2235 2251
f 2230 2241 2240
f 2232 2242 2241
f 2235 2236 2252
f 2233 2251 2242
f 2238 2239 2240
f 2238 2240 2241
f 2238 2241 2242
f 2238 2242 2251
f 2231 2238 2284
f 2235 2257 2236
f 2234 2247 2256
f 2236 2258 2237
f 2247 2248 2256
f 2235 2256 2257
f 2236 2257 2258
f 2236 2237 2253
f 2237 2249 2264
f 2235 2252 2251
f 2236 2253 2252
f 2237 2261 2249
f 2249 2263 2250
f 2249 2250 2265
f 2237 2264 2253
f 2249 2265 2264
f 2238 2251 2252
f 2238 2252 2253
f 2238 2253 2264
f 2238 2264 2265
f 2238 2265 2266
f 2248 2254 2260
f 2254 2255 2262
f 2237 2258 2261
f 2249 2261 2263
f 2248 2260 2256
f 2250 2263 2281
f 2255 2259 2280
f 2255 2280 2262
f 2246 2273 2247
f 2247 2273 2248
f 2254 2262 2260
f 2250 2266 2265
f 2238 2286 2285
f 2238 2266 2286
f 1391 2301 2300
f 1399 2300 2536
f 1386 2539 2538
f 1412 2537 2301
f 2243 2270 2269
f 2228 2268 2270
f 2244 2269 2271
f 2245 2271 2272
f 2246 2272 2273
f 2248 2273 2274
f 2254 2274 2275
f 2255 2275 2276
f 2228 2267 2288
f 2259 2276 2277
f 2277 2278 2279
f 2269 2270 2278
f 2269 2278 2271
f 2268 2278 2270
f 2271 2278 2272
f 2272 2278 2273
f 2273 2278 2274
f 2274 2278 2275
f 2275 2278 2276
f 2276 2278 2277
f 1393 2540 2539
f 1394 2541 2540
f 1395 2542 2541
f 1396 2543 2542
f 1397 2544 2543
f 1398 2125 2544
f 1412 2313 2537
f 2259 2279 2282
f 2259 2282 2280
f 2279 2283 2282
f 2248 2274 2254
f 2254 2275 2255
f 2255 2276 2259
f 2259 2277 2279
f 2257 2289 2258
f 2256 2290 2257
f 2256 2260 2290
f 2258 2291 2261
f 2260 2262 2292
f 2262 2280 2293
f 2261 2295 2263
f 2263 2296 2281
f 2280 2282 2294
f 1412 2312 2313
f 1411 2545 2312
f 1411 2536 2545
f 2282 2283 2298
f 2257 2290 2289
f 2260 2292 2290
f 2258 2289 2291
f 2261 2291 2295
f 2262 2293 2292
f 2263 2295 2296
f 2280 2294 2293
f 2282 2298 2294
f 2283 2299 2298
f 2281 2296 2297
f 2266 2325 2286
f 2250 2550 2266
f 1954 2284 2287
f 2238 2285 2284
f 2284 2285 2287
f 2285 2286 2287
f 2286 2325 2287
f 1957 2288 2267
f 2228 2288 2534
f 2228 2534 2268
f 2289 2290 2297
f 2290 2292 2297
f 2292 2293 2297
f 2293 2294 2297
f 2294 2298 2297
f 2289 2297 2291
f 2291 2297 2295
f 2295 2297 2296
f 2297 2298 2299
f 2250 2281 2551
f 2266 2326 2325
f 2266 2550 2326
f 2268 2534 2535
f 2300 2301 2302
f 2301 2303 2302
f 2302 2303 2304
f 2301 2305 2303
f 2268 2549 2278
f 2279 2558 2283
f 2278 2554 2279
f 2083 2534 2288
f 2268 2535 2548
f 2300 2302 2536
f 2302 2304 2536
f 2303 2305 2304
f 2301 2309 2305
f 2301 2310 2309
f 2304 2305 2306
f 2305 2309 2306
f 2301 2311 2310
f 2301 2537 2311
f 2304 2306 2536
f 2306 2307 2536
f 2307 2308 2536
f 2306 2309 2307
f 2307 2309 2310
f 2307 2310 2308
f 2308 2311 2536
f 2308 2310 2311
f 2311 2537 2536
f 2281 2297 2556
f 2312 2316 2314
f 2312 2315 2313
f 2312 2314 2315
f 2314 2317 2315
f 2313 2315 2317
f 2250 2551 2550
f 2313 2546 2537
f 2283 2563 2299
f 2297 2299 2560
f 2312 2318 2316
f 2312 2319 2318
f 2312 2320 2319
f 2312 2545 2320
f 2314 2316 2317
f 2313 2317 2321
f 2313 2321 2322
f 2316 2321 2317
f 2316 2318 2321
f 2313 2322 2323
f 2313 2323 2546
f 2318 2322 2321
f 2318 2319 2322
f 2320 2545 2546
f 2320 2546 2323
f 2319 2323 2322
f 2319 2320 2323
f 1982 2287 2324
f 2287 2325 2324
f 2324 2325 2326
f 2324 2326 2550
f 2131 2324 2550
f 1327 2182 2579
f 2327 2329 2331
f 2329 2330 2331
f 2330 2332 2331
f 2328 2332 2330
f 2327 2346 2328
f 2327 2331 2345
f 2328 2346 2332
f 2331 2332 2337
f 2333 2336 2334
f 2333 2335 2336
f 2335 2342 2336
f 2327 2345 2346
f 2332 2338 2337
f 2331 2337 2345
f 2337 2338 2339
f 2332 2346 2338
f 2338 2340 2339
f 2339 2340 2347
f 2340 2348 2347
f 2338 2346 2340
f 2335 2341 2342
f 2341 2344 2342
f 2341 2343 2344
f 2343 2353 2344
f 2343 2349 2353
f 1323 2576 2333
f 1359 2334 2618
f 2337 2566 2345
f 2347 2348 2350
f 2337 2339 2566
f 2345 2567 2346
f 2340 2346 2567
f 2340 2567 2348
f 2348 2567 2354
f 2348 2354 2350
f 2349 2351 2355
f 2349 2355 2353
f 2350 2354 2352
f 2352 2354 2356
f 2351 2352 2356
f 2351 2356 2355
f 2333 2576 2335
f 2345 2566 2567
f 2339 2347 2568
f 2354 2569 2356
f 2339 2568 2566
f 2347 2350 2570
f 2354 2567 2569
f 2335 2576 2341
f 2341 2576 2343
f 2343 2576 2349
f 1325 2581 2578
f 1323 2577 2576
f 2334 2336 2618
f 1324 2578 2577
f 1327 2579 2580
f 1330 2580 2583
f 1328 2582 2581
f 1329 2583 2582
f 2336 2342 2618
f 2342 2344 2618
f 2344 2353 2618
f 1338 2418 2598
f 1348 2608 2359
f 2358 2359 2362
f 2357 2359 2358
f 1349 2357 2609
f 2358 2362 2364
f 2360 2363 2361
f 2360 2372 2363
f 2363 2372 2373
f 2361 2363 2367
f 2362 2366 2364
f 2363 2373 2367
f 2367 2373 2375
f 2364 2366 2365
f 2365 2368 2374
f 2370 2399 2374
f 2365 2366 2368
f 2367 2375 2369
f 2369 2375 2377
f 2361 2367 2398
f 2361 2398 2376
f 2368 2370 2374
f 2367 2369 2398
f 2369 2371 2398
f 2369 2377 2371
f 2371 2377 2378
f 2371 2378 2396
f 2370 2395 2399
f 2378 2401 2396
f 2372 2376 2373
f 2373 2376 2375
f 2375 2376 2377
f 2376 2402 2377
f 1561 2379 2380
f 1561 2380 2382
f 2379 2383 2380
f 1549 2386 2379
f 1549 2382 2386
f 2380 2385 2382
f 2381 2653 2654
f 2381 2654 2384
f 2380 2383 2385
f 2382 2385 2386
f 2383 2389 2385
f 2384 2654 2655
f 2384 2655 2388
f 2379 2403 2383
f 2383 2387 2389
f 2379 2386 2403
f 2385 2389 2386
f 2387 2390 2389
f 2386 2389 2390
f 2388 2655 2656
f 2388 2656 2392
f 2383 2403 2387
f 2387 2391 2390
f 2387 2403 2391
f 2391 2393 2657
f 2390 2391 2657
f 2393 2659 2657
f 2394 2658 2660
f 2392 2658 2394
f 2392 2656 2658
f 2394 2660 2405
f 2371 2396 2398
f 2395 2397 2400
f 2396 2401 2397
f 2395 2400 2399
f 2397 2401 2400
f 2395 2407 2397
f 2396 2397 2407
f 2396 2407 2398
f 2398 2407 2402
f 2377 2402 2378
f 2378 2402 2401
f 2376 2398 2402
f 2400 2401 2402
f 2399 2400 2408
f 2400 2402 2408
f 2386 2390 2406
f 2391 2403 2393
f 2393 2404 2659
f 2404 2661 2659
f 2405 2660 2661
f 2390 2657 2406
f 2404 2405 2661
f 2386 2406 2403
f 2393 2409 2404
f 2404 2409 2405
f 2406 2657 2659
f 2406 2659 2661
f 2406 2661 2413
f 2393 2403 2409
f 2413 2661 2660
f 2403 2406 2409
f 1333 2593 2206
f 1333 2594 2593
f 1334 2595 2594
f 1335 2596 2595
f 1336 2597 2596
f 1337 2599 2597
f 1339 2600 2599
f 1340 2602 2600
f 1342 2601 2602
f 1348 2598 2608
f 1343 2603 2601
f 1343 2604 2603
f 1344 2606 2604
f 1346 2607 2606
f 1347 2605 2607
f 2359 2608 2362
f 2362 2608 2366
f 2357 2358 2609
f 2358 2364 2609
f 2402 2407 2408
f 2407 2410 2408
f 2405 2409 2412
f 2406 2413 2409
f 2409 2413 2412
f 2364 2365 2609
f 2365 2374 2609
f 2374 2399 2609
f 2366 2608 2368
f 2368 2608 2370
f 2370 2608 2395
f 2395 2608 2407
f 2408 2410 2411
f 2399 2408 2609
f 2410 2584 2411
f 2412 2413 2414
f 2412 2414 2586
f 1359 2618 2415
f 2415 2416 2419
f 2415 2419 2417
f 2417 2419 2431
f 2418 2438 2420
f 2417 2431 2428
f 2416 2423 2419
f 2419 2433 2431
f 2416 2421 2423
f 2419 2423 2433
f 2421 2425 2423
f 2423 2426 2433
f 2421 2422 2425
f 2423 2425 2426
f 2422 2491 2425
f 2422 2490 2491
f 2425 2491 2493
f 2425 2493 2426
f 2427 2428 2430
f 2428 2431 2430
f 2430 2431 2432
f 2427 2430 2500
f 2427 2500 2429
f 2431 2433 2432
f 2432 2433 2434
f 2429 2500 2511
f 2426 2434 2433
f 2426 2499 2434
f 2430 2432 2610
f 2426 2493 2499
f 1577 2442 2441
f 2418 2435 2438
f 1577 2447 2442
f 1577 2501 2447
f 1632 1636 2506
f 2436 2439 2437
f 1636 1637 2506
f 2437 2439 2440
f 2420 2438 2441
f 1577 2506 2501
f 1637 2437 2506
f 2437 2440 2506
f 2439 2443 2440
f 1699 2381 2834
f 2420 2441 2424
f 2424 2441 2442
f 2424 2442 2446
f 2439 2445 2443
f 2443 2445 2444
f 2444 2445 2449
f 2440 2443 2506
f 2442 2447 2446
f 2446 2447 2501
f 2446 2501 2502
f 2445 2448 2449
f 2443 2444 2506
f 2444 2449 2506
f 2448 2450 2449
f 2448 2503 2450
f 2449 2450 2506
f 2450 2503 2504
f 2451 2458 2454
f 2436 2460 2439
f 2439 2460 2462
f 2429 2511 2451
f 2451 2511 2458
f 2439 2462 2445
f 1657 2452 2456
f 1642 2456 2472
f 2452 2454 2456
f 1638 2472 2476
f 2454 2458 2456
f 1658 2457 2453
f 1658 2473 2457
f 2453 2459 2455
f 2453 2457 2459
f 1589 2476 2512
f 1591 2512 2514
f 2456 2458 2472
f 1643 2477 2473
f 1639 2513 2477
f 1590 2514 2516
f 1592 2516 2515
f 1593 2515 2513
f 2457 2475 2459
f 1608 2482 2481
f 2460 2461 2463
f 1608 2484 2482
f 2460 2463 2462
f 1608 2523 2484
f 2462 2463 2464
f 2462 2464 2480
f 2455 2459 2465
f 1655 1663 2529
f 2466 2469 2467
f 2466 2468 2471
f 2466 2471 2469
f 1608 2524 2523
f 1608 2529 2524
f 2459 2530 2465
f 1663 1665 2529
f 2469 2471 2470
f 1665 2467 2529
f 2470 2471 2486
f 2465 2533 2468
f 2468 2533 2471
f 2458 2511 2474
f 2445 2480 2448
f 2445 2462 2480
f 2448 2483 2503
f 2474 2511 2478
f 2448 2480 2483
f 2483 2522 2503
f 2458 2474 2472
f 2472 2474 2476
f 2457 2473 2475
f 2473 2479 2475
f 2474 2478 2476
f 2476 2478 2512
f 2478 2517 2512
f 2477 2513 2518
f 2473 2477 2479
f 2477 2518 2479
f 2464 2481 2480
f 2480 2481 2482
f 2480 2482 2483
f 2482 2484 2483
f 2483 2484 2523
f 2483 2523 2522
f 2459 2475 2530
f 2467 2469 2529
f 2470 2486 2485
f 2469 2470 2529
f 2485 2486 2488
f 2470 2485 2529
f 2471 2533 2486
f 2465 2530 2533
f 2475 2479 2530
f 2486 2487 2488
f 2487 2489 2488
f 2486 2533 2487
f 2485 2488 2529
f 2487 2525 2489
f 2488 2489 2529
f 2489 2525 2531
f 2487 2533 2525
f 2415 2618 2416
f 2418 2420 2598
f 2490 2496 2492
f 2490 2492 2491
f 2493 2494 2497
f 2495 2496 2498
f 2492 2496 2495
f 2494 2495 2498
f 2491 2494 2493
f 2491 2492 2494
f 2492 2495 2494
f 2416 2618 2421
f 2421 2618 2422
f 2422 2618 2490
f 2420 2424 2598
f 2424 2446 2598
f 2446 2502 2598
f 2493 2497 2499
f 2494 2498 2497
f 2430 2610 2500
f 2432 2434 2611
f 2500 2612 2511
f 2500 2610 2612
f 2434 2499 2622
f 2432 2611 2610
f 2501 2506 2502
f 2502 2506 2505
f 2503 2507 2504
f 2504 2507 2510
f 2450 2504 2506
f 2504 2509 2506
f 2505 2506 2509
f 2505 2509 2508
f 2508 2509 2510
f 2507 2508 2510
f 2504 2510 2509
f 2381 2384 2834
f 2384 2388 2834
f 2388 2392 2834
f 2392 2394 2834
f 2394 2405 2834
f 2503 2522 2507
f 2507 2522 2526
f 2478 2511 2612
f 2478 2612 2517
f 2512 2517 2514
f 2514 2519 2516
f 2515 2516 2521
f 2513 2515 2520
f 2514 2517 2519
f 2513 2520 2518
f 2516 2519 2521
f 2515 2521 2520
f 2522 2523 2524
f 2522 2524 2526
f 2525 2527 2531
f 2526 2529 2528
f 2524 2529 2526
f 2528 2529 2532
f 2527 2528 2532
f 2489 2531 2529
f 2527 2532 2531
f 2529 2531 2532
f 2479 2518 2613
f 2479 2613 2530
f 2525 2614 2527
f 2527 2614 2528
f 2530 2614 2533
f 2525 2533 2614
f 2518 2520 2616
f 2520 2521 2625
f 2526 2528 2617
f 2530 2613 2614
f 2518 2616 2613
f 2083 2547 2534
f 2534 2547 2535
f 2536 2537 2546
f 2268 2548 2549
f 2535 2547 2548
f 2278 2549 2553
f 2536 2546 2545
f 2281 2555 2551
f 2281 2556 2555
f 2547 2552 2548
f 2278 2553 2554
f 2279 2554 2558
f 2129 2552 2547
f 2548 2552 2549
f 2283 2558 2559
f 2297 2560 2557
f 2297 2557 2556
f 2283 2559 2563
f 2299 2562 2560
f 2299 2561 2562
f 2130 2551 2555
f 2131 2550 2551
f 2549 2552 2553
f 2136 2554 2552
f 2552 2554 2553
f 2299 2563 2561
f 2137 2555 2556
f 2136 2558 2554
f 2143 2559 2558
f 2560 2562 2565
f 2137 2556 2565
f 2556 2557 2565
f 2557 2560 2565
f 2161 2565 2564
f 2167 2563 2559
f 2171 2564 2563
f 2561 2564 2562
f 2562 2564 2565
f 2561 2563 2564
f 2182 2598 2579
f 2566 2569 2567
f 2347 2570 2568
f 2356 2569 2571
f 2350 2352 2572
f 2349 2574 2351
f 2351 2574 2352
f 2353 2355 2575
f 2355 2356 2575
f 2566 2568 2569
f 2350 2572 2570
f 2356 2571 2573
f 2568 2571 2569
f 2568 2570 2571
f 2352 2574 2572
f 2356 2573 2575
f 2349 2576 2574
f 2570 2573 2571
f 2570 2572 2573
f 2572 2575 2573
f 2572 2574 2575
f 2574 2576 2575
f 2353 2575 2618
f 2575 2576 2577
f 2575 2577 2618
f 2579 2583 2580
f 2579 2618 2583
f 2582 2583 2618
f 2577 2578 2618
f 2578 2581 2618
f 2581 2582 2618
f 2407 2608 2410
f 2411 2584 2585
f 2408 2411 2609
f 2584 2588 2585
f 2586 2587 2589
f 2414 2587 2586
f 2405 2412 2834
f 2588 2591 2590
f 2585 2588 2590
f 2589 2592 2591
f 2587 2592 2589
f 2590 2591 2592
f 2413 2808 2414
f 2410 2608 2584
f 2584 2608 2588
f 2588 2608 2591
f 2411 2585 2609
f 2585 2590 2609
f 2590 2592 2609
f 2414 2808 2587
f 2412 2586 2834
f 2589 2591 2834
f 2587 2808 2592
f 2586 2589 2834
f 2182 2206 2593
f 2182 2593 2598
f 2593 2594 2598
f 2594 2595 2598
f 2595 2596 2598
f 2596 2597 2598
f 2597 2599 2598
f 2598 2599 2600
f 2598 2600 2602
f 2598 2602 2608
f 2601 2608 2602
f 2603 2604 2609
f 2604 2606 2609
f 2606 2805 2609
f 2591 2608 2834
f 2592 2808 2609
f 2601 2603 2608
f 2603 2609 2608
f 2608 2609 2808
f 2608 2808 2834
f 2490 2618 2496
f 2502 2505 2598
f 2505 2508 2598
f 2496 2623 2498
f 2497 2498 2623
f 2497 2623 2499
f 2434 2620 2611
f 2610 2615 2612
f 2434 2622 2620
f 2610 2611 2615
f 2499 2623 2622
f 2507 2629 2508
f 2507 2526 2629
f 2517 2628 2519
f 2519 2628 2521
f 2517 2612 2628
f 2528 2614 2617
f 2520 2625 2616
f 2526 2617 2626
f 2613 2617 2614
f 2612 2615 2628
f 2521 2627 2625
f 2613 2616 2617
f 2526 2626 2629
f 2496 2618 2623
f 2508 2629 2598
f 2579 2598 2618
f 2598 2619 2618
f 2618 2619 2623
f 2598 2629 2619
f 2611 2621 2615
f 2611 2620 2621
f 2620 2622 2624
f 2620 2624 2621
f 2619 2622 2623
f 2619 2624 2622
f 2615 2621 2628
f 2521 2628 2627
f 2616 2626 2617
f 2616 2625 2626
f 2619 2628 2624
f 2621 2624 2628
f 2619 2629 2628
f 2625 2630 2626
f 2625 2627 2630
f 2627 2628 2629
f 2627 2629 2630
f 2626 2630 2629
f 973 1666 2631
f 1667 2633 2632
f 1670 2632 2635
f 1668 2634 2633
f 1671 2635 2636
f 1672 2636 2637
f 1673 2637 2638
f 1688 2799 2634
f 1673 2638 5148
f 1675 2639 2640
f 1676 2640 2641
f 1677 2641 2642
f 1678 2642 2643
f 1679 2643 2644
f 1680 2644 2645
f 1681 2647 2646
f 1682 2648 2647
f 2807 4675 5152
f 1684 2646 2649
f 1685 2649 2650
f 1686 2650 2651
f 1683 2652 2648
f 973 2631 2196
f 2196 2631 2197
f 2197 2631 2212
f 2212 2634 2213
f 2212 2631 2633
f 2212 2633 2634
f 2631 2638 2637
f 2631 2632 2633
f 2631 2635 2632
f 2631 2636 2635
f 2631 2637 2636
f 2213 2634 2224
f 2224 2634 2225
f 2225 2634 2799
f 2631 5148 2638
f 2639 2807 2651
f 2639 2651 2640
f 2640 2650 2641
f 2641 2649 2642
f 2642 2646 2643
f 2651 2807 5152
f 2640 2651 2650
f 2641 2650 2649
f 2642 2649 2646
f 2643 2646 2647
f 2643 2647 2644
f 2644 2647 2645
f 2645 2647 2648
f 2645 2648 2652
f 1697 2808 2653
f 1698 2809 2668
f 1688 2800 2799
f 1689 2801 2800
f 1690 2802 2801
f 1691 2803 2802
f 1692 2804 2803
f 1693 2805 2804
f 1694 2806 2805
f 1695 2807 2806
f 2653 2808 2654
f 2654 2808 2655
f 2655 2808 2656
f 2656 2808 2658
f 2658 2808 2660
f 1674 2609 2639
f 1697 2875 2808
f 2662 2668 2665
f 1830 1836 2741
f 1771 2675 2673
f 1771 2739 2675
f 2665 2668 2670
f 2663 2664 2669
f 2664 2667 2671
f 2665 2670 2666
f 1836 1839 2741
f 1771 2741 2739
f 1839 2662 2741
f 2662 2665 2741
f 2666 2670 2676
f 2667 2673 2671
f 2664 2671 2669
f 2669 2671 2692
f 2671 2677 2693
f 2680 2692 2684
f 2683 2684 2693
f 2666 2676 2672
f 2665 2666 2741
f 2666 2672 2741
f 2672 2676 2678
f 2673 2675 2677
f 2672 2678 2674
f 2672 2674 2741
f 2674 2678 2743
f 2674 2743 2738
f 2675 2739 2679
f 2671 2673 2677
f 2677 2679 2714
f 2675 2679 2677
f 2679 2739 2744
f 2679 2744 2758
f 2683 2714 2686
f 2686 2716 2688
f 1844 1846 2752
f 1781 2689 2687
f 1781 2751 2689
f 1846 1849 2752
f 1849 2680 2752
f 2680 2684 2752
f 1781 2752 2751
f 2683 2752 2684
f 2683 2686 2752
f 2687 2689 2715
f 2686 2688 2752
f 2689 2751 2717
f 2688 2758 2748
f 1700 2691 2843
f 2671 2693 2692
f 2684 2692 2693
f 2683 2693 2714
f 2698 2703 2704
f 2698 2701 2699
f 2698 2704 2701
f 2701 2700 2699
f 2710 2700 2701
f 2705 2706 2696
f 2696 2706 2707
f 2705 2708 2706
f 2711 2710 2701
f 2711 2701 2702
f 2711 2724 2712
f 2724 2713 2712
f 2691 2694 2753
f 2677 2714 2693
f 2686 2714 2716
f 2679 2716 2714
f 2679 2758 2716
f 2688 2716 2758
f 2719 2720 2721
f 2757 2709 2718
f 2724 2723 2713
f 2723 2724 2726
f 2711 2702 2793
f 2711 2793 2724
f 2719 2757 2718
f 2723 2726 2795
f 2681 2682 2731
f 2682 2695 2731
f 2682 2685 2695
f 2695 2732 2731
f 2685 2687 2695
f 2732 2734 2733
f 2732 2735 2734
f 2695 2792 2732
f 2732 2736 2735
f 2687 2715 2695
f 2695 2715 2792
f 2689 2717 2715
f 2717 2751 2759
f 2715 2717 2792
f 2732 2792 2793
f 2732 2793 2736
f 2793 2702 2736
f 2793 2737 2724
f 2674 2738 2741
f 2738 2740 2742
f 2738 2742 2741
f 2738 2743 2745
f 2740 2745 2747
f 2738 2745 2740
f 2739 2741 2744
f 2740 2747 2742
f 2741 2742 2746
f 1699 2834 2809
f 2742 2747 2746
f 2741 2746 2744
f 2668 2809 2670
f 2670 2809 2676
f 2676 2809 2678
f 2678 2809 2743
f 2688 2748 2752
f 2748 2749 2750
f 2748 2750 2752
f 2748 2760 2749
f 2751 2752 2759
f 2749 2762 2750
f 2750 2761 2752
f 2748 2758 2760
f 2749 2760 2762
f 2750 2762 2761
f 2719 2721 2810
f 2721 2722 2810
f 2765 2764 2770
f 2767 2768 2766
f 2728 2782 2729
f 2782 2730 2729
f 2767 2780 2769
f 2782 2767 2766
f 2782 2766 2730
f 2771 2772 2773
f 2771 2765 2770
f 2777 2778 2779
f 2777 2779 2781
f 2767 2790 2780
f 2728 2783 2782
f 2828 2727 2725
f 2728 2727 2828
f 2723 2828 2725
f 2771 2789 2765
f 2771 2773 2791
f 2773 2774 2791
f 2771 2791 2789
f 2723 2795 2828
f 2728 2828 2783
f 2843 2691 2753
f 2761 2762 2831
f 2719 2843 2757
f 2815 2775 2776
f 2777 2815 2776
f 2767 2782 2822
f 2767 2822 2790
f 2828 2784 2783
f 2752 2761 2759
f 2717 2759 2827
f 2759 2761 2827
f 2792 2794 2793
f 2793 2794 2737
f 2792 2796 2794
f 2717 2827 2792
f 2792 2797 2796
f 2792 2798 2797
f 2761 2831 2827
f 2792 2827 2828
f 2792 2828 2798
f 2828 2795 2798
f 2828 2829 2784
f 1761 2843 2882
f 1748 2645 2869
f 1747 2868 2652
f 1749 2869 2870
f 1750 2874 2871
f 1751 2870 2872
f 1752 2872 2873
f 1753 2873 2874
f 1754 2871 2875
f 1747 2876 2868
f 1755 2877 2876
f 1756 2878 2877
f 1757 2879 2878
f 1758 2880 2879
f 1759 2881 2880
f 2882 5394 4710
f 2413 2660 2808
f 2225 2799 2605
f 2605 2802 2607
f 2605 2799 2800
f 2605 2800 2801
f 2605 2801 2802
f 2607 2802 2803
f 2607 2803 2804
f 2606 2804 2805
f 2606 2607 2804
f 2609 2805 2806
f 2609 2806 2807
f 2609 2807 2639
f 2808 2875 2809
f 2809 2875 2843
f 2743 2809 2745
f 2745 2809 2747
f 2746 2747 2809
f 2744 2746 2847
f 2843 2753 2754
f 2843 2754 2756
f 2843 2763 2757
f 2719 2810 2843
f 2843 2756 2755
f 2843 2755 2786
f 2843 2788 2763
f 2744 2847 2758
f 2758 2847 2760
f 2760 2847 2762
f 2777 2781 2862
f 2822 2821 2790
f 2777 2862 2815
f 2843 2786 2785
f 2843 2785 2787
f 2843 2787 2788
f 2843 2810 2811
f 2843 2811 2812
f 2843 2812 2814
f 2843 2814 2813
f 2819 2818 2820
f 2762 2846 2867
f 2822 2823 2821
f 2823 2825 2821
f 2823 2833 2825
f 2816 2817 2860
f 2833 2840 2825
f 2762 2867 2831
f 2827 2829 2828
f 2827 2831 2830
f 2827 2830 2829
f 2831 2832 2830
f 2831 2833 2832
f 2746 2809 2847
f 2808 2809 2834
f 2843 2813 2819
f 2843 2819 2820
f 2843 2820 2836
f 2843 2836 2835
f 2843 2835 2838
f 2762 2847 2846
f 2859 2824 2816
f 2862 2781 2866
f 2862 2839 2815
f 2840 2826 2825
f 2841 2840 2833
f 2859 2816 2860
f 2841 2867 2842
f 2841 2842 2840
f 2843 2838 2837
f 2843 2837 2845
f 2843 2845 2844
f 2843 2844 2849
f 2809 2843 2847
f 2843 2849 2848
f 2843 2848 2853
f 2843 2857 2847
f 2843 2853 2852
f 2843 2852 2855
f 2843 2855 2854
f 2843 2854 2856
f 2843 2856 2857
f 2847 2857 2858
f 2846 2847 2862
f 2859 2863 2824
f 2867 2850 2842
f 2867 2851 2850
f 2846 2859 2867
f 2859 2860 2867
f 2867 2860 2851
f 2862 2861 2839
f 2846 2863 2859
f 2847 2858 2861
f 2846 2862 2866
f 2846 2866 2865
f 2847 2861 2862
f 2846 2864 2863
f 2846 2865 2864
f 2841 2833 2831
f 2831 2867 2841
f 2645 2652 2869
f 2843 2875 2882
f 2652 2868 2869
f 2868 2870 2869
f 2868 2872 2870
f 2872 2877 2873
f 2868 2876 2872
f 2872 2876 2877
f 2873 2877 2878
f 2871 2882 2875
f 2871 2874 2882
f 2873 2882 2874
f 2873 2878 2882
f 2878 2879 2882
f 2879 2880 2882
f 2880 2881 5383
f 2880 5383 2882
f 2882 5383 5390
f 2882 5390 5391
f 2882 5391 5392
f 2882 5392 5394
f 235 237 2883
f 237 238 2883
f 238 239 2883
f 239 246 2883
f 246 2885 2883
f 246 2884 2885
f 2883 2885 2886
f 2883 2886 2887
f 2883 2887 2892
f 2883 2892 2891
f 2883 2891 2894
f 2883 2894 2890
f 2887 2888 2892
f 2888 2889 2893
f 2889 2897 2893
f 2888 2893 2892
f 2893 2897 2895
f 2895 2897 2896
f 2896 2897 3048
f 2883 2890 2906
f 2896 3048 3055
f 2898 2907 2905
f 2898 2912 2907
f 2898 2913 2912
f 2899 2904 2900
f 2900 2905 2907
f 2900 2904 2905
f 2899 2901 2906
f 2906 2901 2902
f 2906 2902 2903
f 2899 2906 2904
f 2906 2903 2908
f 2904 2906 2921
f 2906 2908 2909
f 2906 2909 2910
f 2899 2900 2955
f 2899 2939 2901
f 2940 2908 2903
f 2904 2973 2905
f 2906 2910 2916
f 2906 2916 2917
f 2906 2917 2918
f 2911 2921 2922
f 2904 2921 2985
f 2912 2913 2914
f 2913 2915 2914
f 2913 2934 2915
f 2912 2914 2938
f 2934 2932 2915
f 2898 2973 2913
f 2900 2907 2953
f 2899 2919 2920
f 2899 2920 2939
f 2899 2955 2919
f 2898 2905 2973
f 2910 2941 2916
f 2906 2918 2941
f 2907 2912 2953
f 2900 2952 2951
f 2900 2948 2955
f 2900 2951 2948
f 2953 2952 2900
f 2940 2962 2908
f 2906 2941 2967
f 2906 2965 2942
f 2904 2975 2973
f 2904 2977 2975
f 2962 2941 2910
f 2906 2967 2965
f 2904 2987 2977
f 2906 2942 2944
f 2906 2944 2943
f 2906 2943 2972
f 2906 2972 2978
f 2904 2985 2987
f 2921 2984 2985
f 2921 2986 2984
f 2921 2988 2986
f 2890 2921 2906
f 2890 2922 2921
f 2923 3087 3061
f 2923 2924 3087
f 2924 2925 3087
f 2926 3089 3090
f 2925 2926 3090
f 2926 2927 3089
f 2927 2928 3089
f 2928 2929 3091
f 2929 2930 3091
f 2930 2931 3091
f 2928 3091 3089
f 2931 3429 3091
f 235 2883 3867
f 2884 3868 2885
f 2885 3869 2886
f 2886 3870 2887
f 2887 3871 2888
f 2888 3872 2889
f 2889 3873 2897
f 2890 2894 3878
f 2891 3875 2894
f 2891 2892 3876
f 2892 2893 3877
f 2893 2895 3879
f 2895 2896 3880
f 2897 3912 3048
f 2890 3874 2922
f 2896 3055 3919
f 2934 2933 2932
f 2934 2935 2933
f 2913 2974 2934
f 2933 2935 3000
f 2934 2937 2935
f 2934 3004 2937
f 2937 2936 2935
f 2934 2974 2976
f 2934 2976 3004
f 2974 2980 2976
f 2912 2938 2960
f 2912 2950 2953
f 2912 2958 2950
f 2960 2958 2912
f 2957 2956 2919
f 2955 2957 2919
f 2913 2973 2974
f 2944 2970 2943
f 2906 2978 3749
f 2938 2945 2947
f 2938 2947 2949
f 2967 2941 2962
f 2967 2940 2946
f 2967 2962 2940
f 2965 2966 2942
f 2933 3000 3002
f 2960 2938 2949
f 2953 2954 2952
f 2960 2949 2959
f 2960 2959 2961
f 2964 2946 2963
f 2967 2946 2964
f 2967 2968 2965
f 2965 2969 2966
f 2943 2971 2972
f 2973 2979 2974
f 2973 2975 2981
f 2975 2977 2982
f 2973 2981 2979
f 2975 2982 2981
f 2979 2981 2980
f 2974 2979 2980
f 2977 2983 2982
f 2980 2981 3016
f 2921 3023 2988
f 2921 3025 3023
f 2921 3034 3025
f 2921 3779 3034
f 2984 2990 2985
f 2985 2992 2987
f 2911 3901 2921
f 2984 2989 2990
f 2986 2991 2989
f 2985 2990 2992
f 2988 2993 2991
f 2984 2986 2989
f 2986 2988 2991
f 2989 2992 2990
f 2989 2991 2992
f 2991 3026 2992
f 2937 2994 2936
f 2937 2996 2994
f 2937 2998 2997
f 2937 2997 2996
f 2994 2996 2995
f 2937 3004 3006
f 2976 3016 3004
f 2937 3006 3014
f 3004 3018 3006
f 3006 3018 3020
f 2937 3739 2998
f 2937 3014 3740
f 2937 3740 3739
f 3739 2999 2998
f 3739 3745 2999
f 3006 3020 3014
f 3014 3741 3740
f 3014 3020 3770
f 3014 3770 3741
f 3002 3000 3001
f 3002 3001 3003
f 2977 3005 2983
f 3005 3007 3017
f 2977 3022 3005
f 3005 3022 3007
f 2978 3008 3009
f 2978 3009 3011
f 3007 3015 3019
f 3007 3024 3015
f 2906 3749 3830
f 3745 3010 2999
f 3011 3012 3013
f 3749 3011 3013
f 3749 2978 3011
f 3015 3756 3021
f 3015 3033 3756
f 2906 3830 3838
f 2976 2980 3016
f 2981 3018 3016
f 3004 3016 3018
f 2981 3020 3018
f 2981 3770 3020
f 2981 3772 3770
f 2981 2982 3844
f 2982 2983 3844
f 2981 3774 3772
f 2983 3017 3844
f 3017 3019 3844
f 2983 3005 3017
f 3007 3019 3017
f 2977 2987 3022
f 2987 3026 3022
f 3022 3027 3024
f 3007 3022 3024
f 3024 3030 3033
f 2987 2992 3026
f 3022 3026 3027
f 2988 3023 2993
f 2991 3027 3026
f 2993 3023 3028
f 2991 3029 3027
f 2991 3030 3029
f 3023 3031 3028
f 3024 3027 3029
f 3024 3029 3030
f 3023 3025 3031
f 2991 3035 3030
f 2991 3036 3035
f 3025 3032 3031
f 3025 3037 3032
f 3015 3021 3019
f 3021 3756 3771
f 3015 3024 3033
f 3033 3778 3756
f 3033 3036 3778
f 3030 3035 3033
f 3033 3035 3036
f 3025 3034 3037
f 2991 3782 3036
f 2991 3783 3782
f 2991 3785 3783
f 2991 2993 3856
f 3034 3038 3037
f 3036 3782 3778
f 3034 3779 3039
f 2991 3786 3785
f 2993 3028 3856
f 2991 3793 3786
f 3028 3031 3856
f 3031 3032 3856
f 3034 3039 3038
f 3039 3779 3784
f 2883 2906 3899
f 2922 3040 3249
f 2922 3043 3041
f 2922 3041 3040
f 2922 3045 3043
f 2922 3046 3045
f 2922 3047 3046
f 2922 3858 3047
f 2923 3903 2924
f 2924 3904 2925
f 2925 3905 2926
f 2926 3906 2927
f 2927 3907 2928
f 2928 3908 2929
f 2929 3909 2930
f 2930 3910 2931
f 3061 3087 4267
f 3048 3052 3055
f 3052 3053 3055
f 3053 3056 3055
f 3053 3057 3056
f 3053 3054 3057
f 3051 3058 3054
f 3050 3059 3051
f 3049 3060 3050
f 473 2923 3049
f 3054 3058 3057
f 3051 3059 3058
f 3050 3060 3059
f 3049 3061 3060
f 2923 3061 3049
f 477 3069 3062
f 2931 3066 3429
f 3066 3430 3429
f 3066 3441 3430
f 3063 3069 3064
f 3064 3069 3065
f 3065 3069 3068
f 3067 3068 3069
f 3062 3069 3063
f 3066 3067 3442
f 3067 3069 3442
f 3066 3442 3441
f 3069 3457 3442
f 3069 3458 3457
f 3069 4686 3458
f 3048 3912 3052
f 3049 3050 3914
f 3051 3054 3918
f 3050 3051 3915
f 477 3062 988
f 3052 3916 3053
f 3053 3917 3054
f 3055 3056 3920
f 3056 3057 3921
f 3057 3058 3922
f 3058 3059 3923
f 3059 3060 3924
f 3060 3061 3925
f 473 3903 2923
f 462 3933 3069
f 2931 3930 3066
f 3062 3063 3927
f 3063 3064 3928
f 3064 3065 3929
f 3066 3930 3067
f 3065 3068 3932
f 3067 3931 3068
f 3070 3074 3071
f 3070 3072 3073
f 3070 3071 3072
f 3073 3075 3074
f 3070 3073 3074
f 3071 3081 3072
f 3072 3076 3079
f 3072 3081 3076
f 3074 3075 3083
f 3075 3084 3083
f 3072 3164 3073
f 3072 3079 3085
f 3076 3081 3077
f 3076 3077 3078
f 3076 3078 3079
f 3078 3080 3079
f 3079 3080 3085
f 3080 3086 3085
f 3071 3098 3081
f 3077 3081 3082
f 3081 3098 3082
f 3082 3098 3117
f 3071 3177 3098
f 3077 3082 3190
f 3071 3074 3159
f 3083 3084 3149
f 3073 3164 3075
f 3072 3085 3151
f 3074 3083 3159
f 3075 3165 3084
f 3084 3150 3149
f 3083 3149 3157
f 3072 3151 3168
f 3072 3166 3164
f 3072 3168 3166
f 3071 3159 3178
f 3071 3178 3177
f 3077 3187 3078
f 3085 3086 3151
f 3078 3231 3080
f 3086 3185 3151
f 3080 3231 3086
f 3077 3189 3187
f 3077 3188 3189
f 3077 3190 3188
f 3098 3177 3180
f 3098 3180 3183
f 3082 3196 3190
f 2911 2922 3088
f 2922 3087 3088
f 3087 3093 3088
f 3088 3093 3095
f 2922 3104 3087
f 2911 3088 3106
f 2925 3090 3087
f 3087 3090 3092
f 3087 3092 3093
f 3088 3095 3094
f 3088 3094 3098
f 3094 3096 3098
f 3096 3097 3098
f 3097 3099 3098
f 3098 3099 3100
f 3098 3100 3101
f 3098 3101 3102
f 3098 3102 3103
f 3098 3103 3472
f 3103 3448 3472
f 2911 3107 3110
f 2922 3105 3104
f 2922 3109 3105
f 2911 3106 3107
f 2922 3245 3109
f 2911 3110 3246
f 3087 3104 3111
f 3087 3111 3112
f 3087 3112 3247
f 3088 3108 3106
f 3088 3113 3108
f 3088 3248 3113
f 2922 3249 3245
f 3104 3105 3107
f 3104 3106 3111
f 3104 3107 3106
f 3106 3108 3111
f 2911 3246 3253
f 3105 3109 3110
f 3105 3110 3107
f 3108 3113 3112
f 3087 3247 3251
f 3108 3112 3111
f 3088 3252 3248
f 3082 3115 3116
f 3082 3116 3119
f 3082 3119 3120
f 3082 3114 3115
f 3082 3117 3114
f 3114 3117 3118
f 3082 3120 3122
f 3120 3121 3122
f 3082 3122 3298
f 3121 3123 3122
f 3122 3123 3124
f 3123 3125 3124
f 3124 3125 3126
f 3125 3127 3126
f 3121 3302 3123
f 3122 3124 3295
f 3123 3299 3125
f 3126 3127 3128
f 3127 3129 3128
f 3124 3126 3295
f 3125 3301 3127
f 3128 3129 3293
f 3122 3295 3296
f 3122 3296 3298
f 3123 3300 3299
f 3123 3302 3300
f 3125 3299 3301
f 3126 3128 3295
f 3127 3304 3129
f 3129 3294 3293
f 3098 3472 3117
f 3132 3134 3133
f 3131 3483 3132
f 3132 3487 3134
f 3130 3493 3131
f 3130 3138 3517
f 3133 3134 3135
f 3134 3136 3135
f 3134 3511 3136
f 3135 3136 3137
f 3136 3141 3137
f 3136 3142 3141
f 3136 3518 3142
f 3138 3139 3140
f 3138 3140 3517
f 3139 3146 3140
f 3132 3133 3358
f 3142 3518 3143
f 3144 3147 3145
f 3144 3145 3319
f 3144 3319 3603
f 3140 3146 3147
f 3140 3144 3523
f 3133 3135 3358
f 3130 3131 3383
f 3131 3132 3383
f 3140 3147 3144
f 3138 3372 3139
f 3130 3385 3138
f 3135 3137 3358
f 3143 3524 3148
f 3137 3141 3361
f 3141 3142 3361
f 3139 3372 3146
f 3146 3378 3147
f 3142 3143 3387
f 3143 3148 3387
f 3148 3665 3352
f 3084 3167 3150
f 3149 3150 3152
f 3083 3157 3159
f 3075 3164 3165
f 3084 3165 3167
f 3149 3152 3160
f 3150 3155 3152
f 3149 3158 3157
f 3149 3160 3158
f 3150 3205 3155
f 3150 3167 3205
f 3153 3160 3154
f 3153 3156 3158
f 3156 3157 3158
f 3156 3161 3157
f 3157 3161 3159
f 3153 3162 3156
f 3156 3162 3161
f 3153 3158 3160
f 3159 3161 3162
f 3159 3162 3163
f 3153 3201 3162
f 3164 3169 3165
f 3164 3166 3171
f 3165 3170 3167
f 3166 3168 3173
f 3165 3169 3170
f 3167 3170 3172
f 3164 3171 3169
f 3166 3173 3171
f 3151 3206 3168
f 3151 3174 3206
f 3159 3163 3178
f 3163 3182 3178
f 2911 3253 3266
f 2911 3266 3270
f 2911 3270 3271
f 2911 3271 3275
f 2911 3275 4047
f 3175 3176 3178
f 3176 3177 3178
f 3176 3179 3177
f 3177 3179 3180
f 3175 3184 3176
f 3176 3184 3179
f 3175 3182 3181
f 3175 3178 3182
f 3179 3184 3180
f 3180 3184 3183
f 3175 3223 3184
f 3086 3233 3185
f 3078 3187 3231
f 3151 3185 3174
f 3174 3185 3186
f 3086 3231 3233
f 3185 3235 3186
f 3188 3191 3189
f 3187 3192 3193
f 3187 3189 3192
f 3098 3183 3224
f 3098 3224 3238
f 3098 3238 3242
f 3082 3240 3196
f 3082 3241 3240
f 3082 3244 3241
f 3191 3194 3192
f 3192 3194 3193
f 3193 3194 3195
f 3189 3191 3192
f 3188 3194 3191
f 3188 3190 3194
f 3190 3195 3194
f 3190 3196 3195
f 3098 3242 3990
f 3082 3994 3244
f 3152 3198 3160
f 3154 3160 3198
f 3154 3198 3197
f 3152 3199 3198
f 3197 3198 3199
f 3155 3205 3209
f 3152 3155 3934
f 3152 3213 3199
f 3197 3199 3200
f 3199 3213 3200
f 3155 3209 3217
f 3162 3201 3163
f 3163 3201 3202
f 3153 3203 3201
f 3201 3203 3202
f 3153 3215 3203
f 3202 3203 3204
f 3203 3215 3204
f 3167 3172 3205
f 3172 3207 3205
f 3205 3207 3209
f 3168 3208 3173
f 3168 3206 3208
f 3206 3212 3208
f 3207 3211 3209
f 3209 3211 3217
f 3206 3210 3212
f 3210 3220 3212
f 3163 3202 3182
f 3202 3204 3222
f 3174 3210 3206
f 3182 3202 3222
f 3204 3216 3225
f 3204 3225 3222
f 3174 3218 3210
f 3174 3186 3952
f 3152 3934 3213
f 3155 3937 3934
f 3200 3213 3214
f 3153 3154 4009
f 3155 3217 3937
f 3213 3936 3214
f 3154 3197 4009
f 3213 3934 3936
f 3214 3936 3935
f 3197 3200 4009
f 3217 3944 3937
f 3153 3940 3215
f 3204 3215 3216
f 3153 3942 3940
f 3215 3940 3216
f 3153 3957 3942
f 3216 3940 3941
f 3211 3219 3217
f 3169 4022 3170
f 3169 3171 4021
f 3170 4020 3172
f 3172 4019 3207
f 3210 3218 3220
f 3171 3173 4023
f 3173 3208 3968
f 3208 3212 3964
f 3217 3219 3944
f 3219 3946 3944
f 3207 3967 3211
f 3211 3963 3219
f 3218 3947 3220
f 3212 3220 3951
f 3218 3945 3947
f 3216 3229 3225
f 3174 3952 3218
f 3216 3941 3229
f 3229 3941 3970
f 3218 3952 3945
f 3181 3182 3222
f 3181 3222 3221
f 3221 3222 3225
f 3183 3184 3223
f 3183 3223 3224
f 3175 3227 3223
f 3223 3227 3224
f 3221 3225 3226
f 3225 3229 3226
f 3175 3230 3227
f 3224 3227 3238
f 3227 3230 3238
f 3226 3229 3228
f 3175 3181 4032
f 3175 3971 3230
f 3175 3974 3971
f 3228 3229 3970
f 3181 3221 4032
f 3228 3970 3969
f 3221 3226 4032
f 3230 3971 3242
f 3175 3977 3974
f 3193 3236 3231
f 3185 3233 3235
f 3187 3193 3231
f 3231 3236 3233
f 3232 3233 3236
f 3232 3235 3233
f 3186 3982 3952
f 3186 3984 3982
f 3186 3235 3984
f 3232 3234 3235
f 3234 3983 3984
f 3234 3984 3235
f 3193 3195 3236
f 3195 3237 3236
f 3232 3236 3237
f 3195 3196 3237
f 3196 3240 3237
f 3237 3240 3239
f 3232 3239 3234
f 3232 3237 3239
f 3239 3241 3243
f 3239 3240 3241
f 3230 3242 3238
f 3234 3239 3243
f 3234 3243 3983
f 3242 3971 3990
f 3243 3244 3991
f 3243 3991 3983
f 3241 3244 3243
f 3244 3994 3991
f 3109 3245 3246
f 3109 3246 3110
f 3245 3250 3246
f 3112 3113 3247
f 3113 3248 3247
f 3087 3251 3260
f 3247 3248 3251
f 3088 3265 3252
f 3088 3283 3265
f 3088 3285 3283
f 3088 3287 3285
f 3087 3260 3261
f 3087 3261 3280
f 3087 3280 3288
f 3087 3288 3289
f 3245 3249 3250
f 3249 3257 3250
f 3246 3250 3253
f 3251 3252 3258
f 3248 3252 3251
f 3087 3289 3292
f 3087 3292 4074
f 3088 3291 3287
f 3088 4071 3291
f 3090 4270 3092
f 3089 4269 3090
f 3089 3091 4271
f 3092 4272 3093
f 3091 3429 4271
f 3093 4275 3095
f 3094 4274 3096
f 3094 3095 4275
f 3096 4276 3097
f 3097 4277 3099
f 3088 3098 4278
f 3099 4279 3100
f 3100 4280 3101
f 3101 4281 3102
f 3102 4282 3103
f 3042 3256 3249
f 3250 3257 3255
f 3249 3256 3257
f 3040 3042 3249
f 3250 3254 3253
f 3250 3255 3254
f 3040 3253 3254
f 3040 3041 3253
f 3040 3254 3042
f 3042 3044 3256
f 3042 3254 3255
f 3255 3257 3267
f 3251 3258 3259
f 3251 3259 3260
f 3258 3277 3259
f 3252 3262 3258
f 3252 3264 3262
f 3252 3263 3264
f 3252 3265 3263
f 3259 3264 3260
f 3260 3263 3261
f 3260 3264 3263
f 3261 3263 3265
f 3262 3264 3282
f 3041 3266 3253
f 3043 3045 3270
f 3043 3270 3266
f 3042 3255 3044
f 3041 3043 3266
f 3044 3268 3256
f 3256 3268 3269
f 3044 3267 3268
f 3044 3255 3267
f 3257 3272 3267
f 3267 3272 3268
f 3257 3273 3272
f 3256 4053 3257
f 3045 3271 3270
f 3045 3046 3271
f 3268 3272 3269
f 3256 3269 4052
f 3269 3272 3273
f 3257 4053 3273
f 3046 3275 3271
f 3046 3047 3275
f 3269 3273 3274
f 3269 3274 4052
f 3256 4052 4053
f 3273 3276 3274
f 3273 4053 3276
f 3047 4047 3275
f 3047 3858 4047
f 3274 3276 4046
f 3274 4046 4052
f 3276 4048 4046
f 3276 4053 4048
f 3258 3278 3277
f 3258 3279 3278
f 3258 3262 4062
f 3258 4062 3279
f 3279 4062 3281
f 3281 4062 4063
f 3261 3265 3280
f 3259 3277 3282
f 3259 3282 3264
f 3277 3278 3284
f 3277 3284 3282
f 3262 3282 3284
f 3265 3283 3280
f 3262 3284 3286
f 3283 3285 3288
f 3262 3286 4069
f 3278 3286 3284
f 3278 3279 3286
f 3285 3287 3289
f 3280 3283 3288
f 3285 3289 3288
f 3262 4069 4062
f 3279 3290 3286
f 3279 3281 3290
f 3286 3290 4069
f 3287 3291 3292
f 3281 4070 3290
f 3281 4063 4070
f 3290 4070 4069
f 3287 3292 3289
f 3291 4074 3292
f 3291 4071 4074
f 3082 3298 3307
f 3082 3307 3309
f 3082 3309 3315
f 3115 4289 3116
f 3114 4288 3115
f 3116 4290 3119
f 3114 3118 4292
f 3117 4292 3118
f 3119 4293 3120
f 3120 4294 3121
f 3082 3315 4105
f 3121 3308 3302
f 3121 3310 3308
f 3121 3316 3310
f 3128 3293 3297
f 3127 3301 3304
f 3129 3312 3294
f 3128 3297 3295
f 3129 3304 3312
f 3293 3294 3305
f 3121 4106 3316
f 3295 3299 3296
f 3296 3299 3300
f 3295 3297 3301
f 3295 3301 3299
f 3296 3300 3298
f 3298 3300 3302
f 3297 3304 3301
f 3293 3303 3297
f 3293 3311 3303
f 3293 3305 3311
f 3294 3306 3305
f 3294 3312 3314
f 3297 3303 3304
f 3294 3314 3306
f 3298 3302 3307
f 3302 3308 3307
f 3307 3308 3309
f 3308 3310 3309
f 3309 3310 3315
f 3305 3313 3311
f 3303 3312 3304
f 3303 3311 3312
f 3311 3314 3312
f 3305 3317 3313
f 3311 3313 3314
f 3306 3314 3318
f 3313 3318 3314
f 3305 3306 4111
f 3310 3316 3315
f 3315 3316 4105
f 3316 4106 4105
f 3313 3317 3318
f 3305 4111 3317
f 3306 3318 4112
f 3306 4112 4111
f 3317 4111 4109
f 3317 4110 3318
f 3317 4109 4110
f 3318 4110 4112
f 3319 3320 3603
f 3117 3472 4598
f 3320 3371 3604
f 3145 3147 3378
f 3321 3322 3323
f 3322 3324 3323
f 3321 3325 3322
f 3322 3325 3326
f 3321 3323 3327
f 3321 3327 3325
f 3323 3324 3329
f 3322 3326 3324
f 3324 3326 3328
f 3323 3329 3337
f 3324 3328 3329
f 3328 3330 3329
f 3323 3337 3339
f 3329 3330 3337
f 3325 3327 3340
f 3325 3340 3326
f 3326 3340 3328
f 3328 3340 3330
f 3132 3358 3383
f 3323 3342 3327
f 3145 3378 3319
f 3146 3372 3378
f 3330 3338 3337
f 3337 3338 3339
f 3338 3340 3339
f 3330 3340 3338
f 3138 3385 3372
f 3130 3383 3385
f 3137 3361 3358
f 3327 3342 3346
f 3342 3344 3343
f 3342 3345 3344
f 3342 3343 3347
f 3342 3347 3346
f 3343 3348 3347
f 3343 3344 3348
f 3342 3350 3345
f 3344 3349 3348
f 3344 3345 3349
f 3346 3347 3348
f 3346 3348 3349
f 3346 3349 3351
f 3323 3356 3342
f 3342 3354 3350
f 3345 3351 3349
f 3345 3350 3351
f 3342 3356 3354
f 3350 3355 3351
f 3346 3351 3355
f 3346 3355 3357
f 3352 3665 3370
f 3142 3387 3361
f 3350 3354 3355
f 3354 3357 3355
f 3354 3356 3357
f 3352 3370 3353
f 3148 3352 3420
f 3319 3400 3320
f 3319 3378 3400
f 3358 3361 3359
f 3359 3361 3360
f 3360 3361 3362
f 3361 3363 3366
f 3361 3364 3362
f 3361 3365 3364
f 3361 3366 3367
f 3361 3367 3368
f 3361 3368 3365
f 3352 3353 3414
f 3353 3370 3369
f 3148 3420 3387
f 3353 3369 3414
f 3369 3370 3389
f 3370 3680 3389
f 3371 4135 4404
f 3320 3400 3371
f 3372 3373 3374
f 3372 3374 3375
f 3358 3359 3383
f 3359 3360 3384
f 3360 3362 3386
f 3361 3387 3363
f 3372 3375 3376
f 3372 3376 3377
f 3372 3379 3378
f 3372 3380 3381
f 3372 3381 3379
f 3372 3377 3382
f 3372 3382 3380
f 3372 3385 3373
f 3373 3390 3374
f 3362 3364 3391
f 3363 3392 3366
f 3366 3394 3367
f 3364 3365 3393
f 3365 3368 3398
f 3367 3399 3368
f 3359 3384 3383
f 3339 3340 4213
f 3374 3395 3375
f 3375 3396 3376
f 3376 3404 3377
f 3373 3385 3390
f 3360 3386 3384
f 3363 3387 3392
f 3362 3391 3386
f 3364 3393 3391
f 3366 3392 3394
f 3365 3397 3393
f 3367 3394 3399
f 3365 3398 3397
f 3368 3399 3398
f 3378 3379 3400
f 3377 3406 3382
f 3380 3403 3381
f 3379 3381 3401
f 3380 3382 3402
f 3374 3390 3395
f 3375 3395 3396
f 3376 3396 3404
f 3383 3384 3385
f 3384 3390 3385
f 3384 3386 3390
f 3323 3339 4224
f 3331 4306 3332
f 3332 4307 3333
f 3333 4308 3334
f 3334 4309 3335
f 3335 4310 3336
f 3336 4311 3341
f 3327 4314 3340
f 3352 3414 3420
f 3327 3346 4225
f 3369 3389 3388
f 3369 3388 3414
f 3323 4224 3356
f 3341 4312 3649
f 3346 3357 4225
f 3356 4224 3357
f 3388 3389 3428
f 3371 3400 4139
f 3377 3404 3405
f 3377 3405 3406
f 3379 3401 3400
f 3381 3403 3401
f 3382 3406 3402
f 3380 3402 3403
f 3386 3395 3390
f 3386 3391 3395
f 3391 3393 3396
f 3391 3396 3395
f 3393 3397 3404
f 3393 3404 3396
f 3387 3420 3392
f 3392 3407 3394
f 3394 3408 3399
f 3397 3405 3404
f 3398 3399 3409
f 3392 3420 3407
f 3397 3398 3410
f 3394 3407 3408
f 3397 3411 3405
f 3399 3408 3409
f 3398 3409 3410
f 3371 4139 4135
f 3400 3401 4139
f 3401 3403 4140
f 3402 3406 4143
f 3402 4142 3403
f 3397 3410 3411
f 3405 4144 3406
f 3401 4140 4139
f 3403 4141 4140
f 3403 4142 4141
f 3402 4143 4142
f 3406 4144 4143
f 3405 3411 4144
f 3414 3415 3420
f 3388 3425 3414
f 3414 3425 3415
f 3415 3425 3416
f 3416 3425 3417
f 3417 3425 3418
f 3418 3425 3419
f 3407 3415 3416
f 3407 3420 3415
f 3408 3416 3417
f 3407 3416 3408
f 3409 3417 3418
f 3408 3417 3409
f 3410 3418 3419
f 3388 3428 3425
f 3389 4178 3428
f 3419 3425 3421
f 3421 3425 3422
f 3422 3425 3423
f 3423 3425 3424
f 3409 3418 3410
f 3412 3419 3421
f 3410 3419 3411
f 3411 3419 3412
f 3413 3421 3422
f 3422 3423 3426
f 3412 3421 3413
f 3423 3424 3427
f 3413 3422 3426
f 3423 3427 3426
f 3424 3425 4177
f 3424 4177 3427
f 3425 4178 4177
f 3425 3428 4178
f 3389 4405 4178
f 3430 3441 3431
f 3431 3432 3433
f 3431 3441 3432
f 3433 3438 3434
f 3434 3439 3435
f 3435 3440 3436
f 3432 3437 3433
f 3433 3437 3438
f 3434 3438 3439
f 3435 3439 3440
f 3436 3440 3445
f 3436 3445 3443
f 3443 3446 3444
f 3444 3452 3451
f 3443 3445 3446
f 3444 3446 3452
f 3448 3449 3473
f 3447 3451 3453
f 3447 3454 3450
f 3449 3450 3455
f 3451 3452 3453
f 3447 3453 3454
f 3450 3454 3455
f 3449 3455 3474
f 3455 3456 3479
f 3457 3458 3459
f 3457 3459 3462
f 3458 3465 3461
f 3456 3460 3527
f 3456 3459 3460
f 3458 3461 3459
f 3459 3461 3460
f 3457 3462 3463
f 3457 3463 3464
f 3457 3464 3547
f 3458 3466 3465
f 3458 3467 3466
f 3458 3548 3467
f 3457 3547 3549
f 3458 3550 3548
f 3462 3465 3463
f 3462 3468 3470
f 3463 3466 3464
f 3463 3465 3466
f 3462 3470 3465
f 3464 3466 3467
f 3459 3468 3462
f 3459 3469 3468
f 3459 3551 3469
f 3461 3465 3470
f 3461 3470 3471
f 3461 3471 3552
f 3459 3553 3551
f 3468 3469 3471
f 3468 3471 3470
f 3461 3552 3586
f 3448 3473 3472
f 3449 3474 3473
f 3455 3479 3474
f 3474 3479 3475
f 3475 3479 3476
f 3476 3479 3477
f 3477 3479 3478
f 3478 3479 3520
f 3456 3527 3479
f 3131 3480 3483
f 3131 3482 3480
f 3131 3481 3482
f 3131 3492 3481
f 3131 3493 3492
f 3132 3483 3484
f 3132 3484 3485
f 3132 3485 3486
f 3132 3486 3487
f 3134 3487 3488
f 3130 3494 3493
f 3130 3504 3494
f 3490 3496 3504
f 3494 3504 3495
f 3495 3504 3496
f 3490 3504 3491
f 3489 3491 3504
f 3489 3504 3503
f 3497 3503 3498
f 3489 3503 3497
f 3498 3503 3499
f 3499 3503 3500
f 3500 3503 3501
f 3501 3503 3502
f 3502 3503 3515
f 3130 3517 3504
f 3478 3520 3505
f 3505 3520 3516
f 3134 3488 3506
f 3134 3506 3507
f 3134 3507 3510
f 3134 3510 3511
f 3136 3511 3512
f 3136 3512 3515
f 3502 3515 3508
f 3508 3515 3509
f 3509 3515 3514
f 3512 3513 3515
f 3513 3514 3515
f 3136 3515 3518
f 3516 3520 3521
f 3516 3521 3519
f 3519 3521 3522
f 3480 3614 3483
f 3481 3615 3482
f 3481 3492 3613
f 3480 3482 3615
f 3483 3616 3484
f 3484 3617 3485
f 3485 3617 3486
f 3486 3618 3487
f 3487 3619 3488
f 3489 3497 3625
f 3492 3493 3620
f 3495 3496 3622
f 3493 3494 3621
f 3494 3495 3621
f 3490 3491 3624
f 3490 3623 3496
f 3489 3624 3491
f 3503 3504 3626
f 3497 3498 3627
f 3498 3499 3628
f 3499 3500 3628
f 3500 3501 3629
f 3501 3502 3630
f 3140 3523 3517
f 3504 3517 3607
f 3478 3505 3633
f 3488 3652 3506
f 3506 3652 3507
f 3507 3653 3510
f 3510 3654 3511
f 3513 3656 3514
f 3511 3655 3512
f 3512 3655 3513
f 3502 3508 3657
f 3508 3509 3657
f 3509 3514 3658
f 3503 3659 3515
f 3515 3660 3518
f 3143 3518 3524
f 3505 3516 3672
f 3519 3522 3525
f 3516 3519 3672
f 3522 3526 3525
f 3520 3522 3521
f 3520 3526 3522
f 3144 3603 3523
f 3517 3523 3606
f 3480 3615 3614
f 3481 3613 3615
f 3483 3614 3616
f 3484 3616 3617
f 3486 3617 3618
f 3487 3618 3619
f 3488 3619 3652
f 3492 3620 3613
f 3493 3621 3620
f 3495 3622 3621
f 3496 3623 3622
f 3489 3625 3624
f 3490 3624 3623
f 3497 3627 3625
f 3498 3628 3627
f 3500 3629 3628
f 3502 3657 3630
f 3501 3630 3629
f 3503 3626 3659
f 3504 3607 3626
f 3478 3633 3634
f 3478 3634 3636
f 3478 3636 3637
f 3478 3637 3647
f 3505 3635 3633
f 3505 3672 3635
f 3507 3652 3653
f 3510 3653 3654
f 3511 3654 3655
f 3513 3655 3656
f 3514 3656 3658
f 3509 3658 3657
f 3518 3662 3524
f 3515 3659 3660
f 3519 3525 3673
f 3525 3526 3677
f 3517 3605 3607
f 3517 3606 3605
f 3523 3603 3609
f 3523 3608 3606
f 3523 3609 3608
f 3478 3647 3648
f 3518 3660 3661
f 3518 3661 3662
f 3148 3524 3665
f 3524 3662 3663
f 3524 3663 3664
f 3524 3664 3665
f 3519 3673 3672
f 3525 3674 3673
f 3526 3682 3677
f 3525 3675 3674
f 3525 3676 3675
f 3525 3677 3676
f 3520 3682 3526
f 3520 3683 3682
f 3527 3530 3528
f 3527 3528 3532
f 3527 3532 3535
f 3527 3535 3536
f 3527 3536 3543
f 3527 3543 3541
f 3460 3538 3527
f 3460 3689 3538
f 3527 3529 3530
f 3531 3533 3545
f 3527 3538 3529
f 3538 3531 3529
f 3538 3533 3531
f 3538 3534 3533
f 3538 3539 3534
f 3539 3537 3534
f 3539 3540 3537
f 3538 3702 3539
f 3540 3544 3537
f 3540 3546 3544
f 3527 3541 3542
f 3527 3542 3684
f 3527 3684 3685
f 3527 3685 3686
f 3460 3688 3687
f 3460 3690 3688
f 3460 3687 3689
f 3538 3689 3691
f 3531 3545 3699
f 3539 3702 3540
f 3546 3697 3544
f 3538 3691 3705
f 3538 3703 3702
f 3538 3705 3703
f 3540 3702 3546
f 3546 3701 3697
f 3429 3430 4499
f 3430 3431 4500
f 3432 4501 3437
f 3431 3433 4502
f 3433 3434 4503
f 3434 3435 4504
f 3435 3436 4505
f 3437 4506 3438
f 3438 4507 3439
f 3439 4508 3440
f 3436 3443 4505
f 3440 4509 3445
f 3432 3441 4510
f 3441 3442 4511
f 3443 3444 4513
f 3444 3451 4520
f 3445 4514 3446
f 3446 4515 3452
f 3103 4517 3448
f 3448 4517 3449
f 3447 3450 4519
f 3449 4518 3450
f 3447 4516 3451
f 3452 4521 3453
f 3453 4522 3454
f 3454 4523 3455
f 3455 4524 3456
f 3456 4525 3459
f 3442 3457 4536
f 3457 3549 3556
f 3457 3556 3555
f 3457 3555 3563
f 3457 3563 3565
f 3457 3565 3566
f 3458 3558 3550
f 3458 3571 3558
f 3458 3573 3571
f 3458 3574 3573
f 3464 3467 3547
f 3547 3548 3549
f 3467 3548 3547
f 3457 3566 3569
f 3457 3569 4334
f 3458 3577 3574
f 3458 4344 3577
f 3549 3550 3561
f 3548 3550 3549
f 3469 3551 3552
f 3459 3581 3553
f 3459 3582 3581
f 3459 3588 3582
f 3469 3552 3471
f 3551 3554 3552
f 3460 3715 3690
f 3460 3717 3715
f 3459 3591 3588
f 3459 3592 3591
f 3460 3723 3717
f 3461 3586 3596
f 3461 3596 3599
f 3461 3599 3600
f 3551 3553 3554
f 3553 3583 3554
f 3552 3554 3586
f 3459 3594 3592
f 3459 4366 3594
f 3460 4386 3723
f 3460 3461 4539
f 3461 3600 3602
f 3461 3602 4377
f 3549 3557 3556
f 3555 3556 3559
f 3556 3557 3560
f 3557 3561 3564
f 3550 3558 3559
f 3550 3559 3560
f 3555 3559 3558
f 3556 3560 3559
f 3560 3572 3562
f 3549 3561 3557
f 3550 3562 3561
f 3550 3560 3562
f 3563 3571 3565
f 3555 3558 3563
f 3561 3567 3564
f 3557 3564 3572
f 3564 3567 3575
f 3565 3573 3566
f 3567 3568 3576
f 3566 3574 3569
f 3568 3570 3578
f 3569 3577 4334
f 3570 4335 4345
f 3565 3571 3573
f 3558 3571 3563
f 3557 3572 3560
f 3562 3572 3575
f 3564 3575 3572
f 3566 3573 3574
f 3567 3576 3575
f 3569 3574 3577
f 3568 3578 3576
f 3577 4344 4334
f 3570 4345 3578
f 3561 3568 3567
f 3561 3562 4354
f 3561 4354 3568
f 3568 4354 3570
f 3570 4354 4335
f 3562 3575 3576
f 3562 3576 4355
f 3562 4355 4354
f 3576 3578 4355
f 3578 4345 4355
f 3553 3579 3583
f 3553 3580 3579
f 3553 3581 3580
f 3579 3580 3587
f 3580 3581 3585
f 3581 3582 3586
f 3554 3583 3584
f 3554 3584 3585
f 3554 3585 3586
f 3583 3595 3584
f 3580 3585 3584
f 3581 3586 3585
f 3579 3587 3589
f 3579 3589 3590
f 3587 3595 3589
f 3580 3584 3587
f 3582 3588 3596
f 3588 3591 3599
f 3589 3597 3590
f 3579 3590 4364
f 3591 3592 3600
f 3579 4364 4375
f 3590 3598 3593
f 3590 3593 4364
f 3592 3594 3602
f 3593 3601 4365
f 3593 4365 4364
f 3594 4366 4377
f 3579 4375 3583
f 3583 3597 3595
f 3589 3595 3597
f 3583 3598 3597
f 3582 3596 3586
f 3584 3595 3587
f 3588 3599 3596
f 3583 4375 3598
f 3590 3597 3598
f 3591 3600 3599
f 3593 3598 3601
f 3598 4375 3601
f 3592 3602 3600
f 3601 4375 4376
f 3601 4376 4365
f 3594 4377 3602
f 3603 3604 3632
f 3472 3473 4599
f 3473 3474 4600
f 3474 3475 4601
f 3320 3604 3603
f 3475 3476 4602
f 3476 3477 4603
f 3477 3478 4604
f 3479 4605 3520
f 3603 3631 3609
f 3603 3632 3631
f 3610 3611 3612
f 3331 3612 3611
f 3331 3332 3616
f 3331 3616 3612
f 3612 3613 3620
f 3612 3615 3613
f 3612 3616 3614
f 3612 3614 3615
f 3612 3620 3621
f 3332 3333 3616
f 3333 3334 3617
f 3334 3335 3617
f 3335 3336 3618
f 3336 3341 3618
f 3333 3617 3616
f 3335 3618 3617
f 3618 3651 3619
f 3621 3622 3626
f 3622 3623 3626
f 3623 3624 3626
f 3624 3625 3626
f 3607 3638 3626
f 3607 3639 3638
f 3625 3627 3626
f 3626 3627 3628
f 3626 3628 3659
f 3628 3629 3659
f 3629 3630 3659
f 3605 3606 3634
f 3605 3634 3633
f 3605 3633 3607
f 3607 3635 3639
f 3607 3633 3635
f 3606 3608 3636
f 3606 3636 3634
f 3608 3609 3637
f 3608 3637 3636
f 3609 3647 3637
f 3635 3640 3639
f 3635 3641 3640
f 3635 3642 3641
f 3635 3643 3642
f 3635 3644 3643
f 3635 3672 3644
f 3609 3631 3647
f 3631 3632 3648
f 3631 3648 3647
f 3341 3649 3651
f 3649 3650 3651
f 3341 3651 3618
f 3619 3651 3652
f 3651 3653 3652
f 3651 3654 3653
f 3651 3655 3654
f 3630 3657 3659
f 3657 3658 3659
f 3655 3659 3656
f 3656 3659 3658
f 3659 3669 3660
f 3660 3669 3670
f 3664 3666 3665
f 3665 3666 3667
f 3665 3667 3680
f 3644 3672 3645
f 3645 3672 3646
f 3646 3672 3671
f 3660 3670 3672
f 3668 3672 3670
f 3668 3671 3672
f 3660 3672 3661
f 3661 3673 3662
f 3661 3672 3673
f 3662 3673 3674
f 3662 3674 3663
f 3663 3674 3675
f 3663 3675 3664
f 3664 3675 3676
f 3664 3676 3666
f 3676 3677 3678
f 3677 3679 3678
f 3666 3676 3678
f 3666 3678 3667
f 3667 3678 3679
f 3677 3681 3679
f 3677 3682 3681
f 3478 3648 4417
f 3370 3665 3680
f 3681 3682 3683
f 3520 4407 3683
f 3604 4404 3632
f 3371 4404 3604
f 3610 4543 3611
f 3331 3611 4544
f 3610 3612 4545
f 3612 3621 4545
f 3621 3626 4554
f 3626 3638 4559
f 3632 4411 3648
f 3638 3639 4566
f 3639 3640 4567
f 3640 3641 4568
f 3641 3642 4569
f 3642 3643 4570
f 3643 3644 4571
f 3644 3645 4572
f 3645 3646 4573
f 3667 4405 3680
f 3649 4574 3650
f 3650 4575 3651
f 3651 4580 3655
f 3655 4584 3659
f 3659 4588 3669
f 3389 3680 4405
f 3679 3681 4406
f 3668 4587 3671
f 3669 4588 3670
f 3668 3670 4589
f 3646 3671 4590
f 3667 3679 4429
f 3681 3683 4406
f 3683 4407 4406
f 3527 3686 3713
f 3527 3713 3714
f 3479 3527 4657
f 3687 3688 3692
f 3687 3694 3689
f 3688 3693 3692
f 3687 3692 3694
f 3688 3690 3693
f 3690 3695 3693
f 3689 3696 3691
f 3689 3694 3696
f 3699 3545 3698
f 3546 3704 3701
f 3546 3702 3704
f 3701 3700 3697
f 3702 3703 3706
f 3702 3708 3704
f 3703 3707 3706
f 3702 3706 3708
f 3703 3705 3707
f 3705 3709 3707
f 3704 3708 3712
f 3701 3704 3710
f 3701 3710 3731
f 3701 3731 3711
f 3701 3711 3700
f 3704 3712 3710
f 3527 3714 4657
f 3690 3715 3695
f 3695 3715 3719
f 3715 3717 3719
f 3691 3720 3716
f 3691 3696 3720
f 3716 3720 3722
f 3717 3721 3719
f 3717 3723 3721
f 3716 3722 3718
f 3718 3722 3726
f 3693 3695 3721
f 3692 3693 3725
f 3695 3719 3721
f 3692 4387 3694
f 3693 3721 3725
f 3694 4387 3696
f 3692 3725 4387
f 3691 3716 3705
f 3705 3716 3727
f 3716 3728 3727
f 3716 3718 3728
f 3718 3735 3728
f 3721 3723 3725
f 3718 3726 3724
f 3723 4386 3725
f 3725 4386 4387
f 3724 3726 4442
f 3724 4442 4439
f 3696 4449 3720
f 3720 4449 3722
f 3722 4442 3726
f 3696 4387 4443
f 3696 4443 4449
f 3722 4444 4442
f 3718 3724 3735
f 3724 4439 4455
f 3724 4455 3735
f 3705 3727 3709
f 3709 3727 3729
f 3727 3728 3729
f 3728 3730 3729
f 3728 3735 3730
f 3706 3707 4463
f 3706 4463 3708
f 3707 3709 4463
f 3711 3731 3732
f 3710 3733 3731
f 3710 3712 3733
f 3731 3733 3734
f 3711 3732 3737
f 3731 3734 3732
f 3732 3734 3738
f 3711 4454 3700
f 3708 4463 3712
f 3712 4462 3733
f 3733 3738 3734
f 3730 3735 3736
f 3735 4455 3736
f 3736 4455 4457
f 3709 3729 4497
f 3729 3730 4497
f 3732 3738 3737
f 3711 3737 4460
f 3711 4460 4454
f 3737 4459 4460
f 3737 3738 4462
f 3737 4462 4459
f 3733 4462 3738
f 3712 4463 4462
f 3709 4470 4463
f 235 3867 949
f 2885 3868 3869
f 2886 3869 3870
f 2887 3870 3871
f 2888 3871 3872
f 2889 3872 3873
f 2897 3873 3881
f 2890 3878 3874
f 2891 3876 3875
f 2892 3877 3876
f 2893 3879 3877
f 2894 3875 3878
f 2895 3880 3879
f 2897 3881 3912
f 2896 3919 3880
f 2883 3899 3867
f 3739 3744 3745
f 3739 3740 3743
f 3739 3742 3744
f 3744 3742 3754
f 3740 3757 3801
f 3740 3741 3757
f 3741 3770 3772
f 3741 3772 3757
f 3757 3772 3774
f 3739 3743 3742
f 3740 3801 3743
f 3757 3765 3801
f 3757 3774 3765
f 3765 3767 3801
f 3765 3776 3767
f 3767 3843 3825
f 3745 3744 3746
f 3744 3747 3746
f 3749 3750 3751
f 3749 3751 3753
f 3751 3752 3753
f 3749 3753 3769
f 3753 3755 3769
f 3756 3758 3771
f 3756 3780 3758
f 3758 3766 3773
f 3760 3761 3759
f 3804 3761 3760
f 3820 3763 3764
f 3749 3769 3830
f 3766 3768 3775
f 3758 3789 3766
f 3768 3826 3777
f 3766 3791 3768
f 3768 3791 3826
f 2906 3838 3899
f 2981 3776 3774
f 2981 3843 3776
f 3019 3021 3844
f 2981 3844 3843
f 3021 3771 3844
f 3771 3773 3844
f 3765 3774 3776
f 3773 3775 3844
f 3767 3776 3843
f 3777 3826 3845
f 3775 3777 3844
f 3758 3773 3771
f 3756 3778 3780
f 3778 3783 3780
f 3758 3780 3789
f 3780 3786 3789
f 3778 3782 3783
f 3780 3783 3785
f 3779 3781 3787
f 2991 3794 3793
f 2991 3797 3794
f 3032 3037 3856
f 2991 3853 3797
f 3037 3038 3856
f 3779 3787 3784
f 3780 3785 3786
f 2991 3855 3853
f 3038 3039 3856
f 2991 3856 3855
f 3039 3784 3856
f 3781 3788 3787
f 3781 3795 3788
f 3766 3775 3773
f 3768 3777 3775
f 3766 3789 3791
f 3789 3794 3791
f 3791 3848 3826
f 3791 3853 3848
f 3786 3793 3789
f 3789 3793 3794
f 3781 3790 3795
f 3784 3787 3856
f 3787 3788 3856
f 3788 3795 3856
f 3790 3796 3795
f 3790 3798 3796
f 3791 3794 3797
f 3791 3797 3853
f 3799 3849 3854
f 3790 3792 3798
f 3792 3849 3799
f 3795 3796 3856
f 3796 3798 3856
f 3798 3799 3856
f 3792 3799 3798
f 3801 3800 3743
f 3801 3802 3800
f 3801 3803 3802
f 3803 3804 3760
f 3801 3804 3803
f 3767 3883 3801
f 3825 3844 3827
f 3767 3825 3883
f 3825 3827 3883
f 3801 3883 3804
f 3883 3882 3804
f 3827 3887 3883
f 3805 3762 3806
f 3807 3805 3806
f 3807 3806 3810
f 3807 3810 3823
f 3818 3820 3764
f 3818 3819 3821
f 3818 3821 3822
f 3818 3833 3820
f 3823 3810 3811
f 3818 3822 3832
f 3822 3824 3832
f 3826 3828 3845
f 3827 3846 3829
f 3828 3829 3847
f 3807 3886 3808
f 3886 3809 3808
f 3886 3812 3809
f 3889 3817 3815
f 3816 3889 3815
f 3818 3832 3888
f 3807 3823 3886
f 3827 3829 3887
f 3837 3831 3835
f 3825 3843 3844
f 3828 3847 3845
f 3827 3844 3846
f 3829 3846 3847
f 3777 3845 3844
f 3844 3845 3846
f 3845 3847 3846
f 3848 3855 3850
f 3850 3856 3852
f 3779 3901 3781
f 3848 3853 3855
f 3851 3857 3854
f 3850 3855 3856
f 3852 3856 3857
f 3849 3851 3854
f 3851 3852 3857
f 3799 3854 3856
f 3854 3857 3856
f 2911 3900 3901
f 3781 3901 3790
f 3790 3901 3792
f 3792 3901 3849
f 2921 3901 3779
f 2922 3902 3858
f 2922 3874 3902
f 3061 4267 3925
f 3858 3902 3859
f 3859 3902 3860
f 3860 3902 3861
f 3861 3902 3862
f 3862 3902 3864
f 3864 3902 3866
f 3866 3902 4097
f 2924 3903 3904
f 2925 3904 3905
f 2926 3905 3906
f 2927 3906 3907
f 2928 3907 3908
f 2929 3908 3909
f 2930 3909 3910
f 2931 3910 3911
f 949 3867 950
f 950 3867 951
f 951 3867 952
f 952 3867 956
f 956 3867 3869
f 956 3869 3868
f 3867 3870 3869
f 3867 3871 3870
f 3867 3876 3871
f 3867 3875 3876
f 3867 3878 3875
f 3867 3874 3878
f 3871 3876 3872
f 3872 3877 3873
f 3873 3877 3881
f 3872 3876 3877
f 3877 3879 3881
f 3879 3880 3881
f 3880 3912 3881
f 3867 3899 3874
f 3880 3919 3912
f 3883 3884 3882
f 3883 3885 3884
f 3886 3823 3885
f 3883 3886 3885
f 3829 3893 3887
f 3883 3887 3886
f 3812 3895 3813
f 3895 3814 3813
f 3895 3816 3814
f 3818 3896 3833
f 3812 3886 3894
f 3818 3888 3896
f 3828 3898 3829
f 3826 3898 3828
f 3826 3848 3898
f 3899 3835 3836
f 3899 3836 3834
f 3899 3837 3835
f 3899 3838 3840
f 3816 3896 3889
f 3812 3894 3895
f 3896 3888 3889
f 3896 3892 3833
f 3829 3897 3893
f 3899 3839 3837
f 3899 3840 3841
f 3899 3842 3839
f 3899 3841 3842
f 3899 3834 3890
f 3848 3850 3898
f 3850 3852 3901
f 3851 3901 3852
f 3849 3901 3851
f 3886 3887 3894
f 3887 3893 3894
f 3816 3895 3896
f 3829 3898 3897
f 3899 3890 3891
f 3899 3891 3892
f 3893 3895 3894
f 3893 3897 3895
f 3895 3897 3896
f 3896 3899 3892
f 3896 3897 3898
f 3896 3898 3899
f 3898 3901 3899
f 3850 3901 3898
f 3900 3902 3901
f 3874 3899 3901
f 3874 3901 3902
f 3903 3925 4267
f 3903 4267 3904
f 3904 4267 3905
f 3906 4270 4269
f 3905 4270 3906
f 3906 4269 3907
f 3907 4269 3908
f 3908 4271 3909
f 3909 4271 3910
f 3910 4271 3911
f 3908 4269 4271
f 3911 4271 4498
f 3052 3912 3916
f 3049 3914 3913
f 3050 3915 3914
f 3051 3918 3915
f 473 984 3903
f 3053 3916 3917
f 3054 3917 3918
f 3055 3920 3919
f 3056 3921 3920
f 3057 3922 3921
f 3058 3923 3922
f 3059 3924 3923
f 3060 3925 3924
f 988 3062 3926
f 2931 3911 3930
f 3062 3927 3926
f 3063 3928 3927
f 3064 3929 3928
f 3067 3930 3931
f 3065 3932 3929
f 3068 3931 3932
f 3069 3933 5163
f 3912 3919 3916
f 3916 3919 3917
f 3917 3919 3920
f 3917 3920 3921
f 3917 3921 3918
f 3915 3918 3922
f 3914 3915 3923
f 3913 3914 3924
f 984 3913 3903
f 3918 3921 3922
f 3915 3922 3923
f 3914 3923 3924
f 3913 3924 3925
f 3903 3913 3925
f 988 3926 3933
f 3911 4498 3930
f 3930 4498 4499
f 3930 4499 4510
f 3927 3928 3933
f 3928 3929 3933
f 3929 3932 3933
f 3931 3933 3932
f 3926 3927 3933
f 3930 4511 3931
f 3931 4511 3933
f 3930 4510 4511
f 3933 4511 4536
f 3933 4536 4537
f 3933 4537 5163
f 3934 3938 3936
f 3935 3936 3938
f 3200 3214 4009
f 3935 3938 3939
f 3937 3944 3948
f 3934 3937 4002
f 3934 4002 3938
f 3214 3935 4009
f 3938 3953 3939
f 3937 3948 4005
f 3153 4013 4011
f 3153 4009 4013
f 3153 3959 3957
f 3940 3942 3941
f 3153 4011 3959
f 3941 3942 3943
f 3942 3957 3943
f 3944 3946 3948
f 3946 3950 3948
f 3219 3950 3946
f 3219 3963 3950
f 3220 3947 3951
f 3945 3951 3947
f 3212 3951 3964
f 3945 3949 3951
f 3208 3964 3968
f 3948 3950 3961
f 3211 3967 3963
f 3207 4019 3967
f 3172 4020 4019
f 3170 4022 4020
f 3169 4021 4022
f 3173 3968 4023
f 3171 4023 4021
f 3949 3964 3951
f 3941 3943 3973
f 3941 3973 3970
f 3945 3952 3949
f 3943 3975 3973
f 3952 3982 4024
f 3949 3952 4024
f 3937 4005 4002
f 3939 3953 3954
f 3935 3939 4009
f 3938 4002 3953
f 3953 3956 3954
f 3939 3954 4009
f 3948 3961 4005
f 3953 4002 3956
f 3954 3956 3955
f 3956 4002 4006
f 3954 3955 4009
f 3955 3956 4006
f 3955 4006 4003
f 3961 3965 4005
f 3943 3957 3958
f 3957 3959 3958
f 3958 3959 3960
f 3959 4011 3960
f 3960 4011 4012
f 3950 3963 3961
f 3961 3963 3965
f 3949 3962 3964
f 3962 3968 3964
f 3963 3967 3965
f 3965 3967 4014
f 3967 4019 4014
f 3962 3966 3968
f 3966 4023 3968
f 3966 4015 4023
f 3943 3958 3975
f 3958 3979 3975
f 3949 4024 3962
f 3958 3960 3979
f 3962 4024 3966
f 3960 4012 4026
f 3960 4026 3979
f 2911 4047 3900
f 3969 3970 3973
f 3226 3228 4032
f 3969 3973 3972
f 3175 4034 3980
f 3175 3980 3977
f 3971 3974 3990
f 3228 3969 4032
f 3175 4030 4034
f 3972 3973 3975
f 3175 4032 4030
f 3974 3977 3992
f 3972 3975 3976
f 3969 3972 4032
f 3975 3979 3976
f 3972 3976 4032
f 3977 3996 3992
f 3977 3980 3996
f 3976 3979 3978
f 3976 3978 4032
f 3978 3979 4026
f 3978 4026 4025
f 3980 3981 3996
f 3980 4034 3981
f 3981 4034 4027
f 3983 3985 3986
f 3983 3986 3984
f 3982 3984 4035
f 3984 3986 4035
f 3985 3988 3986
f 3982 4035 4024
f 3985 3987 3988
f 3987 3989 3988
f 3987 3998 3989
f 3998 4040 4036
f 3986 3988 4242
f 3989 3998 4036
f 3983 3991 3985
f 3974 3992 3990
f 3991 3994 3993
f 3985 3991 3993
f 3985 3993 3987
f 3993 3995 3997
f 3082 4256 3994
f 3993 3994 3995
f 3987 3997 3998
f 3987 3993 3997
f 3997 4000 3999
f 3998 3999 4040
f 3997 3999 3998
f 3999 4000 4001
f 3999 4043 4040
f 3999 4001 4043
f 4001 4045 4043
f 3995 4000 3997
f 3955 4003 4009
f 4003 4007 4004
f 4003 4004 4009
f 4003 4006 4007
f 4008 4012 4013
f 4004 4007 4010
f 4004 4010 4009
f 4008 4013 4009
f 4008 4009 4010
f 4002 4236 4006
f 4002 4005 4236
f 4006 4236 4007
f 4007 4236 4010
f 3965 4237 4005
f 3965 4014 4237
f 4011 4013 4012
f 4014 4019 4016
f 4015 4018 4021
f 4016 4020 4017
f 4017 4022 4018
f 4016 4019 4020
f 4015 4021 4023
f 4017 4020 4022
f 4018 4022 4021
f 4008 4029 4012
f 4012 4029 4026
f 3966 4238 4015
f 3966 4024 4238
f 4005 4237 4236
f 4008 4010 4239
f 4014 4240 4237
f 4014 4016 4240
f 4016 4017 4245
f 3900 4047 4050
f 3900 4050 4056
f 3978 4025 4032
f 4025 4026 4029
f 4025 4029 4028
f 4027 4030 4031
f 4025 4028 4032
f 4028 4029 4033
f 4028 4033 4032
f 4031 4032 4033
f 4030 4032 4031
f 4027 4034 4030
f 3900 4056 4057
f 3900 4057 4060
f 3900 4060 4084
f 3986 4242 4035
f 4036 4040 4037
f 4037 4041 4039
f 4024 4035 4238
f 3988 3989 4243
f 4035 4242 4238
f 3988 4243 4242
f 3989 4036 4253
f 4040 4043 4041
f 4041 4043 4044
f 4041 4044 4042
f 4037 4040 4041
f 4043 4045 4044
f 4038 4044 4045
f 4039 4041 4042
f 4038 4042 4044
f 4038 4039 4042
f 3990 3992 4278
f 3994 4256 3995
f 3992 3996 4278
f 3981 4278 3996
f 3981 4027 4278
f 3995 4256 4000
f 4000 4256 4001
f 4001 4256 4045
f 3858 4050 4047
f 3858 3859 4050
f 4046 4049 4052
f 4046 4048 4049
f 4048 4053 4051
f 4048 4051 4049
f 3859 4056 4050
f 3859 3860 4056
f 4049 4054 4052
f 4049 4051 4054
f 4051 4053 4058
f 4051 4058 4054
f 4052 4088 4053
f 3860 4057 4056
f 3860 3861 4057
f 4052 4054 4087
f 4054 4058 4055
f 4053 4088 4058
f 4055 4058 4059
f 3861 3862 4060
f 3861 4060 4057
f 3862 4084 4060
f 4054 4055 4087
f 3863 4055 4059
f 3863 4061 3865
f 3862 3864 4084
f 3863 4087 4055
f 3863 4059 4061
f 4052 4087 4088
f 4058 4088 4059
f 3865 4061 4086
f 4059 4088 4061
f 4062 4064 4063
f 4062 4065 4064
f 4062 4069 4090
f 4062 4090 4065
f 4065 4090 4066
f 4066 4090 4067
f 4063 4072 4070
f 4063 4064 4072
f 4069 4070 4072
f 4064 4076 4072
f 4064 4065 4076
f 4069 4072 4076
f 4073 4077 4082
f 3087 4074 4267
f 4071 4075 4074
f 4071 4073 4075
f 4073 4082 4075
f 3088 4268 4071
f 4069 4076 4093
f 4065 4078 4076
f 4065 4066 4078
f 4077 4079 4083
f 4069 4093 4090
f 4066 4067 4080
f 4066 4080 4078
f 4067 4089 4094
f 4067 4094 4080
f 4081 4096 4091
f 4076 4078 4093
f 4068 4079 4081
f 4078 4080 4093
f 4077 4083 4082
f 4068 4083 4079
f 4068 4081 4091
f 3864 4085 4084
f 3866 4086 4085
f 3864 3866 4085
f 3865 4086 3866
f 3863 3865 4087
f 4061 4088 4086
f 3865 3866 4097
f 4084 4085 4098
f 4085 4086 4098
f 3865 4097 4087
f 4086 4088 4098
f 4087 4098 4088
f 4067 4090 4089
f 4089 4099 4092
f 4089 4090 4099
f 4090 4093 4099
f 4089 4092 4095
f 4091 4096 4092
f 4089 4095 4094
f 4092 4096 4095
f 4080 4094 4093
f 4094 4095 4100
f 4095 4096 4100
f 4093 4094 4100
f 3098 3990 4278
f 4087 4097 4098
f 4084 4098 4102
f 4097 4102 4098
f 4099 4100 4103
f 4093 4100 4099
f 4074 4075 4267
f 4075 4082 4267
f 4071 4268 4073
f 4073 4268 4077
f 4097 4101 4102
f 4101 4257 4258
f 4101 4258 4102
f 4100 4104 4103
f 4103 4104 4264
f 4104 4266 4264
f 4092 4099 4267
f 4077 4268 4079
f 4079 4268 4081
f 4081 4268 4096
f 4082 4083 4267
f 4068 4267 4083
f 4091 4092 4267
f 4068 4091 4267
f 4096 4268 4100
f 3089 4271 4269
f 3090 4269 4270
f 3092 4270 4272
f 3093 4272 4273
f 3093 4273 4275
f 3088 4278 4268
f 3094 4275 4274
f 3096 4274 4276
f 3097 4276 4277
f 3099 4277 4279
f 3100 4279 4280
f 3101 4280 4281
f 3102 4281 4282
f 3103 4282 4283
f 3103 4283 4517
f 3082 4105 4256
f 3121 4295 4106
f 4105 4106 4107
f 4106 4108 4107
f 4107 4108 4115
f 4109 4111 4113
f 4109 4114 4110
f 4110 4114 4112
f 4109 4113 4114
f 4113 4120 4114
f 4111 4133 4113
f 4111 4112 4133
f 4112 4114 4134
f 4108 4116 4115
f 4115 4116 4117
f 4116 4118 4117
f 4117 4118 4123
f 4118 4127 4123
f 4113 4133 4119
f 4113 4119 4120
f 4119 4122 4120
f 4114 4120 4134
f 4112 4134 4133
f 4119 4133 4121
f 4119 4121 4122
f 4121 4132 4122
f 4121 4131 4132
f 3115 4288 4289
f 3116 4289 4290
f 3114 4292 4288
f 3117 4291 4292
f 3120 4293 4294
f 4105 4107 4256
f 3121 4294 4295
f 3119 4290 4293
f 4107 4115 4256
f 4115 4117 4256
f 4117 4123 4256
f 4123 4127 4124
f 4124 4127 4128
f 4125 4129 4131
f 4124 4128 4126
f 4126 4128 4130
f 4125 4126 4130
f 4125 4130 4129
f 4106 4295 4108
f 4129 4132 4131
f 4120 4122 4285
f 4120 4285 4134
f 4121 4284 4131
f 4125 4131 4284
f 4121 4133 4284
f 4133 4134 4284
f 4108 4295 4116
f 4116 4295 4118
f 4118 4295 4127
f 4125 4286 4126
f 4122 4132 4287
f 4134 4285 4284
f 4125 4284 4286
f 4129 4297 4132
f 4122 4287 4285
f 4135 4145 4136
f 4135 4137 4404
f 4135 4136 4137
f 4136 4138 4137
f 4137 4138 4197
f 4135 4139 4145
f 4139 4140 4146
f 4139 4146 4145
f 4140 4147 4146
f 4140 4141 4147
f 4141 4142 4148
f 4142 4143 4149
f 3411 3412 4161
f 3412 3413 4158
f 3413 3426 4159
f 3426 3427 4159
f 3411 4162 4144
f 4145 4146 4147
f 4145 4147 4148
f 4145 4148 4149
f 4145 4149 4153
f 4141 4148 4147
f 4142 4149 4148
f 4143 4144 4153
f 4144 4150 4153
f 4143 4153 4149
f 4150 4151 4154
f 3411 4161 4162
f 3412 4158 4161
f 3413 4159 4158
f 3427 4160 4159
f 4144 4169 4150
f 4136 4145 4138
f 4138 4145 4166
f 4145 4153 4154
f 4145 4154 4155
f 4145 4155 4164
f 4145 4164 4165
f 4145 4165 4166
f 4150 4154 4153
f 4151 4155 4154
f 4151 4152 4155
f 4152 4156 4164
f 4152 4164 4155
f 4156 4165 4164
f 4156 4157 4165
f 4152 4172 4156
f 4156 4174 4157
f 4150 4167 4151
f 4151 4168 4152
f 4144 4162 4169
f 4150 4169 4167
f 4151 4167 4168
f 4162 4163 4169
f 4157 4166 4165
f 4152 4168 4172
f 4156 4172 4174
f 4157 4174 4180
f 4163 4173 4169
f 4163 4170 4173
f 4170 4171 4175
f 4170 4175 4173
f 4161 4191 4162
f 4162 4191 4163
f 4171 4181 4175
f 4171 4176 4181
f 3427 4177 4160
f 4160 4177 4179
f 4177 4178 4190
f 4178 4405 4190
f 4177 4190 4179
f 4159 4160 4186
f 4158 4159 4185
f 4158 4188 4161
f 4160 4179 4187
f 3339 4213 4212
f 3340 4305 4213
f 4163 4192 4170
f 4170 4193 4171
f 4176 4182 4181
f 4176 4183 4182
f 4182 4183 4184
f 4171 4194 4176
f 4168 4204 4172
f 4167 4203 4168
f 4167 4169 4205
f 4169 4173 4205
f 4172 4200 4174
f 4173 4175 4206
f 4175 4181 4207
f 4176 4195 4183
f 4174 4201 4180
f 4181 4182 4208
f 3339 4212 4313
f 3331 4544 4306
f 3332 4306 4307
f 3333 4307 4308
f 3334 4308 4309
f 3335 4309 4310
f 3336 4310 4311
f 4138 4166 4197
f 4157 4302 4166
f 4182 4184 4209
f 4168 4203 4204
f 4167 4205 4203
f 4173 4206 4205
f 4172 4204 4200
f 4174 4200 4201
f 4175 4207 4206
f 4180 4201 4202
f 4181 4208 4207
f 4182 4209 4208
f 4184 4210 4209
f 3340 4314 4305
f 4159 4186 4185
f 4158 4185 4188
f 4161 4188 4191
f 4160 4187 4186
f 4179 4189 4187
f 4163 4191 4192
f 4170 4192 4193
f 4171 4193 4194
f 3327 4225 4314
f 3357 4224 4225
f 3339 4313 4224
f 3341 4311 4312
f 4185 4186 4196
f 4186 4187 4196
f 4185 4196 4188
f 4188 4196 4191
f 4187 4189 4196
f 4191 4196 4192
f 4192 4196 4193
f 4176 4194 4195
f 4183 4195 4196
f 4193 4196 4194
f 4194 4196 4195
f 4179 4190 4211
f 3117 4598 4291
f 4137 4197 4198
f 4137 4198 4408
f 4197 4199 4198
f 4198 4199 4302
f 4198 4302 4541
f 4166 4199 4197
f 4157 4180 4303
f 4202 4204 4203
f 4200 4204 4202
f 4200 4202 4201
f 4202 4203 4205
f 4202 4205 4206
f 4202 4206 4207
f 4202 4207 4208
f 4202 4208 4209
f 4202 4209 4210
f 4166 4302 4199
f 4179 4316 4189
f 4179 4211 4316
f 4190 4409 4211
f 4157 4303 4302
f 4212 4213 4214
f 4213 4215 4214
f 4212 4214 4216
f 4214 4215 4216
f 4213 4217 4215
f 4180 4202 4322
f 4212 4216 4218
f 4212 4218 4219
f 4215 4217 4216
f 4212 4219 4220
f 4212 4220 4304
f 4216 4217 4218
f 4217 4221 4218
f 4213 4221 4217
f 4213 4222 4221
f 4213 4223 4222
f 4213 4305 4223
f 4218 4221 4219
f 4219 4221 4222
f 4219 4222 4220
f 4220 4222 4223
f 4220 4223 4304
f 4223 4305 4304
f 4202 4210 4326
f 4184 4331 4210
f 4212 4304 4313
f 4183 4332 4184
f 4189 4319 4196
f 4183 4196 4325
f 4224 4227 4225
f 4224 4226 4227
f 4224 4228 4226
f 4226 4229 4227
f 4189 4316 4315
f 4224 4230 4228
f 4224 4231 4230
f 4226 4228 4229
f 4224 4313 4232
f 4224 4232 4231
f 4228 4233 4229
f 4228 4230 4233
f 4225 4227 4314
f 4227 4229 4314
f 4230 4234 4233
f 4230 4231 4234
f 4231 4235 4234
f 4231 4232 4235
f 4232 4313 4314
f 4232 4314 4235
f 4229 4233 4314
f 4233 4234 4314
f 4234 4235 4314
f 4189 4315 4317
f 4211 4586 4316
f 4010 4236 4239
f 4236 4237 4239
f 4008 4239 4244
f 4016 4245 4240
f 4017 4018 4249
f 4015 4249 4018
f 4015 4238 4249
f 4008 4247 4029
f 4029 4247 4033
f 4237 4240 4239
f 4008 4244 4247
f 4017 4248 4245
f 4238 4241 4249
f 4036 4037 4254
f 4238 4242 4241
f 3989 4251 4243
f 4037 4039 4254
f 4038 4254 4039
f 4241 4242 4243
f 3989 4253 4251
f 4036 4254 4253
f 4027 4031 4278
f 4031 4033 4278
f 4038 4045 4256
f 4239 4240 4244
f 4240 4245 4244
f 4017 4249 4248
f 4241 4250 4249
f 4244 4245 4246
f 4245 4248 4246
f 4244 4246 4247
f 4246 4248 4247
f 4247 4248 4249
f 4247 4249 4255
f 4249 4250 4252
f 4249 4252 4255
f 4241 4243 4250
f 4243 4251 4250
f 4250 4251 4252
f 4251 4253 4252
f 4252 4253 4255
f 4253 4254 4255
f 4033 4247 4278
f 4038 4256 4254
f 4247 4255 4278
f 4254 4256 4255
f 4255 4256 4278
f 4256 4291 4278
f 3900 4084 4102
f 4257 4259 4261
f 4257 4261 4258
f 4262 4265 4266
f 3902 4101 4097
f 4259 4260 4263
f 4259 4263 4261
f 4260 4265 4262
f 4260 4262 4263
f 4264 4266 4265
f 4099 4103 4267
f 4100 4268 4104
f 3902 4257 4101
f 3900 4102 4258
f 3900 4258 4261
f 3902 4259 4257
f 3902 4260 4259
f 3900 4261 4263
f 4103 4264 4267
f 4264 4265 4267
f 4260 4267 4265
f 4104 4268 4266
f 4262 4266 4268
f 4262 4268 4263
f 3902 4267 4260
f 3900 4263 4268
f 3900 4268 3902
f 3902 4268 4267
f 4267 4268 4273
f 4268 4275 4273
f 3905 4267 4270
f 4267 4272 4270
f 4267 4273 4272
f 4268 4274 4275
f 4268 4278 4274
f 4274 4278 4276
f 4276 4278 4277
f 4277 4278 4279
f 4278 4280 4279
f 4278 4281 4280
f 4278 4282 4281
f 4278 4283 4282
f 4278 4598 4283
f 4283 4598 4517
f 4123 4124 4298
f 4124 4126 4298
f 4127 4299 4128
f 4128 4299 4130
f 4129 4130 4301
f 4126 4286 4296
f 4132 4297 4287
f 4284 4285 4286
f 4285 4287 4286
f 4126 4296 4300
f 4129 4301 4297
f 4123 4298 4256
f 4256 4290 4289
f 4256 4293 4290
f 4256 4294 4293
f 4256 4289 4288
f 4256 4288 4291
f 4288 4292 4291
f 4256 4298 4294
f 4294 4298 4295
f 4127 4295 4299
f 4126 4300 4298
f 4130 4299 4301
f 4286 4287 4296
f 4287 4297 4296
f 4295 4298 4299
f 4298 4301 4299
f 4296 4297 4300
f 4297 4301 4300
f 4298 4300 4301
f 4302 4303 4541
f 4180 4320 4303
f 4304 4305 4314
f 4180 4322 4320
f 4189 4317 4319
f 4304 4314 4313
f 4315 4316 4318
f 4316 4586 4318
f 4196 4319 4323
f 4315 4318 4317
f 4202 4321 4322
f 4202 4326 4321
f 4303 4320 4593
f 4210 4328 4326
f 4184 4333 4331
f 4210 4329 4328
f 4183 4325 4332
f 4196 4323 4325
f 4317 4318 4324
f 4184 4332 4333
f 4317 4324 4319
f 4318 4594 4324
f 4278 4291 4598
f 4210 4331 4329
f 4320 4322 4606
f 4319 4324 4323
f 4323 4324 4325
f 4324 4607 4325
f 4321 4327 4322
f 4321 4326 4327
f 4322 4327 4606
f 4326 4328 4327
f 4327 4328 4330
f 4328 4329 4330
f 4329 4331 4330
f 4327 4330 4620
f 4330 4331 4612
f 4331 4333 4617
f 4325 4607 4332
f 4332 4639 4333
f 3429 4498 4271
f 3429 4499 4498
f 3430 4500 4499
f 3431 4502 4500
f 3432 4510 4501
f 3433 4503 4502
f 3434 4504 4503
f 3435 4505 4504
f 3438 4506 4507
f 3437 4501 4506
f 3439 4507 4508
f 3440 4508 4509
f 3441 4511 4510
f 3442 4536 4511
f 3443 4512 4505
f 3445 4509 4514
f 3443 4513 4512
f 3444 4520 4513
f 3446 4514 4515
f 3452 4515 4521
f 3449 4517 4518
f 3447 4519 4516
f 3450 4518 4519
f 3451 4516 4520
f 3453 4521 4522
f 3454 4522 4523
f 3455 4523 4524
f 3456 4524 4525
f 3457 4334 4536
f 4334 4344 4336
f 4335 4337 4347
f 4336 4346 4338
f 4337 4340 4350
f 4338 4348 4339
f 4340 4341 4351
f 4339 4349 4342
f 4341 4343 4353
f 4342 4352 4356
f 4341 4362 4343
f 4343 4357 4360
f 3458 4537 4344
f 4336 4344 4346
f 4335 4347 4345
f 4338 4346 4348
f 4337 4350 4347
f 4339 4348 4349
f 4340 4351 4350
f 4342 4349 4352
f 4341 4353 4351
f 4352 4359 4356
f 4343 4360 4353
f 4351 4353 4363
f 4335 4354 4337
f 4337 4354 4340
f 4354 4355 4362
f 4340 4354 4362
f 4340 4362 4341
f 4345 4347 4355
f 4347 4350 4355
f 4350 4363 4355
f 4350 4351 4363
f 4355 4363 4362
f 4356 4359 4358
f 4357 4358 4361
f 4343 4362 4357
f 4357 4396 4358
f 4358 4359 4361
f 4357 4361 4360
f 4353 4360 4363
f 4359 4397 4361
f 4360 4361 4397
f 4357 4362 4396
f 4362 4363 4396
f 4360 4397 4363
f 4364 4365 4367
f 4365 4376 4367
f 4366 4368 4379
f 4364 4367 4369
f 4367 4378 4369
f 4368 4371 4382
f 4364 4388 4392
f 4364 4369 4388
f 4369 4380 4370
f 4371 4372 4383
f 4369 4370 4388
f 4370 4381 4373
f 4370 4373 4388
f 4372 4374 4385
f 4373 4384 4389
f 4374 4390 4394
f 4375 4378 4376
f 4367 4376 4378
f 4366 4379 4377
f 4375 4380 4378
f 4364 4392 4375
f 4369 4378 4380
f 4368 4382 4379
f 4375 4392 4380
f 4370 4380 4381
f 4371 4383 4382
f 4373 4381 4384
f 4380 4392 4381
f 4381 4392 4384
f 4372 4385 4383
f 4384 4393 4389
f 4374 4394 4385
f 3459 4538 4366
f 3460 4539 4386
f 3461 4377 4540
f 4373 4389 4388
f 4389 4393 4391
f 4390 4391 4395
f 4389 4391 4400
f 4388 4389 4400
f 4384 4392 4393
f 4391 4393 4395
f 4390 4395 4394
f 4393 4401 4395
f 4394 4395 4401
f 4388 4401 4392
f 4392 4401 4393
f 4334 4336 4536
f 4336 4338 4536
f 3458 5579 4537
f 4344 4537 4346
f 4346 4537 4348
f 4396 4397 4398
f 4363 4397 4396
f 4338 4339 4536
f 4339 4342 4536
f 4342 4356 4536
f 4356 4358 4536
f 4358 4396 4536
f 4348 4537 4349
f 4349 4537 4352
f 4352 4537 4359
f 4359 4537 4397
f 4398 4399 4526
f 4397 4399 4398
f 4399 4529 4526
f 3459 4525 4538
f 4388 4400 4401
f 4394 4401 4403
f 4400 4403 4401
f 4366 4538 4368
f 4368 4538 4371
f 4386 4539 4440
f 3461 4540 4539
f 4377 4379 4540
f 4379 4382 4540
f 4400 4402 4403
f 4374 4538 4390
f 4390 4538 4391
f 4402 4532 4534
f 4391 4538 4400
f 4402 4534 4403
f 4371 4538 4372
f 4372 4538 4374
f 4440 4539 4445
f 4445 4539 4447
f 4447 4539 4475
f 4382 4383 4540
f 4383 4385 4540
f 4385 4394 4540
f 4137 4408 4404
f 4404 4408 4411
f 3478 4417 4604
f 3632 4404 4411
f 3667 4423 4405
f 3679 4406 4429
f 4406 4407 4410
f 3611 4543 4544
f 3610 4545 4543
f 3621 4554 4545
f 3626 4559 4554
f 3638 4565 4559
f 3648 4411 4417
f 3638 4566 4565
f 3639 4567 4566
f 3640 4568 4567
f 3641 4569 4568
f 3642 4570 4569
f 3643 4571 4570
f 3644 4572 4571
f 3645 4573 4572
f 3646 4590 4573
f 3649 4312 4574
f 3650 4574 4575
f 3651 4575 4576
f 3651 4576 4580
f 3655 4580 4584
f 3659 4584 4588
f 4190 4405 4409
f 4405 4423 4409
f 3667 4429 4423
f 3668 4589 4587
f 3670 4588 4589
f 3671 4587 4590
f 4407 4435 4410
f 4406 4410 4429
f 3520 4647 4407
f 3472 4599 4598
f 3473 4600 4599
f 3474 4601 4600
f 3475 4602 4601
f 4198 4541 4408
f 3476 4603 4602
f 3477 4604 4603
f 4408 4541 4411
f 3479 4657 4605
f 4211 4409 4586
f 4410 4435 4592
f 4411 4541 4412
f 4412 4541 4413
f 4411 4412 4418
f 4411 4418 4417
f 4412 4419 4418
f 4412 4413 4419
f 4413 4414 4420
f 4413 4420 4419
f 4414 4415 4421
f 4414 4421 4420
f 4415 4416 4422
f 4415 4422 4421
f 4416 4542 4564
f 4416 4564 4422
f 4409 4423 4586
f 4423 4424 4586
f 4424 4425 4586
f 4423 4429 4424
f 4424 4429 4430
f 4424 4430 4425
f 4410 4592 4429
f 4435 4596 4592
f 4425 4430 4431
f 4425 4431 4426
f 4426 4431 4432
f 4426 4432 4427
f 4427 4432 4433
f 4427 4433 4428
f 4428 4434 4585
f 4428 4433 4434
f 4434 4591 4585
f 4429 4592 4430
f 4430 4592 4431
f 3520 4605 4647
f 4407 4647 4435
f 4386 4440 4387
f 4387 4440 4443
f 4439 4442 4444
f 4439 4444 4441
f 4440 4445 4443
f 4441 4444 4450
f 3722 4450 4444
f 3722 4449 4451
f 3722 4451 4480
f 3722 4452 4450
f 3722 4484 4452
f 4439 4441 4455
f 4441 4456 4455
f 4441 4446 4456
f 4443 4445 4449
f 4445 4447 4449
f 4441 4450 4446
f 4446 4450 4452
f 4447 4451 4449
f 4447 4475 4451
f 4451 4475 4480
f 4446 4452 4448
f 4448 4484 4479
f 4448 4452 4484
f 3722 4480 4481
f 3722 4481 4483
f 3722 4483 4482
f 3722 4482 4484
f 4446 4448 4464
f 4446 4464 4456
f 4448 4479 4487
f 4448 4465 4464
f 4448 4487 4465
f 4455 4456 4457
f 4456 4458 4457
f 4456 4464 4458
f 3730 3736 4497
f 3736 4457 4497
f 3709 4471 4470
f 3709 4497 4471
f 4457 4458 4497
f 4459 4461 4460
f 4459 4462 4463
f 4459 4463 4461
f 4461 4463 4470
f 4460 4486 4454
f 4460 4461 4496
f 4458 4464 4466
f 4464 4465 4466
f 4465 4467 4466
f 4465 4487 4467
f 4467 4487 4491
f 4458 4466 4497
f 4466 4467 4497
f 4467 4491 4497
f 4461 4468 4496
f 4461 4470 4468
f 4468 4470 4471
f 4460 4496 4486
f 4468 4469 4496
f 4468 4471 4469
f 4469 4497 4495
f 4469 4471 4497
f 4657 3714 4436
f 4657 4436 4437
f 4657 4437 4438
f 4657 4438 4472
f 4475 4476 4480
f 4476 4481 4480
f 4477 4479 4482
f 4479 4484 4482
f 4476 4478 4481
f 4477 4483 4478
f 4478 4483 4481
f 4477 4482 4483
f 4487 4488 4491
f 4488 4492 4491
f 4489 4495 4493
f 4488 4490 4492
f 4489 4494 4490
f 4490 4494 4492
f 4489 4493 4494
f 4491 4492 4497
f 4492 4494 4497
f 4493 4497 4494
f 4493 4495 4497
f 4469 4495 4655
f 4489 4655 4495
f 4469 4655 4496
f 4496 4652 4486
f 4489 4490 4656
f 4496 4655 4652
f 4489 4656 4655
f 4499 4500 4510
f 4500 4502 4501
f 4500 4501 4510
f 4502 4503 4507
f 4503 4504 4508
f 4504 4505 4509
f 4501 4502 4506
f 4502 4507 4506
f 4503 4508 4507
f 4504 4509 4508
f 4505 4512 4509
f 4509 4512 4514
f 4512 4513 4515
f 4513 4520 4521
f 4512 4515 4514
f 4513 4521 4515
f 4517 4599 4518
f 4516 4522 4520
f 4516 4519 4523
f 4518 4524 4519
f 4520 4522 4521
f 4516 4523 4522
f 4519 4524 4523
f 4518 4600 4524
f 4524 4605 4525
f 4396 4398 4536
f 4397 4537 4399
f 4526 4529 4527
f 4527 4530 4528
f 4528 4531 4533
f 4527 4529 4530
f 4528 4530 4531
f 4531 4535 4533
f 4398 4526 4536
f 4526 4527 4536
f 4527 4528 4536
f 4399 4537 4529
f 4529 4537 4530
f 4530 4537 4531
f 4532 4533 4535
f 4400 4538 4402
f 4532 4535 4534
f 4394 4403 4540
f 4402 4538 4532
f 4532 4538 4533
f 4528 4533 4538
f 4403 4534 4540
f 4534 4535 4540
f 4531 4540 4535
f 4528 4538 4536
f 4531 4537 4540
f 4536 4538 4537
f 4525 4657 4539
f 4525 4539 4538
f 4537 4538 4540
f 4538 4539 4540
f 4303 4593 4541
f 4413 4593 4414
f 4413 4541 4593
f 4414 4593 4415
f 4543 4545 4544
f 4306 4544 4545
f 4306 4549 4307
f 4306 4545 4549
f 4545 4553 4546
f 4545 4546 4548
f 4545 4547 4549
f 4545 4548 4547
f 4545 4554 4553
f 4307 4549 4308
f 4308 4550 4309
f 4309 4550 4310
f 4310 4551 4311
f 4311 4551 4312
f 4308 4549 4550
f 4310 4550 4551
f 4551 4552 4576
f 4554 4559 4555
f 4555 4559 4556
f 4556 4559 4557
f 4557 4559 4558
f 4542 4559 4565
f 4542 4565 4566
f 4558 4559 4560
f 4559 4561 4560
f 4559 4584 4561
f 4561 4584 4562
f 4562 4584 4563
f 4415 4606 4416
f 4416 4606 4542
f 4542 4566 4564
f 4564 4566 4567
f 4564 4567 4568
f 4564 4568 4569
f 4564 4569 4570
f 4564 4570 4571
f 4564 4571 4591
f 4417 4418 4604
f 4312 4576 4574
f 4574 4576 4575
f 4312 4551 4576
f 4552 4577 4576
f 4576 4577 4578
f 4576 4578 4579
f 4576 4579 4580
f 4563 4584 4582
f 4582 4584 4583
f 4580 4581 4584
f 4581 4583 4584
f 4584 4585 4588
f 4585 4589 4588
f 4425 4426 4594
f 4426 4427 4594
f 4425 4594 4586
f 4428 4585 4607
f 4427 4428 4607
f 4318 4586 4594
f 4571 4572 4591
f 4572 4573 4591
f 4573 4590 4591
f 4585 4591 4589
f 4587 4589 4591
f 4587 4591 4590
f 4431 4595 4432
f 4432 4595 4433
f 4431 4592 4595
f 4433 4595 4434
f 4434 4608 4591
f 4592 4596 4595
f 4415 4593 4606
f 4546 4609 4548
f 4547 4548 4611
f 4547 4612 4549
f 4549 4613 4550
f 4550 4615 4551
f 4551 4617 4552
f 4552 4616 4577
f 4542 4618 4559
f 4546 4553 4621
f 4553 4554 4620
f 4554 4555 4622
f 4555 4556 4623
f 4556 4557 4624
f 4557 4558 4626
f 4558 4560 4627
f 4560 4561 4628
f 4561 4562 4630
f 4563 4582 4631
f 4562 4563 4632
f 4559 4633 4584
f 4418 4419 4604
f 4419 4420 4604
f 4420 4421 4604
f 4421 4422 4604
f 4422 4564 4634
f 4564 4591 4634
f 4577 4635 4578
f 4584 4637 4585
f 4578 4640 4579
f 4579 4639 4580
f 4580 4641 4581
f 4581 4642 4583
f 4582 4583 4643
f 4427 4607 4594
f 4595 4596 4597
f 4434 4595 4608
f 4435 4647 4596
f 4596 4647 4597
f 4517 4598 4599
f 4518 4599 4600
f 4524 4600 4605
f 4600 4601 4605
f 4601 4602 4605
f 4602 4603 4605
f 4603 4604 4605
f 4604 4647 4605
f 4525 4605 4657
f 4320 4606 4593
f 4542 4606 4618
f 4546 4621 4609
f 4548 4609 4610
f 4548 4610 4611
f 4547 4611 4612
f 4549 4612 4613
f 4550 4613 4614
f 4550 4614 4615
f 4551 4615 4617
f 4552 4617 4616
f 4554 4619 4620
f 4554 4622 4619
f 4553 4620 4621
f 4555 4623 4622
f 4556 4624 4623
f 4557 4625 4624
f 4557 4626 4625
f 4558 4627 4626
f 4559 4618 4633
f 4560 4628 4627
f 4561 4629 4628
f 4561 4630 4629
f 4562 4632 4630
f 4563 4631 4632
f 4422 4634 4604
f 4585 4637 4607
f 4324 4594 4607
f 4578 4635 4640
f 4577 4636 4635
f 4577 4616 4636
f 4580 4639 4638
f 4580 4638 4641
f 4579 4640 4639
f 4581 4641 4642
f 4583 4642 4643
f 4582 4643 4644
f 4582 4644 4631
f 4584 4633 4637
f 4591 4608 4645
f 4595 4597 4608
f 4591 4645 4634
f 4597 4646 4608
f 4327 4618 4606
f 4327 4620 4619
f 4327 4619 4618
f 4330 4621 4620
f 4330 4611 4610
f 4330 4612 4611
f 4330 4609 4621
f 4330 4610 4609
f 4331 4613 4612
f 4331 4614 4613
f 4331 4615 4614
f 4333 4616 4617
f 4331 4617 4615
f 4618 4619 4622
f 4618 4622 4623
f 4618 4623 4624
f 4618 4624 4625
f 4618 4625 4626
f 4618 4626 4633
f 4626 4627 4633
f 4627 4628 4633
f 4628 4629 4633
f 4629 4630 4633
f 4631 4637 4633
f 4630 4632 4633
f 4631 4633 4632
f 4604 4634 4647
f 4634 4648 4647
f 4332 4607 4637
f 4332 4638 4639
f 4332 4637 4638
f 4333 4639 4640
f 4333 4636 4616
f 4333 4640 4635
f 4333 4635 4636
f 4637 4641 4638
f 4637 4642 4641
f 4631 4644 4637
f 4637 4643 4642
f 4637 4644 4643
f 4608 4646 4645
f 4645 4646 4648
f 4634 4645 4648
f 4597 4647 4646
f 4646 4647 4648
f 4657 4472 4473
f 4657 4473 4474
f 4657 4474 4649
f 4657 4649 4650
f 4475 4539 4476
f 4476 4539 4478
f 4477 4478 4539
f 4477 4669 4479
f 4665 4485 4651
f 4479 4669 4487
f 4487 4669 4488
f 4488 4669 4490
f 4490 4668 4656
f 4655 4654 4652
f 4655 4656 4654
f 4490 4670 4668
f 4657 4650 4653
f 4657 4653 4658
f 4657 4658 4659
f 4657 4659 4661
f 4657 4661 4662
f 4657 4662 4663
f 4477 4539 4669
f 4539 4657 4669
f 4665 4651 4667
f 4657 4663 4664
f 4490 4669 4670
f 4656 4660 4654
f 4656 4668 4660
f 4657 4664 4669
f 4669 4664 4665
f 4669 4665 4670
f 4668 4666 4660
f 4668 4670 4666
f 4670 4665 4667
f 4670 4667 4666
f 1666 4671 4686
f 4671 4672 4684
f 4672 4673 4683
f 4673 4674 4682
f 4674 4677 4682
f 4677 4678 4682
f 4678 4679 4682
f 4676 4682 4680
f 4680 4682 4681
f 4679 4681 4682
f 4675 4682 4676
f 1686 4682 4675
f 4673 4682 4683
f 4672 4683 4684
f 4671 4684 4686
f 3458 4686 4967
f 4686 4974 4967
f 4684 4685 4686
f 4685 4687 4686
f 4695 4706 4700
f 4686 4687 4688
f 4686 4688 4689
f 4686 4689 4690
f 4686 4690 4691
f 4686 4691 4692
f 4686 4985 4974
f 4686 4692 4985
f 4692 4693 4985
f 4693 4694 4985
f 4694 4986 4985
f 4697 4698 4701
f 4696 4701 4698
f 4695 4700 4696
f 4694 4697 4699
f 4696 4700 4701
f 4697 4701 4699
f 4694 4699 4986
f 4699 4702 4986
f 4671 5148 4672
f 4672 5149 4673
f 4673 5150 4674
f 4675 4676 5153
f 4674 5151 4677
f 4677 5154 4678
f 4678 5155 4679
f 4679 5156 4681
f 4680 4681 5158
f 4676 4680 5157
f 1686 5159 4682
f 4682 5159 4683
f 4683 5161 4684
f 4684 5161 4685
f 3069 5163 4686
f 4685 5164 4687
f 4687 5164 4688
f 4688 5165 4689
f 4689 5166 4690
f 4690 5167 4691
f 4691 5168 4692
f 4692 5169 4693
f 4693 5171 4694
f 4694 5171 4697
f 4695 4696 5173
f 4697 5174 4698
f 4696 4698 5175
f 4699 4701 5178
f 4699 5176 4702
f 4700 5177 4701
f 1760 4704 4705
f 1760 4705 4706
f 1760 4703 4704
f 4710 4711 4725
f 4710 4773 4711
f 4709 4710 4724
f 4710 4725 4724
f 4711 4733 4725
f 4711 4773 4733
f 4716 4717 4726
f 4716 4726 4718
f 4712 4726 4717
f 4712 4714 4715
f 4712 4715 4720
f 4712 4720 4721
f 4712 4717 4714
f 4718 4726 4719
f 4712 4721 4722
f 4719 4726 4727
f 4726 4728 4727
f 4726 4729 4728
f 4726 4731 4729
f 4729 4731 4730
f 4730 4731 4749
f 4731 4750 4749
f 4731 4751 4750
f 4709 4724 4782
f 4710 4774 4773
f 4766 4773 4774
f 4712 4789 4726
f 4716 4793 4717
f 4716 4718 4794
f 4718 4719 4795
f 4719 4727 4795
f 4714 4717 4790
f 4714 4790 4715
f 4720 4791 4721
f 4715 4792 4720
f 4713 4723 4797
f 4721 4796 4722
f 4722 4796 4723
f 4712 4732 4787
f 4732 4735 4765
f 4724 4725 4812
f 4733 4773 4766
f 4726 4817 4731
f 4727 4728 4819
f 4728 4729 4820
f 4729 4730 4821
f 4730 4749 4821
f 4725 4733 4812
f 4731 4822 4734
f 1760 4706 4695
f 4735 4762 4736
f 4735 4736 4768
f 4713 4737 4754
f 4737 4739 4754
f 4713 4754 4723
f 4712 4722 4756
f 4722 4723 4756
f 4740 4755 4754
f 4723 4754 4756
f 4738 4740 4754
f 4738 4754 4739
f 4740 4741 4755
f 4742 4743 4755
f 4741 4742 4755
f 4743 4744 4755
f 4744 4745 4757
f 4745 4746 4757
f 4746 4747 4757
f 4747 4748 4757
f 4748 4752 4757
f 4731 4760 4753
f 4752 4753 4760
f 4712 4756 4732
f 4732 4756 4762
f 4731 4753 4751
f 4731 4734 4760
f 4744 4757 4755
f 4752 4760 4757
f 4755 4757 4758
f 4757 4759 4758
f 4757 4760 4759
f 4734 4763 4760
f 4759 4760 4761
f 4760 4775 4761
f 4760 4763 4775
f 4732 4762 4735
f 4713 4836 4737
f 4740 4839 4741
f 4738 4838 4740
f 4741 4840 4742
f 4742 4840 4743
f 4743 4841 4744
f 4744 4842 4745
f 4738 4739 4837
f 4737 4837 4739
f 4745 4844 4746
f 4746 4844 4747
f 4747 4843 4748
f 4749 4750 4872
f 4750 4751 4873
f 4751 4753 4874
f 4748 4875 4752
f 4752 4874 4753
f 4734 4771 4764
f 4734 4764 4763
f 4755 4758 4894
f 4709 4782 4776
f 4709 4776 4777
f 4709 4777 4778
f 4709 4778 4779
f 4724 4781 4782
f 4732 4765 4785
f 4712 4787 4789
f 4713 4797 4836
f 4715 4790 4792
f 4720 4792 4791
f 4717 4793 4790
f 4716 4794 4793
f 4718 4795 4794
f 4727 4819 4795
f 4721 4791 4796
f 4723 4796 4797
f 4733 4766 4813
f 4724 4812 4781
f 4766 4774 4827
f 4726 4789 4817
f 4728 4820 4819
f 4729 4821 4820
f 4749 4872 4821
f 4734 4824 4771
f 4731 4817 4822
f 4709 4779 4780
f 4732 4785 4786
f 4732 4786 4787
f 4765 4767 4783
f 4765 4783 4788
f 4765 4784 4785
f 4765 4788 4784
f 4733 4813 4812
f 4766 4814 4813
f 4734 4822 4823
f 4734 4823 4824
f 4766 4815 4814
f 4766 4816 4815
f 4766 4827 4816
f 4771 4824 4825
f 4771 4825 4826
f 4735 4768 4769
f 4735 4769 4767
f 4736 4762 4906
f 4767 4769 4770
f 4736 4906 4768
f 4767 4770 4834
f 4768 4917 4769
f 4735 4767 4765
f 4737 4836 4837
f 4738 4837 4838
f 4740 4838 4839
f 4741 4839 4840
f 4743 4840 4841
f 4744 4841 4842
f 4745 4842 4844
f 4748 4843 4875
f 4747 4844 4843
f 4750 4873 4872
f 4751 4874 4873
f 4752 4875 4874
f 4754 4912 4756
f 4754 4755 4912
f 4758 4759 4894
f 4759 4761 4894
f 4756 4913 4762
f 4761 4775 4900
f 4763 4900 4775
f 4764 4771 4772
f 4767 4834 4783
f 4771 4876 4772
f 4771 4826 4876
f 4763 4764 4916
f 4764 4772 4916
f 4772 4876 4887
f 4710 4961 4774
f 4710 4962 4961
f 4774 4961 4827
f 4703 5383 4704
f 4704 5384 4705
f 4705 5385 4706
f 1760 4695 2881
f 4776 4782 4786
f 4781 4787 4782
f 4776 4785 4777
f 4777 4784 4778
f 4778 4788 4779
f 4779 4798 4780
f 4782 4787 4786
f 4776 4786 4785
f 4781 4805 4787
f 4777 4785 4784
f 4787 4805 4806
f 4787 4806 4789
f 4778 4784 4788
f 4783 4798 4788
f 4783 4799 4798
f 4789 4792 4790
f 4789 4791 4792
f 4789 4790 4793
f 4789 4793 4794
f 4789 4794 4795
f 4789 4796 4791
f 4779 4788 4798
f 4780 4798 4799
f 4783 4832 4799
f 4781 4801 4800
f 4781 4800 4805
f 4781 4802 4801
f 4781 4803 4802
f 4781 4804 4803
f 4781 4812 4804
f 4804 4812 4807
f 4807 4812 4808
f 4808 4812 4809
f 4809 4812 4810
f 4810 4812 4811
f 4812 4813 4823
f 4813 4814 4824
f 4814 4815 4825
f 4816 4827 4828
f 4827 4829 4828
f 4789 4795 4817
f 4811 4812 4822
f 4811 4822 4818
f 4817 4818 4822
f 4812 4823 4822
f 4813 4824 4823
f 4814 4825 4824
f 4795 4819 4817
f 4817 4819 4820
f 4817 4820 4821
f 4817 4821 4872
f 4817 4872 4873
f 4817 4873 4874
f 4815 4826 4825
f 4816 4830 4826
f 4826 4830 4876
f 4830 4831 4876
f 4815 4816 4826
f 4827 4833 4829
f 4828 4831 4830
f 4816 4828 4830
f 4828 4829 4831
f 4703 4707 5390
f 4707 4708 5391
f 4708 4709 5392
f 4709 4780 5247
f 4783 4835 4832
f 4783 4834 4835
f 4769 4917 4770
f 4770 4917 4834
f 4768 4906 4917
f 4700 4706 5386
f 4832 4835 4905
f 4834 4935 4835
f 4796 4855 4797
f 4797 4855 4836
f 4836 4855 4837
f 4837 4855 4838
f 4838 4855 4839
f 4839 4855 4858
f 4839 4861 4840
f 4860 4874 4875
f 4840 4863 4841
f 4841 4860 4842
f 4843 4860 4875
f 4843 4844 4860
f 4842 4860 4844
f 4846 4849 4847
f 4846 4848 4851
f 4847 4849 4850
f 4846 4851 4849
f 4849 4851 4850
f 4850 4851 4852
f 4845 4852 4848
f 4848 4852 4851
f 4850 4852 4854
f 4846 4870 4848
f 4845 4848 4870
f 4845 4870 4853
f 4846 4847 4870
f 4845 4854 4852
f 4845 4853 4854
f 4850 4854 4869
f 4853 4869 4854
f 4850 4869 4871
f 4855 4856 4857
f 4839 4858 4859
f 4855 4857 4858
f 4839 4859 4861
f 4840 4861 4862
f 4840 4862 4863
f 4841 4863 4864
f 4841 4864 4865
f 4841 4865 4860
f 4860 4866 4867
f 4860 4865 4866
f 4853 4870 4868
f 4853 4868 4869
f 4868 4871 4869
f 4868 4870 4871
f 4831 4892 4876
f 4847 4850 4878
f 4847 4878 4877
f 4878 4879 4881
f 4878 4880 4879
f 4878 4884 4880
f 4878 4886 4884
f 4877 4878 4881
f 4877 4881 4882
f 4879 4882 4881
f 4877 4882 4883
f 4879 4880 4882
f 4880 4883 4882
f 4877 4883 4885
f 4880 4884 4883
f 4850 4891 4878
f 4878 4889 4886
f 4878 4891 4889
f 4883 4884 4885
f 4877 4885 4888
f 4884 4886 4885
f 4877 4888 4890
f 4885 4886 4888
f 4755 4894 4912
f 4761 4900 4894
f 4762 4913 4906
f 4756 4912 4913
f 4886 4889 4888
f 4888 4889 4890
f 4889 4891 4890
f 4763 4916 4900
f 4772 4887 4940
f 4876 4893 4887
f 4876 4892 4893
f 4834 4917 4935
f 4894 4900 4895
f 4895 4900 4896
f 4896 4900 4897
f 4900 4901 4902
f 4897 4900 4898
f 4900 4902 4903
f 4898 4900 4899
f 4900 4903 4904
f 4899 4900 4904
f 4772 4940 4916
f 4892 4922 4893
f 4799 4832 5180
f 4789 4806 5316
f 4780 4799 5253
f 4832 4905 5180
f 4789 5323 4796
f 4829 4833 5181
f 4800 5325 4805
f 4800 4801 5326
f 4801 4802 5327
f 4802 4803 5328
f 4803 4804 5329
f 4805 5330 4806
f 4804 4807 5332
f 4807 4808 5333
f 4808 4809 5334
f 4809 4810 5335
f 4810 4811 5336
f 4817 5339 4818
f 4811 4818 5339
f 4817 4874 5338
f 4829 5259 4831
f 4835 4935 4905
f 4905 5182 5180
f 4905 5188 5182
f 4796 5360 4855
f 4860 5375 4874
f 4870 5287 4871
f 4847 5378 4870
f 4855 5360 4856
f 4856 5361 4857
f 4857 5362 4858
f 4858 5363 4859
f 4859 5364 4861
f 4861 5366 4862
f 4862 5367 4863
f 4863 5368 4864
f 4864 5369 4865
f 4865 5370 4866
f 4860 4867 5372
f 4866 5371 4867
f 4831 5187 4892
f 4892 5187 4922
f 4847 4877 5299
f 4906 4907 4908
f 4906 4908 4909
f 4894 4895 4912
f 4895 4896 4914
f 4896 4897 4915
f 4900 4916 4901
f 4906 4909 4910
f 4906 4910 4911
f 4906 4913 4907
f 4907 4923 4908
f 4906 4919 4917
f 4906 4921 4919
f 4906 4920 4921
f 4906 4911 4918
f 4906 4918 4920
f 4897 4898 4924
f 4902 4927 4903
f 4901 4926 4902
f 4898 4899 4925
f 4903 4930 4904
f 4899 4904 4932
f 4895 4914 4912
f 4887 4942 4940
f 4850 4871 5300
f 4907 4913 4923
f 4908 4923 4928
f 4909 4928 4929
f 4910 4929 4933
f 4912 4914 4913
f 4913 4914 4923
f 4914 4915 4923
f 4850 5300 4891
f 4877 4890 5299
f 4890 4891 5300
f 4908 4928 4909
f 4909 4929 4910
f 4910 4933 4911
f 4896 4915 4914
f 4901 4916 4926
f 4897 4924 4915
f 4898 4925 4924
f 4902 4926 4927
f 4899 4931 4925
f 4904 4930 4932
f 4899 4932 4931
f 4903 4927 4930
f 4917 4919 4935
f 4911 4936 4918
f 4918 4938 4920
f 4920 4939 4921
f 4919 4921 4937
f 4911 4933 4934
f 4911 4934 4936
f 4919 4937 4935
f 4920 4938 4939
f 4918 4936 4938
f 4921 4939 4937
f 4915 4928 4923
f 4915 4924 4928
f 4924 4925 4929
f 4924 4929 4928
f 4925 4931 4933
f 4925 4933 4929
f 4916 4940 4926
f 4926 4941 4927
f 4927 4948 4930
f 4905 4935 5188
f 4931 4934 4933
f 4930 4949 4932
f 4926 4940 4941
f 4931 4932 4950
f 4927 4941 4948
f 4931 4951 4934
f 4930 4948 4949
f 4932 4949 4950
f 4940 4942 4943
f 4940 4943 4941
f 4941 4944 4948
f 4946 4949 4948
f 4941 4943 4944
f 4944 4946 4948
f 4942 4960 4943
f 4943 4960 4944
f 4945 4949 4946
f 4945 4947 4950
f 4944 4960 4946
f 4945 4946 4960
f 4945 4960 4947
f 4935 4937 5188
f 4931 4950 4951
f 4937 4939 5189
f 4934 5194 4936
f 4936 5193 4938
f 4938 5191 4939
f 4937 5189 5188
f 4939 5190 5189
f 4939 5191 5190
f 4934 4951 5194
f 4938 5193 5191
f 4936 5194 5193
f 4945 4950 4949
f 4947 4951 4950
f 4947 4952 4951
f 4947 4956 4952
f 4947 4960 4956
f 4956 4960 4957
f 4953 4956 4957
f 4954 4957 4958
f 4957 4960 4958
f 4958 4960 4959
f 4952 4956 4953
f 4953 4957 4954
f 4954 4958 4955
f 4955 4959 5192
f 4955 4958 4959
f 4959 4960 5192
f 4960 5227 5192
f 4922 5187 5227
f 4710 5311 4962
f 4827 4961 4833
f 4833 4961 4962
f 4833 4962 5181
f 4962 5311 5181
f 4887 4893 4963
f 4887 4963 4942
f 4893 4964 4963
f 4942 4963 4964
f 4893 4922 4964
f 4922 4965 4964
f 4942 4964 4965
f 4922 4966 4965
f 4942 4965 4960
f 4960 4965 4966
f 4922 5227 4966
f 4960 4966 5227
f 4967 4972 4973
f 4967 4974 4972
f 4967 4973 4968
f 4967 4968 4969
f 4967 4969 4970
f 4967 4970 4971
f 4967 4971 4975
f 4967 4975 5003
f 4975 4976 5003
f 4976 4977 5003
f 4977 4978 4980
f 4978 4979 4980
f 4979 4981 4980
f 4967 5003 5009
f 4977 4980 5003
f 4967 5009 5035
f 4980 4984 4987
f 4980 4981 4982
f 4980 4983 4984
f 4980 4982 4983
f 4967 5035 5037
f 4967 5037 5041
f 4980 5001 5455
f 4702 4988 4986
f 4702 4989 4988
f 4989 4993 4990
f 4702 4993 4989
f 4990 4993 4994
f 4990 4994 4991
f 4991 4994 4992
f 4992 4994 4995
f 4992 4995 4996
f 4996 5001 4997
f 4997 5001 4998
f 4998 5001 4999
f 4987 5000 5001
f 4999 5001 5000
f 4995 5001 4996
f 4995 5128 5001
f 5001 5128 5002
f 5002 5128 5130
f 4995 5019 5128
f 5001 5002 5021
f 5002 5130 5022
f 4980 4987 5001
f 5001 5021 5023
f 5002 5020 5021
f 5002 5022 5020
f 5022 5130 5024
f 4980 5005 5003
f 5003 5005 5004
f 5004 5005 5006
f 5004 5006 5007
f 5003 5004 5010
f 5004 5007 5010
f 5006 5008 5007
f 4980 5048 5005
f 5007 5008 5015
f 5007 5015 5010
f 5008 5016 5015
f 5003 5010 5009
f 5009 5010 5011
f 5009 5011 5013
f 5010 5012 5011
f 5011 5012 5013
f 5012 5014 5013
f 5010 5066 5012
f 5013 5014 5017
f 5014 5018 5017
f 5005 5053 5006
f 5006 5095 5008
f 5010 5015 5032
f 5015 5016 5032
f 4980 5049 5048
f 4980 5051 5049
f 5005 5048 5050
f 5005 5050 5053
f 5009 5039 5035
f 5016 5033 5032
f 5008 5103 5016
f 5009 5013 5061
f 5012 5066 5014
f 5017 5018 5056
f 5009 5061 5039
f 5010 5032 5069
f 5010 5067 5066
f 5010 5069 5067
f 5013 5017 5061
f 5017 5056 5059
f 5014 5068 5018
f 5018 5057 5056
f 3458 4967 5579
f 4968 5580 4969
f 4969 5581 4970
f 4970 5582 4971
f 4972 5584 4973
f 4968 4973 5585
f 4972 4974 5586
f 4974 4985 5586
f 4967 5041 5081
f 4967 5081 5085
f 4967 5085 5097
f 4967 5097 5453
f 4971 5587 4975
f 4975 5587 4976
f 4976 5589 4977
f 4977 5590 4978
f 4978 5591 4979
f 4979 5593 4981
f 4981 5594 4982
f 4982 5595 4983
f 4983 5595 4984
f 4985 4986 5598
f 4987 5599 5000
f 4995 5025 5019
f 4995 5028 5025
f 4995 5030 5028
f 5001 5023 5026
f 5024 5130 5027
f 5001 5026 5029
f 5001 5029 5031
f 4986 4988 5600
f 4988 4989 5601
f 4989 4990 5602
f 4990 4991 5603
f 4991 4992 5604
f 4992 4996 5604
f 4702 5179 4993
f 4993 5605 4994
f 4994 5606 4995
f 4995 5456 5030
f 4996 4997 5609
f 4998 4999 5611
f 4997 4998 5610
f 4999 5000 5612
f 5001 5031 5457
f 5021 5136 5137
f 5019 5023 5137
f 5020 5136 5021
f 5020 5022 5138
f 5021 5137 5023
f 4984 5599 4987
f 5001 5457 5455
f 5019 5025 5026
f 5025 5029 5026
f 5019 5026 5023
f 5025 5028 5029
f 5028 5031 5029
f 5028 5030 5031
f 5030 5457 5031
f 5030 5456 5457
f 4980 5089 5051
f 4980 5093 5089
f 5006 5053 5091
f 5006 5091 5095
f 4980 5101 5093
f 5016 5103 5033
f 5032 5033 5054
f 5035 5036 5037
f 5034 5036 5035
f 5034 5035 5039
f 5034 5039 5038
f 5036 5040 5037
f 5037 5040 5041
f 5038 5039 5043
f 5038 5043 5042
f 4980 5455 5101
f 5008 5095 5103
f 5044 5045 5046
f 5045 5047 5052
f 5045 5052 5046
f 5044 5048 5045
f 5045 5048 5049
f 5044 5050 5048
f 5044 5046 5050
f 5045 5049 5047
f 5047 5049 5051
f 5046 5052 5053
f 5046 5053 5050
f 5039 5065 5043
f 5039 5061 5065
f 5032 5054 5108
f 5033 5055 5054
f 5033 5478 5055
f 5017 5059 5061
f 5014 5066 5068
f 5018 5077 5057
f 5018 5068 5077
f 5056 5057 5076
f 5059 5060 5061
f 5058 5060 5059
f 5058 5074 5060
f 5058 5062 5074
f 5058 5059 5063
f 5058 5063 5062
f 5060 5064 5061
f 5061 5064 5065
f 5060 5074 5064
f 5062 5063 5075
f 5032 5108 5069
f 5066 5067 5071
f 5066 5071 5070
f 5066 5070 5068
f 5068 5070 5072
f 5067 5069 5073
f 5067 5073 5071
f 5068 5072 5077
f 5056 5063 5059
f 5056 5075 5063
f 5056 5076 5075
f 5062 5075 5074
f 5057 5077 5116
f 5057 5116 5079
f 5057 5079 5076
f 5072 5078 5077
f 5040 5080 5041
f 5041 5080 5081
f 5034 5098 5036
f 5034 5038 5098
f 5080 5084 5081
f 5036 5098 5040
f 5042 5043 5083
f 5042 5083 5082
f 5038 5042 5098
f 5082 5083 5087
f 5081 5084 5085
f 5040 5098 5080
f 5084 5096 5085
f 5080 5098 5084
f 5042 5082 5098
f 5082 5087 5086
f 5082 5086 5098
f 5086 5087 5099
f 5047 5090 5052
f 5047 5088 5090
f 5088 5094 5090
f 5047 5051 5088
f 5051 5089 5088
f 5088 5089 5092
f 5052 5091 5053
f 5052 5090 5091
f 5090 5095 5091
f 5033 5103 5478
f 5088 5092 5094
f 5092 5102 5094
f 5089 5093 5092
f 5092 5093 5100
f 5090 5094 5095
f 5094 5103 5095
f 5043 5105 5083
f 5043 5065 5105
f 5083 5105 5107
f 5083 5107 5087
f 5087 5107 5121
f 5054 5055 5483
f 5085 5096 5097
f 5084 5098 5096
f 5086 5099 5098
f 5096 5452 5097
f 5096 5098 5452
f 5097 5452 5453
f 5098 5099 5472
f 5098 5472 5471
f 5092 5100 5102
f 5093 5101 5100
f 5094 5102 5103
f 5100 5477 5102
f 5100 5454 5477
f 5100 5101 5454
f 5101 5455 5454
f 5102 5478 5103
f 5102 5477 5478
f 5087 5121 5099
f 5099 5502 5472
f 5099 5121 5502
f 5055 5478 5484
f 5054 5483 5122
f 5055 5484 5483
f 5064 5104 5065
f 5065 5104 5105
f 5064 5074 5104
f 5074 5106 5104
f 5104 5106 5105
f 5105 5106 5107
f 5074 5120 5106
f 5106 5120 5107
f 5054 5110 5108
f 5069 5109 5073
f 5069 5108 5109
f 5108 5111 5109
f 5054 5122 5110
f 5108 5110 5111
f 5110 5123 5111
f 5074 5075 5113
f 5074 5113 5112
f 5075 5076 5113
f 5112 5113 5115
f 5076 5115 5113
f 5112 5115 5114
f 5076 5125 5115
f 5114 5115 5125
f 5079 5116 5118
f 5077 5078 5116
f 5078 5117 5116
f 5116 5117 5118
f 5079 5118 5126
f 5117 5119 5118
f 5118 5119 5126
f 5076 5079 5511
f 5074 5501 5120
f 5107 5120 5121
f 5074 5112 5557
f 5120 5501 5121
f 5074 5503 5501
f 5112 5114 5557
f 5121 5501 5502
f 5074 5519 5503
f 5110 5122 5123
f 5071 5073 5569
f 5070 5071 5570
f 5070 5572 5072
f 5073 5109 5526
f 5109 5111 5524
f 5072 5571 5078
f 5122 5483 5505
f 5122 5506 5123
f 5111 5123 5508
f 5122 5505 5506
f 5114 5125 5124
f 5076 5511 5125
f 5124 5125 5510
f 5124 5510 5509
f 5125 5511 5510
f 5119 5127 5126
f 5078 5577 5117
f 5079 5126 5516
f 5079 5516 5511
f 5126 5514 5516
f 5126 5127 5514
f 5117 5534 5119
f 5127 5515 5514
f 5119 5532 5127
f 5128 5129 5130
f 5129 5132 5130
f 5129 5131 5132
f 5131 5134 5132
f 5128 5136 5129
f 5131 5133 5134
f 5129 5138 5131
f 5027 5130 5132
f 5131 5139 5133
f 5133 5135 5141
f 5128 5137 5136
f 5019 5137 5128
f 5129 5136 5138
f 5133 5141 5134
f 5132 5134 5145
f 5131 5138 5139
f 5133 5143 5135
f 5133 5139 5143
f 5027 5132 5145
f 5135 5140 5142
f 5020 5138 5136
f 5135 5143 5144
f 5022 5139 5138
f 5022 5024 5139
f 5135 5144 5140
f 5134 5141 5147
f 5135 5142 5141
f 5134 5147 5145
f 5141 5142 5636
f 5024 5143 5139
f 5024 5027 5143
f 5027 5144 5143
f 5140 5144 5146
f 5027 5145 5144
f 5144 5145 5146
f 5145 5147 5146
f 5140 5146 5637
f 5140 5637 5643
f 5146 5147 5635
f 5146 5635 5637
f 5147 5636 5635
f 5141 5636 5147
f 5140 5643 5142
f 5142 5643 5636
f 4672 5148 5149
f 4673 5149 5150
f 4674 5150 5151
f 4675 5153 5152
f 4677 5151 5154
f 4678 5154 5155
f 4679 5155 5156
f 4681 5156 5158
f 4680 5158 5157
f 4676 5157 5153
f 1686 2651 5159
f 2631 4686 5163
f 4683 5159 5160
f 4683 5160 5161
f 4685 5161 5162
f 4685 5162 5164
f 2881 4695 5172
f 4700 5386 5177
f 4688 5164 5165
f 4689 5165 5166
f 4690 5166 5167
f 4691 5167 5168
f 4692 5168 5169
f 4693 5169 5170
f 4693 5170 5171
f 4695 5173 5172
f 4697 5171 5174
f 4698 5174 5175
f 4696 5175 5173
f 4699 5178 5176
f 4702 5176 5179
f 4701 5177 5178
f 2631 5163 5148
f 5148 5161 5149
f 5149 5160 5150
f 5150 5159 5151
f 5151 5159 5154
f 5154 5159 5155
f 5155 5159 5156
f 5153 5157 5159
f 5157 5158 5159
f 5156 5159 5158
f 5152 5153 5159
f 2651 5152 5159
f 5150 5160 5159
f 5149 5161 5160
f 5148 5163 5161
f 4537 5579 5163
f 5163 5579 5586
f 5161 5163 5162
f 5162 5163 5164
f 5172 5177 5386
f 5163 5165 5164
f 5163 5166 5165
f 5163 5167 5166
f 5163 5168 5167
f 5163 5169 5168
f 5163 5586 5597
f 5163 5597 5169
f 5169 5597 5170
f 5170 5597 5171
f 5171 5597 5598
f 5174 5178 5175
f 5173 5175 5178
f 5172 5173 5177
f 5171 5176 5174
f 5173 5178 5177
f 5174 5176 5178
f 5171 5598 5176
f 5176 5598 5179
f 4710 5394 5311
f 4799 5180 5253
f 4829 5181 5259
f 4709 5247 5392
f 4780 5253 5247
f 4806 5331 5316
f 5180 5185 5245
f 4789 5316 5323
f 5180 5245 5253
f 4801 5327 5326
f 4800 5326 5325
f 4802 5328 5327
f 4803 5329 5328
f 4804 5332 5329
f 4805 5325 5330
f 4806 5330 5331
f 4807 5333 5332
f 4808 5334 5333
f 4809 5335 5334
f 4810 5336 5335
f 4831 5259 5261
f 4817 5338 5339
f 4811 5339 5336
f 5181 5246 5259
f 5180 5182 5185
f 5182 5183 5185
f 5182 5184 5183
f 5182 5188 5184
f 5183 5184 5186
f 5184 5226 5186
f 5183 5186 5185
f 5186 5226 5272
f 5185 5186 5272
f 4831 5261 5187
f 5188 5189 5198
f 5189 5190 5199
f 5190 5191 5200
f 5191 5193 5201
f 4951 4952 5207
f 4952 4953 5204
f 4951 5209 5194
f 4953 4954 5205
f 4954 4955 5205
f 4955 5192 5206
f 5193 5194 5221
f 5194 5195 5221
f 5195 5196 5222
f 4951 5207 5209
f 4952 5204 5207
f 4953 5205 5204
f 4955 5206 5205
f 5194 5213 5195
f 5192 5208 5206
f 5184 5188 5198
f 5189 5199 5198
f 5190 5200 5199
f 5191 5201 5200
f 5184 5198 5199
f 5184 5199 5200
f 5193 5221 5201
f 5184 5200 5201
f 5184 5201 5221
f 5192 5227 5244
f 5196 5197 5223
f 5197 5202 5224
f 5202 5203 5225
f 5195 5211 5196
f 5196 5212 5197
f 5194 5209 5213
f 5197 5216 5202
f 5195 5213 5211
f 5202 5217 5203
f 5196 5211 5212
f 5209 5210 5213
f 5197 5212 5216
f 5202 5216 5217
f 5203 5217 5228
f 5210 5218 5213
f 5210 5214 5218
f 5214 5215 5219
f 5214 5219 5218
f 5215 5229 5219
f 5215 5220 5229
f 5195 5222 5221
f 5196 5223 5222
f 5184 5221 5222
f 5184 5222 5223
f 5184 5223 5224
f 5197 5224 5223
f 5202 5225 5224
f 5184 5224 5225
f 5184 5225 5226
f 5203 5226 5225
f 5205 5206 5234
f 5204 5205 5233
f 5204 5236 5207
f 5206 5208 5235
f 5207 5238 5209
f 5209 5238 5210
f 5192 5244 5208
f 5187 5244 5227
f 4796 5323 5360
f 4871 5287 5288
f 4870 5358 5287
f 4856 5360 5361
f 4857 5361 5362
f 4858 5362 5363
f 4859 5363 5364
f 4860 5365 5375
f 4860 5372 5365
f 4861 5364 5366
f 4862 5366 5367
f 4863 5367 5368
f 4864 5368 5369
f 4865 5369 5370
f 4866 5370 5371
f 4867 5371 5372
f 4870 5378 5358
f 4874 5375 5338
f 5187 5274 5244
f 5187 5261 5274
f 5220 5230 5229
f 5230 5231 5232
f 5220 5231 5230
f 4871 5288 5379
f 5217 5277 5228
f 5216 5275 5217
f 4847 5299 5378
f 4890 5300 5299
f 4871 5379 5300
f 5210 5239 5214
f 5214 5240 5215
f 5215 5241 5220
f 5205 5234 5233
f 5204 5233 5236
f 5207 5236 5238
f 5206 5235 5234
f 5208 5237 5235
f 5211 5278 5212
f 5211 5213 5280
f 5212 5279 5216
f 5213 5218 5280
f 5218 5219 5281
f 5219 5229 5282
f 5220 5242 5231
f 5229 5230 5283
f 5210 5238 5239
f 5214 5239 5240
f 5215 5240 5241
f 5203 5347 5226
f 5216 5279 5275
f 5217 5275 5277
f 5212 5278 5279
f 5211 5280 5278
f 5218 5281 5280
f 5219 5282 5281
f 5230 5232 5284
f 5220 5241 5242
f 5231 5242 5243
f 5233 5234 5243
f 5234 5235 5243
f 5233 5243 5236
f 5236 5243 5238
f 5235 5237 5243
f 5238 5243 5239
f 5239 5243 5240
f 5228 5277 5276
f 5229 5283 5282
f 5230 5284 5283
f 5232 5285 5284
f 5240 5243 5241
f 5241 5243 5242
f 5208 5244 5286
f 4704 5383 5384
f 4705 5384 5385
f 4706 5385 5386
f 4703 5390 5383
f 4707 5391 5390
f 4708 5392 5391
f 5245 5271 5314
f 5247 5253 5248
f 5248 5254 5249
f 5249 5255 5250
f 5250 5256 5251
f 5251 5257 5252
f 5252 5258 5313
f 5245 5314 5253
f 5248 5253 5254
f 5249 5254 5255
f 5250 5255 5256
f 5253 5314 5254
f 5254 5314 5255
f 5251 5256 5257
f 5252 5257 5258
f 5258 5315 5313
f 5246 5344 5259
f 5259 5262 5261
f 5260 5267 5262
f 5259 5260 5262
f 5266 5337 5343
f 5259 5344 5260
f 5260 5344 5263
f 5264 5265 5270
f 5265 5266 5269
f 5263 5268 5267
f 5261 5262 5377
f 5262 5267 5377
f 5264 5270 5268
f 5265 5269 5270
f 5266 5343 5269
f 5260 5263 5267
f 5263 5264 5268
f 5185 5271 5245
f 5185 5272 5271
f 5226 5273 5272
f 5271 5272 5273
f 5226 5347 5273
f 5271 5347 5314
f 5203 5348 5347
f 5271 5273 5347
f 5274 5377 5286
f 5203 5228 5348
f 5276 5279 5278
f 5275 5279 5276
f 5275 5276 5277
f 5276 5278 5280
f 5276 5280 5281
f 5276 5281 5282
f 5276 5282 5283
f 5276 5283 5284
f 5276 5284 5285
f 5208 5380 5237
f 5208 5286 5380
f 5244 5274 5286
f 5287 5291 5289
f 5287 5290 5288
f 5287 5289 5290
f 5289 5292 5290
f 5288 5290 5292
f 5287 5293 5291
f 5287 5295 5293
f 5287 5296 5295
f 5289 5291 5292
f 5288 5292 5294
f 5288 5294 5297
f 5291 5294 5292
f 5291 5293 5294
f 5287 5358 5296
f 5288 5297 5298
f 5288 5298 5359
f 5293 5295 5297
f 5293 5297 5294
f 5295 5296 5298
f 5296 5358 5359
f 5295 5298 5297
f 5296 5359 5298
f 5261 5377 5274
f 5231 5444 5232
f 5228 5276 5419
f 5299 5300 5301
f 5300 5302 5301
f 5301 5302 5303
f 5300 5304 5302
f 5231 5243 5420
f 5288 5359 5379
f 5300 5306 5305
f 5300 5379 5306
f 5299 5301 5378
f 5302 5304 5303
f 5300 5308 5304
f 5300 5305 5308
f 5301 5303 5378
f 5303 5304 5307
f 5304 5308 5307
f 5306 5379 5378
f 5303 5307 5378
f 5307 5308 5309
f 5305 5309 5308
f 5307 5309 5378
f 5305 5310 5309
f 5309 5310 5378
f 5306 5378 5310
f 5305 5306 5310
f 5276 5285 5417
f 5232 5440 5285
f 5286 5377 5380
f 5181 5311 5246
f 5246 5311 5312
f 5246 5312 5344
f 5311 5394 5312
f 5312 5445 5344
f 5237 5450 5243
f 5237 5380 5448
f 5237 5448 5449
f 5247 5248 5392
f 5313 5315 5330
f 5315 5331 5330
f 5315 5316 5331
f 5255 5314 5345
f 5255 5345 5256
f 5256 5345 5257
f 5316 5317 5319
f 5316 5319 5318
f 5316 5320 5317
f 5316 5321 5320
f 5316 5322 5321
f 5316 5318 5323
f 5257 5387 5258
f 5258 5387 5315
f 5314 5348 5345
f 5313 5325 5326
f 5313 5330 5325
f 5313 5326 5327
f 5313 5327 5328
f 5313 5328 5329
f 5313 5329 5337
f 5329 5332 5337
f 5332 5333 5337
f 5333 5334 5337
f 5334 5335 5337
f 5335 5336 5337
f 5263 5346 5264
f 5264 5346 5265
f 5263 5344 5346
f 5316 5338 5322
f 5336 5343 5337
f 5336 5339 5343
f 5338 5343 5339
f 5322 5338 5340
f 5338 5341 5340
f 5338 5342 5341
f 5338 5373 5342
f 5338 5374 5373
f 5338 5375 5374
f 5267 5268 5381
f 5268 5270 5381
f 5344 5445 5346
f 5265 5346 5266
f 5266 5388 5337
f 5269 5389 5270
f 5269 5343 5389
f 5248 5249 5392
f 5249 5250 5392
f 5250 5251 5392
f 5251 5252 5392
f 5252 5313 5408
f 5315 5395 5316
f 5257 5345 5387
f 5324 5396 5349
f 5317 5402 5319
f 5318 5319 5397
f 5317 5320 5403
f 5320 5321 5404
f 5321 5322 5405
f 5322 5340 5411
f 5318 5398 5323
f 5323 5400 5324
f 5313 5337 5408
f 5338 5409 5343
f 5316 5410 5338
f 5342 5373 5437
f 5340 5341 5414
f 5341 5342 5413
f 5270 5389 5381
f 5266 5346 5388
f 5314 5347 5348
f 5323 5324 5360
f 5324 5349 5360
f 5349 5350 5360
f 5350 5351 5360
f 5351 5352 5360
f 5352 5363 5360
f 5352 5353 5366
f 5365 5376 5375
f 5353 5354 5368
f 5354 5355 5365
f 5356 5365 5357
f 5356 5376 5365
f 5355 5357 5365
f 5360 5362 5361
f 5352 5364 5363
f 5360 5363 5362
f 5352 5366 5364
f 5353 5367 5366
f 5353 5368 5367
f 5354 5369 5368
f 5354 5370 5369
f 5354 5365 5370
f 5365 5372 5371
f 5365 5371 5370
f 5267 5381 5377
f 5377 5381 5382
f 5228 5415 5348
f 5358 5378 5359
f 5359 5378 5379
f 5228 5419 5415
f 5377 5382 5380
f 5349 5421 5350
f 5350 5424 5351
f 5351 5425 5352
f 5352 5426 5353
f 5353 5428 5354
f 5356 5422 5376
f 5356 5357 5429
f 5354 5432 5355
f 5355 5431 5357
f 5345 5348 5415
f 5373 5374 5433
f 5374 5375 5434
f 5375 5376 5436
f 5276 5416 5419
f 5276 5417 5416
f 5231 5420 5444
f 5243 5451 5420
f 5382 5418 5449
f 5232 5443 5440
f 5285 5441 5417
f 5232 5444 5443
f 5285 5442 5441
f 5381 5418 5382
f 2881 5385 5384
f 2881 5386 5385
f 2881 5384 5383
f 5252 5408 5392
f 5394 5447 5446
f 5388 5446 5447
f 5315 5387 5395
f 5345 5415 5387
f 5316 5395 5410
f 5317 5401 5402
f 5317 5403 5401
f 5318 5397 5398
f 5319 5402 5397
f 5323 5398 5399
f 5323 5399 5400
f 5324 5400 5396
f 5320 5404 5403
f 5321 5405 5404
f 5322 5406 5405
f 5322 5411 5406
f 5346 5446 5388
f 5337 5388 5407
f 5343 5409 5389
f 5337 5407 5408
f 5338 5410 5409
f 5342 5412 5413
f 5342 5437 5412
f 5340 5414 5411
f 5341 5413 5414
f 5388 5447 5407
f 5393 5407 5447
f 5393 5447 5394
f 5393 5394 5408
f 5392 5408 5394
f 5393 5408 5407
f 5395 5398 5397
f 5395 5397 5402
f 5395 5402 5401
f 5395 5401 5403
f 5395 5403 5410
f 5403 5404 5410
f 5404 5405 5410
f 5395 5399 5398
f 5405 5406 5410
f 5409 5433 5434
f 5409 5413 5412
f 5409 5412 5437
f 5409 5437 5433
f 5409 5410 5413
f 5406 5411 5410
f 5410 5411 5414
f 5410 5414 5413
f 2881 5172 5386
f 5387 5415 5419
f 5349 5396 5421
f 5350 5421 5423
f 5350 5423 5424
f 5357 5431 5430
f 5356 5429 5422
f 5357 5430 5429
f 5351 5424 5425
f 5352 5425 5426
f 5353 5426 5427
f 5353 5427 5428
f 5354 5428 5432
f 5355 5432 5431
f 5381 5389 5418
f 5375 5435 5434
f 5373 5433 5437
f 5374 5434 5433
f 5375 5436 5435
f 5376 5422 5436
f 5285 5440 5442
f 5389 5420 5418
f 5418 5420 5451
f 5387 5438 5395
f 5387 5419 5438
f 5395 5438 5399
f 5399 5438 5400
f 5396 5400 5439
f 5396 5439 5421
f 5421 5439 5423
f 5400 5438 5439
f 5425 5439 5440
f 5409 5435 5444
f 5435 5436 5444
f 5423 5439 5424
f 5424 5439 5425
f 5425 5440 5426
f 5426 5440 5427
f 5427 5440 5428
f 5428 5440 5432
f 5422 5443 5436
f 5429 5430 5443
f 5430 5431 5443
f 5431 5432 5443
f 5422 5429 5443
f 5389 5409 5444
f 5409 5434 5435
f 5416 5438 5419
f 5416 5417 5438
f 5389 5444 5420
f 5417 5441 5438
f 5438 5441 5439
f 5439 5442 5440
f 5436 5443 5444
f 5432 5440 5443
f 5439 5441 5442
f 5312 5394 5445
f 5346 5445 5446
f 5394 5446 5445
f 5237 5449 5450
f 5380 5382 5448
f 5243 5450 5451
f 5382 5449 5448
f 5418 5450 5449
f 5418 5451 5450
f 4967 5453 5579
f 4968 5585 5580
f 4969 5580 5581
f 4970 5581 5582
f 4971 5582 5583
f 4971 5583 5587
f 4973 5584 5585
f 4972 5586 5584
f 5453 5474 5579
f 4976 5587 5588
f 4976 5588 5589
f 4977 5589 5590
f 4978 5590 5591
f 5474 5486 5579
f 5486 5490 5579
f 5490 5536 5579
f 4984 5596 5599
f 4979 5591 5593
f 4981 5593 5594
f 4982 5594 5595
f 4984 5595 5596
f 5455 5457 5592
f 4995 5607 5456
f 5456 5459 5457
f 5456 5458 5459
f 5458 5461 5459
f 5458 5460 5461
f 5460 5463 5461
f 5460 5462 5463
f 5462 5466 5463
f 5462 5465 5466
f 4985 5597 5586
f 4985 5598 5597
f 4986 5600 5598
f 4988 5601 5600
f 4989 5602 5601
f 4990 5603 5602
f 4991 5604 5603
f 4993 5179 5605
f 4994 5605 5606
f 4995 5606 5607
f 5456 5607 5458
f 4996 5608 5604
f 4996 5609 5608
f 4997 5610 5609
f 4998 5611 5610
f 4999 5612 5611
f 5000 5599 5612
f 5465 5645 5468
f 5470 5645 5646
f 5465 5468 5466
f 5467 5469 5647
f 5468 5645 5470
f 5469 5470 5646
f 5457 5459 5613
f 5458 5607 5460
f 5460 5607 5462
f 5462 5607 5465
f 5459 5461 5613
f 5461 5463 5613
f 5463 5466 5613
f 5464 5657 5467
f 5098 5473 5452
f 5452 5473 5453
f 5098 5471 5473
f 5453 5473 5474
f 5471 5475 5473
f 5471 5472 5476
f 5471 5476 5475
f 5473 5485 5474
f 5473 5475 5485
f 5475 5476 5488
f 5454 5481 5477
f 5454 5479 5481
f 5454 5455 5479
f 5455 5480 5479
f 5477 5482 5478
f 5477 5481 5482
f 5479 5495 5481
f 5479 5480 5493
f 5481 5496 5482
f 5472 5502 5476
f 5476 5502 5504
f 5476 5504 5488
f 5478 5556 5484
f 5483 5555 5507
f 5483 5484 5555
f 5474 5485 5486
f 5475 5489 5485
f 5485 5489 5486
f 5475 5535 5489
f 5475 5488 5487
f 5487 5488 5492
f 5475 5487 5537
f 5486 5489 5490
f 5475 5537 5535
f 5487 5491 5537
f 5489 5535 5490
f 5490 5535 5536
f 5487 5492 5491
f 5491 5492 5544
f 5491 5544 5543
f 5479 5493 5495
f 5493 5499 5495
f 5480 5494 5493
f 5493 5494 5497
f 5481 5495 5496
f 5495 5500 5496
f 5493 5497 5499
f 5497 5553 5499
f 5497 5545 5553
f 5494 5498 5497
f 5497 5498 5545
f 5498 5549 5545
f 5495 5499 5500
f 5478 5482 5616
f 5499 5554 5500
f 5499 5553 5554
f 5488 5520 5492
f 5488 5504 5520
f 5492 5522 5544
f 5492 5520 5522
f 5522 5558 5544
f 5484 5556 5555
f 5501 5503 5502
f 5074 5521 5519
f 5502 5503 5504
f 5074 5557 5521
f 5503 5519 5504
f 5483 5507 5505
f 5505 5508 5506
f 5123 5506 5508
f 5111 5508 5524
f 5505 5507 5508
f 5109 5524 5526
f 5073 5526 5569
f 5071 5569 5570
f 5507 5524 5508
f 5070 5570 5572
f 5072 5572 5571
f 5114 5124 5557
f 5509 5510 5513
f 5510 5511 5513
f 5124 5509 5573
f 5509 5513 5512
f 5509 5512 5529
f 5512 5513 5528
f 5511 5575 5513
f 5514 5517 5516
f 5514 5515 5517
f 5127 5518 5515
f 5515 5518 5517
f 5127 5532 5518
f 5119 5534 5532
f 5117 5577 5534
f 5517 5518 5531
f 5078 5571 5577
f 5511 5516 5575
f 5516 5517 5578
f 5504 5519 5520
f 5519 5521 5520
f 5124 5559 5557
f 5124 5563 5559
f 5124 5561 5563
f 5520 5521 5522
f 5521 5557 5522
f 5522 5557 5558
f 5507 5555 5523
f 5507 5523 5524
f 5523 5526 5524
f 5523 5555 5525
f 5523 5525 5526
f 5525 5569 5526
f 5525 5565 5569
f 5512 5528 5527
f 5512 5527 5529
f 5124 5573 5561
f 5509 5529 5573
f 5527 5528 5530
f 5513 5575 5528
f 5527 5530 5529
f 5528 5575 5530
f 5529 5530 5574
f 5529 5574 5573
f 5530 5575 5574
f 5517 5531 5578
f 5518 5532 5531
f 5531 5532 5533
f 5516 5578 5575
f 5531 5533 5578
f 5532 5534 5533
f 5533 5534 5576
f 5534 5577 5576
f 5535 5537 5536
f 5536 5537 5538
f 5491 5543 5541
f 5491 5541 5537
f 5540 5543 5544
f 5539 5543 5540
f 5537 5541 5538
f 5538 5541 5542
f 5539 5542 5541
f 5539 5541 5543
f 5539 5540 5542
f 5545 5547 5553
f 5545 5546 5547
f 5546 5548 5547
f 5545 5549 5546
f 5546 5549 5550
f 5547 5551 5553
f 5551 5554 5553
f 5546 5550 5548
f 5547 5548 5552
f 5548 5550 5552
f 5547 5552 5551
f 5455 5592 5480
f 5482 5496 5624
f 5540 5544 5558
f 5540 5558 5560
f 5478 5616 5556
f 5525 5555 5615
f 5555 5556 5615
f 5480 5592 5494
f 5494 5592 5498
f 5498 5592 5549
f 5496 5500 5627
f 5500 5554 5627
f 5482 5618 5616
f 5556 5616 5615
f 5557 5559 5558
f 5558 5559 5560
f 5561 5573 5562
f 5559 5563 5560
f 5560 5563 5564
f 5561 5564 5563
f 5561 5562 5564
f 5565 5566 5570
f 5565 5570 5569
f 5567 5577 5571
f 5566 5568 5572
f 5566 5572 5570
f 5567 5571 5568
f 5568 5571 5572
f 5525 5615 5565
f 5562 5573 5574
f 5562 5619 5564
f 5562 5574 5619
f 5574 5575 5619
f 5567 5576 5577
f 5533 5576 5620
f 5533 5620 5578
f 5575 5578 5619
f 5560 5564 5621
f 5567 5622 5576
f 5578 5620 5619
f 5567 5568 5630
f 5576 5622 5620
f 5536 5538 5579
f 5538 5542 5579
f 5579 5585 5584
f 5579 5584 5586
f 5579 5580 5585
f 5579 5581 5580
f 5579 5582 5581
f 5579 5583 5582
f 5579 5587 5583
f 5542 5631 5579
f 5579 5626 5587
f 5587 5626 5588
f 5588 5626 5589
f 5589 5592 5590
f 5590 5592 5591
f 5591 5592 5593
f 5579 5631 5626
f 5589 5626 5592
f 5592 5599 5596
f 5592 5594 5593
f 5592 5596 5595
f 5592 5595 5594
f 5466 5468 5613
f 5467 5657 5469
f 5468 5470 5614
f 5469 5614 5470
f 5457 5613 5592
f 5465 5607 5656
f 5468 5614 5613
f 5469 5657 5614
f 5179 5598 5600
f 5179 5600 5601
f 5601 5602 5605
f 5179 5601 5605
f 5602 5606 5605
f 5602 5603 5606
f 5603 5604 5606
f 5604 5607 5606
f 5604 5608 5607
f 5608 5609 5613
f 5609 5610 5613
f 5610 5611 5613
f 5599 5613 5612
f 5611 5612 5613
f 5607 5608 5613
f 5607 5613 5656
f 5613 5614 5656
f 5592 5613 5599
f 5549 5592 5550
f 5550 5592 5552
f 5551 5552 5628
f 5551 5628 5554
f 5540 5631 5542
f 5482 5624 5618
f 5615 5616 5617
f 5496 5627 5624
f 5554 5628 5627
f 5616 5618 5617
f 5615 5617 5632
f 5540 5560 5631
f 5565 5632 5566
f 5566 5632 5568
f 5565 5615 5632
f 5564 5619 5621
f 5560 5621 5629
f 5567 5630 5622
f 5619 5620 5621
f 5560 5629 5631
f 5620 5622 5621
f 5568 5634 5630
f 5552 5592 5628
f 5617 5618 5623
f 5618 5624 5623
f 5617 5623 5632
f 5624 5627 5625
f 5592 5626 5628
f 5626 5627 5628
f 5625 5627 5626
f 5623 5624 5625
f 5625 5626 5632
f 5623 5625 5632
f 5568 5632 5634
f 5621 5622 5629
f 5622 5630 5629
f 5626 5631 5632
f 5631 5634 5632
f 5629 5633 5631
f 5629 5630 5633
f 5630 5634 5633
f 5631 5633 5634
f 5635 5636 5638
f 5635 5638 5637
f 5636 5639 5638
f 5638 5639 5640
f 5637 5638 5648
f 5638 5640 5648
f 5639 5641 5640
f 5640 5641 5642
f 5637 5648 5649
f 5464 5642 5641
f 5464 5644 5642
f 5464 5467 5644
f 5636 5643 5649
f 5637 5649 5643
f 5636 5652 5639
f 5467 5647 5644
f 5469 5646 5647
f 5640 5642 5650
f 5640 5650 5648
f 5642 5644 5651
f 5464 5641 5658
f 5648 5650 5652
f 5644 5647 5654
f 5642 5651 5650
f 5636 5649 5652
f 5639 5653 5641
f 5648 5652 5649
f 5639 5652 5653
f 5465 5656 5645
f 5645 5656 5646
f 5646 5655 5647
f 5644 5654 5651
f 5464 5658 5657
f 5650 5651 5653
f 5647 5655 5654
f 5641 5653 5658
f 5650 5653 5652
f 5646 5656 5655
f 5651 5658 5653
f 5651 5654 5658
f 5654 5657 5658
f 5654 5655 5657
f 5614 5655 5656
f 5614 5657 5655
f 1705 1706 1704
f 1703 1704 1706
f 1707 1708 1703
f 1710 1711 1709
f 1713 1717 1714
f 1713 1715 1717
f 1720 1721 1719
f 1709 1788 1706
f 1703 1706 1788
f 1718 1737 1715
f 1707 1790 1716
f 1712 1791 1711
f 1717 1715 1739
f 1725 1736 1726
f 1720 1719 1801
f 1707 1703 1813
f 1723 1742 1728
f 1738 1788 1709
f 2697 1709 1711
f 1814 1738 1709
f 1731 1732 1730
f 1734 1735 1733
f 1733 1727 1736
f 1734 1733 1736
f 1720 2697 1725
f 1703 1788 1813
f 1728 1742 1803
f 1742 1744 1803
f 1707 1809 1790
f 1707 1813 1817
f 2697 1715 1737
f 2697 1739 1715
f 1789 1728 1802
f 1742 1743 1744
f 1744 1745 1807
f 1746 1822 1823
f 1734 1858 1729
f 1858 1730 1729
f 1731 1730 1858
f 1731 1853 1785
f 1853 1786 1785
f 2697 1711 1791
f 1793 1802 1728
f 1793 1728 1803
f 1740 1819 1737
f 1740 1789 1804
f 1803 1744 1805
f 1744 1807 1805
f 1806 1807 1745
f 1725 2697 1736
f 1707 1817 2697
f 1707 2697 1809
f 1720 1801 2697
f 2697 1814 1709
f 1789 1802 1804
f 1794 1795 1787
f 1853 1787 1786
f 1734 1811 1858
f 1734 1736 2697
f 1731 1858 1853
f 1734 1865 1811
f 1787 1853 1794
f 1801 1790 1808
f 1809 1808 1790
f 1740 1804 1819
f 2697 1792 1739
f 1818 1803 1805
f 1806 1746 1862
f 1861 1862 1746
f 1812 1801 1808
f 1734 2697 1865
f 2697 1737 1819
f 2697 1791 1792
f 1806 1745 1746
f 1746 1823 1861
f 1824 1825 1872
f 1825 1827 1883
f 1883 1884 1825
f 1851 1852 1850
f 1794 1853 1877
f 1794 2697 1850
f 2697 1801 1812
f 2697 1815 1814
f 2697 1817 1816
f 2697 1816 1815
f 1872 1825 1870
f 1794 1877 2697
f 2697 1810 1809
f 2697 1812 1810
f 2697 1819 1820
f 2697 1820 1859
f 2697 1859 1860
f 2697 1860 1863
f 2697 1863 1864
f 2697 1864 1867
f 1850 2697 1851
f 1851 2697 1873
f 2697 1866 1865
f 2697 1876 1866
f 2697 1877 1876
f 2697 1867 1868
f 2697 1868 1869
f 2697 1869 1871
f 2697 1871 1878
f 2697 1878 1879
f 2697 1879 1881
f 2697 1881 1882
f 2697 1882 2698
f 1888 2704 2703
f 1825 1884 1870
f 1827 1885 1883
f 1883 1885 1880
f 1886 1880 1885
f 1888 1887 2733
f 2690 2694 2691
f 1873 2697 2690
f 2697 2694 2690
f 2697 2705 2696
f 2697 2696 2694
f 2697 2708 2705
f 2697 2698 2699
f 2697 2699 2700
f 2697 2700 2710
f 2697 2710 2711
f 2697 2711 2712
f 2696 2707 2694
f 2697 2718 2709
f 2697 2719 2718
f 2697 2720 2719
f 2697 2721 2720
f 2697 2722 2721
f 2697 2712 2713
f 2723 2697 2713
f 2723 2725 2697
f 2697 2725 2727
f 2704 2735 2701
f 2702 2701 2735
f 2754 2753 2694
f 2754 2694 2707
f 2755 2706 2708
f 2755 2707 2706
f 2754 2707 2755
f 2697 2755 2708
f 2697 2709 2755
f 2697 2727 2728
f 2697 2728 2729
f 2697 2729 2730
f 2697 2770 2764
f 2697 2730 2766
f 2697 2766 2768
f 2697 2768 2767
f 2697 2767 2769
f 2697 2771 2770
f 2697 2772 2771
f 2697 2773 2772
f 2697 2774 2773
f 2697 2776 2775
f 2697 2777 2776
f 2697 2778 2777
f 2697 2779 2778
f 2697 2781 2779
f 2726 2724 2795
f 1888 2734 2704
f 1888 2733 2734
f 2704 2734 2735
f 2702 2735 2736
f 2737 2796 2724
f 2755 2756 2754
f 2755 2709 2757
f 2785 2757 2763
f 2755 2757 2785
f 2697 2813 2722
f 2785 2786 2755
f 2785 2763 2787
f 2722 2811 2810
f 2697 2818 2813
f 2763 2788 2787
f 2813 2811 2722
f 2697 2835 2818
f 2697 2764 2848
f 2697 2769 2850
f 2697 2817 2816
f 2697 2858 2774
f 2697 2775 2858
f 2697 2865 2781
f 2769 2780 2826
f 2822 2782 2783
f 2697 2816 2824
f 2780 2790 2826
f 2784 2830 2783
f 2724 2796 2795
f 2737 2794 2796
f 2796 2797 2795
f 2798 2795 2797
f 2813 2812 2811
f 2813 2814 2812
f 2848 2764 2765
f 2697 2837 2835
f 2852 2765 2789
f 2697 2851 2817
f 2822 2783 2830
f 2697 2844 2837
f 2697 2848 2844
f 2854 2789 2791
f 2791 2774 2858
f 2697 2824 2864
f 2815 2858 2775
f 2697 2850 2851
f 2826 2790 2825
f 2769 2826 2840
f 2821 2825 2790
f 2813 2818 2819
f 2835 2820 2818
f 2835 2836 2820
f 2697 2864 2865
f 2769 2840 2850
f 2822 2833 2823
f 2848 2765 2852
f 2784 2829 2830
f 2822 2830 2832
f 2822 2832 2833
f 2837 2838 2835
f 2844 2845 2837
f 2852 2789 2854
f 2854 2791 2857
f 2791 2858 2857
f 2781 2865 2866
f 2815 2839 2858
f 2860 2817 2851
f 2840 2842 2850
f 2848 2849 2844
f 2824 2863 2864
f 2852 2853 2848
f 2854 2855 2852
f 2856 2854 2857
f 2839 2861 2858
f 993 1000 992
f 994 1006 995
f 1907 996 995
f 1907 997 996
f 1907 993 999
f 1907 1000 993
f 1907 999 1005
f 1907 998 997
f 1907 995 1006
f 1907 1001 998
f 1907 1006 1000
f 1907 1002 1001
f 1907 1007 1002
f 1907 1005 1120
f 1907 1008 1007
f 1907 1009 1008
f 1907 1120 1121
f 1907 1132 1009
f 1907 1133 1132
f 1907 1134 1133
f 1907 1159 1134
f 1907 1121 1906
f 1907 1160 1159
f 1907 1922 1160
f 1907 1906 1936
f 1907 1923 1922
f 1907 1924 1923
f 1907 1948 1924
f 1907 1949 1948
f 1907 1936 2055
f 1907 2056 1937
f 1907 1950 1949
f 1907 2059 1950
f 1907 2055 2057
f 1907 2064 2056
f 1907 1937 2071
f 1907 2060 2059
f 1907 2058 2060
f 1907 2057 2064
f 1907 2065 2058
f 1907 2066 2065
f 1907 2073 2069
f 1907 2069 2066
f 1907 2071 2073
f 2067 2056 2064
f 2067 2068 2056
f 1937 2070 2071
f 2072 2071 2070
f 3531 3699 3529
f 3533 3534 3545
f 4453 3530 3529
f 4453 3528 3530
f 4453 3535 3532
f 4453 3532 3528
f 4453 3536 3535
f 4453 3543 3536
f 4453 3545 3534
f 4453 3534 3537
f 4453 3537 3544
f 4453 3541 3543
f 4453 3542 3541
f 4453 3529 3699
f 4453 3544 3697
f 4453 3684 3542
f 4453 3685 3684
f 4453 3698 3545
f 4453 3697 3700
f 4453 3686 3685
f 4453 3699 3698
f 4453 3713 3686
f 4453 3714 3713
f 4453 4436 3714
f 4453 3700 4454
f 4453 4437 4436
f 4453 4438 4437
f 4453 4454 4486
f 4453 4472 4438
f 4453 4473 4472
f 4453 4474 4473
f 4453 4651 4485
f 4453 4649 4474
f 4453 4486 4652
f 4453 4650 4649
f 4453 4485 4663
f 4453 4653 4650
f 4453 4652 4654
f 4453 4660 4651
f 4453 4658 4653
f 4453 4659 4658
f 4453 4661 4659
f 4453 4662 4661
f 4453 4654 4660
f 4453 4663 4662
f 4485 4665 4663
f 4666 4651 4660
f 4666 4667 4651
f 4664 4663 4665
f 2902 2901 2939
f 2902 2940 2903
f 2909 2908 2962
f 2909 2962 2910
f 2917 2916 2941
f 2917 2941 2918
f 2914 2915 2938
f 2915 2932 3002
f 2932 2933 3002
f 2936 2994 2935
f 2956 2920 2919
f 2902 2939 3748
f 2902 3748 2940
f 3748 2939 2920
f 3748 2938 2915
f 3748 2920 2956
f 3748 2944 2942
f 2943 2970 2971
f 2994 2995 2935
f 3000 2935 2995
f 2996 2997 2995
f 2998 2999 2997
f 2999 3010 2997
f 3748 2945 2938
f 3748 2915 3002
f 3748 2946 2940
f 3748 2947 2945
f 3748 2949 2947
f 3748 2951 2952
f 3748 2948 2951
f 3748 2952 2954
f 3748 2954 2953
f 3748 2953 2950
f 3748 2955 2948
f 3748 2957 2955
f 3748 2956 2957
f 3748 2963 2946
f 3748 2970 2944
f 3748 2971 2970
f 3748 2942 2966
f 3748 2972 2971
f 3748 2959 2949
f 3748 2958 2960
f 3748 2950 2958
f 3748 2961 2959
f 3748 2960 2961
f 3748 2964 2963
f 3748 2967 2964
f 3748 2968 2967
f 3748 2965 2968
f 3748 2969 2965
f 3748 2966 2969
f 3748 3008 2978
f 3748 2978 2972
f 3748 3001 3000
f 3748 3000 2995
f 3748 3003 3001
f 3748 3002 3003
f 3748 3009 3008
f 3748 2995 2997
f 3748 2997 3010
f 3748 3010 3745
f 3748 3011 3009
f 3748 3012 3011
f 3748 3013 3012
f 3748 3749 3013
f 3743 3800 3742
f 3744 3754 3747
f 3748 3747 3754
f 3748 3745 3746
f 3748 3746 3747
f 3748 3750 3749
f 3748 3751 3750
f 3748 3752 3751
f 3748 3753 3752
f 3748 3755 3753
f 3748 3754 3742
f 3748 3759 3761
f 3748 3769 3755
f 3748 3742 3802
f 3748 3802 3759
f 3748 3806 3762
f 3748 3762 3805
f 3748 3805 3807
f 3748 3807 3808
f 3748 3810 3806
f 3748 3808 3809
f 3748 3821 3819
f 3748 3822 3821
f 3748 3764 3763
f 3748 3763 3820
f 3748 3819 3764
f 3748 3830 3769
f 3760 3759 3802
f 3748 3811 3810
f 3748 3809 3812
f 3748 3812 3813
f 3748 3813 3814
f 3748 3814 3816
f 3748 3815 3817
f 3748 3816 3815
f 3748 3824 3822
f 3748 3761 3882
f 3748 3823 3811
f 3748 3820 3833
f 3800 3802 3742
f 3803 3760 3802
f 3804 3882 3761
f 3748 3832 3824
f 3748 3817 3888
f 3818 3764 3819
f 3748 3836 3831
f 3748 3834 3836
f 3748 3882 3884
f 3748 3884 3823
f 3748 3888 3832
f 3748 3833 3891
f 3748 3891 3834
f 3748 3831 3837
f 3748 3840 3830
f 3748 3837 3839
f 3748 3839 3840
f 3835 3831 3836
f 3840 3838 3830
f 3840 3839 3841
f 3839 3842 3841
f 3823 3884 3885
f 3889 3888 3817
f 3891 3890 3834
f 3891 3833 3892

