# https://github.com/mikedh/trimesh
v 0.16491506195068359 0.02083364825255859 -0.00433012604713440
v 0.16387071990966798 0.02143659930236328 -0.00482962810993195
v 0.16425000000000001 0.02468172411925781 -0.00499999904632568
v 0.16537071990966798 0.02403467707641113 -0.00482962810993195
v 0.16641506195068359 0.02343172411925781 -0.00433012604713440
v 0.16581186294555664 0.02031588130004394 -0.00353553295135498
v 0.16731186294555664 0.02291395716674316 -0.00353553295135498
v 0.16650000000000001 0.01991858439452636 -0.00249999904632568
v 0.16693258285522461 0.01966883234984863 -0.00129409408569336
v 0.16800000000000001 0.02251666026122558 -0.00249999904632568
v 0.16843258285522461 0.02226691012389648 -0.00129409408569336
v 0.16458621597290041 0.02448760943419922 -0.00144888782501221
v 0.16425000000000001 0.02468172411925781 -0.00149999904632568
v 0.16391378402709961 0.02487583880431640 -0.00144888782501221
v 0.16489952087402343 0.02430672411925781 -0.00129903697967529
v 0.16516856002807617 0.02415139346129883 -0.00106065940856934
v 0.16387499999999999 0.02143412928588379 -0.00074999904632568
v 0.16537499999999999 0.02403220515258300 -0.00074999904632568
v 0.16400477600097657 0.02135920290954101 -0.00038822746276855
v 0.16550477600097657 0.02395727877624023 -0.00038822746276855
v 0.12150000000000000 -0.00129409546844971 -0.00482962810993195
v 0.11850000000000001 -0.00129409546844971 -0.00482962810993195
v 0.12150000000000000 0.00000000004775513 -0.00499999904632568
v 0.11850000000000001 0.00000000004775513 -0.00499999904632568
v 0.12150000000000000 -0.00249999995224487 -0.00433012604713440
v 0.11850000000000001 -0.00249999995224487 -0.00433012604713440
v 0.12450000000000000 0.00999999957091797 -0.00499999904632568
v 0.12450000000000000 0.00870590453155029 -0.00482962810993195
v 0.12150000000000000 0.00999999957091797 -0.00499999904632568
v 0.12150000000000000 0.00870590453155029 -0.00482962810993195
v 0.12450000000000000 0.00749999957091797 -0.00433012604713440
v 0.12150000000000000 0.00749999957091797 -0.00433012604713440
v 0.12150000000000000 -0.00353553385727417 -0.00353553295135498
v 0.11850000000000001 -0.00353553385727417 -0.00353553295135498
v 0.12450000000000000 0.00646446566588867 -0.00353553295135498
v 0.12150000000000000 0.00646446566588867 -0.00353553295135498
v 0.16275000000000001 0.02208364825255859 -0.00499999904632568
v 0.16145096206665038 0.02283364825255859 -0.00499999904632568
v 0.15117121887207033 0.02302842860229003 -0.00499999904632568
v 0.15157958984375000 0.02334675936706054 -0.00499999904632568
v 0.15189255523681641 0.02375925593383300 -0.00499999904632568
v 0.15208914184570313 0.02423827128417480 -0.00499999904632568
v 0.15215616607666016 0.02475169901854980 -0.00499999904632568
v 0.15974666595458983 0.02728172259337890 -0.00499999904632568
v 0.15871113586425781 0.02807631640441406 -0.00499999904632568
v 0.15791654205322267 0.02911185030944335 -0.00499999904632568
v 0.15215616607666016 0.02620000033385742 -0.00499999904632568
v 0.15208802032470703 0.02671763949401367 -0.00499999904632568
v 0.15188822174072267 0.02720000033385742 -0.00499999904632568
v 0.15157038116455079 0.02761421542174804 -0.00499999904632568
v 0.15115616607666016 0.02793205218322265 -0.00499999904632568
v 0.15069481658935546 0.02282560114867675 -0.00499999904632568
v 0.15067380523681642 0.02813185076720703 -0.00499999904632568
v 0.15015616607666016 0.02820000033385742 -0.00499999904632568
v 0.12703865051269531 0.01620995478637207 -0.00499999904632568
v 0.12658448791503907 0.01613783793456543 -0.00499999904632568
v 0.12612585449218749 0.01617136149413574 -0.00499999904632568
v 0.12568700408935546 0.01630874972350586 -0.00499999904632568
v 0.12450000000000000 0.01249999957091797 -0.00499999904632568
v 0.12529113769531250 0.01654273943908203 -0.00499999904632568
v 0.12495917510986328 0.01686096339232910 -0.00499999904632568
v 0.12470867156982422 0.01724659495360839 -0.00499999904632568
v 0.12455286407470703 0.01767925028808105 -0.00499999904632568
v 0.12450000000000000 0.01813605265624511 -0.00499999904632568
v 0.12650000000000000 0.02820000033385742 -0.00499999904632568
v 0.12550000000000000 0.02793205218322265 -0.00499999904632568
v 0.12598236083984377 0.02813185076720703 -0.00499999904632568
v 0.12450000000000000 0.02620000033385742 -0.00499999904632568
v 0.12456814575195313 0.02671763949401367 -0.00499999904632568
v 0.12476795196533204 0.02720000033385742 -0.00499999904632568
v 0.12508578491210937 0.02761421542174804 -0.00499999904632568
v 0.11850000000000001 0.02820000033385742 -0.00499999904632568
v 0.12150000000000000 -0.00433012707226288 -0.00249999904632568
v 0.11850000000000001 -0.00433012707226288 -0.00249999904632568
v 0.12150000000000000 -0.00482962913506042 -0.00129409408569336
v 0.12450000000000000 -0.00074999995224487 -0.00129903697967529
v 0.12150000000000000 -0.00074999995224487 -0.00129903697967529
v 0.11850000000000001 -0.00482962913506042 -0.00129409408569336
v 0.11850000000000001 -0.00074999995224487 -0.00129903697967529
v 0.11800099945068360 -0.00074999995224487 -0.00129903697967529
v 0.12450000000000000 0.00000000004775513 -0.00149999904632568
v 0.12450000000000000 -0.00038822884552490 -0.00144888782501221
v 0.12450000000000000 0.00038822846419800 -0.00144888782501221
v 0.12450000000000000 0.00075000004775513 -0.00129903697967529
v 0.12150000000000000 0.00000000004775513 -0.00149999904632568
v 0.12150000000000000 -0.00038822884552490 -0.00144888782501221
v 0.12150000000000000 0.00038822846419800 -0.00144888782501221
v 0.12150000000000000 0.00075000004775513 -0.00129903697967529
v 0.11850000000000001 0.00000000004775513 -0.00149999904632568
v 0.11800099945068360 0.00000000004775513 -0.00149999904632568
v 0.11850000000000001 -0.00038822884552490 -0.00144888782501221
v 0.11800099945068360 -0.00038822884552490 -0.00144888782501221
v 0.11850000000000001 0.00038822846419800 -0.00144888782501221
v 0.11800099945068360 0.00038822846419800 -0.00144888782501221
v 0.11850000000000001 0.00075000004775513 -0.00129903697967529
v 0.11800099945068360 0.00075000004775513 -0.00129903697967529
v 0.12450000000000000 0.00566987280852783 -0.00249999904632568
v 0.12150000000000000 0.00566987280852783 -0.00249999904632568
v 0.12450000000000000 0.00517037062652100 -0.00129409408569336
v 0.12150000000000000 0.00517037062652100 -0.00129409408569336
v 0.12450000000000000 0.01024999957091797 -0.00129903697967529
v 0.12150000000000000 0.01024999957091797 -0.00129903697967529
v 0.12450000000000000 0.01099999957091797 -0.00149999904632568
v 0.12450000000000000 0.01061177210814941 -0.00144888782501221
v 0.12450000000000000 0.01138822894103515 -0.00144888782501221
v 0.12450000000000000 0.01174999957091797 -0.00129903697967529
v 0.12150000000000000 0.01099999957091797 -0.00149999904632568
v 0.12150000000000000 0.01061177210814941 -0.00144888782501221
v 0.12150000000000000 0.01138822894103515 -0.00144888782501221
v 0.12150000000000000 0.01174999957091797 -0.00129903697967529
v 0.11850000000000001 0.01024999957091797 -0.00129903697967529
v 0.11800099945068360 0.01024999957091797 -0.00129903697967529
v 0.11850000000000001 0.01099999957091797 -0.00149999904632568
v 0.11800099945068360 0.01099999957091797 -0.00149999904632568
v 0.11850000000000001 0.01061177210814941 -0.00144888782501221
v 0.11800099945068360 0.01061177210814941 -0.00144888782501221
v 0.11850000000000001 0.01138822894103515 -0.00144888782501221
v 0.11800099945068360 0.01138822894103515 -0.00144888782501221
v 0.11850000000000001 0.01174999957091797 -0.00129903697967529
v 0.11800099945068360 0.01174999957091797 -0.00129903697967529
v 0.12450000000000000 -0.00106066031448853 -0.00106065940856934
v 0.12150000000000000 -0.00106066031448853 -0.00106065940856934
v 0.12450000000000000 -0.00129903836243164 -0.00074999904632568
v 0.12150000000000000 -0.00129903836243164 -0.00074999904632568
v 0.11850000000000001 -0.00106066031448853 -0.00106065940856934
v 0.11800099945068360 -0.00106066031448853 -0.00106065940856934
v 0.11850000000000001 -0.00129903836243164 -0.00074999904632568
v 0.11800099945068360 -0.00129903836243164 -0.00074999904632568
v 0.12450000000000000 0.00106065993316162 -0.00106065940856934
v 0.12150000000000000 0.00106065993316162 -0.00106065940856934
v 0.12450000000000000 0.00129903798110474 -0.00074999904632568
v 0.12150000000000000 0.00129903798110474 -0.00074999904632568
v 0.11850000000000001 0.00106065993316162 -0.00106065940856934
v 0.11800099945068360 0.00106065993316162 -0.00106065940856934
v 0.11850000000000001 0.00129903798110474 -0.00074999904632568
v 0.11800099945068360 0.00129903798110474 -0.00074999904632568
v 0.12450000000000000 -0.00144888873093140 -0.00038822746276855
v 0.12150000000000000 -0.00144888873093140 -0.00038822746276855
v 0.11850000000000001 -0.00144888873093140 -0.00038822746276855
v 0.11800099945068360 -0.00144888873093140 -0.00038822746276855
v 0.12450000000000000 0.00144888882644165 -0.00038822746276855
v 0.12150000000000000 0.00144888882644165 -0.00038822746276855
v 0.11850000000000001 0.00144888882644165 -0.00038822746276855
v 0.11800099945068360 0.00144888882644165 -0.00038822746276855
v 0.12450000000000000 0.00993934016234863 -0.00106065940856934
v 0.12150000000000000 0.00993934016234863 -0.00106065940856934
v 0.12450000000000000 0.01206066088683594 -0.00106065940856934
v 0.12150000000000000 0.01206066088683594 -0.00106065940856934
v 0.12450000000000000 0.00970096163756836 -0.00074999904632568
v 0.12150000000000000 0.00970096163756836 -0.00074999904632568
v 0.12450000000000000 0.01229903750426758 -0.00074999904632568
v 0.12150000000000000 0.01229903750426758 -0.00074999904632568
v 0.11850000000000001 0.00993934016234863 -0.00106065940856934
v 0.11800099945068360 0.00993934016234863 -0.00106065940856934
v 0.11850000000000001 0.01206066088683594 -0.00106065940856934
v 0.11800099945068360 0.01206066088683594 -0.00106065940856934
v 0.11850000000000001 0.00970096163756836 -0.00074999904632568
v 0.11800099945068360 0.00970096163756836 -0.00074999904632568
v 0.11850000000000001 0.01229903750426758 -0.00074999904632568
v 0.11800099945068360 0.01229903750426758 -0.00074999904632568
v 0.12450000000000000 0.00955111079223144 -0.00038822746276855
v 0.12150000000000000 0.00955111079223144 -0.00038822746276855
v 0.12450000000000000 0.01244888834960449 -0.00038822746276855
v 0.12150000000000000 0.01244888834960449 -0.00038822746276855
v 0.11850000000000001 0.00955111079223144 -0.00038822746276855
v 0.11800099945068360 0.00955111079223144 -0.00038822746276855
v 0.11850000000000001 0.01244888834960449 -0.00038822746276855
v 0.11800099945068360 0.01244888834960449 -0.00038822746276855
v 0.16275000000000001 0.02208364825255859 -0.00149999904632568
v 0.16308621597290041 0.02188953356750000 -0.00144888782501221
v 0.16241378402709961 0.02227776293761718 -0.00144888782501221
v 0.16339952087402343 0.02170864825255859 -0.00129903697967529
v 0.16210047912597655 0.02245864825255859 -0.00129903697967529
v 0.16360047912597656 0.02505672411925781 -0.00129903697967529
v 0.16366856002807617 0.02155331759459960 -0.00106065940856934
v 0.16183143997192384 0.02261397700316894 -0.00106065940856934
v 0.16333143997192384 0.02521205477721679 -0.00106065940856934
v 0.16162499999999999 0.02273316721923339 -0.00074999904632568
v 0.16312499999999999 0.02533124308593262 -0.00074999904632568
v 0.16149522399902344 0.02280809168822754 -0.00038822746276855
v 0.16299522399902344 0.02540616755492675 -0.00038822746276855
v 0.17982665634155273 0.04721186404235351 -0.00425331091880798
v 0.18956506347656252 0.06352870135314453 -0.00433012604713440
v 0.19046186065673829 0.06301093249328124 -0.00353553295135498
v 0.18038098907470704 0.04920121722228515 -0.00469846212863922
v 0.17965192031860353 0.04962214617736328 -0.00492403781414032
v 0.17867864608764650 0.04787466769225585 -0.00471504044532776
v 0.17807320404052734 0.04822421603209961 -0.00479583048820496
v 0.17890000152587890 0.05005627017028320 -0.00499999904632568
v 0.17814808273315430 0.05049039034850586 -0.00492403781414032
v 0.17741901016235351 0.05091131930358398 -0.00469846212863922
v 0.17926734542846681 0.04753477816588867 -0.00453289544582367
v 0.18339738082885743 0.05618701128966797 -0.00493069553375244
v 0.18315325927734374 0.05546113162047851 -0.00490285813808441
v 0.18326602554321289 0.05561844592101562 -0.00489897847175598
v 0.18334587860107424 0.05579476122863281 -0.00490285813808441
v 0.18339151000976564 0.05598841433532226 -0.00491393828392029
v 0.18226998901367189 0.05512693362243164 -0.00498529589176178
v 0.18246860122680664 0.05512107043273437 -0.00496871685981751
v 0.18265884017944337 0.05515252642638672 -0.00494974434375763
v 0.18283930969238282 0.05522040514953125 -0.00493069553375244
v 0.18207632064819337 0.05517256503112304 -0.00499619674682617
v 0.18190000152587890 0.05525242190368164 -0.00499999904632568
v 0.18174268341064453 0.05536519198424805 -0.00499619674682617
v 0.18160633087158204 0.05551009707458007 -0.00498529589176178
v 0.18150194549560547 0.05567916827208984 -0.00496871685981751
v 0.18143407058715821 0.05585964922912109 -0.00494974434375763
v 0.18300836563110351 0.05532479052550781 -0.00491393828392029
v 0.18140261840820313 0.05604988055236328 -0.00493069553375244
v 0.18106506347656251 0.04880627017028320 -0.00433012604713440
v 0.17673493576049806 0.05130627017028320 -0.00433012604713440
v 0.18168335342407227 0.04844929842956054 -0.00383022117614746
v 0.17567334365844728 0.04960977892882812 -0.00405331099033356
v 0.17611664962768556 0.05166323809630859 -0.00383022117614746
v 0.18319366836547851 0.05672679476745117 -0.00498529589176178
v 0.18329805374145508 0.05655772356994140 -0.00496871685981751
v 0.18336593246459962 0.05637724642760742 -0.00494974434375763
v 0.18305731582641602 0.05687169985778320 -0.00499619674682617
v 0.18340000152587890 0.05785049777038086 -0.00499999904632568
v 0.18452071762084962 0.05720344882018554 -0.00482962810993195
v 0.18490000152587890 0.06044856982238281 -0.00499999904632568
v 0.18602071762084962 0.05980152850158203 -0.00482962810993195
v 0.18290000152587890 0.05698446993834961 -0.00499999904632568
v 0.18272367858886718 0.05706432681090820 -0.00499619674682617
v 0.18253001022338869 0.05710995821959960 -0.00498529589176178
v 0.18233139801025391 0.05711582522399414 -0.00496871685981751
v 0.18196068954467773 0.05701648669250000 -0.00493069553375244
v 0.18214115905761719 0.05708436541564453 -0.00494974434375763
v 0.18145412063598634 0.05644213061339844 -0.00490285813808441
v 0.18153397369384766 0.05661844592101562 -0.00489897847175598
v 0.18164673995971681 0.05677576022155273 -0.00490285813808441
v 0.18179163360595704 0.05691210513122070 -0.00491393828392029
v 0.18140848922729494 0.05624847750670898 -0.00491393828392029
v 0.18227928161621093 0.05849754290587891 -0.00482962810993195
v 0.18740000152587891 0.06477870135314451 -0.00499999904632568
v 0.18852071762084963 0.06413165240294920 -0.00482962810993195
v 0.18039666748046876 0.06304857592589844 -0.00499999904632568
v 0.17919076156616212 0.06354807238585937 -0.00499999904632568
v 0.17789666748046876 0.06371844439513671 -0.00499999904632568
v 0.18556506347656251 0.05660049777038086 -0.00433012604713440
v 0.18706506347656252 0.05919856982238281 -0.00433012604713440
v 0.18123493576049804 0.05910049395568359 -0.00433012604713440
v 0.17356653976440431 0.06121844439513672 -0.00499999904632568
v 0.17436113357543945 0.06225398211486328 -0.00499999904632568
v 0.17539666748046875 0.06304857592589844 -0.00499999904632568
v 0.17660257339477539 0.06354807238585937 -0.00499999904632568
v 0.18221707153320313 0.04814115862853515 -0.00321393704414368
v 0.18646186065673828 0.05608272891051758 -0.00353553295135498
v 0.17518400192260741 0.04989229922301758 -0.00363379383087158
v 0.17475304031372071 0.05014111666686523 -0.00313616466522217
v 0.17558293151855470 0.05197137789733398 -0.00321393704414368
v 0.17438972854614257 0.05035087161071289 -0.00257111978530884
v 0.18796186065673828 0.05868080859191406 -0.00353553295135498
v 0.18033813858032227 0.05961826281554687 -0.00353553295135498
v 0.18158347702026367 0.04619756274230468 -0.00222470974922180
v 0.18182560348510743 0.04605776934630859 -0.00157887506484985
v 0.18198334503173830 0.04596669726378906 -0.00089910078048706
v 0.18205331039428713 0.04592630343444336 -0.00019999885559082
v 0.19115000152587891 0.06261363940246094 -0.00249999904632568
v 0.19158258056640626 0.06236388354308593 -0.00129409408569336
v 0.18265000152587890 0.04789120440490234 -0.00249999904632568
v 0.18174412155151368 0.05072361330993164 -0.00248296189308167
v 0.18184855651855469 0.05066331820495117 -0.00243301177024841
v 0.18143823623657226 0.04974551730163086 -0.00235355234146118
v 0.18193823623657226 0.05061154131896484 -0.00235355234146118
v 0.18124412155151368 0.04985758929259766 -0.00248296189308167
v 0.18113204956054688 0.04992229418761718 -0.00249999904632568
v 0.18134855651855469 0.04979729418761718 -0.00243301177024841
v 0.18163204956054688 0.05078831820495117 -0.00249999904632568
v 0.18150704956054689 0.04970578722960937 -0.00224999904632568
v 0.18200704956054689 0.05057181124694336 -0.00224999904632568
v 0.18155030822753906 0.04968081240661133 -0.00212940859794617
v 0.18205030822753906 0.05054683642394531 -0.00212940859794617
v 0.18156506347656251 0.04967229418761718 -0.00199999904632568
v 0.18206506347656251 0.05053831820495117 -0.00199999904632568
v 0.18715000152587891 0.05568543200499999 -0.00249999904632568
v 0.18310710525512697 0.05541133837707031 -0.00249999904632568
v 0.18326602554321289 0.05561844592101562 -0.00249999904632568
v 0.18336592483520509 0.05585962634093750 -0.00249999904632568
v 0.18340000152587890 0.05611844592101562 -0.00249999904632568
v 0.18160710525512697 0.05281326251037109 -0.00249999904632568
v 0.18140000152587890 0.05265434603698242 -0.00249999904632568
v 0.18115881729125977 0.05255444293029297 -0.00249999904632568
v 0.18090000152587890 0.05252037005431640 -0.00249999904632568
v 0.18064118194580078 0.05255444293029297 -0.00249999904632568
v 0.18040000152587890 0.05265434603698242 -0.00249999904632568
v 0.18019289398193361 0.05281326251037109 -0.00249999904632568
v 0.18176602554321289 0.05302037005431640 -0.00249999904632568
v 0.18003397369384766 0.05302037005431640 -0.00249999904632568
v 0.17993407440185546 0.05326155047423828 -0.00249999904632568
v 0.17990000152587890 0.05352037005431640 -0.00249999904632568
v 0.17993407440185546 0.05377918963439453 -0.00249999904632568
v 0.18003397369384766 0.05402037005431640 -0.00249999904632568
v 0.17766794967651367 0.05192229418761719 -0.00249999904632568
v 0.17755587768554687 0.05198699908263672 -0.00248296189308167
v 0.17745144271850585 0.05204729418761719 -0.00243301177024841
v 0.17816794967651367 0.05278831820495117 -0.00249999904632568
v 0.17805587768554687 0.05285302309997070 -0.00248296189308167
v 0.17795144271850585 0.05291331820495117 -0.00243301177024841
v 0.17736176300048828 0.05209907107360351 -0.00235355234146118
v 0.17786176300048828 0.05296509509093750 -0.00235355234146118
v 0.17729294967651368 0.05213880114562500 -0.00224999904632568
v 0.17779294967651368 0.05300482516295898 -0.00224999904632568
v 0.18265881729125977 0.05515251879699219 -0.00249999904632568
v 0.18290000152587890 0.05525242190368164 -0.00249999904632568
v 0.18240000152587890 0.05511844592101562 -0.00249999904632568
v 0.18214118194580078 0.05515251879699219 -0.00249999904632568
v 0.18190000152587890 0.05525242190368164 -0.00249999904632568
v 0.18169289398193358 0.05541133837707031 -0.00249999904632568
v 0.18153397369384766 0.05561844592101562 -0.00249999904632568
v 0.18143407440185547 0.05585962634093750 -0.00249999904632568
v 0.18140000152587890 0.05611844592101562 -0.00249999904632568
v 0.17724969100952148 0.05216377596862305 -0.00212940859794617
v 0.17774969100952148 0.05302979998595703 -0.00212940859794617
v 0.17723493576049806 0.05217229418761719 -0.00199999904632568
v 0.17773493576049806 0.05303831820495117 -0.00199999904632568
v 0.18296898651123047 0.04770703845031250 -0.00171009969711304
v 0.17807320404052734 0.04822421603209961 -0.00148911523818970
v 0.17807897567749023 0.04822088580138671 -0.00143488264083862
v 0.17839480590820314 0.04803853945739257 -0.00138961124420166
v 0.17836632537841798 0.04805498461730468 -0.00134597635269165
v 0.17832995223999024 0.04807598452575195 -0.00131232500076294
v 0.17828809356689454 0.04810015063292968 -0.00129088783264160
v 0.17824353027343751 0.04812588076598633 -0.00128308677673340
v 0.17809590530395508 0.04821111254699218 -0.00138473844528198
v 0.17812287139892580 0.04819554095275391 -0.00134200763702393
v 0.17815808868408203 0.04817521243102538 -0.00130952310562134
v 0.17819921493530275 0.04815146594054687 -0.00128943872451782
v 0.18758258056640625 0.05543568377501953 -0.00129409408569336
v 0.17515000152587892 0.05222133212096679 -0.00249999904632568
v 0.17483101272583007 0.05240549807555664 -0.00171009969711304
v 0.18865000152587891 0.05828350787169922 -0.00249999904632568
v 0.18534855651855470 0.05672549777038086 -0.00243301177024841
v 0.18524412155151368 0.05678579287536133 -0.00248296189308167
v 0.18513204956054688 0.05685049777038086 -0.00249999904632568
v 0.18543823623657227 0.05667372088439453 -0.00235355234146118
v 0.18336592483520509 0.05637726550109375 -0.00249999904632568
v 0.18326602554321289 0.05661844592101562 -0.00249999904632568
v 0.18310710525512697 0.05682555346496093 -0.00249999904632568
v 0.18476602554321289 0.05821652178771484 -0.00249999904632568
v 0.18426602554321289 0.05735049777038086 -0.00249999904632568
v 0.18550704956054687 0.05663399081237305 -0.00224999904632568
v 0.18663204956054688 0.05944856982238281 -0.00249999904632568
v 0.18674412155151368 0.05938386492736328 -0.00248296189308167
v 0.18684855651855470 0.05932356982238281 -0.00243301177024841
v 0.18693823623657227 0.05927179675109374 -0.00235355234146118
v 0.18700704956054687 0.05923207049376953 -0.00224999904632568
v 0.18486592483520509 0.05845770220763671 -0.00249999904632568
v 0.18490000152587890 0.05871652178771484 -0.00249999904632568
v 0.18486592483520509 0.05897534136779296 -0.00249999904632568
v 0.18476602554321289 0.05921652178771484 -0.00249999904632568
v 0.18460710525512697 0.05942362933166016 -0.00249999904632568
v 0.18303397369384766 0.05921652178771484 -0.00249999904632568
v 0.18319289398193359 0.05942362933166016 -0.00249999904632568
v 0.18440000152587890 0.05958254961974609 -0.00249999904632568
v 0.18415881729125977 0.05968244891173828 -0.00249999904632568
v 0.18390000152587890 0.05971652178771484 -0.00249999904632568
v 0.18364118194580079 0.05968244891173828 -0.00249999904632568
v 0.18340000152587890 0.05958254961974609 -0.00249999904632568
v 0.18555030822753907 0.05660901598937500 -0.00212940859794617
v 0.18556506347656251 0.05660049777038086 -0.00199999904632568
v 0.18705030822753907 0.05920709185607421 -0.00212940859794617
v 0.18706506347656252 0.05919856982238281 -0.00199999904632568
v 0.18143407440185547 0.05637726550109375 -0.00249999904632568
v 0.18153397369384766 0.05661844592101562 -0.00249999904632568
v 0.18290000152587890 0.05698446993834961 -0.00249999904632568
v 0.18265881729125977 0.05708437304503906 -0.00249999904632568
v 0.18240000152587890 0.05711844592101562 -0.00249999904632568
v 0.18190000152587890 0.05698446993834961 -0.00249999904632568
v 0.18169289398193358 0.05682555346496093 -0.00249999904632568
v 0.18214118194580078 0.05708437304503906 -0.00249999904632568
v 0.18253397369384766 0.05835049395568359 -0.00249999904632568
v 0.18166794967651367 0.05885049395568359 -0.00249999904632568
v 0.18155587768554687 0.05891519885070312 -0.00248296189308167
v 0.18145144271850586 0.05897549395568359 -0.00243301177024841
v 0.18136176300048829 0.05902727465636719 -0.00235355234146118
v 0.18129294967651369 0.05906700091369140 -0.00224999904632568
v 0.17965000152587890 0.06001556353576171 -0.00249999904632568
v 0.18124969100952149 0.05909197955138672 -0.00212940859794617
v 0.18123493576049804 0.05910049395568359 -0.00199999904632568
v 0.18316794967651367 0.06144856982238281 -0.00249999904632568
v 0.18305587768554688 0.06151327471740234 -0.00248296189308167
v 0.18295144271850586 0.06157356982238281 -0.00243301177024841
v 0.18286176300048829 0.06162535052306641 -0.00235355234146118
v 0.18279294967651369 0.06166507678039062 -0.00224999904632568
v 0.18274969100952149 0.06169005541808593 -0.00212940859794617
v 0.18273493576049804 0.06169856982238281 -0.00199999904632568
v 0.18908258056640626 0.05803375964171874 -0.00129409408569336
v 0.17921741867065430 0.06026531176574219 -0.00129409408569336
v 0.18316434097290041 0.04759424929625976 -0.00086823987960815
v 0.17710519409179687 0.04878309969909179 -0.00118961143493652
v 0.17712368011474611 0.04877242617614257 -0.00113931274414062
v 0.17713072967529297 0.04876835589416015 -0.00108611202239990
v 0.17712588119506836 0.04877115588195312 -0.00103353691101074
v 0.17710945129394531 0.04878064303405273 -0.00098507356643677
v 0.17708252716064454 0.04879618411071289 -0.00094393444061279
v 0.17704690170288087 0.04881675295836914 -0.00091284799575806
v 0.17686976623535156 0.04891902499206054 -0.00091776227951050
v 0.17700492858886718 0.04884098773009765 -0.00089387559890747
v 0.17691332626342773 0.04889387469298827 -0.00089641666412354
v 0.17695940017700196 0.04886727480895507 -0.00088827466964722
v 0.17890000152587890 0.05005627017028320 -0.00074270486831665
v 0.17922159957885742 0.04987059359557617 -0.00064320135116577
v 0.17890576934814453 0.05005293612487304 -0.00068847227096558
v 0.17892269897460938 0.05004316287047851 -0.00063832807540894
v 0.17857839965820313 0.05024194293029297 -0.00064320135116577
v 0.17910343933105469 0.04762941317565429 -0.00057135200500488
v 0.17906565093994142 0.04765122942931641 -0.00053846502304077
v 0.17903650665283202 0.04766805605895508 -0.00049646282196045
v 0.17901794052124023 0.04767877154357422 -0.00044813108444214
v 0.17901118469238281 0.04768267397887695 -0.00039667367935181
v 0.17901668930053710 0.04767949633605469 -0.00034550333023071
v 0.17919311904907226 0.04988703494079101 -0.00059956645965576
v 0.17915674591064454 0.04990803484923828 -0.00056591463088989
v 0.17894966888427735 0.05002759127624023 -0.00059559726715088
v 0.17898488235473634 0.05000726275451171 -0.00056311273574829
v 0.17859688568115234 0.05023127322204101 -0.00059290266036987
v 0.17911488723754884 0.04993220095641601 -0.00054447746276855
v 0.17902600860595705 0.04998351626403320 -0.00054302883148193
v 0.17907032394409181 0.04995793108947266 -0.00053667640686035
v 0.17860393524169924 0.05022719912536133 -0.00053970193862915
v 0.17859908676147462 0.05023000292785156 -0.00048712682723999
v 0.17858265304565429 0.05023948626525390 -0.00043866300582886
v 0.17855573272705078 0.05025503115661133 -0.00039752435684204
v 0.17945703125000001 0.04973466830260742 -0.00037135171890259
v 0.17941923904418947 0.04975648455626953 -0.00033846473693848
v 0.17834297180175782 0.05037786822326171 -0.00037135171890259
v 0.17852010726928710 0.05027560000426758 -0.00036643791198730
v 0.17847813415527344 0.05029983096129882 -0.00034746503829956
v 0.17843260192871094 0.05032611804015625 -0.00034186458587646
v 0.17838653182983399 0.05035272173888672 -0.00035000658035278
v 0.17903408050537109 0.04766945605285156 -0.00029801225662231
v 0.17906221389770507 0.04765321307189452 -0.00025734949111938
v 0.17909922027587891 0.04763184695250976 -0.00022621154785156
v 0.17918961334228517 0.04757965807921875 -0.00019999885559082
v 0.17914264678955077 0.04760677676208008 -0.00020666265487671
v 0.17939009857177735 0.04977331118590820 -0.00029646301269531
v 0.17937153244018555 0.04978403048522460 -0.00024813079833984
v 0.17936477661132813 0.04978792910583008 -0.00019667387008667
v 0.17937027740478517 0.04978475527770507 -0.00014550352096558
v 0.17938767242431641 0.04977471117980468 -0.00009801244735718
v 0.17941580200195312 0.04975846819884765 -0.00005734968185425
v 0.17945280838012695 0.04973710207946289 -0.00002621173858643
v 0.17949623489379885 0.04971203188903320 -0.00000666236877441
v 0.17463565826416017 0.05251828722960937 -0.00086823987960815
v 0.15741703796386719 0.03031775622375000 -0.00499999904632568
v 0.15741703796386719 0.03290594439513671 -0.00499999904632568
v 0.15791654205322267 0.03411185030944336 -0.00499999904632568
v 0.15724666595458986 0.03161185030944336 -0.00499999904632568
v 0.15178052520751953 0.03521985583312499 -0.00499999904632568
v 0.15129816436767579 0.03502005343444336 -0.00499999904632568
v 0.15219473266601563 0.03553769259459961 -0.00499999904632568
v 0.15251257324218750 0.03595190386779296 -0.00499999904632568
v 0.15078052520751953 0.03495190386779296 -0.00499999904632568
v 0.14749999999999999 0.03495190386779296 -0.00499999904632568
v 0.14698236083984376 0.03502005343444336 -0.00499999904632568
v 0.14649999999999999 0.03521985583312499 -0.00499999904632568
v 0.14608578491210938 0.03553769259459961 -0.00499999904632568
v 0.14576795196533204 0.03595190386779296 -0.00499999904632568
v 0.14556814575195312 0.03643426852233398 -0.00499999904632568
v 0.14549999999999999 0.03695190386779296 -0.00499999904632568
v 0.14250000000000002 0.03495190386779296 -0.00499999904632568
v 0.14549999999999999 0.04806987338073242 -0.00499999904632568
v 0.14553038787841796 0.04841717104918945 -0.00499999904632568
v 0.14562061309814453 0.04875391345031250 -0.00499999904632568
v 0.14576795196533204 0.04906987338073242 -0.00499999904632568
v 0.14801763916015626 0.06013802294738281 -0.00499999904632568
v 0.14849999999999999 0.06033782153136719 -0.00499999904632568
v 0.14749999999999999 0.06006986956603515 -0.00499999904632568
v 0.14698236083984376 0.06013802294738281 -0.00499999904632568
v 0.14649999999999999 0.06033782153136719 -0.00499999904632568
v 0.14891421508789063 0.06065566210753906 -0.00499999904632568
v 0.14923204803466797 0.06106986956603516 -0.00499999904632568
v 0.14608578491210938 0.06065566210753906 -0.00499999904632568
v 0.14576795196533204 0.06106986956603516 -0.00499999904632568
v 0.14556814575195312 0.06155223803527343 -0.00499999904632568
v 0.14549999999999999 0.06206986956603516 -0.00499999904632568
v 0.16708012771606445 0.01958364825255859 0.00000000095367432
v 0.16858012771606445 0.02218172411925781 0.00000000095367432
v 0.16404903793334960 0.02133364825255859 0.00000000095367432
v 0.16554903793334960 0.02393172411925781 0.00000000095367432
v 0.16400477600097657 0.02135920290954101 0.00038822937011719
v 0.16550477600097657 0.02395727877624023 0.00038822937011719
v 0.16387499999999999 0.02143412928588379 0.00075000095367432
v 0.16537499999999999 0.02403220515258300 0.00075000095367432
v 0.16516856002807617 0.02415139346129883 0.00106066131591797
v 0.16693258285522461 0.01966883234984863 0.00129409599304199
v 0.16843258285522461 0.02226691012389648 0.00129409599304199
v 0.16489952087402343 0.02430672411925781 0.00129903888702393
v 0.16458621597290041 0.02448760943419922 0.00144888973236084
v 0.16391378402709961 0.02487583880431640 0.00144888973236084
v 0.16425000000000001 0.02468172411925781 0.00150000095367432
v 0.16650000000000001 0.01991858439452636 0.00250000095367432
v 0.16581186294555664 0.02031588130004394 0.00353553485870361
v 0.16800000000000001 0.02251666026122558 0.00250000095367432
v 0.16731186294555664 0.02291395716674316 0.00353553485870361
v 0.16491506195068359 0.02083364825255859 0.00433012771606445
v 0.16641506195068359 0.02343172411925781 0.00433012771606445
v 0.16387071990966798 0.02143659930236328 0.00482962989807129
v 0.16537071990966798 0.02403467707641113 0.00482962989807129
v 0.16425000000000001 0.02468172411925781 0.00500000095367432
v 0.12150000000000000 -0.00500000007145416 0.00000000095367432
v 0.12450000000000000 -0.00149999995224487 0.00000000095367432
v 0.12150000000000000 -0.00149999995224487 0.00000000095367432
v 0.12450000000000000 -0.00144888873093140 0.00038822937011719
v 0.12150000000000000 -0.00144888873093140 0.00038822937011719
v 0.11850000000000001 -0.00500000007145416 0.00000000095367432
v 0.11850000000000001 -0.00149999995224487 0.00000000095367432
v 0.11800099945068360 -0.00149999995224487 0.00000000095367432
v 0.11850000000000001 -0.00144888873093140 0.00038822937011719
v 0.11800099945068360 -0.00144888873093140 0.00038822937011719
v 0.12450000000000000 0.00150000004775513 0.00000000095367432
v 0.12150000000000000 0.00150000004775513 0.00000000095367432
v 0.12450000000000000 0.00144888882644165 0.00038822937011719
v 0.12150000000000000 0.00144888882644165 0.00038822937011719
v 0.11850000000000001 0.00150000004775513 0.00000000095367432
v 0.11800099945068360 0.00150000004775513 0.00000000095367432
v 0.11850000000000001 0.00144888882644165 0.00038822937011719
v 0.11800099945068360 0.00144888882644165 0.00038822937011719
v 0.12450000000000000 -0.00129903836243164 0.00075000095367432
v 0.12150000000000000 -0.00129903836243164 0.00075000095367432
v 0.12450000000000000 -0.00106066031448853 0.00106066131591797
v 0.12150000000000000 -0.00106066031448853 0.00106066131591797
v 0.11850000000000001 -0.00129903836243164 0.00075000095367432
v 0.11800099945068360 -0.00129903836243164 0.00075000095367432
v 0.11850000000000001 -0.00106066031448853 0.00106066131591797
v 0.11800099945068360 -0.00106066031448853 0.00106066131591797
v 0.12450000000000000 0.00129903798110474 0.00075000095367432
v 0.12150000000000000 0.00129903798110474 0.00075000095367432
v 0.12450000000000000 0.00106065993316162 0.00106066131591797
v 0.12150000000000000 0.00106065993316162 0.00106066131591797
v 0.11850000000000001 0.00129903798110474 0.00075000095367432
v 0.11800099945068360 0.00129903798110474 0.00075000095367432
v 0.11850000000000001 0.00106065993316162 0.00106066131591797
v 0.11800099945068360 0.00106065993316162 0.00106066131591797
v 0.12450000000000000 0.00499999957091797 0.00000000095367432
v 0.12150000000000000 0.00499999957091797 0.00000000095367432
v 0.12450000000000000 0.00949999957091797 0.00000000095367432
v 0.12150000000000000 0.00949999957091797 0.00000000095367432
v 0.12450000000000000 0.00955111079223144 0.00038822937011719
v 0.12150000000000000 0.00955111079223144 0.00038822937011719
v 0.12450000000000000 0.01244888834960449 0.00038822937011719
v 0.12150000000000000 0.01244888834960449 0.00038822937011719
v 0.11850000000000001 0.00949999957091797 0.00000000095367432
v 0.11800099945068360 0.00949999957091797 0.00000000095367432
v 0.11850000000000001 0.00955111079223144 0.00038822937011719
v 0.11800099945068360 0.00955111079223144 0.00038822937011719
v 0.11850000000000001 0.01244888834960449 0.00038822937011719
v 0.11800099945068360 0.01244888834960449 0.00038822937011719
v 0.12450000000000000 0.00970096163756836 0.00075000095367432
v 0.12150000000000000 0.00970096163756836 0.00075000095367432
v 0.12450000000000000 0.01229903750426758 0.00075000095367432
v 0.12150000000000000 0.01229903750426758 0.00075000095367432
v 0.12450000000000000 0.00993934016234863 0.00106066131591797
v 0.12150000000000000 0.00993934016234863 0.00106066131591797
v 0.12450000000000000 0.01206066088683594 0.00106066131591797
v 0.12150000000000000 0.01206066088683594 0.00106066131591797
v 0.11850000000000001 0.00970096163756836 0.00075000095367432
v 0.11800099945068360 0.00970096163756836 0.00075000095367432
v 0.11850000000000001 0.01229903750426758 0.00075000095367432
v 0.11800099945068360 0.01229903750426758 0.00075000095367432
v 0.11850000000000001 0.00993934016234863 0.00106066131591797
v 0.11800099945068360 0.00993934016234863 0.00106066131591797
v 0.11850000000000001 0.01206066088683594 0.00106066131591797
v 0.11800099945068360 0.01206066088683594 0.00106066131591797
v 0.12150000000000000 -0.00482962913506042 0.00129409599304199
v 0.12450000000000000 -0.00074999995224487 0.00129903888702393
v 0.12150000000000000 -0.00074999995224487 0.00129903888702393
v 0.11850000000000001 -0.00482962913506042 0.00129409599304199
v 0.11850000000000001 -0.00074999995224487 0.00129903888702393
v 0.11800099945068360 -0.00074999995224487 0.00129903888702393
v 0.12450000000000000 0.00075000004775513 0.00129903888702393
v 0.12450000000000000 -0.00038822884552490 0.00144888973236084
v 0.12450000000000000 0.00038822846419800 0.00144888973236084
v 0.12450000000000000 0.00000000004775513 0.00150000095367432
v 0.12150000000000000 0.00075000004775513 0.00129903888702393
v 0.12150000000000000 -0.00038822884552490 0.00144888973236084
v 0.12150000000000000 0.00038822846419800 0.00144888973236084
v 0.12150000000000000 0.00000000004775513 0.00150000095367432
v 0.11850000000000001 0.00075000004775513 0.00129903888702393
v 0.11800099945068360 0.00075000004775513 0.00129903888702393
v 0.11850000000000001 -0.00038822884552490 0.00144888973236084
v 0.11800099945068360 -0.00038822884552490 0.00144888973236084
v 0.11850000000000001 0.00038822846419800 0.00144888973236084
v 0.11800099945068360 0.00038822846419800 0.00144888973236084
v 0.11850000000000001 0.00000000004775513 0.00150000095367432
v 0.11800099945068360 0.00000000004775513 0.00150000095367432
v 0.12450000000000000 0.00517037062652100 0.00129409599304199
v 0.12150000000000000 0.00517037062652100 0.00129409599304199
v 0.12450000000000000 0.01024999957091797 0.00129903888702393
v 0.12150000000000000 0.01024999957091797 0.00129903888702393
v 0.12450000000000000 0.01174999957091797 0.00129903888702393
v 0.12450000000000000 0.01061177210814941 0.00144888973236084
v 0.12450000000000000 0.01138822894103515 0.00144888973236084
v 0.12450000000000000 0.01099999957091797 0.00150000095367432
v 0.12150000000000000 0.01174999957091797 0.00129903888702393
v 0.12150000000000000 0.01061177210814941 0.00144888973236084
v 0.12150000000000000 0.01138822894103515 0.00144888973236084
v 0.12150000000000000 0.01099999957091797 0.00150000095367432
v 0.11850000000000001 0.01024999957091797 0.00129903888702393
v 0.11800099945068360 0.01024999957091797 0.00129903888702393
v 0.11850000000000001 0.01174999957091797 0.00129903888702393
v 0.11800099945068360 0.01174999957091797 0.00129903888702393
v 0.11850000000000001 0.01061177210814941 0.00144888973236084
v 0.11800099945068360 0.01061177210814941 0.00144888973236084
v 0.11850000000000001 0.01138822894103515 0.00144888973236084
v 0.11800099945068360 0.01138822894103515 0.00144888973236084
v 0.11850000000000001 0.01099999957091797 0.00150000095367432
v 0.11800099945068360 0.01099999957091797 0.00150000095367432
v 0.16145096206665038 0.02283364825255859 0.00000000095367432
v 0.16295096206665038 0.02543172411925781 0.00000000095367432
v 0.16149522399902344 0.02280809168822754 0.00038822937011719
v 0.16299522399902344 0.02540616755492675 0.00038822937011719
v 0.16162499999999999 0.02273316721923339 0.00075000095367432
v 0.16312499999999999 0.02533124308593262 0.00075000095367432
v 0.16366856002807617 0.02155331759459960 0.00106066131591797
v 0.16183143997192384 0.02261397700316894 0.00106066131591797
v 0.16333143997192384 0.02521205477721679 0.00106066131591797
v 0.16339952087402343 0.02170864825255859 0.00129903888702393
v 0.16210047912597655 0.02245864825255859 0.00129903888702393
v 0.16308621597290041 0.02188953356750000 0.00144888973236084
v 0.16241378402709961 0.02227776293761718 0.00144888973236084
v 0.16275000000000001 0.02208364825255859 0.00150000095367432
v 0.16360047912597656 0.02505672411925781 0.00129903888702393
v 0.12450000000000000 0.01249999957091797 0.00000000095367432
v 0.12150000000000000 0.01249999957091797 0.00000000095367432
v 0.11850000000000001 0.01249999957091797 0.00000000095367432
v 0.11800099945068360 0.01249999957091797 0.00000000095367432
v 0.12150000000000000 -0.00433012707226288 0.00250000095367432
v 0.11850000000000001 -0.00433012707226288 0.00250000095367432
v 0.12150000000000000 -0.00353553385727417 0.00353553485870361
v 0.11850000000000001 -0.00353553385727417 0.00353553485870361
v 0.12450000000000000 0.00566987280852783 0.00250000095367432
v 0.12150000000000000 0.00566987280852783 0.00250000095367432
v 0.12450000000000000 0.00646446566588867 0.00353553485870361
v 0.12150000000000000 0.00646446566588867 0.00353553485870361
v 0.12150000000000000 -0.00249999995224487 0.00433012771606445
v 0.11850000000000001 -0.00249999995224487 0.00433012771606445
v 0.12150000000000000 -0.00129409546844971 0.00482962989807129
v 0.11850000000000001 -0.00129409546844971 0.00482962989807129
v 0.12150000000000000 0.00000000004775513 0.00500000095367432
v 0.11850000000000001 0.00000000004775513 0.00500000095367432
v 0.12450000000000000 0.00749999957091797 0.00433012771606445
v 0.12150000000000000 0.00749999957091797 0.00433012771606445
v 0.12450000000000000 0.00870590453155029 0.00482962989807129
v 0.12450000000000000 0.00999999957091797 0.00500000095367432
v 0.12150000000000000 0.00870590453155029 0.00482962989807129
v 0.12150000000000000 0.00999999957091797 0.00500000095367432
v 0.16275000000000001 0.02208364825255859 0.00500000095367432
v 0.16145096206665038 0.02283364825255859 0.00500000095367432
v 0.15117121887207033 0.02302842860229003 0.00500000095367432
v 0.15157958984375000 0.02334675936706054 0.00500000095367432
v 0.15189255523681641 0.02375925593383300 0.00500000095367432
v 0.15208914184570313 0.02423827128417480 0.00500000095367432
v 0.15215616607666016 0.02475169901854980 0.00500000095367432
v 0.15974666595458983 0.02728172259337890 0.00500000095367432
v 0.15871113586425781 0.02807631640441406 0.00500000095367432
v 0.15791654205322267 0.02911185030944335 0.00500000095367432
v 0.15215616607666016 0.02620000033385742 0.00500000095367432
v 0.15208802032470703 0.02671763949401367 0.00500000095367432
v 0.15188822174072267 0.02720000033385742 0.00500000095367432
v 0.15157038116455079 0.02761421542174804 0.00500000095367432
v 0.15115616607666016 0.02793205218322265 0.00500000095367432
v 0.15069481658935546 0.02282560114867675 0.00500000095367432
v 0.15067380523681642 0.02813185076720703 0.00500000095367432
v 0.15015616607666016 0.02820000033385742 0.00500000095367432
v 0.12703865051269531 0.01620995478637207 0.00500000095367432
v 0.12658448791503907 0.01613783793456543 0.00500000095367432
v 0.12612585449218749 0.01617136149413574 0.00500000095367432
v 0.12568700408935546 0.01630874972350586 0.00500000095367432
v 0.12450000000000000 0.01249999957091797 0.00500000095367432
v 0.12529113769531250 0.01654273943908203 0.00500000095367432
v 0.12495917510986328 0.01686096339232910 0.00500000095367432
v 0.12470867156982422 0.01724659495360839 0.00500000095367432
v 0.12455286407470703 0.01767925028808105 0.00500000095367432
v 0.12450000000000000 0.01813605265624511 0.00500000095367432
v 0.12650000000000000 0.02820000033385742 0.00500000095367432
v 0.12550000000000000 0.02793205218322265 0.00500000095367432
v 0.12598236083984377 0.02813185076720703 0.00500000095367432
v 0.12450000000000000 0.02620000033385742 0.00500000095367432
v 0.12456814575195313 0.02671763949401367 0.00500000095367432
v 0.12476795196533204 0.02720000033385742 0.00500000095367432
v 0.12508578491210937 0.02761421542174804 0.00500000095367432
v 0.11850000000000001 0.02820000033385742 0.00500000095367432
v 0.19173012542724610 0.06227870135314453 0.00000000095367432
v 0.19158258056640626 0.06236388354308593 0.00129409599304199
v 0.18323012542724609 0.04755627017028320 0.00000000095367432
v 0.17665735626220702 0.04904165987975585 0.00020666456222534
v 0.17670077896118164 0.04901658587462891 0.00022621345520020
v 0.17673778533935547 0.04899522356994140 0.00025735187530518
v 0.17676591873168945 0.04897898058898437 0.00029801416397095
v 0.17954320144653321 0.04968491702086913 0.00000000095367432
v 0.17830376434326173 0.05040050463683594 0.00000666475296021
v 0.17825679779052736 0.05042761950500000 0.00000000095367432
v 0.17834719085693360 0.05037543444640625 0.00002621364593506
v 0.17838419723510743 0.05035406832702148 0.00005735158920288
v 0.17841233062744141 0.05033782534606445 0.00009801435470581
v 0.17842972183227540 0.05032778124816406 0.00014550542831421
v 0.17843522262573241 0.05032460742003906 0.00019667577743530
v 0.17842846679687499 0.05032850604064452 0.00024813318252563
v 0.17840990447998048 0.05033922533996094 0.00029646492004395
v 0.17678331375122069 0.04896893649108398 0.00034550523757935
v 0.17678881454467774 0.04896576266295898 0.00039667606353760
v 0.17678205871582031 0.04896966128356445 0.00044813299179077
v 0.17676349258422852 0.04898038058288086 0.00049646472930908
v 0.17673434829711915 0.04899720721251953 0.00053846693038940
v 0.17669655990600586 0.04901902346618164 0.00057135391235352
v 0.17936739730834961 0.04978641848571289 0.00034186649322510
v 0.17941347122192383 0.04975981478698242 0.00035000848770142
v 0.17932186508178710 0.04981270556457031 0.00034746742248535
v 0.17945703125000001 0.04973466830260742 0.00037135410308838
v 0.17927989578247069 0.04983693652160156 0.00036643981933594
v 0.17838076019287111 0.05035605196959961 0.00033846664428711
v 0.17834297180175782 0.05037786822326171 0.00037135410308838
v 0.17924426651000977 0.04985750536925781 0.00039752626419067
v 0.17921734619140625 0.04987305026061523 0.00043866539001465
v 0.17920091629028320 0.04988253359801757 0.00048712873458862
v 0.17919606399536134 0.04988533740050781 0.00053970384597778
v 0.17872967529296876 0.05015460543639648 0.00053667831420898
v 0.17877399063110352 0.05012902026183593 0.00054303073883057
v 0.17868511199951173 0.05018033556945312 0.00054447937011719
v 0.17920311355590821 0.04988126330382812 0.00059290456771851
v 0.17881511688232421 0.05010527377135742 0.00056311464309692
v 0.17885033416748047 0.05008494524962890 0.00059559917449951
v 0.17864325332641601 0.05020450167663085 0.00056591653823853
v 0.17860688018798829 0.05022550158507812 0.00059956836700439
v 0.18773012542724610 0.05535049777038085 0.00000000095367432
v 0.18316434097290041 0.04759424929625976 0.00086824178695679
v 0.17884060287475587 0.04778116183288086 0.00088827657699585
v 0.17888667297363281 0.04775456194884765 0.00089641857147217
v 0.17879507064819336 0.04780744891173828 0.00089387750625610
v 0.17893023300170899 0.04772941164977539 0.00091776418685913
v 0.17875309753417970 0.04783167986876953 0.00091284990310669
v 0.17922159957885742 0.04987059359557617 0.00064320325851440
v 0.17887730026245119 0.05006937365539062 0.00063833045959473
v 0.17889422988891601 0.05005960040099609 0.00068847417831421
v 0.17857839965820313 0.05024194293029297 0.00064320325851440
v 0.17890000152587890 0.05005627017028320 0.00074270677566528
v 0.17871747207641603 0.04785224871642578 0.00094393634796143
v 0.17869055175781251 0.04786779360778320 0.00098507547378540
v 0.17867411804199218 0.04787728075988281 0.00103353929519653
v 0.17866926956176757 0.04788008074767578 0.00108611440658569
v 0.17867631912231446 0.04787601046569336 0.00113931465148926
v 0.17869480514526367 0.04786533694274413 0.00118961334228516
v 0.17661038589477540 0.04906877474791992 0.00020000076293945
v 0.17374668884277344 0.05072213320739258 0.00020000076293945
v 0.17456987380981445 0.05255627017028320 0.00000000095367432
v 0.17381665420532227 0.05068173937804688 0.00089910268783569
v 0.17463565826416017 0.05251828722960937 0.00086824178695679
v 0.18923012542724610 0.05794857363708007 0.00000000095367432
v 0.17906987380981446 0.06035049395568359 0.00000000095367432
v 0.17755646896362304 0.04852255587584960 0.00128308868408203
v 0.17751190567016603 0.04854828219420898 0.00129088973999023
v 0.17760078430175782 0.04849697070128906 0.00128944063186646
v 0.17764191436767579 0.04847322421081054 0.00130952501296997
v 0.17767712783813477 0.04845289187438476 0.00134200954437256
v 0.17770409393310546 0.04843732409484375 0.00138474035263062
v 0.17747005081176759 0.04857244830138672 0.00131232690811157
v 0.17743367385864259 0.04859345202453125 0.00134597826004028
v 0.17740519332885743 0.04860989336974609 0.00138961315155029
v 0.17772102355957031 0.04842755084044922 0.00143488454818726
v 0.17772679519653320 0.04842421679503906 0.00148911714553833
v 0.18296898651123047 0.04770703845031250 0.00171010160446167
v 0.18758258056640625 0.05543568377501953 0.00129409599304199
v 0.18156506347656251 0.04967229418761718 0.00200000095367432
v 0.18206506347656251 0.05053831820495117 0.00200000095367432
v 0.18155030822753906 0.04968081240661133 0.00212941074371338
v 0.18205030822753906 0.05054683642394531 0.00212941074371338
v 0.18150704956054689 0.04970578722960937 0.00225000095367432
v 0.18200704956054689 0.05057181124694336 0.00225000095367432
v 0.18143823623657226 0.04974551730163086 0.00235355472564697
v 0.18193823623657226 0.05061154131896484 0.00235355472564697
v 0.18184855651855469 0.05066331820495117 0.00243301391601563
v 0.18174412155151368 0.05072361330993164 0.00248296356201172
v 0.18134855651855469 0.04979729418761718 0.00243301391601563
v 0.18124412155151368 0.04985758929259766 0.00248296356201172
v 0.17723493576049806 0.05217229418761719 0.00200000095367432
v 0.17773493576049806 0.05303831820495117 0.00200000095367432
v 0.17724969100952148 0.05216377596862305 0.00212941074371338
v 0.17774969100952148 0.05302979998595703 0.00212941074371338
v 0.17729294967651368 0.05213880114562500 0.00225000095367432
v 0.17779294967651368 0.05300482516295898 0.00225000095367432
v 0.17736176300048828 0.05209907107360351 0.00235355472564697
v 0.17745144271850585 0.05204729418761719 0.00243301391601563
v 0.17755587768554687 0.05198699908263672 0.00248296356201172
v 0.17795144271850585 0.05291331820495117 0.00243301391601563
v 0.17805587768554687 0.05285302309997070 0.00248296356201172
v 0.17786176300048828 0.05296509509093750 0.00235355472564697
v 0.17397439575195311 0.05059066729552734 0.00157887697219849
v 0.17483101272583007 0.05240549807555664 0.00171010160446167
v 0.17421652221679687 0.05045087389953125 0.00222471141815186
v 0.18908258056640626 0.05803375964171874 0.00129409599304199
v 0.17921741867065430 0.06026531176574219 0.00129409599304199
v 0.18556506347656251 0.05660049777038086 0.00200000095367432
v 0.18555030822753907 0.05660901598937500 0.00212941074371338
v 0.18706506347656252 0.05919856982238281 0.00200000095367432
v 0.18705030822753907 0.05920709185607421 0.00212941074371338
v 0.18550704956054687 0.05663399081237305 0.00225000095367432
v 0.18543823623657227 0.05667372088439453 0.00235355472564697
v 0.18534855651855470 0.05672549777038086 0.00243301391601563
v 0.18524412155151368 0.05678579287536133 0.00248296356201172
v 0.18700704956054687 0.05923207049376953 0.00225000095367432
v 0.18693823623657227 0.05927179675109374 0.00235355472564697
v 0.18684855651855470 0.05932356982238281 0.00243301391601563
v 0.18674412155151368 0.05938386492736328 0.00248296356201172
v 0.18123493576049804 0.05910049395568359 0.00200000095367432
v 0.18124969100952149 0.05909197955138672 0.00212941074371338
v 0.18129294967651369 0.05906700091369140 0.00225000095367432
v 0.18155587768554687 0.05891519885070312 0.00248296356201172
v 0.18145144271850586 0.05897549395568359 0.00243301391601563
v 0.18136176300048829 0.05902727465636719 0.00235355472564697
v 0.18305587768554688 0.06151327471740234 0.00248296356201172
v 0.18273493576049804 0.06169856982238281 0.00200000095367432
v 0.18274969100952149 0.06169005541808593 0.00212941074371338
v 0.18279294967651369 0.06166507678039062 0.00225000095367432
v 0.18286176300048829 0.06162535052306641 0.00235355472564697
v 0.18295144271850586 0.06157356982238281 0.00243301391601563
v 0.18141027069091797 0.04629756121642578 0.00257112216949463
v 0.18104695892333986 0.04650731997497070 0.00313616657257080
v 0.18061599731445313 0.04675613360412109 0.00363379573822021
v 0.18012665557861329 0.04703865771300781 0.00405331325531006
v 0.19115000152587891 0.06261363940246094 0.00250000095367432
v 0.19046186065673829 0.06301093249328124 0.00353553485870361
v 0.18956506347656252 0.06352870135314453 0.00433012771606445
v 0.18265000152587890 0.04789120440490234 0.00250000095367432
v 0.18113204956054688 0.04992229418761718 0.00250000095367432
v 0.18163204956054688 0.05078831820495117 0.00250000095367432
v 0.18715000152587891 0.05568543200499999 0.00250000095367432
v 0.18310710525512697 0.05541133837707031 0.00250000095367432
v 0.18326602554321289 0.05561844592101562 0.00250000095367432
v 0.18336592483520509 0.05585962634093750 0.00250000095367432
v 0.18340000152587890 0.05611844592101562 0.00250000095367432
v 0.18160710525512697 0.05281326251037109 0.00250000095367432
v 0.18140000152587890 0.05265434603698242 0.00250000095367432
v 0.18115881729125977 0.05255444293029297 0.00250000095367432
v 0.18090000152587890 0.05252037005431640 0.00250000095367432
v 0.18064118194580078 0.05255444293029297 0.00250000095367432
v 0.18040000152587890 0.05265434603698242 0.00250000095367432
v 0.18019289398193361 0.05281326251037109 0.00250000095367432
v 0.18176602554321289 0.05302037005431640 0.00250000095367432
v 0.18003397369384766 0.05302037005431640 0.00250000095367432
v 0.17993407440185546 0.05326155047423828 0.00250000095367432
v 0.17990000152587890 0.05352037005431640 0.00250000095367432
v 0.17993407440185546 0.05377918963439453 0.00250000095367432
v 0.18003397369384766 0.05402037005431640 0.00250000095367432
v 0.17766794967651367 0.05192229418761719 0.00250000095367432
v 0.17816794967651367 0.05278831820495117 0.00250000095367432
v 0.18265881729125977 0.05515251879699219 0.00250000095367432
v 0.18290000152587890 0.05525242190368164 0.00250000095367432
v 0.18240000152587890 0.05511844592101562 0.00250000095367432
v 0.18214118194580078 0.05515251879699219 0.00250000095367432
v 0.18190000152587890 0.05525242190368164 0.00250000095367432
v 0.18169289398193358 0.05541133837707031 0.00250000095367432
v 0.18153397369384766 0.05561844592101562 0.00250000095367432
v 0.18143407440185547 0.05585962634093750 0.00250000095367432
v 0.18140000152587890 0.05611844592101562 0.00250000095367432
v 0.18221707153320313 0.04814115862853515 0.00321393871307373
v 0.18646186065673828 0.05608272891051758 0.00353553485870361
v 0.17515000152587892 0.05222133212096679 0.00250000095367432
v 0.17558293151855470 0.05197137789733398 0.00321393871307373
v 0.18865000152587891 0.05828350787169922 0.00250000095367432
v 0.18513204956054688 0.05685049777038086 0.00250000095367432
v 0.18336592483520509 0.05637726550109375 0.00250000095367432
v 0.18326602554321289 0.05661844592101562 0.00250000095367432
v 0.18310710525512697 0.05682555346496093 0.00250000095367432
v 0.18476602554321289 0.05821652178771484 0.00250000095367432
v 0.18426602554321289 0.05735049777038086 0.00250000095367432
v 0.18663204956054688 0.05944856982238281 0.00250000095367432
v 0.18486592483520509 0.05845770220763671 0.00250000095367432
v 0.18490000152587890 0.05871652178771484 0.00250000095367432
v 0.18486592483520509 0.05897534136779296 0.00250000095367432
v 0.18476602554321289 0.05921652178771484 0.00250000095367432
v 0.18460710525512697 0.05942362933166016 0.00250000095367432
v 0.18303397369384766 0.05921652178771484 0.00250000095367432
v 0.18319289398193359 0.05942362933166016 0.00250000095367432
v 0.18440000152587890 0.05958254961974609 0.00250000095367432
v 0.18415881729125977 0.05968244891173828 0.00250000095367432
v 0.18390000152587890 0.05971652178771484 0.00250000095367432
v 0.18364118194580079 0.05968244891173828 0.00250000095367432
v 0.18340000152587890 0.05958254961974609 0.00250000095367432
v 0.18143407440185547 0.05637726550109375 0.00250000095367432
v 0.18153397369384766 0.05661844592101562 0.00250000095367432
v 0.18290000152587890 0.05698446993834961 0.00250000095367432
v 0.18265881729125977 0.05708437304503906 0.00250000095367432
v 0.18240000152587890 0.05711844592101562 0.00250000095367432
v 0.18190000152587890 0.05698446993834961 0.00250000095367432
v 0.18169289398193358 0.05682555346496093 0.00250000095367432
v 0.18214118194580078 0.05708437304503906 0.00250000095367432
v 0.18253397369384766 0.05835049395568359 0.00250000095367432
v 0.18166794967651367 0.05885049395568359 0.00250000095367432
v 0.17965000152587890 0.06001556353576171 0.00250000095367432
v 0.18316794967651367 0.06144856982238281 0.00250000095367432
v 0.18796186065673828 0.05868080859191406 0.00353553485870361
v 0.18033813858032227 0.05961826281554687 0.00353553485870361
v 0.18168335342407227 0.04844929842956054 0.00383022308349609
v 0.18106506347656251 0.04880627017028320 0.00433012771606445
v 0.17673493576049806 0.05130627017028320 0.00433012771606445
v 0.18038098907470704 0.04920121722228515 0.00469846439361572
v 0.17772679519653320 0.04842421679503906 0.00479583263397217
v 0.17712135696411133 0.04877376894958008 0.00471504211425781
v 0.17965192031860353 0.04962214617736328 0.00492403984069824
v 0.17741901016235351 0.05091131930358398 0.00469846439361572
v 0.17890000152587890 0.05005627017028320 0.00500000095367432
v 0.17814808273315430 0.05049039034850586 0.00492403984069824
v 0.18326602554321289 0.05561844592101562 0.00489898014068604
v 0.18315325927734374 0.05546113162047851 0.00490285968780518
v 0.18334587860107424 0.05579476122863281 0.00490285968780518
v 0.18339151000976564 0.05598841433532226 0.00491394042968750
v 0.18339738082885743 0.05618701128966797 0.00493069744110107
v 0.18300836563110351 0.05532479052550781 0.00491394042968750
v 0.18283930969238282 0.05522040514953125 0.00493069744110107
v 0.18265884017944337 0.05515252642638672 0.00494974613189697
v 0.18246860122680664 0.05512107043273437 0.00496871852874756
v 0.18226998901367189 0.05512693362243164 0.00498529815673828
v 0.18207632064819337 0.05517256503112304 0.00499619865417480
v 0.18190000152587890 0.05525242190368164 0.00500000095367432
v 0.18174268341064453 0.05536519198424805 0.00499619865417480
v 0.18160633087158204 0.05551009707458007 0.00498529815673828
v 0.18143407058715821 0.05585964922912109 0.00494974613189697
v 0.18150194549560547 0.05567916827208984 0.00496871852874756
v 0.18140261840820313 0.05604988055236328 0.00493069744110107
v 0.17611664962768556 0.05166323809630859 0.00383022308349609
v 0.17597334289550781 0.04943657259948242 0.00425331306457520
v 0.17653265380859376 0.04911365466125000 0.00453289794921875
v 0.18556506347656251 0.05660049777038086 0.00433012771606445
v 0.18706506347656252 0.05919856982238281 0.00433012771606445
v 0.18123493576049804 0.05910049395568359 0.00433012771606445
v 0.18452071762084962 0.05720344882018554 0.00482962989807129
v 0.18336593246459962 0.05637724642760742 0.00494974613189697
v 0.18329805374145508 0.05655772356994140 0.00496871852874756
v 0.18319366836547851 0.05672679476745117 0.00498529815673828
v 0.18305731582641602 0.05687169985778320 0.00499619865417480
v 0.18340000152587890 0.05785049777038086 0.00500000095367432
v 0.18602071762084962 0.05980152850158203 0.00482962989807129
v 0.18490000152587890 0.06044856982238281 0.00500000095367432
v 0.18145412063598634 0.05644213061339844 0.00490285968780518
v 0.18153397369384766 0.05661844592101562 0.00489898014068604
v 0.18164673995971681 0.05677576022155273 0.00490285968780518
v 0.18179163360595704 0.05691210513122070 0.00491394042968750
v 0.18290000152587890 0.05698446993834961 0.00500000095367432
v 0.18272367858886718 0.05706432681090820 0.00499619865417480
v 0.18233139801025391 0.05711582522399414 0.00496871852874756
v 0.18253001022338869 0.05710995821959960 0.00498529815673828
v 0.18196068954467773 0.05701648669250000 0.00493069744110107
v 0.18214115905761719 0.05708436541564453 0.00494974613189697
v 0.18140848922729494 0.05624847750670898 0.00491394042968750
v 0.18227928161621093 0.05849754290587891 0.00482962989807129
v 0.18852071762084963 0.06413165240294920 0.00482962989807129
v 0.18740000152587891 0.06477870135314451 0.00500000095367432
v 0.18039666748046876 0.06304857592589844 0.00500000095367432
v 0.17919076156616212 0.06354807238585937 0.00500000095367432
v 0.17789666748046876 0.06371844439513671 0.00500000095367432
v 0.17356653976440431 0.06121844439513672 0.00500000095367432
v 0.17436113357543945 0.06225398211486328 0.00500000095367432
v 0.17539666748046875 0.06304857592589844 0.00500000095367432
v 0.17660257339477539 0.06354807238585937 0.00500000095367432
v 0.15741703796386719 0.03031775622375000 0.00500000095367432
v 0.15741703796386719 0.03290594439513671 0.00500000095367432
v 0.15791654205322267 0.03411185030944336 0.00500000095367432
v 0.15724666595458986 0.03161185030944336 0.00500000095367432
v 0.15178052520751953 0.03521985583312499 0.00500000095367432
v 0.15129816436767579 0.03502005343444336 0.00500000095367432
v 0.15219473266601563 0.03553769259459961 0.00500000095367432
v 0.15251257324218750 0.03595190386779296 0.00500000095367432
v 0.15078052520751953 0.03495190386779296 0.00500000095367432
v 0.14749999999999999 0.03495190386779296 0.00500000095367432
v 0.14698236083984376 0.03502005343444336 0.00500000095367432
v 0.14649999999999999 0.03521985583312499 0.00500000095367432
v 0.14608578491210938 0.03553769259459961 0.00500000095367432
v 0.14576795196533204 0.03595190386779296 0.00500000095367432
v 0.14556814575195312 0.03643426852233398 0.00500000095367432
v 0.14549999999999999 0.03695190386779296 0.00500000095367432
v 0.14250000000000002 0.03495190386779296 0.00500000095367432
v 0.14549999999999999 0.04806987338073242 0.00500000095367432
v 0.14553038787841796 0.04841717104918945 0.00500000095367432
v 0.14562061309814453 0.04875391345031250 0.00500000095367432
v 0.14576795196533204 0.04906987338073242 0.00500000095367432
v 0.14801763916015626 0.06013802294738281 0.00500000095367432
v 0.14849999999999999 0.06033782153136719 0.00500000095367432
v 0.14749999999999999 0.06006986956603515 0.00500000095367432
v 0.14698236083984376 0.06013802294738281 0.00500000095367432
v 0.14649999999999999 0.06033782153136719 0.00500000095367432
v 0.14891421508789063 0.06065566210753906 0.00500000095367432
v 0.14923204803466797 0.06106986956603516 0.00500000095367432
v 0.14608578491210938 0.06065566210753906 0.00500000095367432
v 0.14576795196533204 0.06106986956603516 0.00500000095367432
v 0.14556814575195312 0.06155223803527343 0.00500000095367432
v 0.14549999999999999 0.06206986956603516 0.00500000095367432
v 0.10200000000000001 -0.00129409546844971 -0.00482962810993195
v 0.10200000000000001 0.00000000004775513 -0.00499999904632568
v 0.10200000000000001 -0.00249999995224487 -0.00433012604713440
v 0.09900000000000000 -0.00096918148987305 -0.00487240386009216
v 0.09900000000000000 -0.00129409546844971 -0.00482962810993195
v 0.09900000000000000 0.00000000004775513 -0.00499999904632568
v 0.09900000000000000 0.00100296454436768 -0.00499999904632568
v 0.09900000000000000 0.00148045163161743 -0.00488039469718933
v 0.09900000000000000 0.00195168547637451 -0.00471178460121155
v 0.09900000000000000 0.00240412383086670 -0.00449779736995697
v 0.09900000000000000 -0.00249999995224487 -0.00433012604713440
v 0.09900000000000000 -0.00083722252838623 -0.00420900154113770
v 0.09900000000000000 0.00283340792663086 -0.00424049401283264
v 0.09900000000000000 0.00323540549285400 -0.00394235229492187
v 0.09900000000000000 0.00820000033385742 -0.00499999904632568
v 0.10200000000000001 -0.00353553385727417 -0.00353553295135498
v 0.09900000000000000 -0.00353553385727417 -0.00353553295135498
v 0.09900000000000000 -0.00034289307587158 -0.00348145031929016
v 0.09900000000000000 0.00360624461181152 -0.00360624361038208
v 0.09900000000000000 0.00394235377318848 -0.00323540472984314
v 0.09900000000000000 0.00424049525268066 -0.00283340716362000
v 0.07480000305175781 -0.00129409546844971 -0.00482962810993195
v 0.07480000305175781 0.00000000004775513 -0.00499999904632568
v 0.07480000305175781 -0.00249999995224487 -0.00433012604713440
v 0.06980000305175782 -0.00129409546844971 -0.00482962810993195
v 0.06550709533691407 -0.00070712180130493 -0.00494974434375763
v 0.06535806274414063 -0.00082947392456543 -0.00493069553375244
v 0.06518315124511719 -0.00092368836395752 -0.00491393828392029
v 0.06499261474609375 -0.00098099751465332 -0.00490285813808441
v 0.06441685485839845 -0.00092368836395752 -0.00491393828392029
v 0.06460737609863282 -0.00098099751465332 -0.00490285813808441
v 0.06480000305175782 -0.00099999995224487 -0.00489897847175598
v 0.06680000305175782 -0.00129409546844971 -0.00482962810993195
v 0.06409291076660156 -0.00070712180130493 -0.00494974434375763
v 0.06424192810058593 -0.00082947392456543 -0.00493069553375244
v 0.06980000305175782 0.00000000004775513 -0.00499999904632568
v 0.06680000305175782 0.00000000004775513 -0.00499999904632568
v 0.06572367858886718 -0.00038316435806763 -0.00498529589176178
v 0.06562945556640624 -0.00055810017578613 -0.00496871685981751
v 0.06578099060058594 -0.00019262642853271 -0.00499619674682617
v 0.06580000305175782 0.00000000004775513 -0.00499999904632568
v 0.06578099060058594 0.00019262652404297 -0.00499619674682617
v 0.06572367858886718 0.00038316445357788 -0.00498529589176178
v 0.06562945556640624 0.00055810027129639 -0.00496871685981751
v 0.06550709533691407 0.00070712141997803 -0.00494974434375763
v 0.06535806274414063 0.00082947354323853 -0.00493069553375244
v 0.06518315124511719 0.00092368845946777 -0.00491393828392029
v 0.06499261474609375 0.00098099761016357 -0.00490285813808441
v 0.06441685485839845 0.00092368845946777 -0.00491393828392029
v 0.06460737609863282 0.00098099761016357 -0.00490285813808441
v 0.06480000305175782 0.00100000004775513 -0.00489897847175598
v 0.06680000305175782 0.00129409508712280 -0.00482962810993195
v 0.06387631225585938 -0.00038316435806763 -0.00498529589176178
v 0.06397055053710937 -0.00055810017578613 -0.00496871685981751
v 0.06381900024414063 -0.00019262642853271 -0.00499619674682617
v 0.06380000305175781 0.00000000004775513 -0.00499999904632568
v 0.06381900024414063 0.00019262652404297 -0.00499619674682617
v 0.06387631225585938 0.00038316445357788 -0.00498529589176178
v 0.06397055053710937 0.00055810027129639 -0.00496871685981751
v 0.06409291076660156 0.00070712141997803 -0.00494974434375763
v 0.06424192810058593 0.00082947354323853 -0.00493069553375244
v 0.06980000305175782 -0.00249999995224487 -0.00433012604713440
v 0.06680000305175782 -0.00249999995224487 -0.00433012604713440
v 0.06680000305175782 0.00249999957091797 -0.00433012604713440
v 0.07480000305175781 0.00820000033385742 -0.00499999904632568
v 0.06980000305175782 0.00520000033385742 -0.00499999904632568
v 0.06962962341308594 0.00649409537322510 -0.00499999904632568
v 0.06913012695312500 0.00770000033385742 -0.00499999904632568
v 0.06833554077148438 0.00873553423888672 -0.00499999904632568
v 0.06730000305175782 0.00953012709624756 -0.00499999904632568
v 0.06609410095214843 0.01002962927825439 -0.00499999904632568
v 0.06480000305175782 0.01020000033385742 -0.00499999904632568
v 0.07480000305175781 -0.00353553385727417 -0.00353553295135498
v 0.06980000305175782 -0.00353553385727417 -0.00353553295135498
v 0.06680000305175782 -0.00353553385727417 -0.00353553295135498
v 0.06680000305175782 0.00353553347594727 -0.00353553295135498
v 0.10700000000000000 0.01380000071532715 -0.00499999904632568
v 0.10200000000000001 0.01380000071532715 -0.00499999904632568
v 0.10500000000000000 0.01580000071532715 -0.00499999904632568
v 0.10700000000000000 0.02820000033385742 -0.00499999904632568
v 0.10500000000000000 0.02820000033385742 -0.00499999904632568
v 0.10700000000000000 0.02122354273803222 -0.00289777636528015
v 0.10700000000000000 0.02049999957091796 -0.00259807515144348
v 0.10500000000000000 0.02122354273803222 -0.00289777636528015
v 0.10500000000000000 0.02049999957091796 -0.00259807515144348
v 0.10700000000000000 0.02199999957091796 -0.00299999904632568
v 0.10700000000000000 0.02277645640380371 -0.00289777636528015
v 0.10700000000000000 0.02349999957091797 -0.00259807515144348
v 0.10500000000000000 0.02199999957091796 -0.00299999904632568
v 0.10500000000000000 0.02277645640380371 -0.00289777636528015
v 0.10500000000000000 0.02349999957091797 -0.00259807515144348
v 0.07480000305175781 0.01580000071532715 -0.00499999904632568
v 0.07428236389160156 0.01586814837462890 -0.00499999904632568
v 0.07380000305175781 0.01606794886596191 -0.00499999904632568
v 0.07338578796386719 0.01638578562743652 -0.00499999904632568
v 0.07306794738769531 0.01680000071532714 -0.00499999904632568
v 0.06953204345703125 0.01680000071532714 -0.00499999904632568
v 0.06880000305175782 0.01606794886596191 -0.00499999904632568
v 0.06831764221191407 0.01586814837462890 -0.00499999904632568
v 0.06780000305175782 0.01580000071532715 -0.00499999904632568
v 0.06921421813964844 0.01638578562743652 -0.00499999904632568
v 0.07286814880371094 0.01728236155517089 -0.00499999904632568
v 0.07280000305175781 0.01780000071532714 -0.00499999904632568
v 0.06973185729980469 0.01728236155517089 -0.00499999904632568
v 0.06980000305175782 0.01780000071532714 -0.00499999904632568
v 0.07480000305175781 0.02820000033385742 -0.00499999904632568
v 0.07428236389160156 0.02813185076720703 -0.00499999904632568
v 0.07280000305175781 0.02620000033385742 -0.00499999904632568
v 0.07286814880371094 0.02671763949401367 -0.00499999904632568
v 0.07306794738769531 0.02720000033385742 -0.00499999904632568
v 0.07338578796386719 0.02761421542174804 -0.00499999904632568
v 0.06980000305175782 0.02620000033385742 -0.00499999904632568
v 0.06973185729980469 0.02671763949401367 -0.00499999904632568
v 0.06953204345703125 0.02720000033385742 -0.00499999904632568
v 0.06921421813964844 0.02761421542174804 -0.00499999904632568
v 0.07380000305175781 0.02793205218322265 -0.00499999904632568
v 0.06880000305175782 0.02793205218322265 -0.00499999904632568
v 0.06831764221191407 0.02813185076720703 -0.00499999904632568
v 0.06780000305175782 0.02820000033385742 -0.00499999904632568
v 0.10200000000000001 -0.00433012707226288 -0.00249999904632568
v 0.10799900054931641 -0.00074999995224487 -0.00129903697967529
v 0.10200000000000001 -0.00482962913506042 -0.00129409408569336
v 0.10200000000000001 -0.00074999995224487 -0.00129903697967529
v 0.10799900054931641 0.00000000004775513 -0.00149999904632568
v 0.10799900054931641 -0.00038822884552490 -0.00144888782501221
v 0.10799900054931641 0.00038822846419800 -0.00144888782501221
v 0.10799900054931641 0.00075000004775513 -0.00129903697967529
v 0.10200000000000001 0.00000000004775513 -0.00149999904632568
v 0.10200000000000001 -0.00038822884552490 -0.00144888782501221
v 0.10200000000000001 0.00038822846419800 -0.00144888782501221
v 0.10200000000000001 0.00075000004775513 -0.00129903697967529
v 0.09900000000000000 -0.00433012707226288 -0.00249999904632568
v 0.09900000000000000 -0.00482962913506042 -0.00129409408569336
v 0.10799900054931641 0.01024999957091797 -0.00129903697967529
v 0.10799900054931641 0.01099999957091797 -0.00149999904632568
v 0.10799900054931641 0.01061177210814941 -0.00144888782501221
v 0.10799900054931641 0.01138822894103515 -0.00144888782501221
v 0.10799900054931641 0.01174999957091797 -0.00129903697967529
v 0.10200000000000001 0.01024999957091797 -0.00129903697967529
v 0.10200000000000001 0.01099999957091797 -0.00149999904632568
v 0.10200000000000001 0.01061177210814941 -0.00144888782501221
v 0.10200000000000001 0.01138822894103515 -0.00144888782501221
v 0.10200000000000001 0.01174999957091797 -0.00129903697967529
v 0.09900000000000000 0.00449779849059570 -0.00240412235260010
v 0.09900000000000000 0.00471178584105957 -0.00195168447494507
v 0.09900000000000000 0.00488039546020019 -0.00148045063018799
v 0.10799900054931641 -0.00106066031448853 -0.00106065940856934
v 0.10799900054931641 -0.00129903836243164 -0.00074999904632568
v 0.10200000000000001 -0.00106066031448853 -0.00106065940856934
v 0.10200000000000001 -0.00129903836243164 -0.00074999904632568
v 0.10799900054931641 0.00106065993316162 -0.00106065940856934
v 0.10799900054931641 0.00129903798110474 -0.00074999904632568
v 0.10200000000000001 0.00106065993316162 -0.00106065940856934
v 0.10200000000000001 0.00129903798110474 -0.00074999904632568
v 0.10799900054931641 -0.00144888873093140 -0.00038822746276855
v 0.10200000000000001 -0.00144888873093140 -0.00038822746276855
v 0.10799900054931641 0.00144888882644165 -0.00038822746276855
v 0.10200000000000001 0.00144888882644165 -0.00038822746276855
v 0.10799900054931641 0.00993934016234863 -0.00106065940856934
v 0.10799900054931641 0.01206066088683594 -0.00106065940856934
v 0.10799900054931641 0.00970096163756836 -0.00074999904632568
v 0.10799900054931641 0.01229903750426758 -0.00074999904632568
v 0.10200000000000001 0.00993934016234863 -0.00106065940856934
v 0.10200000000000001 0.01206066088683594 -0.00106065940856934
v 0.10200000000000001 0.00970096163756836 -0.00074999904632568
v 0.10200000000000001 0.01229903750426758 -0.00074999904632568
v 0.10799900054931641 0.00955111079223144 -0.00038822746276855
v 0.10799900054931641 0.01244888834960449 -0.00038822746276855
v 0.10200000000000001 0.00955111079223144 -0.00038822746276855
v 0.10200000000000001 0.01244888834960449 -0.00038822746276855
v 0.09900000000000000 0.00500200514800537 -0.00099495983123779
v 0.09900000000000000 0.00507544188506592 -0.00049988651275635
v 0.07480000305175781 -0.00433012707226288 -0.00249999904632568
v 0.07480000305175781 -0.00482962913506042 -0.00129409408569336
v 0.06980000305175782 -0.00433012707226288 -0.00249999904632568
v 0.06980000305175782 -0.00199999995224487 -0.00249999904632568
v 0.06980000305175782 -0.00212940950386536 -0.00248296189308167
v 0.06980000305175782 -0.00224999995224487 -0.00243301177024841
v 0.06980000305175782 -0.00235355348579895 -0.00235355234146118
v 0.06850711059570312 -0.00070710701935303 -0.00249999904632568
v 0.06805882263183594 -0.00096592564575684 -0.00249999904632568
v 0.06780000305175782 -0.00099999995224487 -0.00249999904632568
v 0.06830000305175782 -0.00086602540009033 -0.00249999904632568
v 0.06980000305175782 -0.00243301267616760 -0.00224999904632568
v 0.06980000305175782 -0.00248296303741943 -0.00212940859794617
v 0.06980000305175782 -0.00249999995224487 -0.00199999904632568
v 0.06680000305175782 -0.00433012707226288 -0.00249999904632568
v 0.06680000305175782 -0.00199999995224487 -0.00249999904632568
v 0.06680000305175782 -0.00212940950386536 -0.00248296189308167
v 0.06680000305175782 -0.00224999995224487 -0.00243301177024841
v 0.06680000305175782 -0.00235355348579895 -0.00235355234146118
v 0.06680000305175782 -0.00099999995224487 -0.00249999904632568
v 0.06530000305175782 -0.00086602540009033 -0.00249999904632568
v 0.06550711059570313 -0.00070710701935303 -0.00249999904632568
v 0.06505882263183593 -0.00096592564575684 -0.00249999904632568
v 0.06480000305175782 -0.00099999995224487 -0.00249999904632568
v 0.06454118347167968 -0.00096592564575684 -0.00249999904632568
v 0.06680000305175782 -0.00243301267616760 -0.00224999904632568
v 0.06430000305175781 -0.00086602540009033 -0.00249999904632568
v 0.06409289550781250 -0.00070710701935303 -0.00249999904632568
v 0.06180000305175781 -0.00099999995224487 -0.00249999904632568
v 0.06154118347167969 -0.00096592564575684 -0.00249999904632568
v 0.06130000305175781 -0.00086602540009033 -0.00249999904632568
v 0.06680000305175782 -0.00248296303741943 -0.00212940859794617
v 0.06680000305175782 -0.00249999995224487 -0.00199999904632568
v 0.06866603088378906 -0.00049999995224487 -0.00249999904632568
v 0.06876593017578125 -0.00025881905548584 -0.00249999904632568
v 0.06880000305175782 0.00000000004775513 -0.00249999904632568
v 0.06876593017578125 0.00025881915099609 -0.00249999904632568
v 0.06866603088378906 0.00050000004775513 -0.00249999904632568
v 0.06850711059570312 0.00070710663802612 -0.00249999904632568
v 0.06830000305175782 0.00086602549560059 -0.00249999904632568
v 0.06805882263183594 0.00096592574126709 -0.00249999904632568
v 0.06780000305175782 0.00100000004775513 -0.00249999904632568
v 0.06980000305175782 0.00200000004775513 -0.00249999904632568
v 0.06980000305175782 0.00212940936095703 -0.00248296189308167
v 0.06980000305175782 0.00224999957091797 -0.00243301177024841
v 0.06980000305175782 0.00235355334289062 -0.00235355234146118
v 0.06980000305175782 0.00243301253325928 -0.00224999904632568
v 0.06980000305175782 0.00248296313292969 -0.00212940859794617
v 0.06980000305175782 0.00249999957091797 -0.00199999904632568
v 0.06566603088378907 -0.00049999995224487 -0.00249999904632568
v 0.06576593017578125 -0.00025881905548584 -0.00249999904632568
v 0.06580000305175782 0.00000000004775513 -0.00249999904632568
v 0.06576593017578125 0.00025881915099609 -0.00249999904632568
v 0.06680000305175782 0.00100000004775513 -0.00249999904632568
v 0.06566603088378907 0.00050000004775513 -0.00249999904632568
v 0.06550711059570313 0.00070710663802612 -0.00249999904632568
v 0.06530000305175782 0.00086602549560059 -0.00249999904632568
v 0.06505882263183593 0.00096592574126709 -0.00249999904632568
v 0.06480000305175782 0.00100000004775513 -0.00249999904632568
v 0.06454118347167968 0.00096592574126709 -0.00249999904632568
v 0.06393397521972656 -0.00049999995224487 -0.00249999904632568
v 0.06383407592773438 -0.00025881905548584 -0.00249999904632568
v 0.06380000305175781 0.00000000004775513 -0.00249999904632568
v 0.06383407592773438 0.00025881915099609 -0.00249999904632568
v 0.06409289550781250 0.00070710663802612 -0.00249999904632568
v 0.06393397521972656 0.00050000004775513 -0.00249999904632568
v 0.06430000305175781 0.00086602549560059 -0.00249999904632568
v 0.06180000305175781 0.00100000004775513 -0.00249999904632568
v 0.06130000305175781 0.00086602549560059 -0.00249999904632568
v 0.06154118347167969 0.00096592574126709 -0.00249999904632568
v 0.06680000305175782 0.00200000004775513 -0.00249999904632568
v 0.06680000305175782 0.00212940936095703 -0.00248296189308167
v 0.06680000305175782 0.00224999957091797 -0.00243301177024841
v 0.06680000305175782 0.00235355334289062 -0.00235355234146118
v 0.06680000305175782 0.00243301253325928 -0.00224999904632568
v 0.06680000305175782 0.00248296313292969 -0.00212940859794617
v 0.06680000305175782 0.00249999957091797 -0.00199999904632568
v 0.06980000305175782 -0.00482962913506042 -0.00129409408569336
v 0.06680000305175782 -0.00482962913506042 -0.00129409408569336
v 0.06680000305175782 0.00433012728698242 -0.00249999904632568
v 0.06680000305175782 0.00482962946898926 -0.00129409408569336
v 0.10700000000000000 0.01987867884643066 -0.00212131929397583
v 0.10500000000000000 0.01987867884643066 -0.00212131929397583
v 0.10700000000000000 0.01940192370421875 -0.00149999904632568
v 0.10500000000000000 0.01940192370421875 -0.00149999904632568
v 0.10700000000000000 0.02412132029540527 -0.00212131929397583
v 0.10500000000000000 0.02412132029540527 -0.00212131929397583
v 0.10700000000000000 0.02459807543761718 -0.00149999904632568
v 0.10500000000000000 0.02459807543761718 -0.00149999904632568
v 0.10700000000000000 0.01764999918944824 -0.00064999914169312
v 0.10700000000000000 0.01748176722533691 -0.00062785100936890
v 0.10700000000000000 0.01781823306090820 -0.00062785100936890
v 0.10700000000000000 0.01910222201354492 -0.00077645635604858
v 0.10500000000000000 0.01764999918944824 -0.00064999914169312
v 0.10500000000000000 0.01748176722533691 -0.00062785100936890
v 0.10500000000000000 0.01781823306090820 -0.00062785100936890
v 0.10500000000000000 0.01910222201354492 -0.00077645635604858
v 0.10700000000000000 0.01732500033385742 -0.00056291532516479
v 0.10700000000000000 0.01797499995238769 -0.00056291532516479
v 0.10700000000000000 0.01719037966735351 -0.00045961856842041
v 0.10700000000000000 0.01708708338744629 -0.00032499885559082
v 0.10700000000000000 0.01810961871154296 -0.00045961856842041
v 0.10700000000000000 0.01821291689879882 -0.00032499885559082
v 0.10700000000000000 0.01702214770324218 -0.00016823148727417
v 0.10700000000000000 0.01827785258300292 -0.00016823148727417
v 0.10500000000000000 0.01732500033385742 -0.00056291532516479
v 0.10500000000000000 0.01797499995238769 -0.00056291532516479
v 0.10500000000000000 0.01719037966735351 -0.00045961856842041
v 0.10500000000000000 0.01708708338744629 -0.00032499885559082
v 0.10500000000000000 0.01810961871154296 -0.00045961856842041
v 0.10500000000000000 0.01821291689879882 -0.00032499885559082
v 0.10500000000000000 0.01702214770324218 -0.00016823148727417
v 0.10500000000000000 0.01827785258300292 -0.00016823148727417
v 0.10700000000000000 0.02489777712829101 -0.00077645635604858
v 0.10500000000000000 0.02489777712829101 -0.00077645635604858
v 0.10700000000000000 0.02635000185973633 -0.00064999914169312
v 0.10700000000000000 0.02618176608092773 -0.00062785100936890
v 0.10700000000000000 0.02651823382384765 -0.00062785100936890
v 0.10500000000000000 0.02635000185973633 -0.00064999914169312
v 0.10500000000000000 0.02618176608092773 -0.00062785100936890
v 0.10500000000000000 0.02651823382384765 -0.00062785100936890
v 0.10700000000000000 0.02602499918944824 -0.00056291532516479
v 0.10700000000000000 0.02667499880797851 -0.00056291532516479
v 0.10700000000000000 0.02589038043029297 -0.00045961856842041
v 0.10700000000000000 0.02578708415038574 -0.00032499885559082
v 0.10700000000000000 0.02680961947448242 -0.00045961856842041
v 0.10700000000000000 0.02691291766173828 -0.00032499885559082
v 0.10700000000000000 0.02572214846618164 -0.00016823148727417
v 0.10700000000000000 0.02697785143859375 -0.00016823148727417
v 0.10500000000000000 0.02602499918944824 -0.00056291532516479
v 0.10500000000000000 0.02667499880797851 -0.00056291532516479
v 0.10500000000000000 0.02589038043029297 -0.00045961856842041
v 0.10500000000000000 0.02578708415038574 -0.00032499885559082
v 0.10500000000000000 0.02680961947448242 -0.00045961856842041
v 0.10500000000000000 0.02691291766173828 -0.00032499885559082
v 0.10500000000000000 0.02572214846618164 -0.00016823148727417
v 0.10500000000000000 0.02697785143859375 -0.00016823148727417
v 0.05780000305175782 -0.00086824078552734 -0.00492403781414032
v 0.05780000305175782 -0.00171010060303223 -0.00469846212863922
v 0.05580000305175781 -0.00089910168640625 -0.00471504044532776
v 0.05580000305175781 -0.00157887597076904 -0.00453289544582367
v 0.05780000305175782 0.00000000004775513 -0.00499999904632568
v 0.05780000305175782 0.00086824088103760 -0.00492403781414032
v 0.05580000305175781 -0.00020000023834717 -0.00479583048820496
v 0.05780000305175782 0.00171010069854248 -0.00469846212863922
v 0.05780000305175782 -0.00249999995224487 -0.00433012604713440
v 0.05580000305175781 -0.00222471065514099 -0.00425331091880798
v 0.05780000305175782 -0.00321393818848144 -0.00383022117614746
v 0.05780000305175782 0.00249999957091797 -0.00433012604713440
v 0.05580000305175781 0.00257112078673828 -0.00405331099033356
v 0.05780000305175782 0.00321393828399170 -0.00383022117614746
v 0.05780000305175782 -0.00383022232048523 -0.00321393704414368
v 0.05580000305175781 0.00313616518981445 -0.00363379383087158
v 0.05580000305175781 0.00363379530913818 -0.00313616466522217
v 0.05780000305175782 0.00383022170073975 -0.00321393704414368
v 0.05580000305175781 0.00405331187255371 -0.00257111978530884
v 0.02850000000000000 -0.00129409546844971 -0.00482962810993195
v 0.02550000000000000 -0.00129409546844971 -0.00482962810993195
v 0.02850000000000000 0.00000000004775513 -0.00499999904632568
v 0.02550000000000000 0.00000000004775513 -0.00499999904632568
v 0.02850000000000000 -0.00249999995224487 -0.00433012604713440
v 0.02550000000000000 -0.00249999995224487 -0.00433012604713440
v 0.02850000000000000 0.00520000033385742 -0.00499999904632568
v 0.02866343688964844 0.00646793513305176 -0.00499999904632568
v 0.02914306640625000 0.00765297942168701 -0.00499999904632568
v 0.03333764648437500 0.01019736437804687 -0.00499999904632568
v 0.03333308410644531 0.01020000033385742 -0.00499999904632568
v 0.02990753173828125 0.00867766051299560 -0.00499999904632568
v 0.03090684509277344 0.00947498946197021 -0.00499999904632568
v 0.03207568359375000 0.00999284224517334 -0.00499999904632568
v 0.02850000000000000 -0.00353553385727417 -0.00353553295135498
v 0.02550000000000000 -0.00353553385727417 -0.00353553295135498
v 0.04861289978027344 0.01580000071532715 -0.00499999904632568
v 0.04809526062011719 0.01586814837462890 -0.00499999904632568
v 0.04761289978027344 0.01606794886596191 -0.00499999904632568
v 0.04719868469238282 0.01638578562743652 -0.00499999904632568
v 0.04688084411621094 0.01680000071532714 -0.00499999904632568
v 0.04017192077636719 0.01317979960448730 -0.00499999904632568
v 0.04668104553222657 0.01728236155517089 -0.00499999904632568
v 0.04661289978027344 0.01780000071532714 -0.00499999904632568
v 0.04688084411621094 0.01880000071532715 -0.00499999904632568
v 0.04668104553222657 0.01831763796813476 -0.00499999904632568
v 0.05173059082031250 0.02720000033385742 -0.00499999904632568
v 0.05204841613769531 0.02761421542174804 -0.00499999904632568
v 0.05346263122558594 0.02820000033385742 -0.00499999904632568
v 0.05246263122558595 0.02793205218322265 -0.00499999904632568
v 0.05294499206542969 0.02813185076720703 -0.00499999904632568
v 0.04592192077636719 0.02313909296996582 -0.00499999904632568
v 0.04692192077636719 0.02487114291198242 -0.00499999904632568
v 0.04185159301757813 0.02548909144408691 -0.00259807515144348
v 0.04249310302734375 0.02742811923034179 -0.00279651498794556
v 0.04055255126953125 0.02623909335143554 -0.00299999904632568
v 0.04122499084472656 0.02585086398131835 -0.00289777636528015
v 0.03988012695312500 0.02662732272155273 -0.00289777636528015
v 0.04183422851562501 0.02780851702697265 -0.00298231577873230
v 0.04115617370605470 0.02820000033385742 -0.00296487641334534
v 0.03925352478027344 0.02698909335143554 -0.00259807515144348
v 0.04050511169433595 0.02857588534362304 -0.00274538564682007
v 0.02550000000000001 0.01472243266112793 -0.00499999904632568
v 0.02291024780273438 0.01968172411925781 -0.00499999904632568
v 0.02141024780273438 0.01708364825255859 -0.00499999904632568
v 0.02028953552246094 0.01773069529540527 -0.00482962810993195
v 0.02178953552246094 0.02032877116210449 -0.00482962810993195
v 0.01924519348144531 0.01833364825255859 -0.00433012604713440
v 0.02074519348144532 0.02093172411925781 -0.00433012604713440
v 0.01425000000000000 0.02468172411925781 -0.00499999904632568
v 0.01312928771972657 0.02532877116210449 -0.00482962810993195
v 0.01575000000000000 0.02727979998595703 -0.00499999904632568
v 0.01462928771972657 0.02792684893615234 -0.00482962810993195
v 0.01208493041992188 0.02593172411925781 -0.00433012604713440
v 0.01358493041992188 0.02852979998595703 -0.00433012604713440
v 0.01834838867187500 0.01885141520507324 -0.00353553295135498
v 0.01984838867187501 0.02144949107177246 -0.00353553295135498
v 0.01118814086914063 0.02644948916442382 -0.00353553295135498
v 0.01268814086914063 0.02904756884582031 -0.00353553295135498
v 0.05780000305175782 -0.00433012707226288 -0.00249999904632568
v 0.05580000305175781 -0.00425331194393646 -0.00222470974922180
v 0.05980000305175781 -0.00199999995224487 -0.00249999904632568
v 0.05980000305175781 -0.00212940950386536 -0.00248296189308167
v 0.05980000305175781 -0.00224999995224487 -0.00243301177024841
v 0.05980000305175781 -0.00235355348579895 -0.00235355234146118
v 0.05880000305175782 -0.00199999995224487 -0.00249999904632568
v 0.05880000305175782 -0.00212940950386536 -0.00248296189308167
v 0.05880000305175782 -0.00224999995224487 -0.00243301177024841
v 0.05880000305175782 -0.00235355348579895 -0.00235355234146118
v 0.06109289550781250 -0.00070710701935303 -0.00249999904632568
v 0.05980000305175781 -0.00243301267616760 -0.00224999904632568
v 0.05880000305175782 -0.00243301267616760 -0.00224999904632568
v 0.05980000305175781 -0.00248296303741943 -0.00212940859794617
v 0.05880000305175782 -0.00248296303741943 -0.00212940859794617
v 0.05980000305175781 -0.00249999995224487 -0.00199999904632568
v 0.05880000305175782 -0.00249999995224487 -0.00199999904632568
v 0.06093397521972656 -0.00049999995224487 -0.00249999904632568
v 0.06083407592773438 -0.00025881905548584 -0.00249999904632568
v 0.06080000305175781 0.00000000004775513 -0.00249999904632568
v 0.06083407592773438 0.00025881915099609 -0.00249999904632568
v 0.06093397521972656 0.00050000004775513 -0.00249999904632568
v 0.06109289550781250 0.00070710663802612 -0.00249999904632568
v 0.05980000305175781 0.00200000004775513 -0.00249999904632568
v 0.05980000305175781 0.00212940936095703 -0.00248296189308167
v 0.05980000305175781 0.00224999957091797 -0.00243301177024841
v 0.05980000305175781 0.00235355334289062 -0.00235355234146118
v 0.05880000305175782 0.00200000004775513 -0.00249999904632568
v 0.05880000305175782 0.00212940936095703 -0.00248296189308167
v 0.05880000305175782 0.00224999957091797 -0.00243301177024841
v 0.05880000305175782 0.00235355334289062 -0.00235355234146118
v 0.05980000305175781 0.00243301253325928 -0.00224999904632568
v 0.05880000305175782 0.00243301253325928 -0.00224999904632568
v 0.05980000305175781 0.00248296313292969 -0.00212940859794617
v 0.05880000305175782 0.00248296313292969 -0.00212940859794617
v 0.05980000305175781 0.00249999957091797 -0.00199999904632568
v 0.05880000305175782 0.00249999957091797 -0.00199999904632568
v 0.05780000305175782 -0.00469846315376770 -0.00171009969711304
v 0.05580000305175781 -0.00453289659016144 -0.00157887506484985
v 0.05580000305175781 -0.00020000023834717 -0.00148911523818970
v 0.05580000305175781 -0.00020666356079590 -0.00143488264083862
v 0.05580000305175781 -0.00057135291092407 -0.00138961124420166
v 0.05580000305175781 -0.00022621245377075 -0.00138473844528198
v 0.05580000305175781 -0.00053846592895996 -0.00134597635269165
v 0.05580000305175781 -0.00025735087387573 -0.00134200763702393
v 0.05580000305175781 -0.00049646372787964 -0.00131232500076294
v 0.05580000305175781 -0.00044813199036133 -0.00129088783264160
v 0.05580000305175781 -0.00029801316254150 -0.00130952310562134
v 0.05580000305175781 -0.00034550423614990 -0.00128943872451782
v 0.05580000305175781 -0.00039667506210815 -0.00128308677673340
v 0.05780000305175782 0.00433012728698242 -0.00249999904632568
v 0.05780000305175782 0.00469846301085937 -0.00171009969711304
v 0.05780000305175782 -0.00492403883926880 -0.00086823987960815
v 0.05580000305175781 -0.00471504158966553 -0.00089910078048706
v 0.05580000305175781 0.00091776328093994 -0.00118961143493652
v 0.05580000305175781 0.00089641766555298 -0.00113931274414062
v 0.05580000305175781 0.00088827567107666 -0.00108611202239990
v 0.05580000305175781 0.00089387660033691 -0.00103353691101074
v 0.05580000305175781 0.00091284899718750 -0.00098507356643677
v 0.05580000305175781 0.00094393544204224 -0.00094393444061279
v 0.05580000305175781 0.00098507409102905 -0.00091284799575806
v 0.05580000305175781 0.00118961243636597 -0.00091776227951050
v 0.05580000305175781 0.00103353791244019 -0.00089387559890747
v 0.05580000305175781 0.00113931374557007 -0.00089641666412354
v 0.05580000305175781 0.00108611302382935 -0.00088827466964722
v 0.05780000305175782 0.00000000004775513 -0.00074270486831665
v 0.05780000305175782 -0.00037135310165894 -0.00064320135116577
v 0.05780000305175782 -0.00000666375153076 -0.00068847227096558
v 0.05780000305175782 -0.00002621264450562 -0.00063832807540894
v 0.05780000305175782 0.00037135272033203 -0.00064320135116577
v 0.05580000305175781 -0.00138961215012085 -0.00057135200500488
v 0.05580000305175781 -0.00134597725861084 -0.00053846502304077
v 0.05580000305175781 -0.00131232590668213 -0.00049646282196045
v 0.05780000305175782 -0.00064320225708496 -0.00037135171890259
v 0.05580000305175781 -0.00129088873856079 -0.00044813108444214
v 0.05580000305175781 -0.00128308768265259 -0.00039667367935181
v 0.05580000305175781 -0.00128943963043701 -0.00034550333023071
v 0.05580000305175781 -0.00479583151333343 -0.00019999885559082
v 0.05580000305175781 -0.00130952401154053 -0.00029801225662231
v 0.05580000305175781 -0.00134200854294311 -0.00025734949111938
v 0.05580000305175781 -0.00148911614410889 -0.00019999885559082
v 0.05580000305175781 -0.00138473935120117 -0.00022621154785156
v 0.05580000305175781 -0.00143488354675781 -0.00020666265487671
v 0.05780000305175782 -0.00063832945816528 -0.00002621173858643
v 0.05780000305175782 -0.00068847365372192 -0.00000666236877441
v 0.05780000305175782 -0.00033846611969482 -0.00059956645965576
v 0.05780000305175782 -0.00029646391861450 -0.00056591463088989
v 0.05780000305175782 -0.00009801335327637 -0.00056311273574829
v 0.05780000305175782 -0.00005735058777344 -0.00059559726715088
v 0.05780000305175782 0.00035000758178223 -0.00059290266036987
v 0.05780000305175782 -0.00024813218109619 -0.00054447746276855
v 0.05780000305175782 -0.00014550442688477 -0.00054302883148193
v 0.05780000305175782 -0.00019667477600586 -0.00053667640686035
v 0.05780000305175782 0.00034186511046875 -0.00053970193862915
v 0.05780000305175782 0.00034746603972900 -0.00048712682723999
v 0.05780000305175782 0.00036643891341675 -0.00043866300582886
v 0.05780000305175782 0.00039752535827148 -0.00039752435684204
v 0.05780000305175782 -0.00059956736557495 -0.00033846473693848
v 0.05780000305175782 0.00043866400725830 -0.00036643791198730
v 0.05780000305175782 0.00064320187575806 -0.00037135171890259
v 0.05780000305175782 0.00048712782866943 -0.00034746503829956
v 0.05780000305175782 0.00053970294005859 -0.00034186458587646
v 0.05780000305175782 0.00059290366179932 -0.00035000658035278
v 0.05780000305175782 -0.00056591553680908 -0.00029646301269531
v 0.05780000305175782 -0.00054447884552490 -0.00024813079833984
v 0.05780000305175782 -0.00053667731277954 -0.00019667387008667
v 0.05780000305175782 -0.00054302973740112 -0.00014550352096558
v 0.05780000305175782 -0.00056311364166748 -0.00009801244735718
v 0.05780000305175782 -0.00059559817307007 -0.00005734968185425
v 0.05780000305175782 0.00492403845794189 -0.00086823987960815
v 0.02850000000000000 -0.00433012707226288 -0.00249999904632568
v 0.02550000000000000 -0.00433012707226288 -0.00249999904632568
v 0.02850000000000000 -0.00482962913506042 -0.00129409408569336
v 0.02550000000000000 -0.00482962913506042 -0.00129409408569336
v 0.02850000000000000 -0.00074999995224487 -0.00129903697967529
v 0.02550000000000000 -0.00074999995224487 -0.00129903697967529
v 0.02850000000000000 0.00000000004775513 -0.00149999904632568
v 0.02850000000000000 -0.00038822884552490 -0.00144888782501221
v 0.02850000000000000 0.00038822846419800 -0.00144888782501221
v 0.02850000000000000 0.00075000004775513 -0.00129903697967529
v 0.02550000000000000 0.00000000004775513 -0.00149999904632568
v 0.02550000000000000 -0.00038822884552490 -0.00144888782501221
v 0.02550000000000000 0.00038822846419800 -0.00144888782501221
v 0.02550000000000000 0.00075000004775513 -0.00129903697967529
v 0.02850000000000000 -0.00106066031448853 -0.00106065940856934
v 0.02550000000000000 -0.00106066031448853 -0.00106065940856934
v 0.02850000000000000 -0.00129903836243164 -0.00074999904632568
v 0.02550000000000000 -0.00129903836243164 -0.00074999904632568
v 0.02850000000000000 0.00106065993316162 -0.00106065940856934
v 0.02550000000000000 0.00106065993316162 -0.00106065940856934
v 0.02850000000000000 0.00129903798110474 -0.00074999904632568
v 0.02550000000000000 0.00129903798110474 -0.00074999904632568
v 0.02850000000000000 -0.00144888873093140 -0.00038822746276855
v 0.02550000000000000 -0.00144888873093140 -0.00038822746276855
v 0.02850000000000000 0.00144888882644165 -0.00038822746276855
v 0.02550000000000000 0.00144888882644165 -0.00038822746276855
v 0.04238967895507813 0.02517843203551758 -0.00212131929397583
v 0.04308787536621094 0.02708472781188476 -0.00242013645172119
v 0.04357801818847656 0.02680174212462890 -0.00187882947921753
v 0.03992544555664063 0.02891056017882812 -0.00233880138397217
v 0.03871543884277344 0.02729975085265625 -0.00212131929397583
v 0.04280255126953125 0.02494005351073730 -0.00149999904632568
v 0.03945666503906251 0.02918121294982421 -0.00177283143997192
v 0.03830255126953125 0.02753813128478515 -0.00149999904632568
v 0.04446546936035156 0.02397997622497070 -0.00062785100936890
v 0.04431976318359375 0.02406409220702636 -0.00064999914169312
v 0.04417407226562500 0.02414820818908203 -0.00062785100936890
v 0.04306210327148437 0.02479020266540039 -0.00077645635604858
v 0.04393013000488281 0.02659844927794922 -0.00120948314666748
v 0.04531976318359375 0.02579614405639160 -0.00064999914169312
v 0.04546546936035156 0.02571202616698730 -0.00062785100936890
v 0.04517407226562500 0.02588026003844726 -0.00062785100936890
v 0.03913070678710939 0.02936939959533203 -0.00108604621887207
v 0.03804301452636719 0.02768798022277343 -0.00077645635604858
v 0.03689472961425782 0.02835094408996093 -0.00063761043548584
v 0.03674807739257813 0.02843560748107421 -0.00064857339859009
v 0.04571780395507813 0.02556633334166992 -0.00045961856842041
v 0.04580726623535156 0.02551468424804199 -0.00032499885559082
v 0.04460122680664062 0.02390159182555664 -0.00056291532516479
v 0.04403831481933594 0.02422659258849609 -0.00056291532516479
v 0.04471780395507813 0.02383428339965332 -0.00045961856842041
v 0.04392172241210938 0.02429390292174804 -0.00045961856842041
v 0.04480726623535156 0.02378263430602539 -0.00032499885559082
v 0.04383227539062500 0.02434555010802734 -0.00032499885559082
v 0.04586351013183594 0.02548221735961425 -0.00016823148727417
v 0.04486351013183594 0.02375016551024902 -0.00016823148727417
v 0.04377603149414062 0.02437801890380371 -0.00016823148727417
v 0.04560122680664062 0.02563364367492187 -0.00056291532516479
v 0.04503831481933594 0.02595864253051269 -0.00056291532516479
v 0.04492172241210938 0.02602595286376464 -0.00045961856842041
v 0.04412022399902344 0.02648870425231445 -0.00045771265029907
v 0.04483227539062500 0.02607760195739257 -0.00032499885559082
v 0.04477603149414063 0.02611006884582031 -0.00016823148727417
v 0.03896980285644532 0.02946230273253906 -0.00032524824142456
v 0.03703392028808594 0.02827057986266601 -0.00058319568634033
v 0.03660397338867188 0.02851880602843750 -0.00061533689498901
v 0.03715617370605469 0.02820000033385742 -0.00048903656005859
v 0.03647222900390626 0.02859486727721679 -0.00054016590118408
v 0.03725314331054688 0.02814400820739257 -0.00036155080795288
v 0.03636183166503907 0.02865861086852539 -0.00042818355560303
v 0.03818339538574220 0.02991633181579101 -0.00045961856842041
v 0.03827284240722657 0.02986468462951172 -0.00032499885559082
v 0.03731825256347657 0.02810642199523437 -0.00020942544937134
v 0.03628028869628907 0.02870569186217773 -0.00028702163696289
v 0.03832908630371094 0.02983221774108398 -0.00016823148727417
v 0.03734703063964845 0.02808980517394531 -0.00004302835464478
v 0.03623315429687501 0.02873289828307617 -0.00012629890441895
v 0.02292579650878907 0.01620864825255859 -0.00129903697967529
v 0.02411248779296876 0.01898760943419921 -0.00144888782501221
v 0.02442579650878907 0.01880672411925781 -0.00129903697967529
v 0.02377627563476563 0.01918172411925781 -0.00149999904632568
v 0.02344006347656251 0.01937583880431640 -0.00144888782501221
v 0.02312675476074219 0.01955672411925781 -0.00129903697967529
v 0.01766024780273438 0.01924871211059082 -0.00249999904632568
v 0.02227627563476563 0.01658364825255859 -0.00149999904632568
v 0.02261248779296875 0.01638953356750000 -0.00144888782501221
v 0.02194006347656250 0.01677776293761718 -0.00144888782501221
v 0.02162675476074219 0.01695864825255859 -0.00129903697967529
v 0.01722767639160157 0.01949846224791992 -0.00129409408569336
v 0.02617529296875000 0.02183694796569335 -0.00129903697967529
v 0.02527627563476563 0.02177979998595703 -0.00149999904632568
v 0.02552577209472657 0.02221194987304199 -0.00149999904632568
v 0.02561248779296875 0.02158568530089843 -0.00144888782501221
v 0.02586198425292969 0.02201783709533203 -0.00144888782501221
v 0.02494006347656250 0.02197391467101562 -0.00144888782501221
v 0.02518955993652344 0.02240606265075195 -0.00144888782501221
v 0.02592579650878907 0.02140479998595703 -0.00129903697967529
v 0.02462675476074219 0.02215479998595703 -0.00129903697967529
v 0.02487625122070313 0.02258694987304199 -0.00129903697967529
v 0.01916024780273438 0.02184678797729004 -0.00249999904632568
v 0.01050000000000000 0.02684678606994140 -0.00249999904632568
v 0.01200000000000000 0.02944486193664062 -0.00249999904632568
v 0.01872767639160157 0.02209653811461914 -0.00129409408569336
v 0.01339952087402344 0.02170864825255859 -0.00129903697967529
v 0.01275000000000000 0.02208364825255859 -0.00149999904632568
v 0.01308621215820313 0.02188953356750000 -0.00144888782501221
v 0.01241378784179688 0.02227776293761718 -0.00144888782501221
v 0.01210047912597657 0.02245864825255859 -0.00129903697967529
v 0.01458621215820313 0.02448760943419922 -0.00144888782501221
v 0.01425000000000000 0.02468172411925781 -0.00149999904632568
v 0.01391378784179688 0.02487583880431640 -0.00144888782501221
v 0.01489952087402344 0.02430672411925781 -0.00129903697967529
v 0.01360047912597657 0.02505672411925781 -0.00129903697967529
v 0.01633570861816407 0.02751783328063476 -0.00144888782501221
v 0.01639952087402344 0.02690479998595703 -0.00129903697967529
v 0.01664901733398438 0.02733694796569336 -0.00129903697967529
v 0.01575000000000000 0.02727979998595703 -0.00149999904632568
v 0.01599949645996094 0.02771194796569336 -0.00149999904632568
v 0.01608621215820313 0.02708568530089843 -0.00144888782501221
v 0.01541378784179688 0.02747391467101562 -0.00144888782501221
v 0.01510047912597657 0.02765479998595703 -0.00129903697967529
v 0.01006741333007813 0.02709653811461914 -0.00129409408569336
v 0.01566328430175782 0.02790606265075195 -0.00144888782501221
v 0.01534997558593750 0.02808694796569336 -0.00129903697967529
v 0.01156741333007813 0.02969461398131835 -0.00129409408569336
v 0.02319483947753907 0.01605331759459961 -0.00106065940856934
v 0.02340127563476563 0.01593412928588379 -0.00074999904632568
v 0.02469483947753907 0.01865139346129882 -0.00106065940856934
v 0.02285772705078126 0.01971205477721679 -0.00106065940856934
v 0.02490127563476563 0.01853220515258300 -0.00074999904632568
v 0.02640127563476563 0.02113028101928222 -0.00074999904632568
v 0.02353105163574219 0.01585920290954101 -0.00038822746276855
v 0.02503105163574219 0.01845727877624023 -0.00038822746276855
v 0.02653105163574219 0.02105535655028808 -0.00038822746276855
v 0.02135772705078125 0.01711397700316894 -0.00106065940856934
v 0.02115127563476563 0.01723316721923340 -0.00074999904632568
v 0.02265127563476563 0.01983124308593261 -0.00074999904632568
v 0.02102149963378907 0.01730809168822754 -0.00038822746276855
v 0.02252149963378907 0.01990616755492675 -0.00038822746276855
v 0.02619483947753907 0.02124946932799804 -0.00106065940856934
v 0.02644433593750000 0.02168161730773437 -0.00106065940856934
v 0.02644474792480469 0.02168137888915527 -0.00106003856658936
v 0.02435772705078125 0.02231013064391601 -0.00106065940856934
v 0.02460722351074219 0.02274227480895507 -0.00106065940856934
v 0.02665077209472657 0.02156243090636718 -0.00074999904632568
v 0.02440118408203125 0.02286123042113769 -0.00075061893463135
v 0.02440077209472657 0.02286146883971679 -0.00074999904632568
v 0.02415127563476563 0.02242931895263183 -0.00074999904632568
v 0.02678054809570313 0.02148750453002441 -0.00038822746276855
v 0.02402149963378907 0.02250424532897461 -0.00038822746276855
v 0.02427125549316407 0.02293624644286621 -0.00038894796371460
v 0.02427099609375000 0.02293639521605957 -0.00038822746276855
v 0.01366856384277344 0.02155331759459960 -0.00106065940856934
v 0.01183143615722657 0.02261397700316894 -0.00106065940856934
v 0.01516856384277344 0.02415139346129883 -0.00106065940856934
v 0.01333143615722657 0.02521205477721679 -0.00106065940856934
v 0.01387500000000000 0.02143412928588379 -0.00074999904632568
v 0.01162500000000000 0.02273316721923339 -0.00074999904632568
v 0.01537500000000000 0.02403220515258300 -0.00074999904632568
v 0.01312500000000000 0.02533124308593262 -0.00074999904632568
v 0.01666856384277344 0.02674946932799804 -0.00106065940856934
v 0.01691806030273438 0.02718161730773437 -0.00106065940856934
v 0.01691847229003907 0.02718137698180664 -0.00106003665924072
v 0.01687500000000000 0.02663028292663086 -0.00074999904632568
v 0.01712449645996094 0.02706242709166992 -0.00074999904632568
v 0.01712475585937500 0.02706227831847656 -0.00074927663803101
v 0.01483143615722657 0.02781013064391601 -0.00106065940856934
v 0.01508093261718750 0.02824227862365234 -0.00106065940856934
v 0.01487490844726563 0.02836122851378906 -0.00075061941146851
v 0.01487449645996094 0.02836146502501953 -0.00074999904632568
v 0.01462500000000000 0.02792932085998047 -0.00074999904632568
v 0.01400477600097657 0.02135920290954101 -0.00038822746276855
v 0.01149522399902344 0.02280809168822754 -0.00038822746276855
v 0.01550477600097657 0.02395727877624023 -0.00038822746276855
v 0.01299522399902344 0.02540616755492675 -0.00038822746276855
v 0.01700477600097657 0.02655535464293945 -0.00038822746276855
v 0.01725427246093750 0.02698750262267578 -0.00038822746276855
v 0.01474472045898438 0.02843639330871093 -0.00038822746276855
v 0.01449522399902344 0.02800424532897461 -0.00038822746276855
v 0.01470054626464844 0.02846189837462890 -0.00000077390670776
v 0.08250000000000000 0.03495190386779296 -0.00499999904632568
v 0.07850000000000000 0.03521985583312499 -0.00499999904632568
v 0.07801763916015625 0.03502005343444336 -0.00499999904632568
v 0.07750000000000000 0.03495190386779296 -0.00499999904632568
v 0.07891421508789062 0.03553769259459961 -0.00499999904632568
v 0.07923205566406250 0.03595190386779296 -0.00499999904632568
v 0.07943185424804687 0.03643426852233398 -0.00499999904632568
v 0.07950000000000000 0.03695190386779296 -0.00499999904632568
v 0.06202191162109376 0.05102511172301757 -0.00499999904632568
v 0.06222171020507813 0.05150747256286133 -0.00499999904632568
v 0.06228987121582032 0.05202511172301758 -0.00499999904632568
v 0.06222171020507813 0.05254274706847656 -0.00499999904632568
v 0.06202191162109376 0.05302511172301758 -0.00499999904632568
v 0.06170408630371094 0.05343932299621094 -0.00499999904632568
v 0.06128987121582032 0.05375715975768555 -0.00499999904632568
v 0.06430751037597658 0.05615543704040039 -0.00499999904632568
v 0.06378987121582032 0.05608728747375000 -0.00499999904632568
v 0.06327223205566407 0.05615543704040039 -0.00499999904632568
v 0.06478987121582033 0.05635523562438476 -0.00499999904632568
v 0.06520408630371095 0.05667307620055664 -0.00499999904632568
v 0.06552191162109376 0.05708728747375000 -0.00499999904632568
v 0.06278987121582032 0.05635523562438476 -0.00499999904632568
v 0.05967025756835938 0.03495190386779296 -0.00499999904632568
v 0.05915261840820314 0.03502005343444336 -0.00499999904632568
v 0.05867025756835938 0.03521985583312499 -0.00499999904632568
v 0.05825604248046876 0.03553769259459961 -0.00499999904632568
v 0.05793820190429688 0.03595190386779296 -0.00499999904632568
v 0.05773840332031251 0.03643426852233398 -0.00499999904632568
v 0.05767025756835938 0.03695190386779296 -0.00499999904632568
v 0.05773840332031251 0.03746954302794921 -0.00499999904632568
v 0.05793820190429688 0.03795190386779296 -0.00499999904632568
v 0.03618319702148438 0.03107114367492187 -0.00499999904632568
v 0.03595115661621095 0.03466921954162109 -0.00499999904632568
v 0.03345115661621095 0.03033909182555664 -0.00499999904632568
v 0.03260140991210939 0.04006729464538086 -0.00499999904632568
v 0.02400000000000001 0.04156922106750000 -0.00499999904632568
v 0.02287928771972657 0.04221626620299804 -0.00482962810993195
v 0.02664312744140626 0.04350730471618164 -0.00492622065544128
v 0.02664312744140626 0.04350730853087890 -0.00492622065544128
v 0.02634730529785157 0.04367810778625000 -0.00499999904632568
v 0.02634730529785157 0.04367810397155273 -0.00499999904632568
v 0.02705578613281251 0.04326905779845703 -0.00477311921119690
v 0.02705578613281251 0.04326906161315430 -0.00477311921119690
v 0.02578381347656251 0.04400343661315429 -0.00499999904632568
v 0.02550000000000001 0.04416729311950195 -0.00499999904632568
v 0.02535885620117188 0.04424878649718750 -0.00497854173183441
v 0.02501416015625001 0.04444779543883789 -0.00492614257335663
v 0.02437928771972657 0.04481434206969726 -0.00482962810993195
v 0.02440475463867188 0.04479964022643555 -0.00483349943161011
v 0.02411708068847657 0.04496572833068359 -0.00470421600341797
v 0.02734660339355470 0.04310115771300781 -0.00462754523754120
v 0.02445989990234376 0.04476779894835937 -0.00459012818336487
v 0.02392070007324220 0.04507910494811523 -0.00461029112339020
v 0.02800318908691407 0.04272207980163086 -0.00419438505172730
v 0.02818873596191407 0.04261495165832031 -0.00404610097408295
v 0.02818873596191407 0.04261495547301757 -0.00404610097408295
v 0.02333493041992188 0.04541729693419921 -0.00433012604713440
v 0.02281913757324220 0.04571509509093750 -0.00387310934066772
v 0.02183493041992188 0.04281922106750000 -0.00433012604713440
v 0.02851924133300782 0.04242413668639648 -0.00372230577468872
v 0.02862696838378907 0.04236193804748047 -0.00359377503395081
v 0.02884249877929688 0.04223750643737304 -0.00333091783523560
v 0.02334866333007813 0.04540937380797851 -0.00346663522720337
v 0.02917572021484376 0.04204512362487305 -0.00281735014915466
v 0.02927702331542970 0.04198663287169922 -0.00263592600822449
v 0.02932499694824220 0.04195893054015624 -0.00254999899864197
v 0.02932499694824220 0.04195893054015624 -0.00254999899864197
v 0.02908262634277345 0.04209886507995117 -0.00298153853416443
v 0.02909011840820313 0.04209453539855468 -0.00297063517570496
v 0.02909011840820313 0.04209453921325195 -0.00297063517570496
v 0.02802734375000001 0.04270813708312499 -0.00255929088592529
v 0.02430317687988282 0.04485827975280273 -0.00305006146430969
v 0.02569964599609376 0.04405202822692383 -0.00289126038551331
v 0.02492184448242188 0.04450110201842773 -0.00286320781707764
v 0.02441430664062501 0.04479412417418945 -0.00262964510917664
v 0.02093814086914063 0.04333698611266601 -0.00353553295135498
v 0.02266329956054688 0.04580506472594726 -0.00373503279685974
v 0.02243814086914063 0.04593505816466797 -0.00353553295135498
v 0.02235147094726563 0.04598509554870117 -0.00340511202812195
v 0.02209407043457032 0.04613370852477539 -0.00301776504516602
v 0.02183666992187501 0.04628232150084961 -0.00263041424751282
v 0.05551525878906251 0.06055523638732421 -0.00499999904632568
v 0.05401525878906251 0.05795716052062500 -0.00499999904632568
v 0.05353288269042970 0.05815695910460937 -0.00499999904632568
v 0.05160104370117188 0.05763932375915039 -0.00499999904632568
v 0.05301525878906251 0.05822511248595703 -0.00499999904632568
v 0.05249761962890626 0.05815695910460937 -0.00499999904632568
v 0.05201525878906251 0.05795716052062500 -0.00499999904632568
v 0.05128320312500001 0.05722510867125976 -0.00499999904632568
v 0.05510104370117188 0.06087307696349609 -0.00499999904632568
v 0.05478320312500001 0.06128728442199218 -0.00499999904632568
v 0.05458340454101563 0.06176965289123047 -0.00499999904632568
v 0.05451525878906251 0.06228728442199218 -0.00499999904632568
v 0.05458340454101563 0.06280492358214844 -0.00499999904632568
v 0.05478320312500001 0.06328728442199219 -0.00499999904632568
v 0.04470140075683594 0.06102510790832031 -0.00499999904632568
v 0.03778535461425782 0.03014614443786132 -0.00064999914169312
v 0.03793104553222657 0.03006202654845703 -0.00062785100936890
v 0.03763964843750001 0.03023025851256836 -0.00062785100936890
v 0.03806680297851563 0.02998364214904296 -0.00056291532516479
v 0.03750389099121094 0.03030864291198242 -0.00056291532516479
v 0.03738731384277345 0.03037595324523437 -0.00045961856842041
v 0.03729785156250000 0.03042760043151367 -0.00032499885559082
v 0.03724160766601563 0.03046006731994140 -0.00016823148727417
v 0.03086299133300782 0.03067982058532226 -0.00144888782501221
v 0.03052677917480469 0.03087393527038085 -0.00149999904632568
v 0.03019056701660157 0.03106804614074218 -0.00144888782501221
v 0.03117630004882813 0.03049893145568359 -0.00129903697967529
v 0.02987725830078125 0.03124893527038086 -0.00129903697967529
v 0.03352627563476563 0.03606922106750000 -0.00149999904632568
v 0.03386248779296876 0.03587510638244140 -0.00144888782501221
v 0.03319006347656251 0.03626333193786133 -0.00144888782501221
v 0.03417579650878907 0.03569422106750000 -0.00129903697967529
v 0.03287675476074219 0.03644422106750000 -0.00129903697967529
v 0.02133671569824219 0.03617982058532226 -0.00144888782501221
v 0.02100050354003907 0.03637393145568359 -0.00149999904632568
v 0.02165002441406250 0.03599893145568359 -0.00129903697967529
v 0.02066429138183594 0.03656804614074218 -0.00144888782501221
v 0.02035098266601563 0.03674893527038085 -0.00129903697967529
v 0.02936926269531251 0.04193337969787109 -0.00245050621032715
v 0.02944505310058594 0.04188961749083984 -0.00228011441230774
v 0.02952304077148438 0.04184459261901367 -0.00210480475425720
v 0.02583824157714844 0.04397201113708007 -0.00236562323570251
v 0.02426164245605469 0.04488226656920898 -0.00247673439979553
v 0.02637171936035157 0.04366400866515625 -0.00204112362861633
v 0.02529075622558595 0.04428810458190429 -0.00212166881561279
v 0.02528060913085938 0.04429396395690429 -0.00192428016662598
v 0.02415371704101563 0.04494457583434570 -0.00194501733779907
v 0.02968232727050782 0.04175262408263671 -0.00163934040069580
v 0.02968232727050782 0.04175262789733398 -0.00163934040069580
v 0.02400000000000001 0.04156922106750000 -0.00149999904632568
v 0.02433621215820313 0.04137510638244140 -0.00144888782501221
v 0.02366378784179688 0.04176333193786132 -0.00144888782501221
v 0.02464952087402344 0.04119422106749999 -0.00129903697967529
v 0.02335047912597657 0.04194422106750000 -0.00129903697967529
v 0.02642384338378907 0.04363391451842773 -0.00171549606323242
v 0.02441868591308595 0.04479159121520507 -0.00174239873886108
v 0.02410314941406251 0.04497376971251953 -0.00183920764923096
v 0.02469125366210938 0.04463423113830078 -0.00161750555038452
v 0.02404286193847657 0.04500857501037109 -0.00157588529586792
v 0.02305819702148438 0.04557707171447265 -0.00183498907089233
v 0.02348249816894532 0.04533209948546875 -0.00178757095336914
v 0.02609297180175782 0.04382494692809570 -0.00138843011856079
v 0.02602070617675782 0.04386666827208984 -0.00136064910888672
v 0.02607086181640626 0.04383771090514648 -0.00133665990829468
v 0.02734228515625001 0.04310365252501953 -0.00126008033752441
v 0.02610505676269532 0.04381797366149414 -0.00132030725479126
v 0.02584983825683594 0.04396531252868164 -0.00150762605667114
v 0.02560250854492188 0.04410811572082031 -0.00148441648483276
v 0.02570991516113282 0.04404610400207031 -0.00146808862686157
v 0.02583621215820313 0.04397318224914062 -0.00144888782501221
v 0.02588796997070313 0.04394330554015625 -0.00142413568496704
v 0.02422277832031251 0.04490470461852539 -0.00154217767715454
v 0.02494500732421876 0.04448772387511719 -0.00134424686431885
v 0.02485047912597657 0.04454229693419921 -0.00129903697967529
v 0.02025000000000001 0.04373428301818359 -0.00249999904632568
v 0.02175000000000001 0.04633235888488281 -0.00249999904632568
v 0.02170329284667969 0.04635932497985351 -0.00236979103088379
v 0.02156663513183595 0.04643822054870117 -0.00198885583877563
v 0.02147991943359376 0.04648828463561523 -0.00174711561203003
v 0.01981741333007813 0.04398403506286132 -0.00129409408569336
v 0.02131741333007813 0.04658211092956054 -0.00129409408569336
v 0.03144534301757813 0.03034360079772461 -0.00106065940856934
v 0.02960823059082032 0.03140425829894531 -0.00106065940856934
v 0.03165177917480469 0.03022441439635742 -0.00074999904632568
v 0.02940177917480469 0.03152345232970703 -0.00074999904632568
v 0.03444483947753907 0.03553889040954101 -0.00106065940856934
v 0.03260772705078126 0.03659954791076171 -0.00106065940856934
v 0.03465127563476563 0.03541970019347656 -0.00074999904632568
v 0.03240127563476564 0.03671873812682617 -0.00074999904632568
v 0.03178155517578125 0.03014948992736328 -0.00038822746276855
v 0.02927200317382813 0.03159838061339843 -0.00038822746276855
v 0.02927198791503907 0.03159838442809570 -0.00038816261291504
v 0.03182580566406251 0.03012393527038085 -0.00000006389617920
v 0.03478105163574220 0.03534477572448242 -0.00038822746276855
v 0.03227149963378907 0.03679366259582031 -0.00038822746276855
v 0.02191906738281250 0.03584360079772460 -0.00106065940856934
v 0.02008193969726563 0.03690426592833984 -0.00106065940856934
v 0.02212550354003907 0.03572441439635742 -0.00074999904632568
v 0.01987550354003906 0.03702345232970703 -0.00074999904632568
v 0.02225527954101563 0.03564948992736328 -0.00038822746276855
v 0.01974572753906250 0.03709837679870117 -0.00038822746276855
v 0.01974571228027344 0.03709838442809570 -0.00038816261291504
v 0.02229953002929688 0.03562393527038086 -0.00000006389617920
v 0.02980134582519532 0.04168390994079101 -0.00115808773040771
v 0.02987893676757813 0.04163911013610351 -0.00066568279266357
v 0.02987893676757813 0.04163911395080078 -0.00066568279266357
v 0.02770271301269532 0.04289556078917969 -0.00115243148803711
v 0.02491856384277344 0.04103889040954101 -0.00106065940856934
v 0.02308143615722657 0.04209954791076172 -0.00106065940856934
v 0.02512500000000000 0.04091970019347656 -0.00074999904632568
v 0.02287500000000001 0.04221873812682617 -0.00074999904632568
v 0.02735882568359376 0.04309410433776367 -0.00123921251296997
v 0.02474940490722657 0.04460065035827148 -0.00120948648452759
v 0.02464898681640626 0.04465862612731445 -0.00112051057815552
v 0.02364773559570313 0.04523670153625000 -0.00123484373092651
v 0.02388786315917970 0.04509806017882812 -0.00115757417678833
v 0.02458143615722657 0.04469762377746093 -0.00106065940856934
v 0.02455543518066407 0.04471263842589843 -0.00102153491973877
v 0.02659666442871094 0.04353413729674804 -0.00079264068603516
v 0.02662500000000001 0.04351777606017578 -0.00074999904632568
v 0.02447822570800782 0.04475722079284179 -0.00090532970428467
v 0.02440100097656251 0.04480180315978515 -0.00078912353515625
v 0.02437500000000001 0.04481681399352538 -0.00074999904632568
v 0.02373355102539063 0.04518714861876953 -0.00076769065856934
v 0.02434242248535157 0.04483562808043945 -0.00065916728973389
v 0.02354057312011720 0.04529856829650390 -0.00089848470687866
v 0.02991436767578126 0.04161865954406250 -0.00016686630249023
v 0.02525477600097657 0.04084477572448242 -0.00038822746276855
v 0.02274522399902345 0.04229366259582031 -0.00038822746276855
v 0.02667375183105470 0.04348963122375000 -0.00061409235000610
v 0.02669815063476563 0.04347554354674804 -0.00054607152938843
v 0.02429397583007813 0.04486359362609375 -0.00052413368225098
v 0.02424522399902344 0.04489173846251953 -0.00038822746276855
v 0.02348078918457032 0.04533308749206055 -0.00038494443893433
v 0.02422859191894532 0.04490134005553711 -0.00024238157272339
v 0.02421206665039063 0.04491088061339844 -0.00009747314453125
v 0.02175151062011720 0.04633148531920898 -0.00115978431701660
v 0.02175151062011720 0.04633148531920898 -0.00115978527069092
v 0.02126199340820313 0.04661410861022461 -0.00080794048309326
v 0.02120771789550782 0.04664544634826172 -0.00033196449279785
v 0.02120626831054688 0.04664628558166015 -0.00031916809082031
v 0.02231303405761719 0.04600729327208984 -0.00014430952072144
v 0.10799900054931641 -0.00149999995224487 0.00000000095367432
v 0.10799900054931641 -0.00144888873093140 0.00038822937011719
v 0.10200000000000001 -0.00500000007145416 0.00000000095367432
v 0.10200000000000001 -0.00149999995224487 0.00000000095367432
v 0.10200000000000001 -0.00144888873093140 0.00038822937011719
v 0.10799900054931641 0.00150000004775513 0.00000000095367432
v 0.10799900054931641 0.00144888882644165 0.00038822937011719
v 0.10200000000000001 0.00150000004775513 0.00000000095367432
v 0.10200000000000001 0.00144888882644165 0.00038822937011719
v 0.10799900054931641 -0.00129903836243164 0.00075000095367432
v 0.10799900054931641 -0.00106066031448853 0.00106066131591797
v 0.10200000000000001 -0.00129903836243164 0.00075000095367432
v 0.10200000000000001 -0.00106066031448853 0.00106066131591797
v 0.10799900054931641 0.00129903798110474 0.00075000095367432
v 0.10799900054931641 0.00106065993316162 0.00106066131591797
v 0.10200000000000001 0.00129903798110474 0.00075000095367432
v 0.10200000000000001 0.00106065993316162 0.00106066131591797
v 0.09900000000000000 -0.00500000007145416 0.00000000095367432
v 0.09900000000000000 0.00000000004775513 0.00000000095367432
v 0.10799900054931641 0.00949999957091797 0.00000000095367432
v 0.10799900054931641 0.00955111079223144 0.00038822937011719
v 0.10799900054931641 0.01244888834960449 0.00038822937011719
v 0.10200000000000001 0.00949999957091797 0.00000000095367432
v 0.10200000000000001 0.00955111079223144 0.00038822937011719
v 0.10200000000000001 0.01244888834960449 0.00038822937011719
v 0.10799900054931641 0.00970096163756836 0.00075000095367432
v 0.10799900054931641 0.01229903750426758 0.00075000095367432
v 0.10799900054931641 0.00993934016234863 0.00106066131591797
v 0.10799900054931641 0.01206066088683594 0.00106066131591797
v 0.10200000000000001 0.00970096163756836 0.00075000095367432
v 0.10200000000000001 0.01229903750426758 0.00075000095367432
v 0.10200000000000001 0.00993934016234863 0.00106066131591797
v 0.10200000000000001 0.01206066088683594 0.00106066131591797
v 0.09900000000000000 0.00509999995238769 0.00000000095367432
v 0.09900000000000000 0.00507544188506592 0.00049988842010498
v 0.09900000000000000 0.00500200514800537 0.00099496173858643
v 0.10799900054931641 -0.00074999995224487 0.00129903888702393
v 0.10200000000000001 -0.00482962913506042 0.00129409599304199
v 0.10200000000000001 -0.00074999995224487 0.00129903888702393
v 0.10799900054931641 0.00075000004775513 0.00129903888702393
v 0.10799900054931641 -0.00038822884552490 0.00144888973236084
v 0.10799900054931641 0.00038822846419800 0.00144888973236084
v 0.10799900054931641 0.00000000004775513 0.00150000095367432
v 0.10200000000000001 0.00075000004775513 0.00129903888702393
v 0.10200000000000001 -0.00038822884552490 0.00144888973236084
v 0.10200000000000001 0.00038822846419800 0.00144888973236084
v 0.10200000000000001 0.00000000004775513 0.00150000095367432
v 0.09900000000000000 -0.00482962913506042 0.00129409599304199
v 0.09900000000000000 0.00000000004775513 0.00150000095367432
v 0.10799900054931641 0.01024999957091797 0.00129903888702393
v 0.10799900054931641 0.01174999957091797 0.00129903888702393
v 0.10799900054931641 0.01061177210814941 0.00144888973236084
v 0.10799900054931641 0.01138822894103515 0.00144888973236084
v 0.10799900054931641 0.01099999957091797 0.00150000095367432
v 0.10200000000000001 0.01024999957091797 0.00129903888702393
v 0.10200000000000001 0.01174999957091797 0.00129903888702393
v 0.10200000000000001 0.01061177210814941 0.00144888973236084
v 0.10200000000000001 0.01138822894103515 0.00144888973236084
v 0.10200000000000001 0.01099999957091797 0.00150000095367432
v 0.09900000000000000 0.00488039546020019 0.00148045301437378
v 0.09900000000000000 0.00471178584105957 0.00195168638229370
v 0.09900000000000000 0.00449779849059570 0.00240412425994873
v 0.07480000305175781 -0.00500000007145416 0.00000000095367432
v 0.06980000305175782 -0.00500000007145416 0.00000000095367432
v 0.06680000305175782 -0.00500000007145416 0.00000000095367432
v 0.06680000305175782 0.00499999957091797 0.00000000095367432
v 0.07480000305175781 -0.00482962913506042 0.00129409599304199
v 0.06980000305175782 -0.00482962913506042 0.00129409599304199
v 0.06680000305175782 -0.00482962913506042 0.00129409599304199
v 0.06980000305175782 -0.00249999995224487 0.00200000095367432
v 0.06980000305175782 -0.00248296303741943 0.00212941074371338
v 0.06980000305175782 -0.00243301267616760 0.00225000095367432
v 0.06980000305175782 -0.00235355348579895 0.00235355472564697
v 0.06980000305175782 -0.00224999995224487 0.00243301391601563
v 0.06980000305175782 -0.00212940950386536 0.00248296356201172
v 0.06680000305175782 -0.00249999995224487 0.00200000095367432
v 0.06680000305175782 -0.00248296303741943 0.00212941074371338
v 0.06680000305175782 -0.00243301267616760 0.00225000095367432
v 0.06680000305175782 -0.00235355348579895 0.00235355472564697
v 0.06680000305175782 -0.00224999995224487 0.00243301391601563
v 0.06680000305175782 -0.00212940950386536 0.00248296356201172
v 0.06980000305175782 0.00249999957091797 0.00200000095367432
v 0.06980000305175782 0.00248296313292969 0.00212941074371338
v 0.06980000305175782 0.00243301253325928 0.00225000095367432
v 0.06980000305175782 0.00235355334289062 0.00235355472564697
v 0.06980000305175782 0.00224999957091797 0.00243301391601563
v 0.06980000305175782 0.00212940936095703 0.00248296356201172
v 0.06680000305175782 0.00249999957091797 0.00200000095367432
v 0.06680000305175782 0.00248296313292969 0.00212941074371338
v 0.06680000305175782 0.00243301253325928 0.00225000095367432
v 0.06680000305175782 0.00235355334289062 0.00235355472564697
v 0.06680000305175782 0.00224999957091797 0.00243301391601563
v 0.06680000305175782 0.00212940936095703 0.00248296356201172
v 0.06680000305175782 0.00482962946898926 0.00129409599304199
v 0.10799900054931641 0.01249999957091797 0.00000000095367432
v 0.10200000000000001 0.01249999957091797 0.00000000095367432
v 0.10700000000000000 0.01699999957091796 0.00000000095367432
v 0.10700000000000000 0.01830000071532715 0.00000000095367432
v 0.10700000000000000 0.01899999957091797 0.00000000095367432
v 0.10700000000000000 0.01702214770324218 0.00016823339462280
v 0.10700000000000000 0.01827785258300292 0.00016823339462280
v 0.10700000000000000 0.01708708338744629 0.00032500076293945
v 0.10700000000000000 0.01719037966735351 0.00045962047576904
v 0.10700000000000000 0.01821291689879882 0.00032500076293945
v 0.10700000000000000 0.01810961871154296 0.00045962047576904
v 0.10700000000000000 0.01732500033385742 0.00056291770935059
v 0.10700000000000000 0.01797499995238769 0.00056291770935059
v 0.10500000000000000 0.01699999957091796 0.00000000095367432
v 0.10500000000000000 0.01830000071532715 0.00000000095367432
v 0.10500000000000000 0.01899999957091797 0.00000000095367432
v 0.10500000000000000 0.01702214770324218 0.00016823339462280
v 0.10500000000000000 0.01827785258300292 0.00016823339462280
v 0.10500000000000000 0.01708708338744629 0.00032500076293945
v 0.10500000000000000 0.01719037966735351 0.00045962047576904
v 0.10500000000000000 0.01821291689879882 0.00032500076293945
v 0.10500000000000000 0.01810961871154296 0.00045962047576904
v 0.10500000000000000 0.01732500033385742 0.00056291770935059
v 0.10500000000000000 0.01797499995238769 0.00056291770935059
v 0.10700000000000000 0.01748176722533691 0.00062785291671753
v 0.10700000000000000 0.01764999918944824 0.00065000104904175
v 0.10700000000000000 0.01781823306090820 0.00062785291671753
v 0.10700000000000000 0.01910222201354492 0.00077645826339722
v 0.10500000000000000 0.01748176722533691 0.00062785291671753
v 0.10500000000000000 0.01764999918944824 0.00065000104904175
v 0.10500000000000000 0.01781823306090820 0.00062785291671753
v 0.10500000000000000 0.01910222201354492 0.00077645826339722
v 0.10700000000000000 0.02499999957091796 0.00000000095367432
v 0.10500000000000000 0.02499999957091796 0.00000000095367432
v 0.10700000000000000 0.02570000033385742 0.00000000095367432
v 0.10700000000000000 0.02699999957091797 0.00000000095367432
v 0.10700000000000000 0.02572214846618164 0.00016823339462280
v 0.10700000000000000 0.02697785143859375 0.00016823339462280
v 0.10700000000000000 0.02578708415038574 0.00032500076293945
v 0.10700000000000000 0.02589038043029297 0.00045962047576904
v 0.10700000000000000 0.02691291766173828 0.00032500076293945
v 0.10700000000000000 0.02680961947448242 0.00045962047576904
v 0.10700000000000000 0.02602499918944824 0.00056291770935059
v 0.10700000000000000 0.02667499880797851 0.00056291770935059
v 0.10500000000000000 0.02570000033385742 0.00000000095367432
v 0.10500000000000000 0.02699999957091797 0.00000000095367432
v 0.10500000000000000 0.02572214846618164 0.00016823339462280
v 0.10500000000000000 0.02697785143859375 0.00016823339462280
v 0.10500000000000000 0.02578708415038574 0.00032500076293945
v 0.10500000000000000 0.02589038043029297 0.00045962047576904
v 0.10500000000000000 0.02691291766173828 0.00032500076293945
v 0.10500000000000000 0.02680961947448242 0.00045962047576904
v 0.10500000000000000 0.02602499918944824 0.00056291770935059
v 0.10500000000000000 0.02667499880797851 0.00056291770935059
v 0.10700000000000000 0.02489777712829101 0.00077645826339722
v 0.10500000000000000 0.02489777712829101 0.00077645826339722
v 0.10700000000000000 0.02618176608092773 0.00062785291671753
v 0.10700000000000000 0.02635000185973633 0.00065000104904175
v 0.10700000000000000 0.02651823382384765 0.00062785291671753
v 0.10500000000000000 0.02618176608092773 0.00062785291671753
v 0.10500000000000000 0.02635000185973633 0.00065000104904175
v 0.10500000000000000 0.02651823382384765 0.00062785291671753
v 0.10700000000000000 0.01940192370421875 0.00150000095367432
v 0.10500000000000000 0.01940192370421875 0.00150000095367432
v 0.10700000000000000 0.01987867884643066 0.00212132167816162
v 0.10500000000000000 0.01987867884643066 0.00212132167816162
v 0.10700000000000000 0.02459807543761718 0.00150000095367432
v 0.10500000000000000 0.02459807543761718 0.00150000095367432
v 0.10700000000000000 0.02412132029540527 0.00212132167816162
v 0.10500000000000000 0.02412132029540527 0.00212132167816162
v 0.10200000000000001 -0.00433012707226288 0.00250000095367432
v 0.10200000000000001 -0.00353553385727417 0.00353553485870361
v 0.09900000000000000 -0.00433012707226288 0.00250000095367432
v 0.09900000000000000 -0.00061114735596191 0.00307244586944580
v 0.09900000000000000 -0.00353553385727417 0.00353553485870361
v 0.09900000000000000 0.00360624461181152 0.00360624599456787
v 0.09900000000000000 0.00424049525268066 0.00283340930938721
v 0.09900000000000000 0.00394235377318848 0.00323540687561035
v 0.10200000000000001 -0.00249999995224487 0.00433012771606445
v 0.10200000000000001 -0.00129409546844971 0.00482962989807129
v 0.10200000000000001 0.00000000004775513 0.00500000095367432
v 0.09900000000000000 -0.00249999995224487 0.00433012771606445
v 0.09900000000000000 0.00323540549285400 0.00394235420227051
v 0.09900000000000000 0.00283340792663086 0.00424049568176270
v 0.09900000000000000 -0.00129409546844971 0.00482962989807129
v 0.09900000000000000 -0.00096918148987305 0.00487240600585937
v 0.09900000000000000 0.00240412383086670 0.00449779987335205
v 0.09900000000000000 0.00000000004775513 0.00500000095367432
v 0.09900000000000000 0.00148045163161743 0.00488039684295654
v 0.09900000000000000 0.00100296359069336 0.00500000095367432
v 0.09900000000000000 0.00195168547637451 0.00471178627014160
v 0.09900000000000000 0.00820000033385742 0.00500000095367432
v 0.07480000305175781 -0.00433012707226288 0.00250000095367432
v 0.07480000305175781 -0.00353553385727417 0.00353553485870361
v 0.06980000305175782 -0.00433012707226288 0.00250000095367432
v 0.06980000305175782 -0.00199999995224487 0.00250000095367432
v 0.06850711059570312 -0.00070710701935303 0.00250000095367432
v 0.06805882263183594 -0.00096592564575684 0.00250000095367432
v 0.06780000305175782 -0.00099999995224487 0.00250000095367432
v 0.06830000305175782 -0.00086602540009033 0.00250000095367432
v 0.06680000305175782 -0.00433012707226288 0.00250000095367432
v 0.06680000305175782 -0.00199999995224487 0.00250000095367432
v 0.06680000305175782 -0.00099999995224487 0.00250000095367432
v 0.06530000305175782 -0.00086602540009033 0.00250000095367432
v 0.06550711059570313 -0.00070710701935303 0.00250000095367432
v 0.06505882263183593 -0.00096592564575684 0.00250000095367432
v 0.06480000305175782 -0.00099999995224487 0.00250000095367432
v 0.06454118347167968 -0.00096592564575684 0.00250000095367432
v 0.06430000305175781 -0.00086602540009033 0.00250000095367432
v 0.06409289550781250 -0.00070710701935303 0.00250000095367432
v 0.06180000305175781 -0.00099999995224487 0.00250000095367432
v 0.06154118347167969 -0.00096592564575684 0.00250000095367432
v 0.06130000305175781 -0.00086602540009033 0.00250000095367432
v 0.06866603088378906 -0.00049999995224487 0.00250000095367432
v 0.06876593017578125 -0.00025881905548584 0.00250000095367432
v 0.06880000305175782 0.00000000004775513 0.00250000095367432
v 0.06876593017578125 0.00025881915099609 0.00250000095367432
v 0.06866603088378906 0.00050000004775513 0.00250000095367432
v 0.06850711059570312 0.00070710663802612 0.00250000095367432
v 0.06830000305175782 0.00086602549560059 0.00250000095367432
v 0.06805882263183594 0.00096592574126709 0.00250000095367432
v 0.06780000305175782 0.00100000004775513 0.00250000095367432
v 0.06980000305175782 0.00200000004775513 0.00250000095367432
v 0.06566603088378907 -0.00049999995224487 0.00250000095367432
v 0.06576593017578125 -0.00025881905548584 0.00250000095367432
v 0.06580000305175782 0.00000000004775513 0.00250000095367432
v 0.06576593017578125 0.00025881915099609 0.00250000095367432
v 0.06680000305175782 0.00100000004775513 0.00250000095367432
v 0.06566603088378907 0.00050000004775513 0.00250000095367432
v 0.06550711059570313 0.00070710663802612 0.00250000095367432
v 0.06530000305175782 0.00086602549560059 0.00250000095367432
v 0.06505882263183593 0.00096592574126709 0.00250000095367432
v 0.06480000305175782 0.00100000004775513 0.00250000095367432
v 0.06454118347167968 0.00096592574126709 0.00250000095367432
v 0.06393397521972656 -0.00049999995224487 0.00250000095367432
v 0.06383407592773438 -0.00025881905548584 0.00250000095367432
v 0.06380000305175781 0.00000000004775513 0.00250000095367432
v 0.06383407592773438 0.00025881915099609 0.00250000095367432
v 0.06409289550781250 0.00070710663802612 0.00250000095367432
v 0.06393397521972656 0.00050000004775513 0.00250000095367432
v 0.06430000305175781 0.00086602549560059 0.00250000095367432
v 0.06180000305175781 0.00100000004775513 0.00250000095367432
v 0.06130000305175781 0.00086602549560059 0.00250000095367432
v 0.06154118347167969 0.00096592574126709 0.00250000095367432
v 0.06680000305175782 0.00200000004775513 0.00250000095367432
v 0.06980000305175782 -0.00353553385727417 0.00353553485870361
v 0.06680000305175782 -0.00353553385727417 0.00353553485870361
v 0.06680000305175782 0.00353553347594727 0.00353553485870361
v 0.06680000305175782 0.00433012728698242 0.00250000095367432
v 0.07480000305175781 -0.00249999995224487 0.00433012771606445
v 0.07480000305175781 -0.00129409546844971 0.00482962989807129
v 0.07480000305175781 0.00000000004775513 0.00500000095367432
v 0.06980000305175782 -0.00249999995224487 0.00433012771606445
v 0.06680000305175782 -0.00249999995224487 0.00433012771606445
v 0.06680000305175782 0.00249999957091797 0.00433012771606445
v 0.06980000305175782 -0.00129409546844971 0.00482962989807129
v 0.06680000305175782 -0.00129409546844971 0.00482962989807129
v 0.06518315124511719 -0.00092368836395752 0.00491394042968750
v 0.06499261474609375 -0.00098099751465332 0.00490285968780518
v 0.06480000305175782 -0.00099999995224487 0.00489898014068604
v 0.06460737609863282 -0.00098099751465332 0.00490285968780518
v 0.06441685485839845 -0.00092368836395752 0.00491394042968750
v 0.06535806274414063 -0.00082947392456543 0.00493069744110107
v 0.06550709533691407 -0.00070712180130493 0.00494974613189697
v 0.06424192810058593 -0.00082947392456543 0.00493069744110107
v 0.06409291076660156 -0.00070712180130493 0.00494974613189697
v 0.06980000305175782 0.00000000004775513 0.00500000095367432
v 0.06680000305175782 0.00129409508712280 0.00482962989807129
v 0.06680000305175782 0.00000000004775513 0.00500000095367432
v 0.06562945556640624 -0.00055810017578613 0.00496871852874756
v 0.06572367858886718 -0.00038316435806763 0.00498529815673828
v 0.06578099060058594 -0.00019262642853271 0.00499619865417480
v 0.06580000305175782 0.00000000004775513 0.00500000095367432
v 0.06578099060058594 0.00019262652404297 0.00499619865417480
v 0.06572367858886718 0.00038316445357788 0.00498529815673828
v 0.06518315124511719 0.00092368845946777 0.00491394042968750
v 0.06499261474609375 0.00098099761016357 0.00490285968780518
v 0.06480000305175782 0.00100000004775513 0.00489898014068604
v 0.06460737609863282 0.00098099761016357 0.00490285968780518
v 0.06441685485839845 0.00092368845946777 0.00491394042968750
v 0.06550709533691407 0.00070712141997803 0.00494974613189697
v 0.06535806274414063 0.00082947354323853 0.00493069744110107
v 0.06562945556640624 0.00055810027129639 0.00496871852874756
v 0.06397055053710937 -0.00055810017578613 0.00496871852874756
v 0.06387631225585938 -0.00038316435806763 0.00498529815673828
v 0.06381900024414063 -0.00019262642853271 0.00499619865417480
v 0.06380000305175781 0.00000000004775513 0.00500000095367432
v 0.06381900024414063 0.00019262652404297 0.00499619865417480
v 0.06387631225585938 0.00038316445357788 0.00498529815673828
v 0.06409291076660156 0.00070712141997803 0.00494974613189697
v 0.06424192810058593 0.00082947354323853 0.00493069744110107
v 0.06397055053710937 0.00055810027129639 0.00496871852874756
v 0.07480000305175781 0.00820000033385742 0.00500000095367432
v 0.06980000305175782 0.00520000033385742 0.00500000095367432
v 0.06962962341308594 0.00649409537322510 0.00500000095367432
v 0.06913012695312500 0.00770000033385742 0.00500000095367432
v 0.06833554077148438 0.00873553423888672 0.00500000095367432
v 0.06730000305175782 0.00953012709624756 0.00500000095367432
v 0.06609410095214843 0.01002962927825439 0.00500000095367432
v 0.06480000305175782 0.01020000033385742 0.00500000095367432
v 0.10700000000000000 0.02049999957091796 0.00259807682037354
v 0.10700000000000000 0.02122354273803222 0.00289777851104736
v 0.10500000000000000 0.02049999957091796 0.00259807682037354
v 0.10500000000000000 0.02122354273803222 0.00289777851104736
v 0.10700000000000000 0.02349999957091797 0.00259807682037354
v 0.10700000000000000 0.02277645640380371 0.00289777851104736
v 0.10700000000000000 0.02199999957091796 0.00300000095367432
v 0.10500000000000000 0.02349999957091797 0.00259807682037354
v 0.10500000000000000 0.02277645640380371 0.00289777851104736
v 0.10500000000000000 0.02199999957091796 0.00300000095367432
v 0.10700000000000000 0.01380000071532715 0.00500000095367432
v 0.10200000000000001 0.01380000071532715 0.00500000095367432
v 0.10500000000000000 0.01580000071532715 0.00500000095367432
v 0.10700000000000000 0.02820000033385742 0.00500000095367432
v 0.10500000000000000 0.02820000033385742 0.00500000095367432
v 0.07480000305175781 0.01580000071532715 0.00500000095367432
v 0.07428236389160156 0.01586814837462890 0.00500000095367432
v 0.07380000305175781 0.01606794886596191 0.00500000095367432
v 0.07338578796386719 0.01638578562743652 0.00500000095367432
v 0.07306794738769531 0.01680000071532714 0.00500000095367432
v 0.06953204345703125 0.01680000071532714 0.00500000095367432
v 0.06880000305175782 0.01606794886596191 0.00500000095367432
v 0.06831764221191407 0.01586814837462890 0.00500000095367432
v 0.06780000305175782 0.01580000071532715 0.00500000095367432
v 0.06921421813964844 0.01638578562743652 0.00500000095367432
v 0.07286814880371094 0.01728236155517089 0.00500000095367432
v 0.07280000305175781 0.01780000071532714 0.00500000095367432
v 0.06973185729980469 0.01728236155517089 0.00500000095367432
v 0.06980000305175782 0.01780000071532714 0.00500000095367432
v 0.07480000305175781 0.02820000033385742 0.00500000095367432
v 0.07428236389160156 0.02813185076720703 0.00500000095367432
v 0.07280000305175781 0.02620000033385742 0.00500000095367432
v 0.07286814880371094 0.02671763949401367 0.00500000095367432
v 0.07306794738769531 0.02720000033385742 0.00500000095367432
v 0.07338578796386719 0.02761421542174804 0.00500000095367432
v 0.06980000305175782 0.02620000033385742 0.00500000095367432
v 0.06973185729980469 0.02671763949401367 0.00500000095367432
v 0.06953204345703125 0.02720000033385742 0.00500000095367432
v 0.06921421813964844 0.02761421542174804 0.00500000095367432
v 0.07380000305175781 0.02793205218322265 0.00500000095367432
v 0.06880000305175782 0.02793205218322265 0.00500000095367432
v 0.06831764221191407 0.02813185076720703 0.00500000095367432
v 0.06780000305175782 0.02820000033385742 0.00500000095367432
v 0.05780000305175782 -0.00500000007145416 0.00000000095367432
v 0.05780000305175782 -0.00074270577423584 0.00000000095367432
v 0.05780000305175782 -0.00064320225708496 0.00037135410308838
v 0.05780000305175782 0.00068847327239502 0.00000666475296021
v 0.05780000305175782 0.00063832907683838 0.00002621364593506
v 0.05780000305175782 0.00074270586974609 0.00000000095367432
v 0.05780000305175782 0.00059559826858032 0.00005735158920288
v 0.05780000305175782 0.00056311373717773 0.00009801435470581
v 0.05780000305175782 0.00054302935607422 0.00014550542831421
v 0.05780000305175782 0.00053667740828979 0.00019667577743530
v 0.05780000305175782 0.00054447846419800 0.00024813318252563
v 0.05780000305175782 0.00056591563231934 0.00029646492004395
v 0.05580000305175781 0.00148911576278198 0.00020000076293945
v 0.05580000305175781 0.00143488364226807 0.00020666456222534
v 0.05580000305175781 0.00138473944671143 0.00022621345520020
v 0.05580000305175781 0.00134200816161621 0.00025735187530518
v 0.05580000305175781 0.00130952410705078 0.00029801416397095
v 0.05780000305175782 -0.00059290356628906 0.00035000848770142
v 0.05780000305175782 -0.00053970332138550 0.00034186649322510
v 0.05780000305175782 -0.00048712773315918 0.00034746742248535
v 0.05780000305175782 -0.00043866438858521 0.00036643981933594
v 0.05780000305175782 -0.00039752526276123 0.00039752626419067
v 0.05780000305175782 -0.00036643881790649 0.00043866539001465
v 0.05780000305175782 0.00059956698424805 0.00033846664428711
v 0.05780000305175782 0.00064320187575806 0.00037135410308838
v 0.05580000305175781 0.00128943972594727 0.00034550523757935
v 0.05580000305175781 0.00128308777816284 0.00039667606353760
v 0.05580000305175781 0.00129088883407104 0.00044813299179077
v 0.05780000305175782 -0.00034746642105591 0.00048712873458862
v 0.05780000305175782 -0.00034186549179565 0.00053970384597778
v 0.05780000305175782 0.00014550452239502 0.00054303073883057
v 0.05780000305175782 0.00019667487151611 0.00053667831420898
v 0.05780000305175782 0.00024813179976929 0.00054447937011719
v 0.05780000305175782 -0.00035000748627197 0.00059290456771851
v 0.05780000305175782 0.00009801344878662 0.00056311464309692
v 0.05780000305175782 0.00029646401412476 0.00056591653823853
v 0.05780000305175782 0.00005735068328369 0.00059559917449951
v 0.05780000305175782 0.00033846573836792 0.00059956836700439
v 0.05580000305175781 0.00131232552535522 0.00049646472930908
v 0.05580000305175781 0.00134597735412109 0.00053846693038940
v 0.05580000305175781 0.00138961224563110 0.00057135391235352
v 0.05780000305175782 -0.00492403883926880 0.00086824178695679
v 0.05580000305175781 -0.00118961234085571 0.00091776418685913
v 0.05580000305175781 -0.00108611340515625 0.00088827657699585
v 0.05580000305175781 -0.00113931365005981 0.00089641857147217
v 0.05580000305175781 -0.00103353829376709 0.00089387750625610
v 0.05580000305175781 -0.00098507447235596 0.00091284990310669
v 0.05580000305175781 -0.00094393534653198 0.00094393634796143
v 0.05580000305175781 -0.00091284890167725 0.00098507547378540
v 0.05580000305175781 -0.00089387650482666 0.00103353929519653
v 0.05580000305175781 -0.00088827557556641 0.00108611440658569
v 0.05580000305175781 -0.00089641757004272 0.00113931465148926
v 0.05580000305175781 -0.00091776318542969 0.00118961334228516
v 0.05780000305175782 -0.00037135310165894 0.00064320325851440
v 0.05780000305175782 0.00002621226317871 0.00063833045959473
v 0.05780000305175782 0.00037135272033203 0.00064320325851440
v 0.05780000305175782 0.00000666337020386 0.00068847417831421
v 0.05780000305175782 0.00000000004775513 0.00074270677566528
v 0.05780000305175782 0.00499999957091797 0.00000000095367432
v 0.05580000305175781 0.00479583125121582 0.00020000076293945
v 0.05580000305175781 0.00471504168517578 0.00089910268783569
v 0.05780000305175782 0.00492403845794189 0.00086824178695679
v 0.05780000305175782 -0.00469846315376770 0.00171010160446167
v 0.05580000305175781 0.00039667468078125 0.00128308868408203
v 0.05580000305175781 0.00034550433166016 0.00128944063186646
v 0.05580000305175781 0.00044813208587158 0.00129088973999023
v 0.05580000305175781 0.00029801325805176 0.00130952501296997
v 0.05580000305175781 0.00025735049254883 0.00134200954437256
v 0.05580000305175781 0.00022621254928101 0.00138474035263062
v 0.05580000305175781 0.00049646382338989 0.00131232690811157
v 0.05580000305175781 0.00053846602447021 0.00134597826004028
v 0.05580000305175781 0.00057135300643433 0.00138961315155029
v 0.05580000305175781 0.00020666365630615 0.00143488454818726
v 0.05580000305175781 0.00019999985702026 0.00148911714553833
v 0.05980000305175781 -0.00249999995224487 0.00200000095367432
v 0.05880000305175782 -0.00249999995224487 0.00200000095367432
v 0.05980000305175781 -0.00248296303741943 0.00212941074371338
v 0.05880000305175782 -0.00248296303741943 0.00212941074371338
v 0.05980000305175781 -0.00243301267616760 0.00225000095367432
v 0.05880000305175782 -0.00243301267616760 0.00225000095367432
v 0.05980000305175781 -0.00235355348579895 0.00235355472564697
v 0.05980000305175781 -0.00224999995224487 0.00243301391601563
v 0.05980000305175781 -0.00212940950386536 0.00248296356201172
v 0.05880000305175782 -0.00235355348579895 0.00235355472564697
v 0.05880000305175782 -0.00224999995224487 0.00243301391601563
v 0.05880000305175782 -0.00212940950386536 0.00248296356201172
v 0.05980000305175781 0.00249999957091797 0.00200000095367432
v 0.05880000305175782 0.00249999957091797 0.00200000095367432
v 0.05980000305175781 0.00248296313292969 0.00212941074371338
v 0.05880000305175782 0.00248296313292969 0.00212941074371338
v 0.05980000305175781 0.00243301253325928 0.00225000095367432
v 0.05880000305175782 0.00243301253325928 0.00225000095367432
v 0.05980000305175781 0.00235355334289062 0.00235355472564697
v 0.05980000305175781 0.00224999957091797 0.00243301391601563
v 0.05980000305175781 0.00212940936095703 0.00248296356201172
v 0.05880000305175782 0.00235355334289062 0.00235355472564697
v 0.05880000305175782 0.00224999957091797 0.00243301391601563
v 0.05880000305175782 0.00212940936095703 0.00248296356201172
v 0.05780000305175782 0.00469846301085937 0.00171010160446167
v 0.05580000305175781 0.00453289656646240 0.00157887697219849
v 0.05580000305175781 0.00425331168181885 0.00222471141815186
v 0.02850000000000000 -0.00500000007145416 0.00000000095367432
v 0.02550000000000000 -0.00500000007145416 0.00000000095367432
v 0.02850000000000000 -0.00149999995224487 0.00000000095367432
v 0.02550000000000000 -0.00149999995224487 0.00000000095367432
v 0.02850000000000000 -0.00144888873093140 0.00038822937011719
v 0.02550000000000000 -0.00144888873093140 0.00038822937011719
v 0.02850000000000000 0.00150000004775513 0.00000000095367432
v 0.02550000000000000 0.00150000004775513 0.00000000095367432
v 0.02850000000000000 0.00144888882644165 0.00038822937011719
v 0.02550000000000000 0.00144888882644165 0.00038822937011719
v 0.02850000000000000 -0.00129903836243164 0.00075000095367432
v 0.02550000000000000 -0.00129903836243164 0.00075000095367432
v 0.02850000000000000 -0.00106066031448853 0.00106066131591797
v 0.02550000000000000 -0.00106066031448853 0.00106066131591797
v 0.02850000000000000 0.00129903798110474 0.00075000095367432
v 0.02550000000000000 0.00129903798110474 0.00075000095367432
v 0.02850000000000000 0.00106065993316162 0.00106066131591797
v 0.02550000000000000 0.00106065993316162 0.00106066131591797
v 0.02850000000000000 -0.00482962913506042 0.00129409599304199
v 0.02550000000000000 -0.00482962913506042 0.00129409599304199
v 0.02850000000000000 -0.00074999995224487 0.00129903888702393
v 0.02550000000000000 -0.00074999995224487 0.00129903888702393
v 0.02850000000000000 0.00075000004775513 0.00129903888702393
v 0.02850000000000000 -0.00038822884552490 0.00144888973236084
v 0.02850000000000000 0.00038822846419800 0.00144888973236084
v 0.02850000000000000 0.00000000004775513 0.00150000095367432
v 0.02550000000000000 0.00075000004775513 0.00129903888702393
v 0.02550000000000000 -0.00038822884552490 0.00144888973236084
v 0.02550000000000000 0.00038822846419800 0.00144888973236084
v 0.02550000000000000 0.00000000004775513 0.00150000095367432
v 0.04588269042968750 0.02547114329345215 0.00000000095367432
v 0.04586351013183594 0.02548221735961425 0.00016823339462280
v 0.04488269042968750 0.02373909144408691 0.00000000095367432
v 0.04375685119628906 0.02438909296996582 0.00000000095367432
v 0.04315063476562500 0.02473909144408691 0.00000000095367432
v 0.04486351013183594 0.02375016551024902 0.00016823339462280
v 0.04377603149414062 0.02437801890380371 0.00016823339462280
v 0.04580726623535156 0.02551468424804199 0.00032500076293945
v 0.04571780395507813 0.02556633334166992 0.00045962047576904
v 0.04480726623535156 0.02378263430602539 0.00032500076293945
v 0.04383227539062500 0.02434555010802734 0.00032500076293945
v 0.04471780395507813 0.02383428339965332 0.00045962047576904
v 0.04392172241210938 0.02429390292174804 0.00045962047576904
v 0.04460122680664062 0.02390159182555664 0.00056291770935059
v 0.04403831481933594 0.02422659258849609 0.00056291770935059
v 0.04475685119628906 0.02612114291198242 0.00000000095367432
v 0.04477603149414063 0.02611006884582031 0.00016823339462280
v 0.04560122680664062 0.02563364367492187 0.00056291770935059
v 0.04483227539062500 0.02607760195739257 0.00032500076293945
v 0.04413531494140625 0.02647998385436523 0.00032525014877319
v 0.04492172241210938 0.02602595286376464 0.00045962047576904
v 0.04503831481933594 0.02595864253051269 0.00056291770935059
v 0.03795448303222657 0.02773909335143554 0.00000000095367432
v 0.03733753967285157 0.02809528689391601 0.00012630081176758
v 0.03622366333007813 0.02873838000304687 0.00004303073883057
v 0.03834826660156251 0.02982114367492187 0.00000000095367432
v 0.03729040527343751 0.02812249331481445 0.00028702354431152
v 0.03625245666503907 0.02872175936706054 0.00020942783355713
v 0.03832908630371094 0.02983221774108398 0.00016823339462280
v 0.03898489379882814 0.02945358233458984 0.00045771455764771
v 0.03720886230468751 0.02816957430846679 0.00042818593978882
v 0.03631755065917969 0.02868417696959960 0.00036155271530151
v 0.03827284240722657 0.02986468462951172 0.00032500076293945
v 0.03818339538574220 0.02991633181579101 0.00045962047576904
v 0.03709846496582032 0.02823331789977539 0.00054016780853271
v 0.03641453552246095 0.02862818484313476 0.00048903846740723
v 0.03696672058105469 0.02830937914855469 0.00061533880233765
v 0.03653677368164063 0.02855760531432617 0.00058319759368896
v 0.04446546936035156 0.02397997622497070 0.00062785291671753
v 0.04417407226562500 0.02414820818908203 0.00062785291671753
v 0.04431976318359375 0.02406409220702636 0.00065000104904175
v 0.04306210327148437 0.02479020266540039 0.00077645826339722
v 0.04546546936035156 0.02571202616698730 0.00062785291671753
v 0.04531976318359375 0.02579614405639160 0.00065000104904175
v 0.04517407226562500 0.02588026003844726 0.00062785291671753
v 0.04397441101074219 0.02657288699157226 0.00108604812622070
v 0.03804301452636719 0.02768798022277343 0.00077645826339722
v 0.03682261657714844 0.02839257769591796 0.00064857530593872
v 0.03667596435546876 0.02847724108703125 0.00063761234283447
v 0.03917498779296875 0.02934383730895507 0.00120948505401611
v 0.04280255126953125 0.02494005351073730 0.00150000095367432
v 0.04364845275878906 0.02676107363708007 0.00177283334732056
v 0.03830255126953125 0.02753813128478515 0.00150000095367432
v 0.04238967895507813 0.02517843203551758 0.00212132167816162
v 0.04317967224121094 0.02703172640807617 0.00233880329132080
v 0.03871543884277344 0.02729975085265625 0.00212132167816162
v 0.03952709960937500 0.02914054446227539 0.00187883138656616
v 0.04001724243164063 0.02885755877501953 0.00242013835906982
v 0.02357531738281250 0.01583364825255859 0.00000000095367432
v 0.02353105163574219 0.01585920290954101 0.00038822937011719
v 0.02507531738281250 0.01843172411925781 0.00000000095367432
v 0.02657531738281250 0.02102979998595703 0.00000000095367432
v 0.02503105163574219 0.01845727877624023 0.00038822937011719
v 0.02653105163574219 0.02105535655028808 0.00038822937011719
v 0.02340127563476563 0.01593412928588379 0.00075000095367432
v 0.02319483947753907 0.01605331759459961 0.00106066131591797
v 0.02490127563476563 0.01853220515258300 0.00075000095367432
v 0.02640127563476563 0.02113028101928222 0.00075000095367432
v 0.02469483947753907 0.01865139346129882 0.00106066131591797
v 0.02285772705078126 0.01971205477721679 0.00106066131591797
v 0.02097723388671876 0.01733364825255859 0.00000000095367432
v 0.02247723388671875 0.01993172411925781 0.00000000095367432
v 0.01708012390136719 0.01958364825255859 0.00000000095367432
v 0.02102149963378907 0.01730809168822754 0.00038822937011719
v 0.02252149963378907 0.01990616755492675 0.00038822937011719
v 0.02115127563476563 0.01723316721923340 0.00075000095367432
v 0.02265127563476563 0.01983124308593261 0.00075000095367432
v 0.02135772705078125 0.01711397700316894 0.00106066131591797
v 0.02682481384277344 0.02146194796569335 0.00000000095367432
v 0.02397723388671875 0.02252979998595703 0.00000000095367432
v 0.02422673034667969 0.02296195178039062 0.00000000095367432
v 0.02678054809570313 0.02148750453002441 0.00038822937011719
v 0.02402149963378907 0.02250424532897461 0.00038822937011719
v 0.02427099609375000 0.02293639521605957 0.00038822937011719
v 0.02665077209472657 0.02156243090636718 0.00075000095367432
v 0.02665036010742188 0.02156266741759765 0.00075061988830566
v 0.02440051269531250 0.02286161761291015 0.00074927902221680
v 0.02440077209472657 0.02286146883971679 0.00075000095367432
v 0.02415127563476563 0.02242931895263183 0.00075000095367432
v 0.02619483947753907 0.02124946932799804 0.00106066131591797
v 0.02644433593750000 0.02168161730773437 0.00106066131591797
v 0.02435772705078125 0.02231013064391601 0.00106066131591797
v 0.02460681152343750 0.02274251322753417 0.00106003904342651
v 0.02460722351074219 0.02274227480895507 0.00106066131591797
v 0.01858012390136719 0.02218172411925781 0.00000000095367432
v 0.01404904174804688 0.02133364825255859 0.00000000095367432
v 0.01145095825195313 0.02283364825255859 0.00000000095367432
v 0.01554904174804688 0.02393172411925781 0.00000000095367432
v 0.01295095825195313 0.02543172411925781 0.00000000095367432
v 0.01400477600097657 0.02135920290954101 0.00038822937011719
v 0.01149522399902344 0.02280809168822754 0.00038822937011719
v 0.01550477600097657 0.02395727877624023 0.00038822937011719
v 0.01299522399902344 0.02540616755492675 0.00038822937011719
v 0.01704904174804688 0.02652979998595703 0.00000000095367432
v 0.01729853820800782 0.02696194796569336 0.00000000095367432
v 0.01700477600097657 0.02655535464293945 0.00038822937011719
v 0.01725427246093750 0.02698750262267578 0.00038822937011719
v 0.01725401306152344 0.02698765139586914 0.00038895273208618
v 0.00991987609863282 0.02718172411925781 0.00000000095367432
v 0.01445095825195313 0.02802979998595703 0.00000000095367432
v 0.01470045471191407 0.02846194796569336 0.00000000095367432
v 0.01141987609863282 0.02977979998595703 0.00000000095367432
v 0.01474464416503907 0.02843644289977539 0.00038745546340942
v 0.01474472045898438 0.02843639330871093 0.00038822937011719
v 0.01449522399902344 0.02800424532897461 0.00038822937011719
v 0.01387500000000000 0.02143412928588379 0.00075000095367432
v 0.01162500000000000 0.02273316721923339 0.00075000095367432
v 0.01537500000000000 0.02403220515258300 0.00075000095367432
v 0.01312500000000000 0.02533124308593262 0.00075000095367432
v 0.01366856384277344 0.02155331759459960 0.00106066131591797
v 0.01183143615722657 0.02261397700316894 0.00106066131591797
v 0.01516856384277344 0.02415139346129883 0.00106066131591797
v 0.01333143615722657 0.02521205477721679 0.00106066131591797
v 0.01687500000000000 0.02663028292663086 0.00075000095367432
v 0.01712449645996094 0.02706242709166992 0.00075000095367432
v 0.01712408447265626 0.02706266741759765 0.00075062131881714
v 0.01666856384277344 0.02674946932799804 0.00106066131591797
v 0.01691806030273438 0.02718161730773437 0.00106066131591797
v 0.01487449645996094 0.02836146502501953 0.00075000095367432
v 0.01462500000000000 0.02792932085998047 0.00075000095367432
v 0.01483143615722657 0.02781013064391601 0.00106066131591797
v 0.01508052062988282 0.02824251894958008 0.00106004142761230
v 0.01508093261718750 0.02824227862365234 0.00106066131591797
v 0.02292579650878907 0.01620864825255859 0.00129903888702393
v 0.02442579650878907 0.01880672411925781 0.00129903888702393
v 0.02411248779296876 0.01898760943419921 0.00144888973236084
v 0.02312675476074219 0.01955672411925781 0.00129903888702393
v 0.02344006347656251 0.01937583880431640 0.00144888973236084
v 0.02377627563476563 0.01918172411925781 0.00150000095367432
v 0.02261248779296875 0.01638953356750000 0.00144888973236084
v 0.02194006347656250 0.01677776293761718 0.00144888973236084
v 0.02227627563476563 0.01658364825255859 0.00150000095367432
v 0.02162675476074219 0.01695864825255859 0.00129903888702393
v 0.01722767639160157 0.01949846224791992 0.00129409599304199
v 0.02617529296875000 0.02183694796569335 0.00129903888702393
v 0.02592579650878907 0.02140479998595703 0.00129903888702393
v 0.02462675476074219 0.02215479998595703 0.00129903888702393
v 0.02487625122070313 0.02258694987304199 0.00129903888702393
v 0.02561248779296875 0.02158568530089843 0.00144888973236084
v 0.02586198425292969 0.02201783709533203 0.00144888973236084
v 0.02494006347656250 0.02197391467101562 0.00144888973236084
v 0.02527627563476563 0.02177979998595703 0.00150000095367432
v 0.02552577209472657 0.02221194987304199 0.00150000095367432
v 0.02518955993652344 0.02240606265075195 0.00144888973236084
v 0.01872767639160157 0.02209653811461914 0.00129409599304199
v 0.01339952087402344 0.02170864825255859 0.00129903888702393
v 0.01210047912597657 0.02245864825255859 0.00129903888702393
v 0.01308621215820313 0.02188953356750000 0.00144888973236084
v 0.01241378784179688 0.02227776293761718 0.00144888973236084
v 0.01275000000000000 0.02208364825255859 0.00150000095367432
v 0.01489952087402344 0.02430672411925781 0.00129903888702393
v 0.01360047912597657 0.02505672411925781 0.00129903888702393
v 0.01458621215820313 0.02448760943419922 0.00144888973236084
v 0.01391378784179688 0.02487583880431640 0.00144888973236084
v 0.01425000000000000 0.02468172411925781 0.00150000095367432
v 0.01639952087402344 0.02690479998595703 0.00129903888702393
v 0.01664901733398438 0.02733694796569336 0.00129903888702393
v 0.01633570861816407 0.02751783328063476 0.00144888973236084
v 0.01510047912597657 0.02765479998595703 0.00129903888702393
v 0.01608621215820313 0.02708568530089843 0.00144888973236084
v 0.01541378784179688 0.02747391467101562 0.00144888973236084
v 0.01575000000000000 0.02727979998595703 0.00150000095367432
v 0.01599949645996094 0.02771194796569336 0.00150000095367432
v 0.01006741333007813 0.02709653811461914 0.00129409599304199
v 0.01534997558593750 0.02808694796569336 0.00129903888702393
v 0.01566328430175782 0.02790606265075195 0.00144888973236084
v 0.01156741333007813 0.02969461398131835 0.00129409599304199
v 0.05780000305175782 -0.00433012707226288 0.00250000095367432
v 0.05580000305175781 -0.00405331201546204 0.00257112216949463
v 0.05980000305175781 -0.00199999995224487 0.00250000095367432
v 0.05880000305175782 -0.00199999995224487 0.00250000095367432
v 0.06109289550781250 -0.00070710701935303 0.00250000095367432
v 0.06093397521972656 -0.00049999995224487 0.00250000095367432
v 0.06083407592773438 -0.00025881905548584 0.00250000095367432
v 0.06080000305175781 0.00000000004775513 0.00250000095367432
v 0.06083407592773438 0.00025881915099609 0.00250000095367432
v 0.06093397521972656 0.00050000004775513 0.00250000095367432
v 0.06109289550781250 0.00070710663802612 0.00250000095367432
v 0.05980000305175781 0.00200000004775513 0.00250000095367432
v 0.05880000305175782 0.00200000004775513 0.00250000095367432
v 0.05780000305175782 -0.00383022232048523 0.00321393871307373
v 0.05580000305175781 -0.00363379497520935 0.00313616657257080
v 0.05580000305175781 -0.00313616557114136 0.00363379573822021
v 0.05780000305175782 0.00433012728698242 0.00250000095367432
v 0.05780000305175782 0.00383022170073975 0.00321393871307373
v 0.05780000305175782 -0.00321393818848144 0.00383022308349609
v 0.05580000305175781 -0.00257112092964661 0.00405331325531006
v 0.05780000305175782 -0.00249999995224487 0.00433012771606445
v 0.05780000305175782 0.00321393828399170 0.00383022308349609
v 0.05780000305175782 0.00249999957091797 0.00433012771606445
v 0.05580000305175781 0.00222471098906982 0.00425331306457520
v 0.05780000305175782 -0.00171010060303223 0.00469846439361572
v 0.05780000305175782 -0.00086824078552734 0.00492403984069824
v 0.05580000305175781 0.00157887606627930 0.00453289794921875
v 0.05580000305175781 0.00019999985702026 0.00479583263397217
v 0.05580000305175781 0.00089910130507935 0.00471504211425781
v 0.05780000305175782 0.00000000004775513 0.00500000095367432
v 0.05780000305175782 0.00086824088103760 0.00492403984069824
v 0.05780000305175782 0.00171010069854248 0.00469846439361572
v 0.02850000000000000 -0.00433012707226288 0.00250000095367432
v 0.02550000000000000 -0.00433012707226288 0.00250000095367432
v 0.02850000000000000 -0.00353553385727417 0.00353553485870361
v 0.02550000000000000 -0.00353553385727417 0.00353553485870361
v 0.02850000000000000 -0.00249999995224487 0.00433012771606445
v 0.02550000000000000 -0.00249999995224487 0.00433012771606445
v 0.02850000000000000 -0.00129409546844971 0.00482962989807129
v 0.02550000000000000 -0.00129409546844971 0.00482962989807129
v 0.02850000000000000 0.00000000004775513 0.00500000095367432
v 0.02550000000000000 0.00000000004775513 0.00500000095367432
v 0.02850000000000000 0.00520000033385742 0.00500000095367432
v 0.02866343688964844 0.00646793513305176 0.00500000095367432
v 0.02914306640625000 0.00765297942168701 0.00500000095367432
v 0.03333308410644531 0.01020000033385742 0.00500000095367432
v 0.03333764648437500 0.01019736437804687 0.00500000095367432
v 0.02990753173828125 0.00867766051299560 0.00500000095367432
v 0.03090684509277344 0.00947498946197021 0.00500000095367432
v 0.03207568359375000 0.00999284224517334 0.00500000095367432
v 0.04185159301757813 0.02548909144408691 0.00259807682037354
v 0.04260000610351562 0.02736640124328125 0.00274538803100586
v 0.03925352478027344 0.02698909335143554 0.00259807682037354
v 0.04061201477050782 0.02851416735656249 0.00279651737213135
v 0.04122499084472656 0.02585086398131835 0.00289777851104736
v 0.03988012695312500 0.02662732272155273 0.00289777851104736
v 0.04194894409179688 0.02774228625304687 0.00296487808227539
v 0.04055255126953125 0.02623909335143554 0.00300000095367432
v 0.04127088928222657 0.02813376955993164 0.00298231792449951
v 0.04861289978027344 0.01580000071532715 0.00500000095367432
v 0.04809526062011719 0.01586814837462890 0.00500000095367432
v 0.04761289978027344 0.01606794886596191 0.00500000095367432
v 0.04719868469238282 0.01638578562743652 0.00500000095367432
v 0.04688084411621094 0.01680000071532714 0.00500000095367432
v 0.04017192077636719 0.01317979960448730 0.00500000095367432
v 0.04668104553222657 0.01728236155517089 0.00500000095367432
v 0.04661289978027344 0.01780000071532714 0.00500000095367432
v 0.04688084411621094 0.01880000071532715 0.00500000095367432
v 0.04668104553222657 0.01831763796813476 0.00500000095367432
v 0.05173059082031250 0.02720000033385742 0.00500000095367432
v 0.05204841613769531 0.02761421542174804 0.00500000095367432
v 0.05346263122558594 0.02820000033385742 0.00500000095367432
v 0.05246263122558595 0.02793205218322265 0.00500000095367432
v 0.05294499206542969 0.02813185076720703 0.00500000095367432
v 0.04592192077636719 0.02313909296996582 0.00500000095367432
v 0.04692192077636719 0.02487114291198242 0.00500000095367432
v 0.01766024780273438 0.01924871211059082 0.00250000095367432
v 0.01834838867187500 0.01885141520507324 0.00353553485870361
v 0.01916024780273438 0.02184678797729004 0.00250000095367432
v 0.01050000000000000 0.02684678606994140 0.00250000095367432
v 0.01200000000000000 0.02944486193664062 0.00250000095367432
v 0.01984838867187501 0.02144949107177246 0.00353553485870361
v 0.01118814086914063 0.02644948916442382 0.00353553485870361
v 0.01268814086914063 0.02904756884582031 0.00353553485870361
v 0.02550000000000001 0.01472243266112793 0.00500000095367432
v 0.02291024780273438 0.01968172411925781 0.00500000095367432
v 0.01924519348144531 0.01833364825255859 0.00433012771606445
v 0.02074519348144532 0.02093172411925781 0.00433012771606445
v 0.02028953552246094 0.01773069529540527 0.00482962989807129
v 0.02141024780273438 0.01708364825255859 0.00500000095367432
v 0.02178953552246094 0.02032877116210449 0.00482962989807129
v 0.01208493041992188 0.02593172411925781 0.00433012771606445
v 0.01358493041992188 0.02852979998595703 0.00433012771606445
v 0.01312928771972657 0.02532877116210449 0.00482962989807129
v 0.01425000000000000 0.02468172411925781 0.00500000095367432
v 0.01575000000000000 0.02727979998595703 0.00500000095367432
v 0.01462928771972657 0.02792684893615234 0.00482962989807129
v 0.08250000000000000 0.03495190386779296 0.00500000095367432
v 0.07850000000000000 0.03521985583312499 0.00500000095367432
v 0.07801763916015625 0.03502005343444336 0.00500000095367432
v 0.07750000000000000 0.03495190386779296 0.00500000095367432
v 0.07891421508789062 0.03553769259459961 0.00500000095367432
v 0.07923205566406250 0.03595190386779296 0.00500000095367432
v 0.07943185424804687 0.03643426852233398 0.00500000095367432
v 0.07950000000000000 0.03695190386779296 0.00500000095367432
v 0.06202191162109376 0.05102511172301757 0.00500000095367432
v 0.06222171020507813 0.05150747256286133 0.00500000095367432
v 0.06228987121582032 0.05202511172301758 0.00500000095367432
v 0.06222171020507813 0.05254274706847656 0.00500000095367432
v 0.06202191162109376 0.05302511172301758 0.00500000095367432
v 0.06170408630371094 0.05343932299621094 0.00500000095367432
v 0.06128987121582032 0.05375715975768555 0.00500000095367432
v 0.06430751037597658 0.05615543704040039 0.00500000095367432
v 0.06378987121582032 0.05608728747375000 0.00500000095367432
v 0.06327223205566407 0.05615543704040039 0.00500000095367432
v 0.06478987121582033 0.05635523562438476 0.00500000095367432
v 0.06520408630371095 0.05667307620055664 0.00500000095367432
v 0.06552191162109376 0.05708728747375000 0.00500000095367432
v 0.06278987121582032 0.05635523562438476 0.00500000095367432
v 0.03722242736816407 0.03047114138610351 0.00000000095367432
v 0.03724160766601563 0.03046006731994140 0.00016823339462280
v 0.03729785156250000 0.03042760043151367 0.00032500076293945
v 0.03738731384277345 0.03037595324523437 0.00045962047576904
v 0.03806680297851563 0.02998364214904296 0.00056291770935059
v 0.03750389099121094 0.03030864291198242 0.00056291770935059
v 0.03793104553222657 0.03006202654845703 0.00062785291671753
v 0.03763964843750001 0.03023025851256836 0.00062785291671753
v 0.03778535461425782 0.03014614443786132 0.00065000104904175
v 0.03182582092285156 0.03012393145568359 0.00000000095367432
v 0.02922773742675782 0.03162393527038086 0.00000000095367432
v 0.02922773742675782 0.03162393145568359 0.00000006580352783
v 0.03178155517578125 0.03014948611266601 0.00038816452026367
v 0.03178155517578125 0.03014948992736328 0.00038822937011719
v 0.02927200317382813 0.03159838061339843 0.00038822937011719
v 0.03482531738281251 0.03531922106750000 0.00000000095367432
v 0.03222723388671875 0.03681922106750000 0.00000000095367432
v 0.03478105163574220 0.03534477572448242 0.00038822937011719
v 0.03227149963378907 0.03679366259582031 0.00038822937011719
v 0.03165177917480469 0.03022441439635742 0.00075000095367432
v 0.02940177917480469 0.03152345232970703 0.00075000095367432
v 0.03144534301757813 0.03034360079772461 0.00106066131591797
v 0.02960823059082032 0.03140425829894531 0.00106066131591797
v 0.03465127563476563 0.03541970019347656 0.00075000095367432
v 0.03240127563476564 0.03671873812682617 0.00075000095367432
v 0.03444483947753907 0.03553889040954101 0.00106066131591797
v 0.03260772705078126 0.03659954791076171 0.00106066131591797
v 0.02229954528808594 0.03562393145568359 0.00000000095367432
v 0.01970146179199219 0.03712393527038085 0.00000000095367432
v 0.01970146179199219 0.03712393145568359 0.00000006580352783
v 0.02225527954101563 0.03564948992736328 0.00038822937011719
v 0.02225527954101563 0.03564948611266601 0.00038816452026367
v 0.01974572753906250 0.03709837679870117 0.00038822937011719
v 0.02212550354003907 0.03572441439635742 0.00075000095367432
v 0.01987550354003906 0.03702345232970703 0.00075000095367432
v 0.02191906738281250 0.03584360079772460 0.00106066131591797
v 0.02008193969726563 0.03690426592833984 0.00106066131591797
v 0.02990727233886720 0.04162275652892578 0.00033355712890625
v 0.02989230346679688 0.04163139681823242 0.00048378753662109
v 0.02529904174804688 0.04081922106749999 0.00000000095367432
v 0.02525477600097657 0.04084477572448242 0.00038822937011719
v 0.02818110656738282 0.04261935763366211 0.00051113319396973
v 0.02274522399902345 0.04229366259582031 0.00038822937011719
v 0.02676370239257813 0.04343769793517577 0.00030996274948120
v 0.02550000000000001 0.04416729693419921 0.00000000095367432
v 0.02420095825195313 0.04491729693419921 0.00000000095367432
v 0.02420652770996095 0.04491407732970703 0.00004889535903931
v 0.02422309875488282 0.04490451769835937 0.00019411516189575
v 0.02368074035644532 0.04521764712340820 0.00027656316757202
v 0.02358160400390626 0.04527488284118163 0.00030445432662964
v 0.02323757934570313 0.04547350649840820 0.00000000095367432
v 0.02336270141601563 0.04540126757628906 0.00008079290390015
v 0.02675477600097657 0.04344285159118164 0.00038822937011719
v 0.02678193664550782 0.04342716937072266 0.00040965604782104
v 0.02682499694824220 0.04340230898864257 0.00040995550155640
v 0.02674865722656251 0.04344638781554687 0.00040530061721802
v 0.02668218994140626 0.04348475985534180 0.00059058332443237
v 0.02423965454101563 0.04489495806701171 0.00033933591842651
v 0.02424522399902344 0.04489173846251953 0.00038822937011719
v 0.02427780151367188 0.04487292819030273 0.00047906017303467
v 0.02432624816894532 0.04484496264464843 0.00061409378051758
v 0.02512500000000000 0.04091970019347656 0.00075000095367432
v 0.02287500000000001 0.04221873812682617 0.00075000095367432
v 0.02491856384277344 0.04103889040954101 0.00106066131591797
v 0.02308143615722657 0.04209954791076172 0.00106066131591797
v 0.02665757751464844 0.04349896578795898 0.00065917015075684
v 0.02662500000000001 0.04351777606017578 0.00075000095367432
v 0.02662500000000001 0.04351777606017578 0.00075000095367432
v 0.02659899902343751 0.04353278689391601 0.00078912591934204
v 0.02653604125976563 0.04356914095885742 0.00088388061523438
v 0.02437500000000001 0.04481681399352538 0.00075000095367432
v 0.02378829956054688 0.04515554385192382 0.00067093133926392
v 0.02445256042480470 0.04477204089171875 0.00086670780181885
v 0.02357751464843751 0.04527724032409179 0.00089191293716431
v 0.02452960205078126 0.04472755389220703 0.00098266267776489
v 0.02458143615722657 0.04469762377746093 0.00106066131591797
v 0.02461532592773438 0.04467806582458007 0.00109068441390991
v 0.02471595764160157 0.04461996035583007 0.00117985105514526
v 0.02270095825195313 0.04231922106750000 0.00000000095367432
v 0.01966987609863282 0.04406922106750000 0.00000000095367432
v 0.02116987609863282 0.04666729311950195 0.00000000095367432
v 0.02118846130371094 0.04665656619079101 0.00016298151016235
v 0.02124363708496094 0.04662470202453125 0.00064704799652100
v 0.02127893066406251 0.04660433535583008 0.00095649814605713
v 0.02190010070800782 0.04624569659240234 0.00119040775299072
v 0.03117630004882813 0.03049893145568359 0.00129903888702393
v 0.02987725830078125 0.03124893527038086 0.00129903888702393
v 0.03086299133300782 0.03067982058532226 0.00144888973236084
v 0.03019056701660157 0.03106804614074218 0.00144888973236084
v 0.03052677917480469 0.03087393527038085 0.00150000095367432
v 0.03417579650878907 0.03569422106750000 0.00129903888702393
v 0.03287675476074219 0.03644422106750000 0.00129903888702393
v 0.03386248779296876 0.03587510638244140 0.00144888973236084
v 0.03319006347656251 0.03626333193786133 0.00144888973236084
v 0.03352627563476563 0.03606922106750000 0.00150000095367432
v 0.02165002441406250 0.03599893145568359 0.00129903888702393
v 0.02133671569824219 0.03617982058532226 0.00144888973236084
v 0.02100050354003907 0.03637393145568359 0.00150000095367432
v 0.02035098266601563 0.03674893527038085 0.00129903888702393
v 0.02066429138183594 0.03656804614074218 0.00144888973236084
v 0.02977006530761719 0.04170197634704101 0.00129951810836792
v 0.02976623535156251 0.04170418505675781 0.00131997823715210
v 0.02963363647460938 0.04178073458678710 0.00179647636413574
v 0.02963363647460938 0.04178073840148437 0.00179647636413574
v 0.02796728515625001 0.04274280886657227 0.00140496253967285
v 0.02464952087402344 0.04119422106749999 0.00129903888702393
v 0.02335047912597657 0.04194422106750000 0.00129903888702393
v 0.02433621215820313 0.04137510638244140 0.00144888973236084
v 0.02366378784179688 0.04176333193786132 0.00144888973236084
v 0.02400000000000001 0.04156922106750000 0.00150000095367432
v 0.02842301940917969 0.04247969393737305 0.00170412063598633
v 0.02597541809082032 0.04389281802184570 0.00138231182098389
v 0.02595521545410157 0.04390447573668945 0.00154848337173462
v 0.02481658935546876 0.04456185870177734 0.00126901769638062
v 0.02485047912597657 0.04454229693419921 0.00129903888702393
v 0.02485047912597657 0.04454229693419921 0.00129903888702393
v 0.02485444641113282 0.04454000811583984 0.00130093526840210
v 0.02591487121582032 0.04392776827819336 0.00141126585006714
v 0.02583621215820313 0.04397318224914062 0.00144888973236084
v 0.02583621215820313 0.04397318224914062 0.00144888973236084
v 0.02579386901855470 0.04399763064391601 0.00145532655715942
v 0.02569760131835938 0.04405320696837890 0.00146996068954468
v 0.02561953735351563 0.04409828143126953 0.00148182916641235
v 0.02554234313964844 0.04414284853942382 0.00149356365203857
v 0.02550000000000001 0.04416729693419921 0.00150000095367432
v 0.02550000000000001 0.04416729693419921 0.00150000095367432
v 0.02548823547363282 0.04417409091002929 0.00149821233749390
v 0.02471621704101563 0.04461981539733398 0.00145541477203369
v 0.02547674560546876 0.04418072466857421 0.00156910467147827
v 0.02400041198730470 0.04503308825500000 0.00162831306457520
v 0.02391044616699220 0.04508502535827148 0.00160965490341187
v 0.02364341735839845 0.04523919253356445 0.00176658868789673
v 0.02946124267578126 0.04188027148253906 0.00225567340850830
v 0.02946124267578126 0.04188027148253906 0.00225567340850830
v 0.02944818115234376 0.04188781313903320 0.00228281116485596
v 0.02940782165527344 0.04191110949523437 0.00236666011810303
v 0.02588705444335938 0.04394382815368163 0.00191682577133179
v 0.02422038269042969 0.04490608172423828 0.00192560911178589
v 0.02577775573730470 0.04400692706115234 0.00206623935699463
v 0.01981741333007813 0.04398403506286132 0.00129409599304199
v 0.02131741333007813 0.04658211092956054 0.00129409599304199
v 0.02133918762207032 0.04656954150207031 0.00135479116439819
v 0.02261856079101563 0.04583089022643554 0.00150753211975098
v 0.02142602539062501 0.04651940112121093 0.00159686660766602
v 0.02158749389648438 0.04642618136413085 0.00204697895050049
v 0.02165388488769532 0.04638784747130859 0.00223208236694336
v 0.05967025756835938 0.03495190386779296 0.00500000095367432
v 0.05915261840820314 0.03502005343444336 0.00500000095367432
v 0.05867025756835938 0.03521985583312499 0.00500000095367432
v 0.05825604248046876 0.03553769259459961 0.00500000095367432
v 0.05793820190429688 0.03595190386779296 0.00500000095367432
v 0.05773840332031251 0.03643426852233398 0.00500000095367432
v 0.05767025756835938 0.03695190386779296 0.00500000095367432
v 0.05773840332031251 0.03746954302794921 0.00500000095367432
v 0.05793820190429688 0.03795190386779296 0.00500000095367432
v 0.03618319702148438 0.03107114367492187 0.00500000095367432
v 0.03595115661621095 0.03466921954162109 0.00500000095367432
v 0.02868295288085938 0.04232961611754883 0.00250339794158936
v 0.02883038330078126 0.04224450259215820 0.00283684444427490
v 0.02904258728027344 0.04212198596007812 0.00304036045074463
v 0.02900402832031251 0.04214424471862304 0.00310468387603760
v 0.02900402832031251 0.04214424471862304 0.00310468387603760
v 0.02571778869628907 0.04404156069762695 0.00269977092742920
v 0.02480917358398438 0.04456614642150390 0.00297706794738770
v 0.02480917358398438 0.04456614642150390 0.00297704410552979
v 0.02846765136718751 0.04245392184264648 0.00320949840545654
v 0.02878900146484376 0.04226839022643554 0.00339732933044434
v 0.02870037841796876 0.04231956057555664 0.00351229667663574
v 0.02296574401855470 0.04563044695861328 0.00313161849975586
v 0.02286320495605470 0.04568964724547851 0.00314145183563232
v 0.02293374633789063 0.04564892535216797 0.00315611934661865
v 0.02476849365234376 0.04458963351256836 0.00367330741882324
v 0.02321092224121095 0.04548889880187500 0.00344469165802002
v 0.02352203369140626 0.04530927233703125 0.00367289066314697
v 0.02025000000000001 0.04373428301818359 0.00250000095367432
v 0.02175000000000001 0.04633235888488281 0.00250000095367432
v 0.02212268066406251 0.04611719088561523 0.00306082725524902
v 0.02226536560058594 0.04603481249816406 0.00327553558349609
v 0.02093814086914063 0.04333698611266601 0.00353553485870361
v 0.02243814086914063 0.04593506197936523 0.00353553485870361
v 0.02249221801757813 0.04590384249694335 0.00358344841003418
v 0.03345115661621095 0.03033909182555664 0.00500000095367432
v 0.02841215515136719 0.04248596148498047 0.00383438396453857
v 0.02841215515136719 0.04248596148498047 0.00383438396453857
v 0.02807264709472657 0.04268197588927734 0.00414551925659180
v 0.02807264709472657 0.04268197588927734 0.00414551925659180
v 0.02566247558593751 0.04407349352843749 0.00407422542572022
v 0.02340986633300782 0.04537403063781250 0.00421206951141357
v 0.02333493041992188 0.04541729693419921 0.00433012771606445
v 0.02335466003417970 0.04540590624816406 0.00433956527709961
v 0.03260140991210939 0.04006729464538086 0.00500000095367432
v 0.02770835876464844 0.04289229540832031 0.00441673088073730
v 0.02770835876464844 0.04289229922301757 0.00441673088073730
v 0.02287928771972657 0.04221626620299804 0.00482962989807129
v 0.02400000000000001 0.04156922106750000 0.00500000095367432
v 0.02732281494140626 0.04311489062316406 0.00464540672302246
v 0.02732281494140626 0.04311489443786132 0.00464540672302246
v 0.02359713745117188 0.04526591067321289 0.00445553874969482
v 0.02398693847656251 0.04504085497863281 0.00464197826385498
v 0.02691970825195313 0.04334762530333984 0.00482934474945068
v 0.02691970825195313 0.04334762530333984 0.00482934474945068
v 0.02650292968750001 0.04358825259215820 0.00496677398681641
v 0.02650292968750001 0.04358825259215820 0.00496677398681641
v 0.02634478759765626 0.04367956118590820 0.00500000095367432
v 0.02634478759765626 0.04367955737121093 0.00500000095367432
v 0.02607006835937501 0.04383816485412109 0.00500000095367432
v 0.02437928771972657 0.04481434206969726 0.00482962989807129
v 0.02429438781738282 0.04486336474425781 0.00478901958465576
v 0.02572178649902344 0.04403924899108398 0.00500000095367432
v 0.02550000000000001 0.04416729693419921 0.00500000095367432
v 0.02453355407714845 0.04472528033263672 0.00485308074951172
v 0.02480029296875001 0.04457126574523437 0.00489363288879395
v 0.02521861267089845 0.04432974963195312 0.00495722579956055
v 0.02542605590820313 0.04420999102599609 0.00498875904083252
v 0.02183493041992188 0.04281922106750000 0.00433012771606445
v 0.05551525878906251 0.06055523638732421 0.00500000095367432
v 0.05401525878906251 0.05795716052062500 0.00500000095367432
v 0.05353288269042970 0.05815695910460937 0.00500000095367432
v 0.05160104370117188 0.05763932375915039 0.00500000095367432
v 0.05301525878906251 0.05822511248595703 0.00500000095367432
v 0.05249761962890626 0.05815695910460937 0.00500000095367432
v 0.05201525878906251 0.05795716052062500 0.00500000095367432
v 0.05128320312500001 0.05722510867125976 0.00500000095367432
v 0.05510104370117188 0.06087307696349609 0.00500000095367432
v 0.05478320312500001 0.06128728442199218 0.00500000095367432
v 0.05458340454101563 0.06176965289123047 0.00500000095367432
v 0.05451525878906251 0.06228728442199218 0.00500000095367432
v 0.05458340454101563 0.06280492358214844 0.00500000095367432
v 0.05478320312500001 0.06328728442199219 0.00500000095367432
v 0.04470140075683594 0.06102510790832031 0.00500000095367432
v 0.18029859161376954 0.06887869982726560 -0.00499999904632568
v 0.17021679687499999 0.06661652331359373 -0.00499999904632568
v 0.17041659927368163 0.06709888415343748 -0.00499999904632568
v 0.17048474884033205 0.06761652331359373 -0.00499999904632568
v 0.17041659927368163 0.06813416247374998 -0.00499999904632568
v 0.17021679687499999 0.06861652331359373 -0.00499999904632568
v 0.16989896011352540 0.06903073840148435 -0.00499999904632568
v 0.17371679687500000 0.07267870287902342 -0.00499999904632568
v 0.17298474884033205 0.07194664721496093 -0.00499999904632568
v 0.17250238418579103 0.07174684863097655 -0.00499999904632568
v 0.17198474884033205 0.07167870287902342 -0.00499999904632568
v 0.17339896011352540 0.07226448779113280 -0.00499999904632568
v 0.17146710968017578 0.07174684863097655 -0.00499999904632568
v 0.17098474884033205 0.07194664721496093 -0.00499999904632568
v 0.16948474884033204 0.06934857134826170 -0.00499999904632568
v 0.20316506385803224 0.08708459429748046 -0.00433012604713440
v 0.19950000000000001 0.08573651843078123 -0.00499999904632568
v 0.20062071990966798 0.08508946948058592 -0.00482962810993195
v 0.19852704238891603 0.08629825549132811 -0.00496866118907928
v 0.19835686683654785 0.08639650683410155 -0.00492622065544128
v 0.19832163810729980 0.08641684679992186 -0.00491315066814423
v 0.20100000000000001 0.08833459429748045 -0.00499999904632568
v 0.20212071990966798 0.08768754534728514 -0.00482962810993195
v 0.19239859008789062 0.08983651690490232 -0.00499999904632568
v 0.20166506385803223 0.08448651843078123 -0.00433012604713440
v 0.19721485137939454 0.08705584673888671 -0.00436120820045471
v 0.19716766738891603 0.08708309130675780 -0.00433093011379242
v 0.19709133529663087 0.08712715868957030 -0.00426992750167847
v 0.19154885101318359 0.09956471972472655 -0.00499999904632568
v 0.20256186294555664 0.08396874957091795 -0.00353553295135498
v 0.20406186294555664 0.08656682543761716 -0.00353553295135498
v 0.20296925544738770 0.08373353533751951 -0.00292247390747070
v 0.20316333580017090 0.08362149004943357 -0.00263041710853577
v 0.19619025611877441 0.08764739947326171 -0.00337570333480835
v 0.19617932701110841 0.08765370898253905 -0.00336266255378723
v 0.19617097663879396 0.08765853075988279 -0.00335051441192627
v 0.19931455421447755 0.08584358172423827 -0.00304131674766541
v 0.19911659240722657 0.08595787768371092 -0.00268152594566345
v 0.18904885101318361 0.09523458819396483 -0.00499999904632568
v 0.18881679916381836 0.09883266406066404 -0.00499999904632568
v 0.16706180191040040 0.09195190386779295 -0.00499999904632568
v 0.16726160049438477 0.09243426470763670 -0.00499999904632568
v 0.16732975006103515 0.09295190386779295 -0.00499999904632568
v 0.16726160049438477 0.09346954302794920 -0.00499999904632568
v 0.16706180191040040 0.09395190386779295 -0.00499999904632568
v 0.16674396133422853 0.09436611895568357 -0.00499999904632568
v 0.16632975006103515 0.09468395953185545 -0.00499999904632568
v 0.16584738922119141 0.09488375811583982 -0.00499999904632568
v 0.16532975006103515 0.09495190386779295 -0.00499999904632568
v 0.20325000190734863 0.08357144885070311 -0.00249999904632568
v 0.20331821441650391 0.08353206591613280 -0.00230983734130859
v 0.20475000000000002 0.08616952471740233 -0.00249999904632568
v 0.20358923339843751 0.08337559466369139 -0.00155431795120239
v 0.20368258285522461 0.08332170062072264 -0.00129409408569336
v 0.20518258094787598 0.08591977648742186 -0.00129409408569336
v 0.20169124221801757 0.08447139697082029 -0.00189621925354004
v 0.19900576782226562 0.08602186541564451 -0.00218386292457581
v 0.19899940490722656 0.08602553515441405 -0.00214760398864746
v 0.19705416107177734 0.08714862017638671 -0.00247676587104797
v 0.19740608406066895 0.08694544177062498 -0.00212039351463318
v 0.19658611679077148 0.08741884570128905 -0.00202212595939636
v 0.19730170631408692 0.08700569872863280 -0.00187602996826172
v 0.20153052139282226 0.08456419329650389 -0.00179910898208618
v 0.19898473930358887 0.08603400378234373 -0.00158079957962036
v 0.20082171630859375 0.08497341876037108 -0.00142942953109741
v 0.19954234313964844 0.08571207385070310 -0.00149356222152710
v 0.20057014465332032 0.08511866717345701 -0.00140904140472412
v 0.19991487693786622 0.08549698596007811 -0.00141126441955566
v 0.19966810798645021 0.08563945727355467 -0.00147444343566895
v 0.19979387283325195 0.08556684832580076 -0.00145532464981079
v 0.19983621597290038 0.08554240374572264 -0.00144888782501221
v 0.19983621597290038 0.08554240374572264 -0.00144888782501221
v 0.19950000000000001 0.08573651843078123 -0.00149999904632568
v 0.19940937614440918 0.08578884081847654 -0.00148622274398804
v 0.19941558456420899 0.08578525500304686 -0.00148716640472412
v 0.20003182029724120 0.08542947344787108 -0.00135533142089844
v 0.20030188179016115 0.08527355151183592 -0.00129213666915894
v 0.20014951896667482 0.08536151843078123 -0.00129903697967529
v 0.20018804168701174 0.08533927874572264 -0.00126490449905396
v 0.19874328613281250 0.08617340807921874 -0.00140514945983887
v 0.19892832756042481 0.08606657366759764 -0.00133856868743896
v 0.19892540168762207 0.08606825976378904 -0.00133487081527710
v 0.19877994346618652 0.08615224413878905 -0.00133708047866821
v 0.19840425300598144 0.08636914782531248 -0.00135090351104736
v 0.19885048103332520 0.08611151843078123 -0.00129903697967529
v 0.19882812118530274 0.08612442736632811 -0.00127922487258911
v 0.19866880226135256 0.08621640734679686 -0.00125081539154053
v 0.19729916000366210 0.08700717120177733 -0.00182107686996460
v 0.19684390068054200 0.08727001147277343 -0.00177073097229004
v 0.19670704650878906 0.08734902911193358 -0.00160152959823608
v 0.20100000000000001 0.08833459429748045 -0.00149999904632568
v 0.20133621597290038 0.08814047961242186 -0.00144888782501221
v 0.20066378402709961 0.08852870898253905 -0.00144888782501221
v 0.20164951896667480 0.08795959429748045 -0.00129903697967529
v 0.20035048103332520 0.08870959429748045 -0.00129903697967529
v 0.19660010910034181 0.08741076617248045 -0.00151718664169312
v 0.20433571434020997 0.09333576159484373 -0.00144888782501221
v 0.20464901733398438 0.09315487627990232 -0.00129903697967529
v 0.20399949836730957 0.09352987627990232 -0.00149999904632568
v 0.20366328239440917 0.09372399096496092 -0.00144888782501221
v 0.20334997940063476 0.09390487627990232 -0.00129903697967529
v 0.19147372055053710 0.09383459429748045 -0.00149999904632568
v 0.19180993652343750 0.09364047961242186 -0.00144888782501221
v 0.19113750457763673 0.09402870898253905 -0.00144888782501221
v 0.19212324142456055 0.09345959429748045 -0.00129903697967529
v 0.19082419967651368 0.09420959429748045 -0.00129903697967529
v 0.19447321891784669 0.09902987627990233 -0.00149999904632568
v 0.19480943489074706 0.09883576159484374 -0.00144888782501221
v 0.19413700294494629 0.09922399096496091 -0.00144888782501221
v 0.19512273788452150 0.09865487627990233 -0.00129903697967529
v 0.19382369995117188 0.09940487627990233 -0.00129903697967529
v 0.20370987892150880 0.08330593829162107 -0.00105466556549072
v 0.20231842422485352 0.08410929827697264 -0.00053730869293213
v 0.20379164505004882 0.08325873522765623 -0.00033751773834229
v 0.20379308319091796 0.08325790362365233 -0.00032491254806519
v 0.20379409599304199 0.08325731616027342 -0.00031601619720459
v 0.20292256736755371 0.08376049761779295 -0.00011456823348999
v 0.20221978569030763 0.08416624407775389 -0.00103379011154175
v 0.20129571533203125 0.08469976000792967 -0.00078041410446167
v 0.20078759574890137 0.08499312548644529 -0.00077893257141113
v 0.20075618362426759 0.08501126055724607 -0.00071531391143799
v 0.20191855812072754 0.08780425982482420 -0.00106065940856934
v 0.20008144187927246 0.08886492114074217 -0.00106065940856934
v 0.20212500000000000 0.08768507342345701 -0.00074999904632568
v 0.19987500000000000 0.08898410754210936 -0.00074999904632568
v 0.19796009254455565 0.08662557940490233 -0.00060359334945679
v 0.19792087173461914 0.08664823107726560 -0.00042516088485718
v 0.20079533576965333 0.08498865466124998 -0.00003247737884521
v 0.19805602264404298 0.08657019762999998 -0.00021951150894165
v 0.19821718978881836 0.08647714953429686 -0.00014233160018921
v 0.19820653533935548 0.08648329882628905 -0.00004889345169067
v 0.20225477409362794 0.08761014513976560 -0.00038822746276855
v 0.19974522590637209 0.08905903582580077 -0.00038822746276855
v 0.20491805839538574 0.09299954943664061 -0.00106065940856934
v 0.20308094215393066 0.09406020312316404 -0.00106065940856934
v 0.20512449836730959 0.09288035540587888 -0.00074999904632568
v 0.20287450027465820 0.09417939715392576 -0.00074999904632568
v 0.20525427436828614 0.09280543475158201 -0.00038822746276855
v 0.20274472618103029 0.09425431780822265 -0.00038822746276855
v 0.19239228057861330 0.09330425982482420 -0.00106065940856934
v 0.19055516052246094 0.09436492114074217 -0.00106065940856934
v 0.19259872055053712 0.09318507342345701 -0.00074999904632568
v 0.19034872055053711 0.09448410754210936 -0.00074999904632568
v 0.19539177894592286 0.09849954943664060 -0.00106065940856934
v 0.19539181327819824 0.09849952654845702 -0.00106060743331909
v 0.19355466270446778 0.09956020312316405 -0.00106065940856934
v 0.19559821891784668 0.09838035540587889 -0.00074999904632568
v 0.19559824180603028 0.09838034777648436 -0.00074993848800659
v 0.19334825515747070 0.09967937426574217 -0.00075005054473877
v 0.19334822082519532 0.09967939715392576 -0.00074999904632568
v 0.19272849655151367 0.09311014513976561 -0.00038822746276855
v 0.19021894454956056 0.09455903582580076 -0.00038822746276855
v 0.19572799491882326 0.09830543475158202 -0.00038822746276855
v 0.19572800254821779 0.09830542712218748 -0.00038816261291504
v 0.19321846771240234 0.09975431017882810 -0.00038828802108765
v 0.19321844673156738 0.09975431780822264 -0.00038822746276855
v 0.19317418861389160 0.09977987627990233 -0.00000006389617920
v 0.18721465301513673 0.09975766711242186 -0.00064999914169312
v 0.18736034393310547 0.09967355303771483 -0.00062785100936890
v 0.18706895828247072 0.09984178118712889 -0.00062785100936890
v 0.18749610900878907 0.09959516863830077 -0.00056291532516479
v 0.18693319320678711 0.09992016558654296 -0.00056291532516479
v 0.18761269378662110 0.09952785449035155 -0.00045961856842041
v 0.18770215225219727 0.09947621111876952 -0.00032499885559082
v 0.18775838851928711 0.09944374041564452 -0.00016823148727417
v 0.16221013259887695 0.07354857592589842 -0.00499999904632568
v 0.15947808074951172 0.07281652026183592 -0.00499999904632568
v 0.15979592132568360 0.07323073534972654 -0.00499999904632568
v 0.16021013641357423 0.07354857592589842 -0.00499999904632568
v 0.16172777175903322 0.07374837450988279 -0.00499999904632568
v 0.16121013259887695 0.07381652026183592 -0.00499999904632568
v 0.16069249725341797 0.07374837450988279 -0.00499999904632568
v 0.16371013259887696 0.07614665179259764 -0.00499999904632568
v 0.16329592132568360 0.07646448473937498 -0.00499999904632568
v 0.16297808456420898 0.07687869982726561 -0.00499999904632568
v 0.16277828216552734 0.07736106066710936 -0.00499999904632568
v 0.16271013259887696 0.07787869982726561 -0.00499999904632568
v 0.16277828216552734 0.07839633898742186 -0.00499999904632568
v 0.16297808456420898 0.07887869982726561 -0.00499999904632568
v 0.14549999999999999 0.09295190386779295 -0.00499999904632568
v 0.14556814575195312 0.09346954302794920 -0.00499999904632568
v 0.14576795196533204 0.09395190386779295 -0.00499999904632568
v 0.14608578491210938 0.09436611895568357 -0.00499999904632568
v 0.14749999999999999 0.09495190386779295 -0.00499999904632568
v 0.14698236083984376 0.09488375811583982 -0.00499999904632568
v 0.14649999999999999 0.09468395953185545 -0.00499999904632568
v 0.14250000000000002 0.09495190386779295 -0.00499999904632568
v 0.21037071895599366 0.10197696642882811 -0.00482962810993195
v 0.20924999999999999 0.10262400774962889 -0.00499999904632568
v 0.21074999999999999 0.10522208361632811 -0.00499999904632568
v 0.21187071895599366 0.10457504229552733 -0.00482962810993195
v 0.21141506385803224 0.10137400774962889 -0.00433012604713440
v 0.21291506385803224 0.10397208361632811 -0.00433012604713440
v 0.20321046447753907 0.10957504229552732 -0.00482962810993195
v 0.20358974647521977 0.11282015948302733 -0.00499999904632568
v 0.20471046447753910 0.11217311816222654 -0.00482962810993195
v 0.20425481033325196 0.10897208361632811 -0.00433012604713440
v 0.20575481033325199 0.11157015948302733 -0.00433012604713440
v 0.20208974647521974 0.11022208361632811 -0.00499999904632568
v 0.19950000000000004 0.11518138079650389 -0.00499999904632568
v 0.21231186199188232 0.10085624651916014 -0.00353553295135498
v 0.21381186199188232 0.10345432238585936 -0.00353553295135498
v 0.20515160751342773 0.10845432238585936 -0.00353553295135498
v 0.20665160751342776 0.11105239825255858 -0.00353553295135498
v 0.17807808303833009 0.10503266863830077 -0.00499999904632568
v 0.17907808303833009 0.10676471667296873 -0.00499999904632568
v 0.17205500411987304 0.10177195696837889 -0.00499999904632568
v 0.17253736495971680 0.10197176318175780 -0.00499999904632568
v 0.17153736495971680 0.10170381121642577 -0.00499999904632568
v 0.17295158004760741 0.10228959612853514 -0.00499999904632568
v 0.17326941680908203 0.10270381121642576 -0.00499999904632568
v 0.17831895828247074 0.11158617358214842 -0.00499999904632568
v 0.17811915969848635 0.11110381274230467 -0.00499999904632568
v 0.17838710784912112 0.11210381274230467 -0.00499999904632568
v 0.17831895828247074 0.11262145190246092 -0.00499999904632568
v 0.18482808303833012 0.11672401385314451 -0.00499999904632568
v 0.17811915969848635 0.11310381274230467 -0.00499999904632568
v 0.17780131912231448 0.11351802783019529 -0.00499999904632568
v 0.17738710784912112 0.11383586077697264 -0.00499999904632568
v 0.17690474700927739 0.11403565936095701 -0.00499999904632568
v 0.17638710784912112 0.11410381274230467 -0.00499999904632568
v 0.18344744110107422 0.10193267016417967 -0.00299999904632568
v 0.18411987304687499 0.10154444079406248 -0.00289777636528015
v 0.18444744110107422 0.10366471819884764 -0.00299999904632568
v 0.18511987304687499 0.10327648882873046 -0.00289777636528015
v 0.18377500915527345 0.10405294756896483 -0.00289777636528015
v 0.18474647903442384 0.10118267016417967 -0.00259807515144348
v 0.18574647903442384 0.10291471819884764 -0.00259807515144348
v 0.18277500915527345 0.10232089953429686 -0.00289777636528015
v 0.18214840316772463 0.10268267016417967 -0.00259807515144348
v 0.18314840316772460 0.10441471819884764 -0.00259807515144348
v 0.19292431259155277 0.11991096453673826 -0.00499999904632568
v 0.19409315681457523 0.12042881731994139 -0.00499999904632568
v 0.19509247589111331 0.12122615008361326 -0.00499999904632568
v 0.19166691970825198 0.11970381121642576 -0.00499999904632568
v 0.19166235351562502 0.11970644335753905 -0.00499999904632568
v 0.19585693550109867 0.12225083117492186 -0.00499999904632568
v 0.19633656311035161 0.12343587450988279 -0.00499999904632568
v 0.19650000000000004 0.12470380358703123 -0.00499999904632568
v 0.19950000000000004 0.12990381579406246 -0.00499999904632568
v 0.19650000000000004 0.12990381579406246 -0.00499999904632568
v 0.19950000000000004 0.13119789843566404 -0.00482962810993195
v 0.19650000000000004 0.13119789843566404 -0.00482962810993195
v 0.19950000000000004 0.13240381579406246 -0.00433012604713440
v 0.19650000000000004 0.13240381579406246 -0.00433012604713440
v 0.19950000000000004 0.13343933825499996 -0.00353553295135498
v 0.19650000000000004 0.13343933825499996 -0.00353553295135498
v 0.16720000076293948 0.12819370226867186 -0.00469846212863922
v 0.16720000076293948 0.12903557543761715 -0.00492403781414032
v 0.16720000076293948 0.12990381579406246 -0.00499999904632568
v 0.16920000076293948 0.13010381274230465 -0.00479583048820496
v 0.16720000076293948 0.13077205615050777 -0.00492403781414032
v 0.16920000076293948 0.13080290942199216 -0.00471504044532776
v 0.16720000076293948 0.13161391406066403 -0.00469846212863922
v 0.16920000076293948 0.13148268847472652 -0.00453289544582367
v 0.16720000076293948 0.12740381579406249 -0.00433012604713440
v 0.16920000076293948 0.12733269457824217 -0.00405331099033356
v 0.16720000076293948 0.12668987231261716 -0.00383022117614746
v 0.16920000076293948 0.13212851672179685 -0.00425331091880798
v 0.16720000076293948 0.13240381579406246 -0.00433012604713440
v 0.16720000076293948 0.13311774401671872 -0.00383022117614746
v 0.16720000076293948 0.12607358508117186 -0.00321393704414368
v 0.16920000076293948 0.12585050158507810 -0.00257111978530884
v 0.16920000076293948 0.12676764636046872 -0.00363379383087158
v 0.16920000076293948 0.12627001147277342 -0.00313616466522217
v 0.16720000076293948 0.13373403124816402 -0.00321393704414368
v 0.21299999999999999 0.10045894579894529 -0.00249999904632568
v 0.21450000000000000 0.10305702166564451 -0.00249999904632568
v 0.20583974647521974 0.10805702166564451 -0.00249999904632568
v 0.21343258190155029 0.10020919756896483 -0.00129409408569336
v 0.20933671379089355 0.10199774889953124 -0.00144888782501221
v 0.20965002059936524 0.10181686358458983 -0.00129903697967529
v 0.21493258190155029 0.10280727343566405 -0.00129409408569336
v 0.20900050163269043 0.10219186358458983 -0.00149999904632568
v 0.20924999999999999 0.10262400774962889 -0.00149999904632568
v 0.20958621597290039 0.10242989306457030 -0.00144888782501221
v 0.20891378402709962 0.10281812243468748 -0.00144888782501221
v 0.20989951896667480 0.10224900774962889 -0.00129903697967529
v 0.20866428565979003 0.10238597826964842 -0.00144888782501221
v 0.20835098266601562 0.10256686358458983 -0.00129903697967529
v 0.20860048103332521 0.10299900774962889 -0.00129903697967529
v 0.21074999999999999 0.10522208361632811 -0.00149999904632568
v 0.21108621597290039 0.10502796893126952 -0.00144888782501221
v 0.21041378402709962 0.10541619830138670 -0.00144888782501221
v 0.21139951896667480 0.10484708361632811 -0.00129903697967529
v 0.21010048103332521 0.10559708361632811 -0.00129903697967529
v 0.21224999999999999 0.10782015948302733 -0.00149999904632568
v 0.21258621597290039 0.10762604479796874 -0.00144888782501221
v 0.21191378402709962 0.10801427416808593 -0.00144888782501221
v 0.21289951896667481 0.10744515948302732 -0.00129903697967529
v 0.21160048103332521 0.10819515948302733 -0.00129903697967529
v 0.20627232742309570 0.10780727343566404 -0.00129409408569336
v 0.19981043434143067 0.10749774889953123 -0.00144888782501221
v 0.19947422218322755 0.10769186358458983 -0.00149999904632568
v 0.19972372055053711 0.10812400774962889 -0.00149999904632568
v 0.20005993652343751 0.10792989306457029 -0.00144888782501221
v 0.19913800621032715 0.10788597826964842 -0.00144888782501221
v 0.19938750457763671 0.10831812243468748 -0.00144888782501221
v 0.20012374114990233 0.10731686358458983 -0.00129903697967529
v 0.20037323951721192 0.10774900774962889 -0.00129903697967529
v 0.19907420158386230 0.10849900774962890 -0.00129903697967529
v 0.19882470321655274 0.10806686358458983 -0.00129903697967529
v 0.20733974647521974 0.11065509753234373 -0.00249999904632568
v 0.20777232742309570 0.11040534930236326 -0.00129409408569336
v 0.20337323951721195 0.11294515948302733 -0.00129903697967529
v 0.20272372055053714 0.11332015948302733 -0.00149999904632568
v 0.20305993652343754 0.11312604479796873 -0.00144888782501221
v 0.20238750457763674 0.11351427416808592 -0.00144888782501221
v 0.20122372055053711 0.11072208361632811 -0.00149999904632568
v 0.20155993652343751 0.11052796893126951 -0.00144888782501221
v 0.20187323951721192 0.11034708361632811 -0.00129903697967529
v 0.20088750457763674 0.11091619830138670 -0.00144888782501221
v 0.20057420158386233 0.11109708361632811 -0.00129903697967529
v 0.20207420158386233 0.11369515948302733 -0.00129903697967529
v 0.20991905879974365 0.10166152911193357 -0.00106065940856934
v 0.21016855907440185 0.10209368090636717 -0.00106065940856934
v 0.21037500000000001 0.10197449450499999 -0.00074999904632568
v 0.21012549877166747 0.10154234271056639 -0.00074999904632568
v 0.20808194160461427 0.10272219042785155 -0.00106065940856934
v 0.20833144187927247 0.10315434222228514 -0.00106065940856934
v 0.20787549972534181 0.10284138445861327 -0.00074999904632568
v 0.20812500000000000 0.10327352862365233 -0.00074999904632568
v 0.21166855907440185 0.10469175677306639 -0.00106065940856934
v 0.20983144092559816 0.10575241808898436 -0.00106065940856934
v 0.21316855907440185 0.10728983263976560 -0.00106065940856934
v 0.21133144092559814 0.10835049395568358 -0.00106065940856934
v 0.21187500000000001 0.10457257037169920 -0.00074999904632568
v 0.20962500000000001 0.10587160449035155 -0.00074999904632568
v 0.21337500000000001 0.10717064623839842 -0.00074999904632568
v 0.21112500000000001 0.10846968035705076 -0.00074999904632568
v 0.21050477409362794 0.10189956622130858 -0.00038822746276855
v 0.21025527477264405 0.10146742205626952 -0.00038822746276855
v 0.20774572563171387 0.10291630511291014 -0.00038822746276855
v 0.20799522590637207 0.10334845690734373 -0.00038822746276855
v 0.21200477409362795 0.10449764208800780 -0.00038822746276855
v 0.20949522590637207 0.10594653277404295 -0.00038822746276855
v 0.21350477409362795 0.10709571795470701 -0.00038822746276855
v 0.21099522590637207 0.10854460864074217 -0.00038822746276855
v 0.20039277839660644 0.10716153674132811 -0.00106065940856934
v 0.20064227867126466 0.10759368090636717 -0.00106065940856934
v 0.19855566215515136 0.10822219042785154 -0.00106065940856934
v 0.19880516242980958 0.10865434222228514 -0.00106065940856934
v 0.20084872055053712 0.10747449450499999 -0.00074999904632568
v 0.20059922027587890 0.10704234271056640 -0.00074999904632568
v 0.19834922027587892 0.10834138445861327 -0.00074999904632568
v 0.20072899436950684 0.10696742205626951 -0.00038822746276855
v 0.20097849464416503 0.10739956622130857 -0.00038822746276855
v 0.19821944618225099 0.10841630511291014 -0.00038822746276855
v 0.20364227867126469 0.11278983263976561 -0.00106065940856934
v 0.20234872055053713 0.11007257037169921 -0.00074999904632568
v 0.20384872055053715 0.11267064623839843 -0.00074999904632568
v 0.20247849464416504 0.10999764208800780 -0.00038822746276855
v 0.20397849464416506 0.11259571795470702 -0.00038822746276855
v 0.20214227867126466 0.11019175677306639 -0.00106065940856934
v 0.20030516242980961 0.11125241808898435 -0.00106065940856934
v 0.19859872055053712 0.10877352862365233 -0.00074999904632568
v 0.20009872055053715 0.11137160449035155 -0.00074999904632568
v 0.20180516242980961 0.11385049395568357 -0.00106065940856934
v 0.20159872055053715 0.11396968035705077 -0.00074999904632568
v 0.19846894645690918 0.10884845690734374 -0.00038822746276855
v 0.19996894645690921 0.11144653277404296 -0.00038822746276855
v 0.20146894645690921 0.11404460864074217 -0.00038822746276855
v 0.18528455734252930 0.10087200884826170 -0.00212131929397583
v 0.18628455734252930 0.10260405688292967 -0.00212131929397583
v 0.18161032485961914 0.10299332385070310 -0.00212131929397583
v 0.18261032485961914 0.10472537951476561 -0.00212131929397583
v 0.18569744110107422 0.10063362841613280 -0.00149999904632568
v 0.18669744110107422 0.10236567645080076 -0.00149999904632568
v 0.18119744110107422 0.10323170428283202 -0.00149999904632568
v 0.18219744110107422 0.10496375994689451 -0.00149999904632568
v 0.18836034393310547 0.10140560107238279 -0.00062785100936890
v 0.18821465301513673 0.10148971514708982 -0.00064999914169312
v 0.18806895828247069 0.10157383685119140 -0.00062785100936890
v 0.18595698928833007 0.10048377947814452 -0.00077645635604858
v 0.18695698928833007 0.10221582751281248 -0.00077645635604858
v 0.18093789291381837 0.10338155322082029 -0.00077645635604858
v 0.17982592391967775 0.10402355151183593 -0.00062785100936890
v 0.17968022918701174 0.10410766558654296 -0.00064999914169312
v 0.17953453826904298 0.10419178729064452 -0.00062785100936890
v 0.18193789291381837 0.10511360888488279 -0.00077645635604858
v 0.18068022918701171 0.10583972125060545 -0.00064999914169312
v 0.18082592391967775 0.10575559954650389 -0.00062785100936890
v 0.18053453826904298 0.10592383532531248 -0.00062785100936890
v 0.18849610900878908 0.10132721667296873 -0.00056291532516479
v 0.18793319320678711 0.10165222125060545 -0.00056291532516479
v 0.18681660842895509 0.09998747973449217 -0.00045961856842041
v 0.18672714996337891 0.10003912310607420 -0.00032499885559082
v 0.18861269378662110 0.10125991015441405 -0.00045961856842041
v 0.18870215225219727 0.10120825915343748 -0.00032499885559082
v 0.18781660842895509 0.10171952776916014 -0.00045961856842041
v 0.18772714996337891 0.10177117877013671 -0.00032499885559082
v 0.18667091751098633 0.10007159380919921 -0.00016823148727417
v 0.18875838851928711 0.10117578845031248 -0.00016823148727417
v 0.18767091751098633 0.10180364184386717 -0.00016823148727417
v 0.17996168899536133 0.10394516711242185 -0.00056291532516479
v 0.18007827377319335 0.10387786059386717 -0.00045961856842041
v 0.18016773223876953 0.10382620959289061 -0.00032499885559082
v 0.17939877319335937 0.10427016406066404 -0.00056291532516479
v 0.18022396469116211 0.10379373888976560 -0.00016823148727417
v 0.18096168899536133 0.10567721514708983 -0.00056291532516479
v 0.18039877319335937 0.10600221972472655 -0.00056291532516479
v 0.18107827377319335 0.10560990862853514 -0.00045961856842041
v 0.18028218841552734 0.10606952624328124 -0.00045961856842041
v 0.18116773223876953 0.10555825762755858 -0.00032499885559082
v 0.18019272994995117 0.10612117724425779 -0.00032499885559082
v 0.17928218841552734 0.10433747820861326 -0.00045961856842041
v 0.17919272994995117 0.10438912920958983 -0.00032499885559082
v 0.18122396469116211 0.10552579455382811 -0.00016823148727417
v 0.18013649368286133 0.10615364031798827 -0.00016823148727417
v 0.17913649368286133 0.10442159228332029 -0.00016823148727417
v 0.19950000000000004 0.13423393969542965 -0.00249999904632568
v 0.19650000000000004 0.13423393969542965 -0.00249999904632568
v 0.19950000000000004 0.12990381579406246 -0.00149999904632568
v 0.19950000000000004 0.12951558642394528 -0.00144888782501221
v 0.19950000000000004 0.13029204516417967 -0.00144888782501221
v 0.19950000000000004 0.12915381579406246 -0.00129903697967529
v 0.19650000000000004 0.12990381579406246 -0.00149999904632568
v 0.19650000000000004 0.12951558642394528 -0.00144888782501221
v 0.19650000000000004 0.13029204516417967 -0.00144888782501221
v 0.19650000000000004 0.12915381579406246 -0.00129903697967529
v 0.19950000000000004 0.13065381579406246 -0.00129903697967529
v 0.19650000000000004 0.13065381579406246 -0.00129903697967529
v 0.19950000000000004 0.13473343615539060 -0.00129409408569336
v 0.19650000000000004 0.13473343615539060 -0.00129409408569336
v 0.19950000000000004 0.12884314684874998 -0.00106065940856934
v 0.19650000000000004 0.12884314684874998 -0.00106065940856934
v 0.19950000000000004 0.12860477404601559 -0.00074999904632568
v 0.19650000000000004 0.12860477404601559 -0.00074999904632568
v 0.19950000000000004 0.13096446948058590 -0.00106065940856934
v 0.19650000000000004 0.13096446948058590 -0.00106065940856934
v 0.19950000000000004 0.13120284228332027 -0.00074999904632568
v 0.19650000000000004 0.13120284228332027 -0.00074999904632568
v 0.19950000000000004 0.12845491747863277 -0.00038822746276855
v 0.19650000000000004 0.12845491747863277 -0.00038822746276855
v 0.19950000000000004 0.13135269885070308 -0.00038822746276855
v 0.19650000000000004 0.13135269885070308 -0.00038822746276855
v 0.16720000076293948 0.12557367663390623 -0.00249999904632568
v 0.16720000076293948 0.12520534472472655 -0.00171009969711304
v 0.16620000076293948 0.12777440600402343 -0.00248296189308167
v 0.16620000076293948 0.12765381579406249 -0.00243301177024841
v 0.16620000076293948 0.12790381579406249 -0.00249999904632568
v 0.16620000076293948 0.12755025439269529 -0.00235355234146118
v 0.16520000076293948 0.12777440600402343 -0.00248296189308167
v 0.16520000076293948 0.12765381579406249 -0.00243301177024841
v 0.16520000076293948 0.12790381579406249 -0.00249999904632568
v 0.16520000076293948 0.12755025439269529 -0.00235355234146118
v 0.16620000076293948 0.12747080187804685 -0.00224999904632568
v 0.16520000076293948 0.12747080187804685 -0.00224999904632568
v 0.16390710830688479 0.12919670825011717 -0.00249999904632568
v 0.16406602478027346 0.12940381579406246 -0.00249999904632568
v 0.16416592407226566 0.12964499621398434 -0.00249999904632568
v 0.16420000076293947 0.12990381579406246 -0.00249999904632568
v 0.16416592407226566 0.13016263537414061 -0.00249999904632568
v 0.16406602478027346 0.13040381579406246 -0.00249999904632568
v 0.16620000076293948 0.12742084460265624 -0.00212940859794617
v 0.16520000076293948 0.12742084460265624 -0.00212940859794617
v 0.16620000076293948 0.12740381579406249 -0.00199999904632568
v 0.16520000076293948 0.12740381579406249 -0.00199999904632568
v 0.16390710830688479 0.13061092333800778 -0.00249999904632568
v 0.16620000076293948 0.13190381579406246 -0.00249999904632568
v 0.16620000076293948 0.13203322558410152 -0.00248296189308167
v 0.16620000076293948 0.13215381579406246 -0.00243301177024841
v 0.16620000076293948 0.13225736193664059 -0.00235355234146118
v 0.16520000076293948 0.13190381579406246 -0.00249999904632568
v 0.16520000076293948 0.13203322558410152 -0.00248296189308167
v 0.16520000076293948 0.13215381579406246 -0.00243301177024841
v 0.16520000076293948 0.13225736193664059 -0.00235355234146118
v 0.16620000076293948 0.13233682971007810 -0.00224999904632568
v 0.16520000076293948 0.13233682971007810 -0.00224999904632568
v 0.16720000076293948 0.13423393969542965 -0.00249999904632568
v 0.16920000076293948 0.13415712695128904 -0.00222470974922180
v 0.16620000076293948 0.13238677172667965 -0.00212940859794617
v 0.16520000076293948 0.13238677172667965 -0.00212940859794617
v 0.16620000076293948 0.13240381579406246 -0.00199999904632568
v 0.16520000076293948 0.13240381579406246 -0.00199999904632568
v 0.16920000076293948 0.13010381274230465 -0.00148911523818970
v 0.16920000076293948 0.13011048083312496 -0.00143488264083862
v 0.16920000076293948 0.13013002734191403 -0.00138473844528198
v 0.16920000076293948 0.13047516589171873 -0.00138961124420166
v 0.16920000076293948 0.13016115527160152 -0.00134200763702393
v 0.16920000076293948 0.13044228320128903 -0.00134597635269165
v 0.16920000076293948 0.13020181994445310 -0.00130952310562134
v 0.16920000076293948 0.13024932055480465 -0.00128943872451782
v 0.16920000076293948 0.13040027575499996 -0.00131232500076294
v 0.16920000076293948 0.13035193591124997 -0.00129088783264160
v 0.16920000076293948 0.13030048327453123 -0.00128308677673340
v 0.16920000076293948 0.13443671374328123 -0.00157887506484985
v 0.16720000076293948 0.13460227160460936 -0.00171009969711304
v 0.16720000076293948 0.12497977404601561 -0.00086823987960815
v 0.16920000076293948 0.12898604540832029 -0.00118961143493652
v 0.16920000076293948 0.12900739245421872 -0.00113931274414062
v 0.16920000076293948 0.12901554064757809 -0.00108611202239990
v 0.16920000076293948 0.12900994067199215 -0.00103353691101074
v 0.16920000076293948 0.12899095873839841 -0.00098507356643677
v 0.16920000076293948 0.12895987658507810 -0.00094393444061279
v 0.16920000076293948 0.12871419482238278 -0.00091776227951050
v 0.16920000076293948 0.12876450304992185 -0.00089641666412354
v 0.16920000076293948 0.12887027697570311 -0.00089387559890747
v 0.16920000076293948 0.12881769518859371 -0.00088827466964722
v 0.16920000076293948 0.12891873888976560 -0.00091284799575806
v 0.16720000076293948 0.12990381579406246 -0.00074270486831665
v 0.16720000076293948 0.12991046862609373 -0.00068847227096558
v 0.16720000076293948 0.12953246264464841 -0.00064320135116577
v 0.16720000076293948 0.12993003039367185 -0.00063832807540894
v 0.16720000076293948 0.13027516894347654 -0.00064320135116577
v 0.16920000076293948 0.13461885790832029 -0.00089910078048706
v 0.16720000076293948 0.13482784228332029 -0.00086823987960815
v 0.16720000076293948 0.12955380969054683 -0.00059290266036987
v 0.16720000076293948 0.12996115832335933 -0.00059559726715088
v 0.16720000076293948 0.13024227099425778 -0.00059956645965576
v 0.16720000076293948 0.13000182299621091 -0.00056311273574829
v 0.16720000076293948 0.13020027880675777 -0.00056591463088989
v 0.16720000076293948 0.12956194262511717 -0.00053970193862915
v 0.16720000076293948 0.12955634264953123 -0.00048712682723999
v 0.16720000076293948 0.13004930834777340 -0.00054302883148193
v 0.16720000076293948 0.13010048632628904 -0.00053667640686035
v 0.16720000076293948 0.13015193896300778 -0.00054447746276855
v 0.16720000076293948 0.12926061205871089 -0.00037135171890259
v 0.16720000076293948 0.12931090502746090 -0.00035000658035278
v 0.16720000076293948 0.12941667895324216 -0.00034746503829956
v 0.16720000076293948 0.12936411242492185 -0.00034186458587646
v 0.16720000076293948 0.12953737597472653 -0.00043866300582886
v 0.16720000076293948 0.12950627856261715 -0.00039752435684204
v 0.16720000076293948 0.12946514086730465 -0.00036643791198730
v 0.16720000076293948 0.13050337939269530 -0.00033846473693848
v 0.16720000076293948 0.13046971850402342 -0.00029646301269531
v 0.16720000076293948 0.13044829516417966 -0.00024813079833984
v 0.16720000076293948 0.13044048266417965 -0.00019667387008667
v 0.16720000076293948 0.13044684557921871 -0.00014550352096558
v 0.16720000076293948 0.13046692614562497 -0.00009801244735718
v 0.16720000076293948 0.13049941210753904 -0.00005734968185425
v 0.16920000076293948 0.13129341845519529 -0.00057135200500488
v 0.16920000076293948 0.13124979357726560 -0.00053846502304077
v 0.16920000076293948 0.13121613268859372 -0.00049646282196045
v 0.16920000076293948 0.13119469408996090 -0.00044813108444214
v 0.16920000076293948 0.13118689684874996 -0.00039667367935181
v 0.16920000076293948 0.13119324450499997 -0.00034550333023071
v 0.16720000076293948 0.13054701952941403 -0.00037135171890259
v 0.16920000076293948 0.13121334033019527 -0.00029801225662231
v 0.16920000076293948 0.13124582629210935 -0.00025734949111938
v 0.16920000076293948 0.13128855090148434 -0.00022621154785156
v 0.16920000076293948 0.13133869128234371 -0.00020666265487671
v 0.16920000076293948 0.13139292101867184 -0.00019999885559082
v 0.16720000076293948 0.13054213671691403 -0.00002621173858643
v 0.16720000076293948 0.13059227709777341 -0.00000666236877441
v 0.16920000076293948 0.13469963793761716 -0.00019999885559082
v 0.15719999694824219 0.10170381121642577 -0.00499999904632568
v 0.15668236541748048 0.10177195696837889 -0.00499999904632568
v 0.15619999694824219 0.10197176318175780 -0.00499999904632568
v 0.15119999694824218 0.10197176318175780 -0.00499999904632568
v 0.15578578948974608 0.10228959612853514 -0.00499999904632568
v 0.15546794891357421 0.10270381121642576 -0.00499999904632568
v 0.15526815032958985 0.10318617205626951 -0.00499999904632568
v 0.15519999694824219 0.10370381121642576 -0.00499999904632568
v 0.15161421203613282 0.10228959612853514 -0.00499999904632568
v 0.15193205261230469 0.10270381121642576 -0.00499999904632568
v 0.15213185119628905 0.10318617205626951 -0.00499999904632568
v 0.15219999694824218 0.10370381121642576 -0.00499999904632568
v 0.15071763610839845 0.10177195696837889 -0.00499999904632568
v 0.15019999694824218 0.10170381121642577 -0.00499999904632568
v 0.15519999694824221 0.11210381274230467 -0.00499999904632568
v 0.15526815032958988 0.11262145190246092 -0.00499999904632568
v 0.15219999694824221 0.11210381274230467 -0.00499999904632568
v 0.15213185119628908 0.11262145190246092 -0.00499999904632568
v 0.15578578948974611 0.11351802783019529 -0.00499999904632568
v 0.15719999694824222 0.11410381274230467 -0.00499999904632568
v 0.15668236541748051 0.11403565936095701 -0.00499999904632568
v 0.15619999694824221 0.11383586077697264 -0.00499999904632568
v 0.15546794891357424 0.11310381274230467 -0.00499999904632568
v 0.15193205261230472 0.11310381274230467 -0.00499999904632568
v 0.15161421203613284 0.11351802783019529 -0.00499999904632568
v 0.15119999694824221 0.11383586077697264 -0.00499999904632568
v 0.15071763610839847 0.11403565936095701 -0.00499999904632568
v 0.15019999694824221 0.11410381274230467 -0.00499999904632568
v 0.12000000000000002 0.10170381121642577 -0.00499999904632568
v 0.11800000000000002 0.10170381121642577 -0.00499999904632568
v 0.12000000000000002 0.11410381274230467 -0.00499999904632568
v 0.12300000000000001 0.11610381274230468 -0.00499999904632568
v 0.11800000000000002 0.11610381274230468 -0.00499999904632568
v 0.12000000000000002 0.10790380816466795 -0.00299999904632568
v 0.12000000000000002 0.10712735705382812 -0.00289777636528015
v 0.12000000000000002 0.10640380816466795 -0.00259807515144348
v 0.11800000000000002 0.10790380816466795 -0.00299999904632568
v 0.11800000000000002 0.10712735705382812 -0.00289777636528015
v 0.11800000000000002 0.10640380816466795 -0.00259807515144348
v 0.12000000000000002 0.10868026690490233 -0.00289777636528015
v 0.12000000000000002 0.10940380816466795 -0.00259807515144348
v 0.11800000000000002 0.10868026690490233 -0.00289777636528015
v 0.11800000000000002 0.10940380816466795 -0.00259807515144348
v 0.16019999694824222 0.11970381121642576 -0.00499999904632568
v 0.15890590667724613 0.11987418322570310 -0.00499999904632568
v 0.15769999694824222 0.12037368731505858 -0.00499999904632568
v 0.15666446685791019 0.12116827349669920 -0.00499999904632568
v 0.15586987304687502 0.12220380358703123 -0.00499999904632568
v 0.15537036895751957 0.12340972094542967 -0.00499999904632568
v 0.15519999694824221 0.12470380358703123 -0.00499999904632568
v 0.15019999694824221 0.12170381121642576 -0.00499999904632568
v 0.16102945327758791 0.12934571032531247 -0.00496871685981751
v 0.16075807189941410 0.12907433276183591 -0.00493069553375244
v 0.16090708923339847 0.12919669299132810 -0.00494974434375763
v 0.16112368011474612 0.12952065234191404 -0.00498529589176178
v 0.16118099594116214 0.12971118884093746 -0.00499619674682617
v 0.16120000076293947 0.12990381579406246 -0.00499999904632568
v 0.16118099594116214 0.13009644274718746 -0.00499619674682617
v 0.16112368011474612 0.13028697924621091 -0.00498529589176178
v 0.16102945327758791 0.13046190600402341 -0.00496871685981751
v 0.15937054443359377 0.12934571032531247 -0.00496871685981751
v 0.15964192962646487 0.12907433276183591 -0.00493069553375244
v 0.15949290466308597 0.12919669299132810 -0.00494974434375763
v 0.16058314514160160 0.12898012499816403 -0.00491393828392029
v 0.16039261627197268 0.12892281298644528 -0.00490285813808441
v 0.16019999694824222 0.12890381579406246 -0.00489897847175598
v 0.16000737762451175 0.12892281298644528 -0.00490285813808441
v 0.15981685638427737 0.12898012499816403 -0.00491393828392029
v 0.15927632141113285 0.12952065234191404 -0.00498529589176178
v 0.15921900177001957 0.12971118884093746 -0.00499619674682617
v 0.15919999694824222 0.12990381579406246 -0.00499999904632568
v 0.15921900177001957 0.13009644274718746 -0.00499619674682617
v 0.15927632141113285 0.13028697924621091 -0.00498529589176178
v 0.15937054443359377 0.13046190600402341 -0.00496871685981751
v 0.15819999694824222 0.12990381579406246 -0.00499999904632568
v 0.15819999694824222 0.12860971789367184 -0.00482962810993195
v 0.15519999694824221 0.12990381579406246 -0.00499999904632568
v 0.16090708923339847 0.13061093859679684 -0.00494974434375763
v 0.16075807189941410 0.13073328356749997 -0.00493069553375244
v 0.15949290466308597 0.13061093859679684 -0.00494974434375763
v 0.15964192962646487 0.13073328356749997 -0.00493069553375244
v 0.16058314514160160 0.13082749133117186 -0.00491393828392029
v 0.16039261627197268 0.13088480334289060 -0.00490285813808441
v 0.16019999694824222 0.13090381579406246 -0.00489897847175598
v 0.16000737762451175 0.13088480334289060 -0.00490285813808441
v 0.15981685638427737 0.13082749133117186 -0.00491393828392029
v 0.15819999694824222 0.13119789843566404 -0.00482962810993195
v 0.15519999694824221 0.13119789843566404 -0.00482962810993195
v 0.15819999694824222 0.12740381579406249 -0.00433012604713440
v 0.15819999694824222 0.13240381579406246 -0.00433012604713440
v 0.15519999694824221 0.13240381579406246 -0.00433012604713440
v 0.15019999694824221 0.12990381579406246 -0.00499999904632568
v 0.15019999694824221 0.13119789843566404 -0.00482962810993195
v 0.15019999694824221 0.13240381579406246 -0.00433012604713440
v 0.15819999694824222 0.12636827807433593 -0.00353553295135498
v 0.15819999694824222 0.13343933825499996 -0.00353553295135498
v 0.15519999694824221 0.13343933825499996 -0.00353553295135498
v 0.15019999694824221 0.13343933825499996 -0.00353553295135498
v 0.12600000000000003 0.12170381121642576 -0.00499999904632568
v 0.12600000000000003 0.12795212512023435 -0.00471178460121155
v 0.12600000000000003 0.12890084033019528 -0.00499999904632568
v 0.12600000000000003 0.12842336230285153 -0.00488039469718933
v 0.12600000000000003 0.12990381579406246 -0.00499999904632568
v 0.12600000000000003 0.12749968676574217 -0.00449779736995697
v 0.12600000000000003 0.13087299304015623 -0.00487240397930145
v 0.12600000000000003 0.13119789843566404 -0.00482962810993195
v 0.12600000000000003 0.12707039599425779 -0.00424049401283264
v 0.12600000000000003 0.12666840319640624 -0.00394235229492187
v 0.12600000000000003 0.13240381579406246 -0.00433012604713440
v 0.12300000000000001 0.12990381579406246 -0.00499999904632568
v 0.12300000000000001 0.13119789843566404 -0.00482962810993195
v 0.12300000000000001 0.13240381579406246 -0.00433012604713440
v 0.12600000000000003 0.12596146349914061 -0.00323540472984314
v 0.12600000000000003 0.12566332201964842 -0.00283340716362000
v 0.12600000000000003 0.12629756884582030 -0.00360624361038208
v 0.12600000000000003 0.13343933825499996 -0.00353553295135498
v 0.12600000000000003 0.13043897204406246 -0.00269043231010437
v 0.12300000000000001 0.13343933825499996 -0.00353553295135498
v 0.12000000000000002 0.10578249316222654 -0.00212131929397583
v 0.11800000000000002 0.10578249316222654 -0.00212131929397583
v 0.12000000000000002 0.10530573229796873 -0.00149999904632568
v 0.11800000000000002 0.10530573229796873 -0.00149999904632568
v 0.12000000000000002 0.11002513079650389 -0.00212131929397583
v 0.11800000000000002 0.11002513079650389 -0.00212131929397583
v 0.12000000000000002 0.11050188403136717 -0.00149999904632568
v 0.11800000000000002 0.11050188403136717 -0.00149999904632568
v 0.12000000000000002 0.10338558154113280 -0.00062785100936890
v 0.12000000000000002 0.10355380969054685 -0.00064999914169312
v 0.12000000000000002 0.10372204546935546 -0.00062785100936890
v 0.11800000000000002 0.10338558154113280 -0.00062785100936890
v 0.11800000000000002 0.10355380969054685 -0.00064999914169312
v 0.11800000000000002 0.10372204546935546 -0.00062785100936890
v 0.12000000000000002 0.10500603442199218 -0.00077645635604858
v 0.11800000000000002 0.10500603442199218 -0.00077645635604858
v 0.12000000000000002 0.10322881274230467 -0.00056291532516479
v 0.12000000000000002 0.10387881426818357 -0.00056291532516479
v 0.12000000000000002 0.10309419207580077 -0.00045961856842041
v 0.12000000000000002 0.10299089770324217 -0.00032499885559082
v 0.12000000000000002 0.10401342730529295 -0.00045961856842041
v 0.12000000000000002 0.10411672930724608 -0.00032499885559082
v 0.12000000000000002 0.10292595629699217 -0.00016823148727417
v 0.12000000000000002 0.10418166308410155 -0.00016823148727417
v 0.11800000000000002 0.10322881274230467 -0.00056291532516479
v 0.11800000000000002 0.10387881426818357 -0.00056291532516479
v 0.11800000000000002 0.10309419207580077 -0.00045961856842041
v 0.11800000000000002 0.10299089770324217 -0.00032499885559082
v 0.11800000000000002 0.10401342730529295 -0.00045961856842041
v 0.11800000000000002 0.10411672930724608 -0.00032499885559082
v 0.11800000000000002 0.10292595629699217 -0.00016823148727417
v 0.11800000000000002 0.10418166308410155 -0.00016823148727417
v 0.12000000000000002 0.11080158953673827 -0.00077645635604858
v 0.12000000000000002 0.11208557848937499 -0.00062785100936890
v 0.12000000000000002 0.11225381426818358 -0.00064999914169312
v 0.12000000000000002 0.11242204241759764 -0.00062785100936890
v 0.11800000000000002 0.11080158953673827 -0.00077645635604858
v 0.11800000000000002 0.11208557848937499 -0.00062785100936890
v 0.11800000000000002 0.11225381426818358 -0.00064999914169312
v 0.11800000000000002 0.11242204241759764 -0.00062785100936890
v 0.12000000000000002 0.11192880969054686 -0.00056291532516479
v 0.12000000000000002 0.11257881121642577 -0.00056291532516479
v 0.12000000000000002 0.11179418902404295 -0.00045961856842041
v 0.12000000000000002 0.11169089465148437 -0.00032499885559082
v 0.12000000000000002 0.11271343188292968 -0.00045961856842041
v 0.12000000000000002 0.11281672625548826 -0.00032499885559082
v 0.12000000000000002 0.11162596087462889 -0.00016823148727417
v 0.12000000000000002 0.11288166003234373 -0.00016823148727417
v 0.11800000000000002 0.11192880969054686 -0.00056291532516479
v 0.11800000000000002 0.11257881121642577 -0.00056291532516479
v 0.11800000000000002 0.11179418902404295 -0.00045961856842041
v 0.11800000000000002 0.11169089465148437 -0.00032499885559082
v 0.11800000000000002 0.11271343188292968 -0.00045961856842041
v 0.11800000000000002 0.11281672625548826 -0.00032499885559082
v 0.11800000000000002 0.11162596087462889 -0.00016823148727417
v 0.11800000000000002 0.11288166003234373 -0.00016823148727417
v 0.15819999694824222 0.12557367663390623 -0.00249999904632568
v 0.15819999694824222 0.12507418017394531 -0.00129409408569336
v 0.15819999694824222 0.12777440600402343 -0.00248296189308167
v 0.15819999694824222 0.12765381579406249 -0.00243301177024841
v 0.15819999694824222 0.12790381579406249 -0.00249999904632568
v 0.15819999694824222 0.12755025439269529 -0.00235355234146118
v 0.15819999694824222 0.12747080187804685 -0.00224999904632568
v 0.16345882034301762 0.12893788867003902 -0.00249999904632568
v 0.16370000076293947 0.12903778796203122 -0.00249999904632568
v 0.16320000076293947 0.12890381579406246 -0.00249999904632568
v 0.16069999694824222 0.12903778796203122 -0.00249999904632568
v 0.16106602478027346 0.12940381579406246 -0.00249999904632568
v 0.16090710449218754 0.12919670825011717 -0.00249999904632568
v 0.16116592407226565 0.12964499621398434 -0.00249999904632568
v 0.16120000076293947 0.12990381579406246 -0.00249999904632568
v 0.16116592407226565 0.13016263537414061 -0.00249999904632568
v 0.16106602478027346 0.13040381579406246 -0.00249999904632568
v 0.16045881652832034 0.12893788867003902 -0.00249999904632568
v 0.16019999694824222 0.12890381579406246 -0.00249999904632568
v 0.15994117736816410 0.12893788867003902 -0.00249999904632568
v 0.15969999694824222 0.12903778796203122 -0.00249999904632568
v 0.15949288940429690 0.12919670825011717 -0.00249999904632568
v 0.15933397674560551 0.12940381579406246 -0.00249999904632568
v 0.15819999694824222 0.12890381579406246 -0.00249999904632568
v 0.15923407745361332 0.12964499621398434 -0.00249999904632568
v 0.15919999694824222 0.12990381579406246 -0.00249999904632568
v 0.15923407745361332 0.13016263537414061 -0.00249999904632568
v 0.15933397674560551 0.13040381579406246 -0.00249999904632568
v 0.15819999694824222 0.12742084460265624 -0.00212940859794617
v 0.15819999694824222 0.12740381579406249 -0.00199999904632568
v 0.15519999694824221 0.12777440600402343 -0.00248296189308167
v 0.15519999694824221 0.12765381579406249 -0.00243301177024841
v 0.15519999694824221 0.12790381579406249 -0.00249999904632568
v 0.15519999694824221 0.12755025439269529 -0.00235355234146118
v 0.15519999694824221 0.12747080187804685 -0.00224999904632568
v 0.15719999694824222 0.12890381579406246 -0.00249999904632568
v 0.15694117736816410 0.12893788867003902 -0.00249999904632568
v 0.15669999694824222 0.12903778796203122 -0.00249999904632568
v 0.15649288940429690 0.12919670825011717 -0.00249999904632568
v 0.15633397674560551 0.12940381579406246 -0.00249999904632568
v 0.15623407745361331 0.12964499621398434 -0.00249999904632568
v 0.15619999694824221 0.12990381579406246 -0.00249999904632568
v 0.15623407745361331 0.13016263537414061 -0.00249999904632568
v 0.15633397674560551 0.13040381579406246 -0.00249999904632568
v 0.15519999694824221 0.12742084460265624 -0.00212940859794617
v 0.15519999694824221 0.12740381579406249 -0.00199999904632568
v 0.16370000076293947 0.13076982836730466 -0.00249999904632568
v 0.16345882034301762 0.13086974291808590 -0.00249999904632568
v 0.16320000076293947 0.13090381579406246 -0.00249999904632568
v 0.16090710449218754 0.13061092333800778 -0.00249999904632568
v 0.16069999694824222 0.13076982836730466 -0.00249999904632568
v 0.16045881652832034 0.13086974291808590 -0.00249999904632568
v 0.16019999694824222 0.13090381579406246 -0.00249999904632568
v 0.15994117736816410 0.13086974291808590 -0.00249999904632568
v 0.15949288940429690 0.13061092333800778 -0.00249999904632568
v 0.15969999694824222 0.13076982836730466 -0.00249999904632568
v 0.15819999694824222 0.13090381579406246 -0.00249999904632568
v 0.15819999694824222 0.13190381579406246 -0.00249999904632568
v 0.15819999694824222 0.13203322558410152 -0.00248296189308167
v 0.15819999694824222 0.13215381579406246 -0.00243301177024841
v 0.15819999694824222 0.13225736193664059 -0.00235355234146118
v 0.15819999694824222 0.13233682971007810 -0.00224999904632568
v 0.15819999694824222 0.13423393969542965 -0.00249999904632568
v 0.15819999694824222 0.13238677172667965 -0.00212940859794617
v 0.15819999694824222 0.13240381579406246 -0.00199999904632568
v 0.15669999694824222 0.13076982836730466 -0.00249999904632568
v 0.15719999694824222 0.13090381579406246 -0.00249999904632568
v 0.15694117736816410 0.13086974291808590 -0.00249999904632568
v 0.15649288940429690 0.13061092333800778 -0.00249999904632568
v 0.15519999694824221 0.13190381579406246 -0.00249999904632568
v 0.15519999694824221 0.13203322558410152 -0.00248296189308167
v 0.15519999694824221 0.13215381579406246 -0.00243301177024841
v 0.15519999694824221 0.13225736193664059 -0.00235355234146118
v 0.15519999694824221 0.13233682971007810 -0.00224999904632568
v 0.15519999694824221 0.13423393969542965 -0.00249999904632568
v 0.15519999694824221 0.13238677172667965 -0.00212940859794617
v 0.15519999694824221 0.13240381579406246 -0.00199999904632568
v 0.15819999694824222 0.13473343615539060 -0.00129409408569336
v 0.15519999694824221 0.13473343615539060 -0.00129409408569336
v 0.15019999694824221 0.13423393969542965 -0.00249999904632568
v 0.15019999694824221 0.13473343615539060 -0.00129409408569336
v 0.12600000000000003 0.12540601305968749 -0.00240412235260010
v 0.12600000000000003 0.12519202380187500 -0.00195168447494507
v 0.12600000000000003 0.12502341418273435 -0.00148045063018799
v 0.12300000000000001 0.11890380816466795 -0.00149999904632568
v 0.12300000000000001 0.11851557879455077 -0.00144888782501221
v 0.12300000000000001 0.11929203753478514 -0.00144888782501221
v 0.12300000000000001 0.11815380816466796 -0.00129903697967529
v 0.12300000000000001 0.11965380816466795 -0.00129903697967529
v 0.11700099945068361 0.11890380816466795 -0.00149999904632568
v 0.11700099945068361 0.11851557879455077 -0.00144888782501221
v 0.11700099945068361 0.11929203753478514 -0.00144888782501221
v 0.11700099945068361 0.11815380816466796 -0.00129903697967529
v 0.11700099945068361 0.11965380816466795 -0.00129903697967529
v 0.12600000000000003 0.13423393969542965 -0.00249999904632568
v 0.12600000000000003 0.13006301074035154 -0.00161642694473267
v 0.12600000000000003 0.12990381579406246 -0.00149999904632568
v 0.12600000000000003 0.13473343615539060 -0.00129409408569336
v 0.12300000000000001 0.13423393969542965 -0.00249999904632568
v 0.12300000000000001 0.12990381579406246 -0.00149999904632568
v 0.12300000000000001 0.12951558642394528 -0.00144888782501221
v 0.12300000000000001 0.13029204516417967 -0.00144888782501221
v 0.12300000000000001 0.12915381579406246 -0.00129903697967529
v 0.11700099945068361 0.12990381579406246 -0.00149999904632568
v 0.11700099945068361 0.12951558642394528 -0.00144888782501221
v 0.11700099945068361 0.13029204516417967 -0.00144888782501221
v 0.11700099945068361 0.12915381579406246 -0.00129903697967529
v 0.12300000000000001 0.13065381579406246 -0.00129903697967529
v 0.12300000000000001 0.13473343615539060 -0.00129409408569336
v 0.11700099945068361 0.13065381579406246 -0.00129903697967529
v 0.12600000000000003 0.12490180163390624 -0.00099495983123779
v 0.12600000000000003 0.12482836108214843 -0.00049988651275635
v 0.12300000000000001 0.11784314684874998 -0.00106065940856934
v 0.12300000000000001 0.11996446948058592 -0.00106065940856934
v 0.12300000000000001 0.11760477404601560 -0.00074999904632568
v 0.12300000000000001 0.12020284991271482 -0.00074999904632568
v 0.11700099945068361 0.11784314684874998 -0.00106065940856934
v 0.11700099945068361 0.11996446948058592 -0.00106065940856934
v 0.11700099945068361 0.11760477404601560 -0.00074999904632568
v 0.11700099945068361 0.12020284991271482 -0.00074999904632568
v 0.12300000000000001 0.11745492510802732 -0.00038822746276855
v 0.12300000000000001 0.12035269885070311 -0.00038822746276855
v 0.11700099945068361 0.11745492510802732 -0.00038822746276855
v 0.11700099945068361 0.12035269885070311 -0.00038822746276855
v 0.12300000000000001 0.12884314684874998 -0.00106065940856934
v 0.12300000000000001 0.12860477404601559 -0.00074999904632568
v 0.11700099945068361 0.12884314684874998 -0.00106065940856934
v 0.11700099945068361 0.12860477404601559 -0.00074999904632568
v 0.12300000000000001 0.13096446948058590 -0.00106065940856934
v 0.12300000000000001 0.13120284228332027 -0.00074999904632568
v 0.11700099945068361 0.13096446948058590 -0.00106065940856934
v 0.11700099945068361 0.13120284228332027 -0.00074999904632568
v 0.12300000000000001 0.12845491747863277 -0.00038822746276855
v 0.11700099945068361 0.12845491747863277 -0.00038822746276855
v 0.12300000000000001 0.13135269885070308 -0.00038822746276855
v 0.11700099945068361 0.13135269885070308 -0.00038822746276855
v 0.20383012771606446 0.08323651843078124 0.00000000095367432
v 0.20533012771606446 0.08583459429748046 0.00000000095367432
v 0.20229903793334961 0.08758459429748046 0.00000000095367432
v 0.20298079872131347 0.08372687487609373 0.00093716573715210
v 0.20368832206726076 0.08331838946349608 0.00124374628067017
v 0.20215582656860351 0.08420317034728514 0.00021136236190796
v 0.20079903793334961 0.08498651843078123 0.00000000095367432
v 0.20079346275329590 0.08498973803527342 0.00004889535903931
v 0.20078988647460938 0.08499179797179686 0.00008026266098022
v 0.19950000000000001 0.08573651843078123 0.00000000095367432
v 0.19820096206665039 0.08648651843078123 0.00000000095367432
v 0.19820096206665039 0.08648651843078123 0.00000000095367432
v 0.19821207427978516 0.08648010210998046 0.00009747505187988
v 0.19822330856323242 0.08647361712462889 0.00019600534439087
v 0.19803874015808107 0.08658017687804685 0.00027857828140259
v 0.20194948196411133 0.08432230334289061 0.00037236928939819
v 0.19810977745056152 0.08653916125304686 0.00043013763427734
v 0.19970096206665039 0.08908459429748045 0.00000000095367432
v 0.20225477409362794 0.08761014513976560 0.00038822937011719
v 0.19974522590637209 0.08905903582580077 0.00038822937011719
v 0.20106155776977538 0.08483495287902341 0.00081698942184448
v 0.20113880920410157 0.08479035143859373 0.00084143304824829
v 0.20105136680603028 0.08484083514220701 0.00082587289810181
v 0.20024055099487306 0.08530895953185545 0.00121838140487671
v 0.19871621513366700 0.08618903307921873 0.00118007516860962
v 0.19874941062927245 0.08616986804015624 0.00120948743820190
v 0.20212500000000000 0.08768507342345701 0.00075000095367432
v 0.19987500000000000 0.08898410754210936 0.00075000095367432
v 0.20191855812072754 0.08780425982482420 0.00106066131591797
v 0.20008144187927246 0.08886492114074217 0.00106066131591797
v 0.19716078186035157 0.08708706622130857 0.00101662206649780
v 0.20529853630065920 0.09277987627990232 0.00000000095367432
v 0.20270046043395998 0.09427987627990232 0.00000000095367432
v 0.20525427436828614 0.09280543475158201 0.00038822937011719
v 0.20274472618103029 0.09425431780822265 0.00038822937011719
v 0.20512449836730959 0.09288035540587888 0.00075000095367432
v 0.20287450027465820 0.09417939715392576 0.00075000095367432
v 0.20491805839538574 0.09299954943664061 0.00106066131591797
v 0.20308094215393066 0.09406020312316404 0.00106066131591797
v 0.19277275848388672 0.09308459429748045 0.00000000095367432
v 0.19017468261718751 0.09458459429748045 0.00000000095367432
v 0.19272849655151367 0.09311014513976561 0.00038822937011719
v 0.19021894454956056 0.09455903582580076 0.00038822937011719
v 0.19577225685119629 0.09827987627990233 0.00000000095367432
v 0.19577224922180175 0.09827988390929686 0.00000006580352783
v 0.19317418098449707 0.09977987627990233 0.00000000095367432
v 0.19572799491882326 0.09830543475158202 0.00038822937011719
v 0.19572797393798830 0.09830544238097655 0.00038828945159912
v 0.19321843910217285 0.09975432543761717 0.00038816452026367
v 0.19321844673156738 0.09975431780822264 0.00038822937011719
v 0.19259872055053712 0.09318507342345701 0.00075000095367432
v 0.19034872055053711 0.09448410754210936 0.00075000095367432
v 0.19239228057861330 0.09330425982482420 0.00106066131591797
v 0.19055516052246094 0.09436492114074217 0.00106066131591797
v 0.19559821891784668 0.09838035540587889 0.00075000095367432
v 0.19559818458557129 0.09838037829406249 0.00075005292892456
v 0.19334819984436036 0.09967940478332030 0.00074994087219238
v 0.19334822082519532 0.09967939715392576 0.00075000095367432
v 0.19539177894592286 0.09849954943664060 0.00106066131591797
v 0.19355462837219239 0.09956022601134763 0.00106060934066772
v 0.19355466270446778 0.09956020312316405 0.00106066131591797
v 0.20368258094787597 0.08332170062072264 0.00129409599304199
v 0.20518258094787598 0.08591977648742186 0.00129409599304199
v 0.20357397270202637 0.08338440661437499 0.00159686756134033
v 0.20342405891418458 0.08347095446593748 0.00201477527618408
v 0.20340171051025391 0.08348386340148437 0.00207707977294922
v 0.20018340110778809 0.08534195666320311 0.00126901674270630
v 0.20037820434570314 0.08522948412902343 0.00132155466079712
v 0.20014951896667482 0.08536151843078123 0.00129903888702393
v 0.20007085609436034 0.08540693621642577 0.00133666276931763
v 0.19995391464233400 0.08547444872863280 0.00139259529113770
v 0.20068114852905275 0.08505458025939451 0.00145619487762451
v 0.20099679565429687 0.08487233691222655 0.00151572418212891
v 0.19983621597290038 0.08554240374572264 0.00144888973236084
v 0.19970990943908692 0.08561532549865233 0.00146809053421021
v 0.19958441543579103 0.08568778185851561 0.00148716831207275
v 0.19945765686035158 0.08576096301085936 0.00149356412887573
v 0.19950000000000001 0.08573651843078123 0.00150000095367432
v 0.19942480659484862 0.08577992968566404 0.00148857021331787
v 0.19885048103332520 0.08611151843078123 0.00129903888702393
v 0.19885048103332520 0.08611151843078123 0.00129903936386108
v 0.19852431869506837 0.08629982714660155 0.00128466463088989
v 0.19891364669799805 0.08607504992492186 0.00132925033569336
v 0.19892879867553712 0.08606629900939451 0.00145569467544556
v 0.20147647094726562 0.08459539752013670 0.00181303024291992
v 0.19901151084899904 0.08601854662902342 0.00166166353225708
v 0.20164951896667480 0.08795959429748045 0.00129903888702393
v 0.20035048103332520 0.08870959429748045 0.00129903888702393
v 0.20133621597290038 0.08814047961242186 0.00144888973236084
v 0.20066378402709961 0.08852870898253905 0.00144888973236084
v 0.20100000000000001 0.08833459429748045 0.00150000095367432
v 0.19629493904113771 0.08758695940978514 0.00164245271682739
v 0.19696576690673828 0.08719965319640623 0.00181967830657959
v 0.19907138633728028 0.08598397784240233 0.00212259483337402
v 0.19771092605590820 0.08676943926818358 0.00195271492004395
v 0.19761091041564940 0.08682718615539060 0.00201008701324463
v 0.19712820625305177 0.08710587267882811 0.00198657560348511
v 0.19721640968322754 0.08705494647033202 0.00202333641052246
v 0.19642245864868166 0.08751333575255858 0.00213850975036621
v 0.19545067214965819 0.08807439379699217 0.00202105903625488
v 0.19583623313903809 0.08785179095275389 0.00228841972351074
v 0.19553875541687013 0.08802354388244139 0.00225567340850830
v 0.19555181694030763 0.08801599841124998 0.00228281307220459
v 0.19558936500549318 0.08799432330138671 0.00236082935333252
v 0.20464901733398438 0.09315487627990232 0.00129903888702393
v 0.20433571434020997 0.09333576159484373 0.00144888973236084
v 0.20334997940063476 0.09390487627990232 0.00129903888702393
v 0.20399949836730957 0.09352987627990232 0.00150000095367432
v 0.20366328239440917 0.09372399096496092 0.00144888973236084
v 0.19212324142456055 0.09345959429748045 0.00129903888702393
v 0.19082419967651368 0.09420959429748045 0.00129903888702393
v 0.19180993652343750 0.09364047961242186 0.00144888973236084
v 0.19113750457763673 0.09402870898253905 0.00144888973236084
v 0.19147372055053710 0.09383459429748045 0.00150000095367432
v 0.19512273788452150 0.09865487627990233 0.00129903888702393
v 0.19382369995117188 0.09940487627990233 0.00129903888702393
v 0.19480943489074706 0.09883576159484374 0.00144888973236084
v 0.19447321891784669 0.09902987627990233 0.00150000095367432
v 0.19413700294494629 0.09922399096496091 0.00144888973236084
v 0.18777756881713867 0.09943267016417967 0.00000000095367432
v 0.18775838851928711 0.09944374041564452 0.00016823339462280
v 0.18770215225219727 0.09947621111876952 0.00032500076293945
v 0.18761269378662110 0.09952785449035155 0.00045962047576904
v 0.18749610900878907 0.09959516863830077 0.00056291770935059
v 0.18693319320678711 0.09992016558654296 0.00056291770935059
v 0.18736034393310547 0.09967355303771483 0.00062785291671753
v 0.18706895828247072 0.09984178118712889 0.00062785291671753
v 0.18721465301513673 0.09975766711242186 0.00065000104904175
v 0.18029859161376954 0.06887869982726560 0.00500000095367432
v 0.17021679687499999 0.06661652331359373 0.00500000095367432
v 0.17041659927368163 0.06709888415343748 0.00500000095367432
v 0.17048474884033205 0.06761652331359373 0.00500000095367432
v 0.17041659927368163 0.06813416247374998 0.00500000095367432
v 0.17021679687499999 0.06861652331359373 0.00500000095367432
v 0.16989896011352540 0.06903073840148435 0.00500000095367432
v 0.17371679687500000 0.07267870287902342 0.00500000095367432
v 0.17298474884033205 0.07194664721496093 0.00500000095367432
v 0.17250238418579103 0.07174684863097655 0.00500000095367432
v 0.17198474884033205 0.07167870287902342 0.00500000095367432
v 0.17339896011352540 0.07226448779113280 0.00500000095367432
v 0.17146710968017578 0.07174684863097655 0.00500000095367432
v 0.17098474884033205 0.07194664721496093 0.00500000095367432
v 0.16948474884033204 0.06934857134826170 0.00500000095367432
v 0.20325000190734863 0.08357144885070311 0.00250000095367432
v 0.20475000000000002 0.08616952471740233 0.00250000095367432
v 0.20299148750305177 0.08372070269591796 0.00288902091979980
v 0.20290493583679201 0.08377067523009764 0.00301926708221436
v 0.20256186294555664 0.08396874957091795 0.00353553485870361
v 0.20406186294555664 0.08656682543761716 0.00353553485870361
v 0.19917580986022951 0.08592369036681639 0.00284341335296631
v 0.19933530044555664 0.08583160357482421 0.00326045036315918
v 0.19622573089599610 0.08762691454894529 0.00341737842559814
v 0.19627638816833495 0.08759767107970702 0.00348632144927979
v 0.19631265830993652 0.08757672839171873 0.00352685356140137
v 0.20316506385803224 0.08708459429748046 0.00433012771606445
v 0.20166506385803223 0.08448651843078123 0.00433012771606445
v 0.20062071990966798 0.08508946948058592 0.00482962989807129
v 0.19950000000000001 0.08573651843078123 0.00500000095367432
v 0.20212071990966798 0.08768754534728514 0.00482962989807129
v 0.20100000000000001 0.08833459429748045 0.00500000095367432
v 0.19239859008789062 0.08983651690490232 0.00500000095367432
v 0.19154885101318359 0.09956471972472655 0.00500000095367432
v 0.18904885101318361 0.09523458819396483 0.00500000095367432
v 0.18881679916381836 0.09883266406066404 0.00500000095367432
v 0.16706180191040040 0.09195190386779295 0.00500000095367432
v 0.16726160049438477 0.09243426470763670 0.00500000095367432
v 0.16732975006103515 0.09295190386779295 0.00500000095367432
v 0.16726160049438477 0.09346954302794920 0.00500000095367432
v 0.16706180191040040 0.09395190386779295 0.00500000095367432
v 0.16674396133422853 0.09436611895568357 0.00500000095367432
v 0.16632975006103515 0.09468395953185545 0.00500000095367432
v 0.16584738922119141 0.09488375811583982 0.00500000095367432
v 0.16532975006103515 0.09495190386779295 0.00500000095367432
v 0.16221013259887695 0.07354857592589842 0.00500000095367432
v 0.15947808074951172 0.07281652026183592 0.00500000095367432
v 0.15979592132568360 0.07323073534972654 0.00500000095367432
v 0.16021013641357423 0.07354857592589842 0.00500000095367432
v 0.16172777175903322 0.07374837450988279 0.00500000095367432
v 0.16121013259887695 0.07381652026183592 0.00500000095367432
v 0.16069249725341797 0.07374837450988279 0.00500000095367432
v 0.16371013259887696 0.07614665179259764 0.00500000095367432
v 0.16329592132568360 0.07646448473937498 0.00500000095367432
v 0.16297808456420898 0.07687869982726561 0.00500000095367432
v 0.16277828216552734 0.07736106066710936 0.00500000095367432
v 0.16271013259887696 0.07787869982726561 0.00500000095367432
v 0.16277828216552734 0.07839633898742186 0.00500000095367432
v 0.16297808456420898 0.07887869982726561 0.00500000095367432
v 0.14549999999999999 0.09295190386779295 0.00500000095367432
v 0.14556814575195312 0.09346954302794920 0.00500000095367432
v 0.14576795196533204 0.09395190386779295 0.00500000095367432
v 0.14608578491210938 0.09436611895568357 0.00500000095367432
v 0.14749999999999999 0.09495190386779295 0.00500000095367432
v 0.14698236083984376 0.09488375811583982 0.00500000095367432
v 0.14649999999999999 0.09468395953185545 0.00500000095367432
v 0.14250000000000002 0.09495190386779295 0.00500000095367432
v 0.21358012676239013 0.10012400774962889 0.00000000095367432
v 0.21029953956604006 0.10144186358458983 0.00000000095367432
v 0.21054903793334961 0.10187400774962889 0.00000000095367432
v 0.21508012676239013 0.10272208361632811 0.00000000095367432
v 0.21050477409362794 0.10189956622130858 0.00038822937011719
v 0.21025527477264405 0.10146742205626952 0.00038822937011719
v 0.20770146369934084 0.10294186358458983 0.00000000095367432
v 0.20795096206665040 0.10337400774962889 0.00000000095367432
v 0.20774572563171387 0.10291630511291014 0.00038822937011719
v 0.20799522590637207 0.10334845690734373 0.00038822937011719
v 0.21204903793334962 0.10447208361632811 0.00000000095367432
v 0.20945096206665040 0.10597208361632811 0.00000000095367432
v 0.21354903793334962 0.10707015948302732 0.00000000095367432
v 0.21095096206665040 0.10857015948302733 0.00000000095367432
v 0.21200477409362795 0.10449764208800780 0.00038822937011719
v 0.20949522590637207 0.10594653277404295 0.00038822937011719
v 0.21350477409362795 0.10709571795470701 0.00038822937011719
v 0.21099522590637207 0.10854460864074217 0.00038822937011719
v 0.20641987228393555 0.10772208361632811 0.00000000095367432
v 0.21037500000000001 0.10197449450499999 0.00075000095367432
v 0.21012549877166747 0.10154234271056639 0.00075000095367432
v 0.20991905879974365 0.10166152911193357 0.00106066131591797
v 0.21016855907440185 0.10209368090636717 0.00106066131591797
v 0.20787549972534181 0.10284138445861327 0.00075000095367432
v 0.20812500000000000 0.10327352862365233 0.00075000095367432
v 0.20808194160461427 0.10272219042785155 0.00106066131591797
v 0.20833144187927247 0.10315434222228514 0.00106066131591797
v 0.21187500000000001 0.10457257037169920 0.00075000095367432
v 0.20962500000000001 0.10587160449035155 0.00075000095367432
v 0.21337500000000001 0.10717064623839842 0.00075000095367432
v 0.21112500000000001 0.10846968035705076 0.00075000095367432
v 0.21166855907440185 0.10469175677306639 0.00106066131591797
v 0.20983144092559816 0.10575241808898436 0.00106066131591797
v 0.21316855907440185 0.10728983263976560 0.00106066131591797
v 0.21133144092559814 0.10835049395568358 0.00106066131591797
v 0.20077326011657715 0.10694186358458983 0.00000000095367432
v 0.20102275848388673 0.10737400774962889 0.00000000095367432
v 0.19817518424987793 0.10844186358458982 0.00000000095367432
v 0.20072899436950684 0.10696742205626951 0.00038822937011719
v 0.20097849464416503 0.10739956622130857 0.00038822937011719
v 0.19821944618225099 0.10841630511291014 0.00038822937011719
v 0.20084872055053712 0.10747449450499999 0.00075000095367432
v 0.20059922027587890 0.10704234271056640 0.00075000095367432
v 0.19834922027587892 0.10834138445861327 0.00075000095367432
v 0.20039277839660644 0.10716153674132811 0.00106066131591797
v 0.20064227867126466 0.10759368090636717 0.00106066131591797
v 0.19855566215515136 0.10822219042785154 0.00106066131591797
v 0.19880516242980958 0.10865434222228514 0.00106066131591797
v 0.20791987228393555 0.11032015948302733 0.00000000095367432
v 0.20252275848388673 0.10997208361632811 0.00000000095367432
v 0.20402275848388676 0.11257015948302733 0.00000000095367432
v 0.20247849464416504 0.10999764208800780 0.00038822937011719
v 0.20397849464416506 0.11259571795470702 0.00038822937011719
v 0.20234872055053713 0.11007257037169921 0.00075000095367432
v 0.20384872055053715 0.11267064623839843 0.00075000095367432
v 0.20364227867126469 0.11278983263976561 0.00106066131591797
v 0.19842468261718751 0.10887400774962890 0.00000000095367432
v 0.19992468261718754 0.11147208361632811 0.00000000095367432
v 0.19846894645690918 0.10884845690734374 0.00038822937011719
v 0.19996894645690921 0.11144653277404296 0.00038822937011719
v 0.20142468261718754 0.11407015948302733 0.00000000095367432
v 0.20146894645690921 0.11404460864074217 0.00038822937011719
v 0.19859872055053712 0.10877352862365233 0.00075000095367432
v 0.20009872055053715 0.11137160449035155 0.00075000095367432
v 0.20214227867126466 0.11019175677306639 0.00106066131591797
v 0.20030516242980961 0.11125241808898435 0.00106066131591797
v 0.20159872055053715 0.11396968035705077 0.00075000095367432
v 0.20180516242980961 0.11385049395568357 0.00106066131591797
v 0.21343258190155029 0.10020919756896483 0.00129409599304199
v 0.20965002059936524 0.10181686358458983 0.00129903888702393
v 0.20933671379089355 0.10199774889953124 0.00144888973236084
v 0.21493258190155029 0.10280727343566405 0.00129409599304199
v 0.20989951896667480 0.10224900774962889 0.00129903888702393
v 0.20958621597290039 0.10242989306457030 0.00144888973236084
v 0.20891378402709962 0.10281812243468748 0.00144888973236084
v 0.20900050163269043 0.10219186358458983 0.00150000095367432
v 0.20924999999999999 0.10262400774962889 0.00150000095367432
v 0.20835098266601562 0.10256686358458983 0.00129903888702393
v 0.20860048103332521 0.10299900774962889 0.00129903888702393
v 0.20866428565979003 0.10238597826964842 0.00144888973236084
v 0.21139951896667480 0.10484708361632811 0.00129903888702393
v 0.21010048103332521 0.10559708361632811 0.00129903888702393
v 0.21108621597290039 0.10502796893126952 0.00144888973236084
v 0.21074999999999999 0.10522208361632811 0.00150000095367432
v 0.21041378402709962 0.10541619830138670 0.00144888973236084
v 0.21289951896667481 0.10744515948302732 0.00129903888702393
v 0.21258621597290039 0.10762604479796874 0.00144888973236084
v 0.21191378402709962 0.10801427416808593 0.00144888973236084
v 0.21224999999999999 0.10782015948302733 0.00150000095367432
v 0.21160048103332521 0.10819515948302733 0.00129903888702393
v 0.20627232742309570 0.10780727343566404 0.00129409599304199
v 0.20012374114990233 0.10731686358458983 0.00129903888702393
v 0.20037323951721192 0.10774900774962889 0.00129903888702393
v 0.19907420158386230 0.10849900774962890 0.00129903888702393
v 0.19981043434143067 0.10749774889953123 0.00144888973236084
v 0.20005993652343751 0.10792989306457029 0.00144888973236084
v 0.19913800621032715 0.10788597826964842 0.00144888973236084
v 0.19938750457763671 0.10831812243468748 0.00144888973236084
v 0.19947422218322755 0.10769186358458983 0.00150000095367432
v 0.19972372055053711 0.10812400774962889 0.00150000095367432
v 0.19882470321655274 0.10806686358458983 0.00129903888702393
v 0.20777232742309570 0.11040534930236326 0.00129409599304199
v 0.20337323951721195 0.11294515948302733 0.00129903888702393
v 0.20305993652343754 0.11312604479796873 0.00144888973236084
v 0.20238750457763674 0.11351427416808592 0.00144888973236084
v 0.20272372055053714 0.11332015948302733 0.00150000095367432
v 0.20187323951721192 0.11034708361632811 0.00129903888702393
v 0.20155993652343751 0.11052796893126951 0.00144888973236084
v 0.20122372055053711 0.11072208361632811 0.00150000095367432
v 0.20057420158386233 0.11109708361632811 0.00129903888702393
v 0.20088750457763674 0.11091619830138670 0.00144888973236084
v 0.20207420158386233 0.11369515948302733 0.00129903888702393
v 0.18665173339843749 0.10008266406066404 0.00000000095367432
v 0.18877756881713867 0.10116471819884763 0.00000000095367432
v 0.18765173339843749 0.10181471972472654 0.00000000095367432
v 0.18667091751098633 0.10007159380919921 0.00016823339462280
v 0.18875838851928711 0.10117578845031248 0.00016823339462280
v 0.18767091751098633 0.10180364184386717 0.00016823339462280
v 0.18604551696777344 0.10043267016417967 0.00000000095367432
v 0.18704551696777344 0.10216471819884763 0.00000000095367432
v 0.18672714996337891 0.10003912310607420 0.00032500076293945
v 0.18681660842895509 0.09998747973449217 0.00045962047576904
v 0.18870215225219727 0.10120825915343748 0.00032500076293945
v 0.18861269378662110 0.10125991015441405 0.00045962047576904
v 0.18772714996337891 0.10177117877013671 0.00032500076293945
v 0.18781660842895509 0.10171952776916014 0.00045962047576904
v 0.18849610900878908 0.10132721667296873 0.00056291770935059
v 0.18793319320678711 0.10165222125060545 0.00056291770935059
v 0.18084936523437500 0.10343267016417967 0.00000000095367432
v 0.18024314880371095 0.10378266863830077 0.00000000095367432
v 0.18022396469116211 0.10379373888976560 0.00016823339462280
v 0.18016773223876953 0.10382620959289061 0.00032500076293945
v 0.18007827377319335 0.10387786059386717 0.00045962047576904
v 0.17996168899536133 0.10394516711242185 0.00056291770935059
v 0.17939877319335937 0.10427016406066404 0.00056291770935059
v 0.18184936523437500 0.10516471819884764 0.00000000095367432
v 0.18124314880371095 0.10551471667296873 0.00000000095367432
v 0.18011731338500978 0.10616471819884764 0.00000000095367432
v 0.18122396469116211 0.10552579455382811 0.00016823339462280
v 0.18013649368286133 0.10615364031798827 0.00016823339462280
v 0.17911731338500977 0.10443267016417968 0.00000000095367432
v 0.17913649368286133 0.10442159228332029 0.00016823339462280
v 0.18116773223876953 0.10555825762755858 0.00032500076293945
v 0.18019272994995117 0.10612117724425779 0.00032500076293945
v 0.18107827377319335 0.10560990862853514 0.00045962047576904
v 0.18028218841552734 0.10606952624328124 0.00045962047576904
v 0.18096168899536133 0.10567721514708983 0.00056291770935059
v 0.18039877319335937 0.10600221972472655 0.00056291770935059
v 0.17919272994995117 0.10438912920958983 0.00032500076293945
v 0.17928218841552734 0.10433747820861326 0.00045962047576904
v 0.18836034393310547 0.10140560107238279 0.00062785291671753
v 0.18821465301513673 0.10148971514708982 0.00065000104904175
v 0.18806895828247069 0.10157383685119140 0.00062785291671753
v 0.18595698928833007 0.10048377947814452 0.00077645826339722
v 0.18695698928833007 0.10221582751281248 0.00077645826339722
v 0.17982592391967775 0.10402355151183593 0.00062785291671753
v 0.18093789291381837 0.10338155322082029 0.00077645826339722
v 0.17953453826904298 0.10419178729064452 0.00062785291671753
v 0.17968022918701174 0.10410766558654296 0.00065000104904175
v 0.18193789291381837 0.10511360888488279 0.00077645826339722
v 0.18082592391967775 0.10575559954650389 0.00062785291671753
v 0.18068022918701171 0.10583972125060545 0.00065000104904175
v 0.18053453826904298 0.10592383532531248 0.00062785291671753
v 0.18569744110107422 0.10063362841613280 0.00150000095367432
v 0.18669744110107422 0.10236567645080076 0.00150000095367432
v 0.18119744110107422 0.10323170428283202 0.00150000095367432
v 0.18219744110107422 0.10496375994689451 0.00150000095367432
v 0.18528455734252930 0.10087200884826170 0.00212132167816162
v 0.18628455734252930 0.10260405688292967 0.00212132167816162
v 0.18161032485961914 0.10299332385070310 0.00212132167816162
v 0.18261032485961914 0.10472537951476561 0.00212132167816162
v 0.19950000000000004 0.12840381579406246 0.00000000095367432
v 0.19650000000000004 0.12840381579406246 0.00000000095367432
v 0.19950000000000004 0.12845491747863277 0.00038822937011719
v 0.19650000000000004 0.12845491747863277 0.00038822937011719
v 0.19950000000000004 0.13140381579406246 0.00000000095367432
v 0.19650000000000004 0.13140381579406246 0.00000000095367432
v 0.19950000000000004 0.13490381579406246 0.00000000095367432
v 0.19650000000000004 0.13490381579406246 0.00000000095367432
v 0.19950000000000004 0.13135269885070308 0.00038822937011719
v 0.19650000000000004 0.13135269885070308 0.00038822937011719
v 0.19950000000000004 0.12860477404601559 0.00075000095367432
v 0.19650000000000004 0.12860477404601559 0.00075000095367432
v 0.19950000000000004 0.12884314684874998 0.00106066131591797
v 0.19650000000000004 0.12884314684874998 0.00106066131591797
v 0.19950000000000004 0.13120284228332027 0.00075000095367432
v 0.19650000000000004 0.13120284228332027 0.00075000095367432
v 0.19950000000000004 0.13096446948058590 0.00106066131591797
v 0.19650000000000004 0.13096446948058590 0.00106066131591797
v 0.19950000000000004 0.12915381579406246 0.00129903888702393
v 0.19950000000000004 0.12951558642394528 0.00144888973236084
v 0.19950000000000004 0.13029204516417967 0.00144888973236084
v 0.19950000000000004 0.12990381579406246 0.00150000095367432
v 0.19650000000000004 0.12915381579406246 0.00129903888702393
v 0.19650000000000004 0.12951558642394528 0.00144888973236084
v 0.19650000000000004 0.13029204516417967 0.00144888973236084
v 0.19650000000000004 0.12990381579406246 0.00150000095367432
v 0.19950000000000004 0.13065381579406246 0.00129903888702393
v 0.19650000000000004 0.13065381579406246 0.00129903888702393
v 0.19950000000000004 0.13473343615539060 0.00129409599304199
v 0.19650000000000004 0.13473343615539060 0.00129409599304199
v 0.16720000076293948 0.12490381579406248 0.00000000095367432
v 0.16920000076293948 0.12510797839171872 0.00020000076293945
v 0.16720000076293948 0.12497977404601561 0.00086824178695679
v 0.16920000076293948 0.12518877367980466 0.00089910268783569
v 0.16720000076293948 0.12916110949523435 0.00000000095367432
v 0.16720000076293948 0.12921533923156248 0.00000666475296021
v 0.16720000076293948 0.12926547961242185 0.00002621364593506
v 0.16720000076293948 0.12930821948058591 0.00005735158920288
v 0.16720000076293948 0.12934069018371092 0.00009801435470581
v 0.16720000076293948 0.12936078600890621 0.00014550542831421
v 0.16920000076293948 0.12841469531066405 0.00020000076293945
v 0.16920000076293948 0.12846892504699214 0.00020666456222534
v 0.16920000076293948 0.12851906542785152 0.00022621345520020
v 0.16920000076293948 0.12856180529601560 0.00025735187530518
v 0.16920000076293948 0.12859429125792965 0.00029801416397095
v 0.16720000076293948 0.12936713366515623 0.00019667577743530
v 0.16720000076293948 0.12935933642394529 0.00024813318252563
v 0.16720000076293948 0.12933789782531246 0.00029646492004395
v 0.16920000076293948 0.12861437182433591 0.00034550523757935
v 0.16920000076293948 0.12862071948058590 0.00039667606353760
v 0.16920000076293948 0.12861292223937498 0.00044813299179077
v 0.16720000076293948 0.12930423693664059 0.00033846664428711
v 0.16720000076293948 0.12926061205871089 0.00037135410308838
v 0.16720000076293948 0.13039093737609372 0.00034746742248535
v 0.16720000076293948 0.13044351916320310 0.00034186649322510
v 0.16720000076293948 0.13049671130187496 0.00035000848770142
v 0.16720000076293948 0.13034247546203123 0.00036643981933594
v 0.16720000076293948 0.13030133776671873 0.00039752626419067
v 0.16720000076293948 0.13027025561339842 0.00043866539001465
v 0.16920000076293948 0.12859148364074216 0.00049646472930908
v 0.16920000076293948 0.12855783801085935 0.00053846693038940
v 0.16920000076293948 0.12851419787414059 0.00057135391235352
v 0.16720000076293948 0.12970713000304684 0.00053667831420898
v 0.16720000076293948 0.12965567736632810 0.00054447937011719
v 0.16720000076293948 0.12975830798156246 0.00054303073883057
v 0.16720000076293948 0.13025127367980466 0.00048712873458862
v 0.16720000076293948 0.13024567370421872 0.00053970384597778
v 0.16720000076293948 0.12960735278136715 0.00056591653823853
v 0.16720000076293948 0.12980579333312497 0.00056311464309692
v 0.16720000076293948 0.12956534533507810 0.00059956836700439
v 0.16720000076293948 0.12984645800597652 0.00059559917449951
v 0.16720000076293948 0.13025382189757809 0.00059290456771851
v 0.16720000076293948 0.13064652209289060 0.00000000095367432
v 0.16720000076293948 0.13490381579406246 0.00000000095367432
v 0.16720000076293948 0.13054701952941403 0.00037135410308838
v 0.16720000076293948 0.12953246264464841 0.00064320325851440
v 0.16720000076293948 0.12987760119445310 0.00063833045959473
v 0.16720000076293948 0.12989714770324215 0.00068847417831421
v 0.16720000076293948 0.13027516894347654 0.00064320325851440
v 0.16720000076293948 0.12990381579406246 0.00074270677566528
v 0.16920000076293948 0.13093735461242184 0.00089387750625610
v 0.16920000076293948 0.13098992114074215 0.00088827657699585
v 0.16920000076293948 0.13104312853820310 0.00089641857147217
v 0.16920000076293948 0.13088887743957028 0.00091284990310669
v 0.16920000076293948 0.13109342150695311 0.00091776418685913
v 0.16720000076293948 0.13482784228332029 0.00086824178695679
v 0.16920000076293948 0.13084773974425778 0.00094393634796143
v 0.16920000076293948 0.13081665759093747 0.00098507547378540
v 0.16920000076293948 0.13079769091613277 0.00103353929519653
v 0.16920000076293948 0.13079209094054683 0.00108611440658569
v 0.16920000076293948 0.13080022387511717 0.00113931465148926
v 0.16920000076293948 0.13082157092101560 0.00118961334228516
v 0.16920000076293948 0.12537091784484372 0.00157887697219849
v 0.16720000076293948 0.12520534472472655 0.00171010160446167
v 0.16920000076293948 0.12565050463683591 0.00222471141815186
v 0.16920000076293948 0.12940734057433589 0.00131232690811157
v 0.16920000076293948 0.12936534838683592 0.00134597826004028
v 0.16920000076293948 0.12933245043761715 0.00138961315155029
v 0.16920000076293948 0.12950713305480466 0.00128308868408203
v 0.16920000076293948 0.12945568041808592 0.00129088973999023
v 0.16920000076293948 0.12955831103332027 0.00128944063186646
v 0.16920000076293948 0.12960579638488279 0.00130952501296997
v 0.16920000076293948 0.12964646105773434 0.00134200954437256
v 0.16920000076293948 0.12967760424621091 0.00138474035263062
v 0.16920000076293948 0.12969715075499996 0.00143488454818726
v 0.16920000076293948 0.12970380358703121 0.00148911714553833
v 0.16720000076293948 0.13460227160460936 0.00171010160446167
v 0.16620000076293948 0.12740381579406249 0.00200000095367432
v 0.16520000076293948 0.12740381579406249 0.00200000095367432
v 0.16620000076293948 0.12742084460265624 0.00212941074371338
v 0.16520000076293948 0.12742084460265624 0.00212941074371338
v 0.16620000076293948 0.12747080187804685 0.00225000095367432
v 0.16520000076293948 0.12747080187804685 0.00225000095367432
v 0.16620000076293948 0.12755025439269529 0.00235355472564697
v 0.16620000076293948 0.12765381579406249 0.00243301391601563
v 0.16620000076293948 0.12777440600402343 0.00248296356201172
v 0.16520000076293948 0.12755025439269529 0.00235355472564697
v 0.16520000076293948 0.12765381579406249 0.00243301391601563
v 0.16520000076293948 0.12777440600402343 0.00248296356201172
v 0.16620000076293948 0.13240381579406246 0.00200000095367432
v 0.16520000076293948 0.13240381579406246 0.00200000095367432
v 0.16620000076293948 0.13238677172667965 0.00212941074371338
v 0.16520000076293948 0.13238677172667965 0.00212941074371338
v 0.16620000076293948 0.13233682971007810 0.00225000095367432
v 0.16520000076293948 0.13233682971007810 0.00225000095367432
v 0.16620000076293948 0.13225736193664059 0.00235355472564697
v 0.16620000076293948 0.13215381579406246 0.00243301391601563
v 0.16620000076293948 0.13203322558410152 0.00248296356201172
v 0.16520000076293948 0.13225736193664059 0.00235355472564697
v 0.16520000076293948 0.13215381579406246 0.00243301391601563
v 0.16520000076293948 0.13203322558410152 0.00248296356201172
v 0.21299999999999999 0.10045894579894529 0.00250000095367432
v 0.21450000000000000 0.10305702166564451 0.00250000095367432
v 0.20583974647521974 0.10805702166564451 0.00250000095367432
v 0.21231186199188232 0.10085624651916014 0.00353553485870361
v 0.21381186199188232 0.10345432238585936 0.00353553485870361
v 0.20515160751342773 0.10845432238585936 0.00353553485870361
v 0.20733974647521974 0.11065509753234373 0.00250000095367432
v 0.20665160751342776 0.11105239825255858 0.00353553485870361
v 0.21141506385803224 0.10137400774962889 0.00433012771606445
v 0.21291506385803224 0.10397208361632811 0.00433012771606445
v 0.21037071895599366 0.10197696642882811 0.00482962989807129
v 0.20924999999999999 0.10262400774962889 0.00500000095367432
v 0.21187071895599366 0.10457504229552733 0.00482962989807129
v 0.21074999999999999 0.10522208361632811 0.00500000095367432
v 0.20425481033325196 0.10897208361632811 0.00433012771606445
v 0.20575481033325199 0.11157015948302733 0.00433012771606445
v 0.20321046447753907 0.10957504229552732 0.00482962989807129
v 0.20471046447753910 0.11217311816222654 0.00482962989807129
v 0.20358974647521977 0.11282015948302733 0.00500000095367432
v 0.20208974647521974 0.11022208361632811 0.00500000095367432
v 0.19950000000000004 0.11518138079650389 0.00500000095367432
v 0.18474647903442384 0.10118267016417967 0.00259807682037354
v 0.18574647903442384 0.10291471819884764 0.00259807682037354
v 0.18411987304687499 0.10154444079406248 0.00289777851104736
v 0.18344744110107422 0.10193267016417967 0.00300000095367432
v 0.18511987304687499 0.10327648882873046 0.00289777851104736
v 0.18377500915527345 0.10405294756896483 0.00289777851104736
v 0.18444744110107422 0.10366471819884764 0.00300000095367432
v 0.18214840316772463 0.10268267016417967 0.00259807682037354
v 0.18277500915527345 0.10232089953429686 0.00289777851104736
v 0.18314840316772460 0.10441471819884764 0.00259807682037354
v 0.17807808303833009 0.10503266863830077 0.00500000095367432
v 0.17907808303833009 0.10676471667296873 0.00500000095367432
v 0.17205500411987304 0.10177195696837889 0.00500000095367432
v 0.17253736495971680 0.10197176318175780 0.00500000095367432
v 0.17153736495971680 0.10170381121642577 0.00500000095367432
v 0.17295158004760741 0.10228959612853514 0.00500000095367432
v 0.17326941680908203 0.10270381121642576 0.00500000095367432
v 0.17831895828247074 0.11158617358214842 0.00500000095367432
v 0.17811915969848635 0.11110381274230467 0.00500000095367432
v 0.17838710784912112 0.11210381274230467 0.00500000095367432
v 0.17831895828247074 0.11262145190246092 0.00500000095367432
v 0.18482808303833012 0.11672401385314451 0.00500000095367432
v 0.17811915969848635 0.11310381274230467 0.00500000095367432
v 0.17780131912231448 0.11351802783019529 0.00500000095367432
v 0.17738710784912112 0.11383586077697264 0.00500000095367432
v 0.17690474700927739 0.11403565936095701 0.00500000095367432
v 0.17638710784912112 0.11410381274230467 0.00500000095367432
v 0.19950000000000004 0.13423393969542965 0.00250000095367432
v 0.19650000000000004 0.13423393969542965 0.00250000095367432
v 0.19950000000000004 0.13343933825499996 0.00353553485870361
v 0.19650000000000004 0.13343933825499996 0.00353553485870361
v 0.19292431259155277 0.11991096453673826 0.00500000095367432
v 0.19409315681457523 0.12042881731994139 0.00500000095367432
v 0.19509247589111331 0.12122615008361326 0.00500000095367432
v 0.19166691970825198 0.11970381121642576 0.00500000095367432
v 0.19166235351562502 0.11970644335753905 0.00500000095367432
v 0.19585693550109867 0.12225083117492186 0.00500000095367432
v 0.19633656311035161 0.12343587450988279 0.00500000095367432
v 0.19650000000000004 0.12470380358703123 0.00500000095367432
v 0.19950000000000004 0.13240381579406246 0.00433012771606445
v 0.19650000000000004 0.13240381579406246 0.00433012771606445
v 0.19950000000000004 0.12990381579406246 0.00500000095367432
v 0.19650000000000004 0.12990381579406246 0.00500000095367432
v 0.19950000000000004 0.13119789843566404 0.00482962989807129
v 0.19650000000000004 0.13119789843566404 0.00482962989807129
v 0.16720000076293948 0.12557367663390623 0.00250000095367432
v 0.16720000076293948 0.12607358508117186 0.00321393871307373
v 0.16620000076293948 0.12790381579406249 0.00250000095367432
v 0.16520000076293948 0.12790381579406249 0.00250000095367432
v 0.16390710830688479 0.12919670825011717 0.00250000095367432
v 0.16406602478027346 0.12940381579406246 0.00250000095367432
v 0.16416592407226566 0.12964499621398434 0.00250000095367432
v 0.16420000076293947 0.12990381579406246 0.00250000095367432
v 0.16416592407226566 0.13016263537414061 0.00250000095367432
v 0.16406602478027346 0.13040381579406246 0.00250000095367432
v 0.16390710830688479 0.13061092333800778 0.00250000095367432
v 0.16620000076293948 0.13190381579406246 0.00250000095367432
v 0.16520000076293948 0.13190381579406246 0.00250000095367432
v 0.16920000076293948 0.13395713000304685 0.00257112216949463
v 0.16720000076293948 0.13423393969542965 0.00250000095367432
v 0.16920000076293948 0.13353760485656246 0.00313616657257080
v 0.16720000076293948 0.13373403124816402 0.00321393871307373
v 0.16920000076293948 0.13303996996886716 0.00363379573822021
v 0.16720000076293948 0.12668987231261716 0.00383022308349609
v 0.16920000076293948 0.12767909960753904 0.00425331306457520
v 0.16720000076293948 0.12740381579406249 0.00433012771606445
v 0.16920000076293948 0.13247493700988278 0.00405331325531006
v 0.16720000076293948 0.13311774401671872 0.00383022308349609
v 0.16720000076293948 0.13240381579406246 0.00433012771606445
v 0.16920000076293948 0.12832492785460933 0.00453289794921875
v 0.16720000076293948 0.12819370226867186 0.00469846439361572
v 0.16920000076293948 0.12900470690734372 0.00471504211425781
v 0.16920000076293948 0.12970380358703121 0.00479583263397217
v 0.16720000076293948 0.12903557543761715 0.00492403984069824
v 0.16720000076293948 0.12990381579406246 0.00500000095367432
v 0.16720000076293948 0.13161391406066403 0.00469846439361572
v 0.16720000076293948 0.13077205615050777 0.00492403984069824
v 0.12000000000000002 0.10290380816466795 0.00000000095367432
v 0.12000000000000002 0.10420381121642576 0.00000000095367432
v 0.12000000000000002 0.10292595629699217 0.00016823339462280
v 0.12000000000000002 0.10418166308410155 0.00016823339462280
v 0.12000000000000002 0.10299089770324217 0.00032500076293945
v 0.12000000000000002 0.10309419207580077 0.00045962047576904
v 0.12000000000000002 0.10411672930724608 0.00032500076293945
v 0.12000000000000002 0.10401342730529295 0.00045962047576904
v 0.12000000000000002 0.10322881274230467 0.00056291770935059
v 0.12000000000000002 0.10387881426818357 0.00056291770935059
v 0.11800000000000002 0.10290380816466795 0.00000000095367432
v 0.11800000000000002 0.10420381121642576 0.00000000095367432
v 0.11800000000000002 0.10292595629699217 0.00016823339462280
v 0.11800000000000002 0.10418166308410155 0.00016823339462280
v 0.11800000000000002 0.10299089770324217 0.00032500076293945
v 0.11800000000000002 0.10309419207580077 0.00045962047576904
v 0.11800000000000002 0.10411672930724608 0.00032500076293945
v 0.11800000000000002 0.10401342730529295 0.00045962047576904
v 0.11800000000000002 0.10322881274230467 0.00056291770935059
v 0.11800000000000002 0.10387881426818357 0.00056291770935059
v 0.12000000000000002 0.10490380816466795 0.00000000095367432
v 0.11800000000000002 0.10490380816466795 0.00000000095367432
v 0.12000000000000002 0.10338558154113280 0.00062785291671753
v 0.12000000000000002 0.10372204546935546 0.00062785291671753
v 0.12000000000000002 0.10355380969054685 0.00065000104904175
v 0.11800000000000002 0.10338558154113280 0.00062785291671753
v 0.11800000000000002 0.10372204546935546 0.00062785291671753
v 0.11800000000000002 0.10355380969054685 0.00065000104904175
v 0.12000000000000002 0.10500603442199218 0.00077645826339722
v 0.11800000000000002 0.10500603442199218 0.00077645826339722
v 0.12000000000000002 0.11090380816466795 0.00000000095367432
v 0.12000000000000002 0.11160381274230467 0.00000000095367432
v 0.12000000000000002 0.11290380816466795 0.00000000095367432
v 0.12000000000000002 0.11162596087462889 0.00016823339462280
v 0.12000000000000002 0.11288166003234373 0.00016823339462280
v 0.12000000000000002 0.11169089465148437 0.00032500076293945
v 0.12000000000000002 0.11179418902404295 0.00045962047576904
v 0.12000000000000002 0.11281672625548826 0.00032500076293945
v 0.12000000000000002 0.11271343188292968 0.00045962047576904
v 0.12000000000000002 0.11192880969054686 0.00056291770935059
v 0.12000000000000002 0.11257881121642577 0.00056291770935059
v 0.11800000000000002 0.11090380816466795 0.00000000095367432
v 0.11800000000000002 0.11160381274230467 0.00000000095367432
v 0.11800000000000002 0.11290380816466795 0.00000000095367432
v 0.11800000000000002 0.11162596087462889 0.00016823339462280
v 0.11800000000000002 0.11288166003234373 0.00016823339462280
v 0.11800000000000002 0.11169089465148437 0.00032500076293945
v 0.11800000000000002 0.11179418902404295 0.00045962047576904
v 0.11800000000000002 0.11281672625548826 0.00032500076293945
v 0.11800000000000002 0.11271343188292968 0.00045962047576904
v 0.11800000000000002 0.11192880969054686 0.00056291770935059
v 0.11800000000000002 0.11257881121642577 0.00056291770935059
v 0.12300000000000001 0.11740380816466796 0.00000000095367432
v 0.11700099945068361 0.11740380816466796 0.00000000095367432
v 0.12000000000000002 0.11080158953673827 0.00077645826339722
v 0.12000000000000002 0.11208557848937499 0.00062785291671753
v 0.12000000000000002 0.11242204241759764 0.00062785291671753
v 0.12000000000000002 0.11225381426818358 0.00065000104904175
v 0.11800000000000002 0.11080158953673827 0.00077645826339722
v 0.11800000000000002 0.11208557848937499 0.00062785291671753
v 0.11800000000000002 0.11242204241759764 0.00062785291671753
v 0.11800000000000002 0.11225381426818358 0.00065000104904175
v 0.12000000000000002 0.10530573229796873 0.00150000095367432
v 0.11800000000000002 0.10530573229796873 0.00150000095367432
v 0.12000000000000002 0.10578249316222654 0.00212132167816162
v 0.11800000000000002 0.10578249316222654 0.00212132167816162
v 0.12000000000000002 0.11050188403136717 0.00150000095367432
v 0.11800000000000002 0.11050188403136717 0.00150000095367432
v 0.12000000000000002 0.11002513079650389 0.00212132167816162
v 0.11800000000000002 0.11002513079650389 0.00212132167816162
v 0.15819999694824222 0.12490381579406248 0.00000000095367432
v 0.15819999694824222 0.13490381579406246 0.00000000095367432
v 0.15519999694824221 0.13490381579406246 0.00000000095367432
v 0.15019999694824221 0.13490381579406246 0.00000000095367432
v 0.15819999694824222 0.12507418017394531 0.00129409599304199
v 0.15819999694824222 0.13473343615539060 0.00129409599304199
v 0.15519999694824221 0.13473343615539060 0.00129409599304199
v 0.15819999694824222 0.12740381579406249 0.00200000095367432
v 0.15819999694824222 0.12742084460265624 0.00212941074371338
v 0.15819999694824222 0.12747080187804685 0.00225000095367432
v 0.15819999694824222 0.12755025439269529 0.00235355472564697
v 0.15819999694824222 0.12765381579406249 0.00243301391601563
v 0.15819999694824222 0.12777440600402343 0.00248296356201172
v 0.15519999694824221 0.12740381579406249 0.00200000095367432
v 0.15519999694824221 0.12742084460265624 0.00212941074371338
v 0.15519999694824221 0.12747080187804685 0.00225000095367432
v 0.15519999694824221 0.12755025439269529 0.00235355472564697
v 0.15519999694824221 0.12765381579406249 0.00243301391601563
v 0.15519999694824221 0.12777440600402343 0.00248296356201172
v 0.15819999694824222 0.13240381579406246 0.00200000095367432
v 0.15819999694824222 0.13238677172667965 0.00212941074371338
v 0.15819999694824222 0.13233682971007810 0.00225000095367432
v 0.15819999694824222 0.13225736193664059 0.00235355472564697
v 0.15819999694824222 0.13215381579406246 0.00243301391601563
v 0.15819999694824222 0.13203322558410152 0.00248296356201172
v 0.15519999694824221 0.13240381579406246 0.00200000095367432
v 0.15519999694824221 0.13238677172667965 0.00212941074371338
v 0.15519999694824221 0.13233682971007810 0.00225000095367432
v 0.15519999694824221 0.13225736193664059 0.00235355472564697
v 0.15519999694824221 0.13215381579406246 0.00243301391601563
v 0.15519999694824221 0.13203322558410152 0.00248296356201172
v 0.15019999694824221 0.13473343615539060 0.00129409599304199
v 0.12600000000000003 0.12480380969054686 0.00000000095367432
v 0.12600000000000003 0.12482836108214843 0.00049988842010498
v 0.12600000000000003 0.12490180163390624 0.00099496173858643
v 0.12300000000000001 0.12040380816466795 0.00000000095367432
v 0.12300000000000001 0.11745492510802732 0.00038822937011719
v 0.12300000000000001 0.12035269885070311 0.00038822937011719
v 0.11700099945068361 0.12040380816466795 0.00000000095367432
v 0.11700099945068361 0.11745492510802732 0.00038822937011719
v 0.11700099945068361 0.12035269885070311 0.00038822937011719
v 0.12300000000000001 0.11760477404601560 0.00075000095367432
v 0.12300000000000001 0.12020284991271482 0.00075000095367432
v 0.12300000000000001 0.11784314684874998 0.00106066131591797
v 0.12300000000000001 0.11996446948058592 0.00106066131591797
v 0.11700099945068361 0.11760477404601560 0.00075000095367432
v 0.11700099945068361 0.12020284991271482 0.00075000095367432
v 0.11700099945068361 0.11784314684874998 0.00106066131591797
v 0.11700099945068361 0.11996446948058592 0.00106066131591797
v 0.12600000000000003 0.12990381579406246 0.00000000095367432
v 0.12600000000000003 0.13490381579406246 0.00000000095367432
v 0.12300000000000001 0.12840381579406246 0.00000000095367432
v 0.12300000000000001 0.12845491747863277 0.00038822937011719
v 0.11700099945068361 0.12840381579406246 0.00000000095367432
v 0.11700099945068361 0.12845491747863277 0.00038822937011719
v 0.12300000000000001 0.13140381579406246 0.00000000095367432
v 0.12300000000000001 0.13490381579406246 0.00000000095367432
v 0.12300000000000001 0.13135269885070308 0.00038822937011719
v 0.11700099945068361 0.13140381579406246 0.00000000095367432
v 0.11700099945068361 0.13135269885070308 0.00038822937011719
v 0.12300000000000001 0.12860477404601559 0.00075000095367432
v 0.12300000000000001 0.12884314684874998 0.00106066131591797
v 0.11700099945068361 0.12860477404601559 0.00075000095367432
v 0.11700099945068361 0.12884314684874998 0.00106066131591797
v 0.12300000000000001 0.13120284228332027 0.00075000095367432
v 0.12300000000000001 0.13096446948058590 0.00106066131591797
v 0.11700099945068361 0.13120284228332027 0.00075000095367432
v 0.11700099945068361 0.13096446948058590 0.00106066131591797
v 0.12600000000000003 0.12502341418273435 0.00148045301437378
v 0.12600000000000003 0.12519202380187500 0.00195168638229370
v 0.12600000000000003 0.12540601305968749 0.00240412425994873
v 0.12300000000000001 0.11815380816466796 0.00129903888702393
v 0.12300000000000001 0.11851557879455077 0.00144888973236084
v 0.12300000000000001 0.11929203753478514 0.00144888973236084
v 0.12300000000000001 0.11890380816466795 0.00150000095367432
v 0.12300000000000001 0.11965380816466795 0.00129903888702393
v 0.11700099945068361 0.11815380816466796 0.00129903888702393
v 0.11700099945068361 0.11851557879455077 0.00144888973236084
v 0.11700099945068361 0.11929203753478514 0.00144888973236084
v 0.11700099945068361 0.11890380816466795 0.00150000095367432
v 0.11700099945068361 0.11965380816466795 0.00129903888702393
v 0.12600000000000003 0.12990381579406246 0.00150000095367432
v 0.12600000000000003 0.13473343615539060 0.00129409599304199
v 0.12300000000000001 0.12915381579406246 0.00129903888702393
v 0.12300000000000001 0.12951558642394528 0.00144888973236084
v 0.12300000000000001 0.13029204516417967 0.00144888973236084
v 0.12300000000000001 0.12990381579406246 0.00150000095367432
v 0.11700099945068361 0.12915381579406246 0.00129903888702393
v 0.11700099945068361 0.12951558642394528 0.00144888973236084
v 0.11700099945068361 0.13029204516417967 0.00144888973236084
v 0.11700099945068361 0.12990381579406246 0.00150000095367432
v 0.12300000000000001 0.13065381579406246 0.00129903888702393
v 0.12300000000000001 0.13473343615539060 0.00129409599304199
v 0.11700099945068361 0.13065381579406246 0.00129903888702393
v 0.15719999694824219 0.10170381121642577 0.00500000095367432
v 0.15668236541748048 0.10177195696837889 0.00500000095367432
v 0.15619999694824219 0.10197176318175780 0.00500000095367432
v 0.15119999694824218 0.10197176318175780 0.00500000095367432
v 0.15578578948974608 0.10228959612853514 0.00500000095367432
v 0.15546794891357421 0.10270381121642576 0.00500000095367432
v 0.15526815032958985 0.10318617205626951 0.00500000095367432
v 0.15519999694824219 0.10370381121642576 0.00500000095367432
v 0.15161421203613282 0.10228959612853514 0.00500000095367432
v 0.15193205261230469 0.10270381121642576 0.00500000095367432
v 0.15213185119628905 0.10318617205626951 0.00500000095367432
v 0.15219999694824218 0.10370381121642576 0.00500000095367432
v 0.15071763610839845 0.10177195696837889 0.00500000095367432
v 0.15019999694824218 0.10170381121642577 0.00500000095367432
v 0.15519999694824221 0.11210381274230467 0.00500000095367432
v 0.15526815032958988 0.11262145190246092 0.00500000095367432
v 0.15219999694824221 0.11210381274230467 0.00500000095367432
v 0.15213185119628908 0.11262145190246092 0.00500000095367432
v 0.15578578948974611 0.11351802783019529 0.00500000095367432
v 0.15719999694824222 0.11410381274230467 0.00500000095367432
v 0.15668236541748051 0.11403565936095701 0.00500000095367432
v 0.15619999694824221 0.11383586077697264 0.00500000095367432
v 0.15546794891357424 0.11310381274230467 0.00500000095367432
v 0.15193205261230472 0.11310381274230467 0.00500000095367432
v 0.15161421203613284 0.11351802783019529 0.00500000095367432
v 0.15119999694824221 0.11383586077697264 0.00500000095367432
v 0.15071763610839847 0.11403565936095701 0.00500000095367432
v 0.15019999694824221 0.11410381274230467 0.00500000095367432
v 0.12000000000000002 0.10640380816466795 0.00259807682037354
v 0.12000000000000002 0.10712735705382812 0.00289777851104736
v 0.12000000000000002 0.10790380816466795 0.00300000095367432
v 0.11800000000000002 0.10640380816466795 0.00259807682037354
v 0.11800000000000002 0.10712735705382812 0.00289777851104736
v 0.11800000000000002 0.10790380816466795 0.00300000095367432
v 0.12000000000000002 0.10940380816466795 0.00259807682037354
v 0.12000000000000002 0.10868026690490233 0.00289777851104736
v 0.11800000000000002 0.10940380816466795 0.00259807682037354
v 0.11800000000000002 0.10868026690490233 0.00289777851104736
v 0.12000000000000002 0.10170381121642577 0.00500000095367432
v 0.11800000000000002 0.10170381121642577 0.00500000095367432
v 0.12000000000000002 0.11410381274230467 0.00500000095367432
v 0.12300000000000001 0.11610381274230468 0.00500000095367432
v 0.11800000000000002 0.11610381274230468 0.00500000095367432
v 0.15819999694824222 0.12557367663390623 0.00250000095367432
v 0.15819999694824222 0.12790381579406249 0.00250000095367432
v 0.16345882034301762 0.12893788867003902 0.00250000095367432
v 0.16370000076293947 0.12903778796203122 0.00250000095367432
v 0.16320000076293947 0.12890381579406246 0.00250000095367432
v 0.16069999694824222 0.12903778796203122 0.00250000095367432
v 0.16106602478027346 0.12940381579406246 0.00250000095367432
v 0.16090710449218754 0.12919670825011717 0.00250000095367432
v 0.16116592407226565 0.12964499621398434 0.00250000095367432
v 0.16120000076293947 0.12990381579406246 0.00250000095367432
v 0.16116592407226565 0.13016263537414061 0.00250000095367432
v 0.16106602478027346 0.13040381579406246 0.00250000095367432
v 0.16045881652832034 0.12893788867003902 0.00250000095367432
v 0.16019999694824222 0.12890381579406246 0.00250000095367432
v 0.15994117736816410 0.12893788867003902 0.00250000095367432
v 0.15969999694824222 0.12903778796203122 0.00250000095367432
v 0.15949288940429690 0.12919670825011717 0.00250000095367432
v 0.15933397674560551 0.12940381579406246 0.00250000095367432
v 0.15819999694824222 0.12890381579406246 0.00250000095367432
v 0.15923407745361332 0.12964499621398434 0.00250000095367432
v 0.15919999694824222 0.12990381579406246 0.00250000095367432
v 0.15923407745361332 0.13016263537414061 0.00250000095367432
v 0.15933397674560551 0.13040381579406246 0.00250000095367432
v 0.15519999694824221 0.12790381579406249 0.00250000095367432
v 0.15719999694824222 0.12890381579406246 0.00250000095367432
v 0.15694117736816410 0.12893788867003902 0.00250000095367432
v 0.15669999694824222 0.12903778796203122 0.00250000095367432
v 0.15649288940429690 0.12919670825011717 0.00250000095367432
v 0.15633397674560551 0.12940381579406246 0.00250000095367432
v 0.15623407745361331 0.12964499621398434 0.00250000095367432
v 0.15619999694824221 0.12990381579406246 0.00250000095367432
v 0.15623407745361331 0.13016263537414061 0.00250000095367432
v 0.15633397674560551 0.13040381579406246 0.00250000095367432
v 0.16370000076293947 0.13076982836730466 0.00250000095367432
v 0.16345882034301762 0.13086974291808590 0.00250000095367432
v 0.16320000076293947 0.13090381579406246 0.00250000095367432
v 0.16090710449218754 0.13061092333800778 0.00250000095367432
v 0.16069999694824222 0.13076982836730466 0.00250000095367432
v 0.16045881652832034 0.13086974291808590 0.00250000095367432
v 0.16019999694824222 0.13090381579406246 0.00250000095367432
v 0.15994117736816410 0.13086974291808590 0.00250000095367432
v 0.15949288940429690 0.13061092333800778 0.00250000095367432
v 0.15969999694824222 0.13076982836730466 0.00250000095367432
v 0.15819999694824222 0.13090381579406246 0.00250000095367432
v 0.15819999694824222 0.13190381579406246 0.00250000095367432
v 0.15819999694824222 0.13423393969542965 0.00250000095367432
v 0.15669999694824222 0.13076982836730466 0.00250000095367432
v 0.15719999694824222 0.13090381579406246 0.00250000095367432
v 0.15694117736816410 0.13086974291808590 0.00250000095367432
v 0.15649288940429690 0.13061092333800778 0.00250000095367432
v 0.15519999694824221 0.13190381579406246 0.00250000095367432
v 0.15519999694824221 0.13423393969542965 0.00250000095367432
v 0.15819999694824222 0.12636827807433593 0.00353553485870361
v 0.15819999694824222 0.13343933825499996 0.00353553485870361
v 0.15519999694824221 0.13343933825499996 0.00353553485870361
v 0.15019999694824221 0.13423393969542965 0.00250000095367432
v 0.15019999694824221 0.13343933825499996 0.00353553485870361
v 0.16019999694824222 0.11970381121642576 0.00500000095367432
v 0.15890590667724613 0.11987418322570310 0.00500000095367432
v 0.15769999694824222 0.12037368731505858 0.00500000095367432
v 0.15666446685791019 0.12116827349669920 0.00500000095367432
v 0.15586987304687502 0.12220380358703123 0.00500000095367432
v 0.15537036895751957 0.12340972094542967 0.00500000095367432
v 0.15519999694824221 0.12470380358703123 0.00500000095367432
v 0.15019999694824221 0.12170381121642576 0.00500000095367432
v 0.15819999694824222 0.12740381579406249 0.00433012771606445
v 0.15819999694824222 0.13240381579406246 0.00433012771606445
v 0.15519999694824221 0.13240381579406246 0.00433012771606445
v 0.16075807189941410 0.12907433276183591 0.00493069744110107
v 0.16090708923339847 0.12919669299132810 0.00494974613189697
v 0.16102945327758791 0.12934571032531247 0.00496871852874756
v 0.16112368011474612 0.12952065234191404 0.00498529815673828
v 0.16118099594116214 0.12971118884093746 0.00499619865417480
v 0.16120000076293947 0.12990381579406246 0.00500000095367432
v 0.16118099594116214 0.13009644274718746 0.00499619865417480
v 0.16102945327758791 0.13046190600402341 0.00496871852874756
v 0.16112368011474612 0.13028697924621091 0.00498529815673828
v 0.15819999694824222 0.12860971789367184 0.00482962989807129
v 0.16019999694824222 0.12890381579406246 0.00489898014068604
v 0.16039261627197268 0.12892281298644528 0.00490285968780518
v 0.16058314514160160 0.12898012499816403 0.00491394042968750
v 0.16000737762451175 0.12892281298644528 0.00490285968780518
v 0.15981685638427737 0.12898012499816403 0.00491394042968750
v 0.15964192962646487 0.12907433276183591 0.00493069744110107
v 0.15949290466308597 0.12919669299132810 0.00494974613189697
v 0.15937054443359377 0.12934571032531247 0.00496871852874756
v 0.15927632141113285 0.12952065234191404 0.00498529815673828
v 0.15921900177001957 0.12971118884093746 0.00499619865417480
v 0.15919999694824222 0.12990381579406246 0.00500000095367432
v 0.15921900177001957 0.13009644274718746 0.00499619865417480
v 0.15937054443359377 0.13046190600402341 0.00496871852874756
v 0.15927632141113285 0.13028697924621091 0.00498529815673828
v 0.15819999694824222 0.12990381579406246 0.00500000095367432
v 0.15519999694824221 0.12990381579406246 0.00500000095367432
v 0.16075807189941410 0.13073328356749997 0.00493069744110107
v 0.16090708923339847 0.13061093859679684 0.00494974613189697
v 0.15819999694824222 0.13119789843566404 0.00482962989807129
v 0.16019999694824222 0.13090381579406246 0.00489898014068604
v 0.16039261627197268 0.13088480334289060 0.00490285968780518
v 0.16058314514160160 0.13082749133117186 0.00491394042968750
v 0.16000737762451175 0.13088480334289060 0.00490285968780518
v 0.15981685638427737 0.13082749133117186 0.00491394042968750
v 0.15964192962646487 0.13073328356749997 0.00493069744110107
v 0.15949290466308597 0.13061093859679684 0.00494974613189697
v 0.15519999694824221 0.13119789843566404 0.00482962989807129
v 0.15019999694824221 0.13240381579406246 0.00433012771606445
v 0.15019999694824221 0.12990381579406246 0.00500000095367432
v 0.15019999694824221 0.13119789843566404 0.00482962989807129
v 0.12600000000000003 0.12566332201964842 0.00283340930938721
v 0.12600000000000003 0.12596146349914061 0.00323540687561035
v 0.12600000000000003 0.13051496081359373 0.00307244110107422
v 0.12600000000000003 0.13423393969542965 0.00250000095367432
v 0.12600000000000003 0.12629756884582030 0.00360624599456787
v 0.12600000000000003 0.13343933825499996 0.00353553485870361
v 0.12300000000000001 0.13423393969542965 0.00250000095367432
v 0.12300000000000001 0.13343933825499996 0.00353553485870361
v 0.12600000000000003 0.12170381121642576 0.00500000095367432
v 0.12600000000000003 0.12666840319640624 0.00394235420227051
v 0.12600000000000003 0.12707039599425779 0.00424049568176270
v 0.12600000000000003 0.13240381579406246 0.00433012771606445
v 0.12600000000000003 0.12749968676574217 0.00449779987335205
v 0.12600000000000003 0.12795212512023435 0.00471178627014160
v 0.12600000000000003 0.12842336230285153 0.00488039684295654
v 0.12600000000000003 0.12890085558898434 0.00500000095367432
v 0.12600000000000003 0.12990381579406246 0.00500000095367432
v 0.12600000000000003 0.13119789843566404 0.00482962989807129
v 0.12600000000000003 0.13087299304015623 0.00487240600585937
v 0.12300000000000001 0.13240381579406246 0.00433012771606445
v 0.12300000000000001 0.12990381579406246 0.00500000095367432
v 0.12300000000000001 0.13119789843566404 0.00482962989807129
v 0.07950000000000002 0.06783393816955076 -0.00499999904632568
v 0.07943185424804688 0.06835157732970701 -0.00499999904632568
v 0.07923205566406251 0.06883393816955076 -0.00499999904632568
v 0.07891421508789064 0.06924815325744139 -0.00499999904632568
v 0.07576794433593752 0.06883393816955076 -0.00499999904632568
v 0.07608578491210939 0.06924815325744139 -0.00499999904632568
v 0.07850000000000001 0.06956598620421874 -0.00499999904632568
v 0.07801763916015626 0.06976579241759764 -0.00499999904632568
v 0.07750000000000001 0.06983393816955076 -0.00499999904632568
v 0.07650000000000001 0.06956598620421874 -0.00499999904632568
v 0.07698236083984376 0.06976579241759764 -0.00499999904632568
v 0.07923205566406251 0.08083393816955077 -0.00499999904632568
v 0.07937937927246096 0.08114989428527342 -0.00499999904632568
v 0.07946961975097658 0.08148664050109374 -0.00499999904632568
v 0.07950000000000002 0.08183393816955077 -0.00499999904632568
v 0.08250000000000002 0.09495190386779295 -0.00499999904632568
v 0.07950000000000002 0.09295190386779295 -0.00499999904632568
v 0.07943185424804688 0.09346954302794920 -0.00499999904632568
v 0.07923205566406251 0.09395190386779295 -0.00499999904632568
v 0.07891421508789064 0.09436611895568357 -0.00499999904632568
v 0.07850000000000001 0.09468395953185545 -0.00499999904632568
v 0.07801763916015626 0.09488375811583982 -0.00499999904632568
v 0.07750000000000001 0.09495190386779295 -0.00499999904632568
v 0.07421948242187501 0.09495190386779295 -0.00499999904632568
v 0.07248742675781251 0.09395190386779295 -0.00499999904632568
v 0.07280526733398439 0.09436611895568357 -0.00499999904632568
v 0.07370184326171876 0.09488375811583982 -0.00499999904632568
v 0.07321948242187501 0.09468395953185545 -0.00499999904632568
v 0.06775332641601564 0.09829196124083983 -0.00499999904632568
v 0.06708346557617190 0.09579196124083983 -0.00499999904632568
v 0.06758296203613283 0.09699786334044920 -0.00499999904632568
v 0.06758296203613283 0.09958605151183592 -0.00499999904632568
v 0.04839743041992188 0.06635573534972654 -0.00499999904632568
v 0.04960333251953126 0.06685523943908202 -0.00499999904632568
v 0.05063887023925782 0.06764983325011717 -0.00499999904632568
v 0.05143345642089844 0.06868536334044920 -0.00499999904632568
v 0.04710333251953126 0.06618536334044921 -0.00499999904632568
v 0.04580923461914063 0.06635573534972654 -0.00499999904632568
v 0.04460333251953126 0.06685523943908202 -0.00499999904632568
v 0.03760000610351563 0.06512511401183592 -0.00499999904632568
v 0.03647927856445313 0.06577215533263669 -0.00482962810993195
v 0.04272071838378907 0.07140626482970701 -0.00482962810993195
v 0.04359150695800782 0.07365533404357420 -0.00491393828392029
v 0.04285884094238282 0.07281944231994139 -0.00494974434375763
v 0.04303930664062501 0.07288732104308591 -0.00493069553375244
v 0.04246998596191407 0.07279385333068358 -0.00498529589176178
v 0.04266860961914063 0.07278798632628905 -0.00496871685981751
v 0.04227632141113282 0.07283948473937499 -0.00499619674682617
v 0.04210000610351564 0.07291934161193357 -0.00499999904632568
v 0.04320835876464844 0.07299170641906248 -0.00491393828392029
v 0.04335325622558595 0.07312805132873045 -0.00490285813808441
v 0.04346601867675782 0.07328536181457029 -0.00489897847175598
v 0.04354588317871094 0.07346167712218749 -0.00490285813808441
v 0.04010000610351563 0.06945523791320311 -0.00499999904632568
v 0.03897927856445314 0.07010228686339842 -0.00482962810993195
v 0.04160000610351564 0.07205331377990233 -0.00499999904632568
v 0.04194268798828125 0.07303211169249998 -0.00499619674682617
v 0.04180633544921876 0.07317701678283202 -0.00498529589176178
v 0.04170195007324220 0.07334608416564452 -0.00496871685981751
v 0.04163406372070313 0.07352656512267576 -0.00494974434375763
v 0.04047927856445313 0.07270036273009764 -0.00482962810993195
v 0.04376506042480469 0.07080331377990233 -0.00433012604713440
v 0.03793493652343751 0.07070523791320311 -0.00433012604713440
v 0.03943493652343751 0.07330331377990233 -0.00433012604713440
v 0.04888334655761720 0.07824056963927732 -0.00383022117614746
v 0.04932666015625001 0.08029402880675779 -0.00405331099033356
v 0.04359738159179688 0.07385392718322265 -0.00493069553375244
v 0.04349806213378907 0.07422463946349607 -0.00496871685981751
v 0.04356593322753907 0.07404416613585936 -0.00494974434375763
v 0.04339367675781251 0.07439371447570310 -0.00498529589176178
v 0.04325732421875001 0.07453861956603514 -0.00499619674682617
v 0.04310000610351563 0.07465138964660155 -0.00499999904632568
v 0.04292367553710939 0.07473124651916013 -0.00499619674682617
v 0.04273001098632814 0.07477687792785155 -0.00498529589176178
v 0.04253140258789063 0.07478274493224607 -0.00496871685981751
v 0.04234115600585938 0.07475128130919920 -0.00494974434375763
v 0.04216069030761720 0.07468340258605467 -0.00493069553375244
v 0.04199163818359376 0.07457902483947264 -0.00491393828392029
v 0.04160261535644532 0.07371679644591796 -0.00493069553375244
v 0.04160848999023439 0.07391539721496092 -0.00491393828392029
v 0.04165411376953126 0.07410904650695310 -0.00490285813808441
v 0.04184674072265625 0.07444267992980468 -0.00490285813808441
v 0.04173397827148438 0.07428536181457029 -0.00489897847175598
v 0.04685191345214845 0.07941342120177733 -0.00492403781414032
v 0.04610000610351563 0.07984754137999998 -0.00499999904632568
v 0.04758099365234376 0.07899249224669920 -0.00469846212863922
v 0.04534808349609376 0.08028166155822264 -0.00492403781414032
v 0.04692678833007814 0.08167959551818357 -0.00479583048820496
v 0.04632135009765626 0.08202914385802733 -0.00471504044532776
v 0.04461900329589845 0.08070259051330077 -0.00469846212863922
v 0.04573265075683595 0.08236903338439451 -0.00453289544582367
v 0.04826506042480470 0.07859754137999998 -0.00433012604713440
v 0.04393493652343751 0.08109754137999999 -0.00433012604713440
v 0.04331665039062501 0.08145451312072263 -0.00383022117614746
v 0.04466186523437501 0.07028554492003905 -0.00353553295135498
v 0.03703813171386720 0.07122300677306639 -0.00353553295135498
v 0.04941706848144532 0.07793243365294920 -0.00321393704414368
v 0.04981599426269532 0.08001151232726561 -0.00363379383087158
v 0.05024696350097657 0.07976269488341795 -0.00313616466522217
v 0.05061027526855470 0.07955293993957030 -0.00257111978530884
v 0.03853813171386720 0.07382108263976561 -0.00353553295135498
v 0.04278292846679688 0.08176265673644530 -0.00321393704414368
v 0.03543493652343751 0.06637511401183592 -0.00433012604713440
v 0.03453813171386719 0.06689287524230467 -0.00353553295135498
v 0.04517333984375001 0.08269194750792967 -0.00425331091880798
v 0.04204855346679688 0.06833023791320311 -0.00243301177024841
v 0.04213824462890626 0.06827845721251952 -0.00235355234146118
v 0.04220704650878907 0.06823873095519530 -0.00224999904632568
v 0.04225030517578126 0.06821375231749999 -0.00212940859794617
v 0.04226506042480470 0.06820523791320311 -0.00199999904632568
v 0.04183204650878907 0.06845523791320311 -0.00249999904632568
v 0.04194412231445313 0.06839053301818358 -0.00248296189308167
v 0.04535000610351563 0.06988825182921873 -0.00249999904632568
v 0.04363824462890626 0.07087653307921873 -0.00235355234146118
v 0.04354855346679688 0.07092831377990233 -0.00243301177024841
v 0.04344412231445313 0.07098860888488280 -0.00248296189308167
v 0.04333204650878907 0.07105331377990233 -0.00249999904632568
v 0.04370704650878907 0.07083680682189451 -0.00224999904632568
v 0.04246601867675782 0.07155331377990233 -0.00249999904632568
v 0.04285882568359376 0.07281944231994139 -0.00249999904632568
v 0.04330711364746095 0.07307825427062498 -0.00249999904632568
v 0.04310000610351563 0.07291934161193357 -0.00249999904632568
v 0.04260000610351564 0.07278536181457029 -0.00249999904632568
v 0.04234118652343750 0.07281944231994139 -0.00249999904632568
v 0.04210000610351564 0.07291934161193357 -0.00249999904632568
v 0.04346601867675782 0.07328536181457029 -0.00249999904632568
v 0.04356593322753907 0.07352654223449218 -0.00249999904632568
v 0.04375030517578126 0.07081183581359374 -0.00212940859794617
v 0.04376506042480469 0.07080331377990233 -0.00199999904632568
v 0.04160000610351564 0.07032126574523435 -0.00249999904632568
v 0.04135882568359376 0.07022135882384764 -0.00249999904632568
v 0.04110000610351563 0.07018728594787108 -0.00249999904632568
v 0.04084118652343751 0.07022135882384764 -0.00249999904632568
v 0.04060000610351563 0.07032126574523435 -0.00249999904632568
v 0.04180711364746095 0.07048017840392576 -0.00249999904632568
v 0.04196601867675782 0.07068728594787108 -0.00249999904632568
v 0.04039289855957032 0.07048017840392576 -0.00249999904632568
v 0.04023397827148438 0.07068728594787108 -0.00249999904632568
v 0.04013407897949219 0.07092846636779296 -0.00249999904632568
v 0.04010000610351563 0.07118728594787108 -0.00249999904632568
v 0.04013407897949219 0.07144610552794921 -0.00249999904632568
v 0.03836795043945313 0.07045523791320311 -0.00249999904632568
v 0.03825587463378907 0.07051994280822264 -0.00248296189308167
v 0.03815144348144532 0.07058023791320311 -0.00243301177024841
v 0.03806176757812501 0.07063201098449216 -0.00235355234146118
v 0.03799295043945313 0.07067174487121092 -0.00224999904632568
v 0.04073397827148438 0.07255331377990233 -0.00249999904632568
v 0.04023397827148438 0.07168728594787108 -0.00249999904632568
v 0.04189289855957032 0.07307825427062498 -0.00249999904632568
v 0.04173397827148438 0.07328536181457029 -0.00249999904632568
v 0.04163407897949219 0.07352654223449218 -0.00249999904632568
v 0.03986795043945313 0.07305331377990233 -0.00249999904632568
v 0.03975587463378907 0.07311801867492186 -0.00248296189308167
v 0.03965144348144532 0.07317831377990233 -0.00243301177024841
v 0.03956176757812501 0.07323008685119139 -0.00235355234146118
v 0.03949295043945313 0.07326982073791014 -0.00224999904632568
v 0.03635000610351563 0.07162029986388670 -0.00249999904632568
v 0.03794969177246094 0.07069671587951171 -0.00212940859794617
v 0.03793493652343751 0.07070523791320311 -0.00199999904632568
v 0.03944969177246094 0.07329479174621092 -0.00212940859794617
v 0.03943493652343751 0.07330331377990233 -0.00199999904632568
v 0.04578257751464845 0.06963849596984373 -0.00129409408569336
v 0.03591741943359376 0.07187004809386717 -0.00129409408569336
v 0.04985000610351564 0.07768247942931639 -0.00249999904632568
v 0.05016899108886719 0.07749831347472655 -0.00171009969711304
v 0.04360000610351563 0.07378536181457029 -0.00249999904632568
v 0.04356593322753907 0.07404418139464843 -0.00249999904632568
v 0.04346601867675782 0.07428536181457029 -0.00249999904632568
v 0.04330711364746095 0.07449246935851561 -0.00249999904632568
v 0.04310000610351563 0.07465138964660155 -0.00249999904632568
v 0.04285882568359376 0.07475128893859373 -0.00249999904632568
v 0.04260000610351564 0.07478536181457029 -0.00249999904632568
v 0.04210000610351564 0.07465138964660155 -0.00249999904632568
v 0.04234118652343750 0.07475128893859373 -0.00249999904632568
v 0.04713824462890626 0.07693871264464842 -0.00235355234146118
v 0.04694412231445313 0.07705078845031248 -0.00248296189308167
v 0.04683204650878907 0.07711549334533202 -0.00249999904632568
v 0.04704855346679689 0.07699049334533202 -0.00243301177024841
v 0.04744412231445314 0.07791680865294920 -0.00248296189308167
v 0.04733204650878907 0.07798151354796873 -0.00249999904632568
v 0.04754855346679689 0.07785651354796873 -0.00243301177024841
v 0.04763824462890626 0.07780474047667967 -0.00235355234146118
v 0.04720704650878907 0.07689898638732420 -0.00224999904632568
v 0.04770704650878907 0.07776501421935546 -0.00224999904632568
v 0.04496601867675782 0.07588343768126951 -0.00249999904632568
v 0.04506593322753907 0.07612461810119139 -0.00249999904632568
v 0.04510000610351563 0.07638343768126951 -0.00249999904632568
v 0.04506593322753907 0.07664225726134764 -0.00249999904632568
v 0.04496601867675782 0.07688343768126951 -0.00249999904632568
v 0.04323397827148438 0.07688343768126951 -0.00249999904632568
v 0.04480711364746095 0.07709054522521483 -0.00249999904632568
v 0.04460000610351563 0.07724946551330077 -0.00249999904632568
v 0.04435882568359376 0.07734936480529295 -0.00249999904632568
v 0.04410000610351563 0.07738343768126951 -0.00249999904632568
v 0.04384118652343751 0.07734936480529295 -0.00249999904632568
v 0.04360000610351563 0.07724946551330077 -0.00249999904632568
v 0.04339289855957032 0.07709054522521483 -0.00249999904632568
v 0.04725030517578126 0.07687400774962889 -0.00212940859794617
v 0.04775030517578126 0.07774003558166014 -0.00212940859794617
v 0.04726506042480470 0.07686549334533202 -0.00199999904632568
v 0.04776506042480470 0.07773151354796873 -0.00199999904632568
v 0.04160000610351564 0.07378536181457029 -0.00249999904632568
v 0.04163407897949219 0.07404418139464843 -0.00249999904632568
v 0.04173397827148438 0.07428536181457029 -0.00249999904632568
v 0.04189289855957032 0.07449246935851561 -0.00249999904632568
v 0.03785000610351563 0.07421837573058591 -0.00249999904632568
v 0.04336795043945314 0.07911549334533201 -0.00249999904632568
v 0.04386795043945314 0.07998151354796873 -0.00249999904632568
v 0.04375587463378907 0.08004621844298826 -0.00248296189308167
v 0.04365144348144532 0.08010651354796873 -0.00243301177024841
v 0.04325587463378907 0.07918019824035155 -0.00248296189308167
v 0.04315144348144532 0.07924049334533201 -0.00243301177024841
v 0.04306176757812501 0.07929226641662107 -0.00235355234146118
v 0.04356176757812501 0.08015829424865233 -0.00235355234146118
v 0.04299295043945314 0.07933200030333983 -0.00224999904632568
v 0.04349295043945314 0.08019802050597655 -0.00224999904632568
v 0.04235000610351564 0.08201260333068358 -0.00249999904632568
v 0.04294969177246095 0.07935697131164061 -0.00212940859794617
v 0.04344969177246095 0.08022299914367186 -0.00212940859794617
v 0.04293493652343751 0.07936549334533201 -0.00199999904632568
v 0.04343493652343751 0.08023151354796873 -0.00199999904632568
v 0.03741741943359376 0.07446813158996092 -0.00129409408569336
v 0.04203100585937500 0.08219677691466795 -0.00171009969711304
v 0.04692678833007814 0.08167959551818357 -0.00148911523818970
v 0.04692102050781251 0.08168292193419920 -0.00143488264083862
v 0.04690409851074220 0.08169270281798827 -0.00138473844528198
v 0.04687712097167970 0.08170826678283201 -0.00134200763702393
v 0.04684191894531251 0.08172859911925780 -0.00130952310562134
v 0.04680078125000001 0.08175234179503904 -0.00128943872451782
v 0.04660519409179689 0.08186527209289061 -0.00138961124420166
v 0.04663368225097657 0.08184882311828123 -0.00134597635269165
v 0.04667004394531251 0.08182782702453123 -0.00131232500076294
v 0.04671189880371095 0.08180365710265623 -0.00129088783264160
v 0.04675646972656251 0.08177793078429686 -0.00128308677673340
v 0.05036434936523438 0.07738552050597655 -0.00086823987960815
v 0.04789480590820314 0.08112071185119139 -0.00118961143493652
v 0.04787632751464845 0.08113138537414061 -0.00113931274414062
v 0.04786926269531250 0.08113545184142576 -0.00108611202239990
v 0.04787411499023438 0.08113265185363279 -0.00103353691101074
v 0.04789054870605470 0.08112316851623046 -0.00098507356643677
v 0.04791746520996094 0.08110762743957030 -0.00094393444061279
v 0.04610000610351563 0.07984754137999998 -0.00074270486831665
v 0.04642160034179688 0.07966186480529296 -0.00064320135116577
v 0.04609422302246095 0.07985087542541014 -0.00068847227096558
v 0.04607730102539064 0.07986064867980468 -0.00063832807540894
v 0.04577839660644532 0.08003321795470701 -0.00064320135116577
v 0.04813023376464844 0.08098478655822264 -0.00091776227951050
v 0.04795309448242188 0.08108705859191405 -0.00091284799575806
v 0.04808666992187501 0.08100993304259764 -0.00089641666412354
v 0.04799507141113282 0.08106282763488279 -0.00089387559890747
v 0.04804060363769532 0.08103653674132810 -0.00088827466964722
v 0.04183566284179688 0.08230956225402342 -0.00086823987960815
v 0.04640312194824220 0.07967253832824217 -0.00059290266036987
v 0.04605033874511719 0.07987622027404295 -0.00059559726715088
v 0.04601512145996094 0.07989655261046873 -0.00056311273574829
v 0.04580688476562501 0.08001677660949218 -0.00059956645965576
v 0.04584326171875001 0.07999577288634764 -0.00056591463088989
v 0.04639605712890626 0.07967661242492186 -0.00053970193862915
v 0.04640090942382814 0.07967381243712889 -0.00048712682723999
v 0.04588511657714844 0.07997161059386718 -0.00054447746276855
v 0.04597398376464844 0.07992029528624998 -0.00054302883148193
v 0.04592967224121094 0.07994587664611326 -0.00053667640686035
v 0.04641734313964845 0.07966432147033202 -0.00043866300582886
v 0.04644425964355470 0.07964878039367186 -0.00039752435684204
v 0.04665702819824220 0.07952593951232420 -0.00037135171890259
v 0.04647988891601564 0.07962821154601561 -0.00036643791198730
v 0.04661346435546876 0.07955109362609374 -0.00035000658035278
v 0.04652186584472657 0.07960398058898435 -0.00034746503829956
v 0.04656739807128907 0.07957768969542967 -0.00034186458587646
v 0.04554296875000001 0.08016914324767577 -0.00037135171890259
v 0.04558076477050782 0.08014732317931639 -0.00033846473693848
v 0.04589656066894532 0.08227439837462890 -0.00057135200500488
v 0.04593435668945314 0.08225257830626952 -0.00053846502304077
v 0.04596348571777344 0.08223575549132811 -0.00049646282196045
v 0.04598881530761720 0.08222113757140623 -0.00039667367935181
v 0.04598205566406251 0.08222503619201170 -0.00044813108444214
v 0.04598330688476563 0.08222431139953124 -0.00034550333023071
v 0.04560990905761719 0.08013050036437498 -0.00029646301269531
v 0.04562846374511720 0.08011978106505857 -0.00024813079833984
v 0.04563522338867188 0.08011588244445311 -0.00019667387008667
v 0.04562971496582032 0.08011905627257811 -0.00014550352096558
v 0.04561233520507813 0.08012909655578124 -0.00009801244735718
v 0.04558419799804688 0.08014533953673826 -0.00005734968185425
v 0.04554719543457032 0.08016670947082030 -0.00002621173858643
v 0.04550376892089845 0.08019177966124998 -0.00000666236877441
v 0.04596591186523438 0.08223435168273435 -0.00029801225662231
v 0.04593778991699220 0.08225059466369139 -0.00025734949111938
v 0.04590078735351563 0.08227196459777342 -0.00022621154785156
v 0.04585736083984376 0.08229703478820311 -0.00020666265487671
v 0.04581039428710938 0.08232414965636717 -0.00019999885559082
v 0.03385000610351564 0.06729017596251952 -0.00249999904632568
v 0.03341741943359375 0.06753992419249999 -0.00129409408569336
v 0.04341651916503908 0.08370625262267577 -0.00222470974922180
v 0.04317439270019532 0.08384603838927733 -0.00157887506484985
v 0.04301664733886720 0.08393711047179686 -0.00089910078048706
v 0.04294668579101564 0.08397750811583983 -0.00019999885559082
v 0.10650000000000001 0.10170381121642577 -0.00499999904632568
v 0.09991421508789064 0.10228959612853514 -0.00499999904632568
v 0.10023204803466798 0.10270381121642576 -0.00499999904632568
v 0.10043185424804689 0.10318617205626951 -0.00499999904632568
v 0.10050000000000002 0.10370381121642576 -0.00499999904632568
v 0.09901763916015627 0.10177195696837889 -0.00499999904632568
v 0.09950000000000002 0.10197176318175780 -0.00499999904632568
v 0.09850000000000002 0.10170381121642577 -0.00499999904632568
v 0.10050000000000002 0.11176775317199217 -0.00499999904632568
v 0.10044713592529299 0.11222456316955076 -0.00499999904632568
v 0.10029132843017580 0.11265721850402342 -0.00499999904632568
v 0.10004082489013673 0.11304284625060546 -0.00499999904632568
v 0.09970886230468752 0.11336106829650389 -0.00499999904632568
v 0.10050000000000002 0.11740380816466796 -0.00499999904632568
v 0.09931299591064455 0.11359506182677732 -0.00499999904632568
v 0.09887414550781251 0.11373245196349607 -0.00499999904632568
v 0.09841551208496095 0.11376596789367185 -0.00499999904632568
v 0.09796134948730470 0.11369385485656248 -0.00499999904632568
v 0.07484382629394533 0.10170381121642577 -0.00499999904632568
v 0.07432618713378908 0.10177195696837889 -0.00499999904632568
v 0.07430517578125001 0.10707820849425780 -0.00499999904632568
v 0.07384382629394533 0.10197176318175780 -0.00499999904632568
v 0.07342962646484377 0.10228959612853514 -0.00499999904632568
v 0.07311178588867188 0.10270381121642576 -0.00499999904632568
v 0.07291198730468751 0.10318617205626951 -0.00499999904632568
v 0.07284382629394533 0.10370381121642576 -0.00499999904632568
v 0.06708346557617190 0.10079196124083983 -0.00499999904632568
v 0.06628886413574220 0.10182749133117186 -0.00499999904632568
v 0.06525332641601564 0.10262208514220701 -0.00499999904632568
v 0.07284382629394533 0.10515210680968748 -0.00499999904632568
v 0.07291085815429689 0.10566554217345701 -0.00499999904632568
v 0.07310743713378907 0.10614455370910154 -0.00499999904632568
v 0.07342041015625002 0.10655705218322264 -0.00499999904632568
v 0.07382878112792970 0.10687538104064452 -0.00499999904632568
v 0.06354904174804689 0.10707015948302732 -0.00499999904632568
v 0.06225000000000001 0.10782015948302733 -0.00499999904632568
v 0.10350000000000002 0.11990380816466795 -0.00499999904632568
v 0.10350000000000002 0.12119790606505858 -0.00482962810993195
v 0.10050000000000002 0.11990380816466795 -0.00499999904632568
v 0.10050000000000002 0.12119790606505858 -0.00482962810993195
v 0.10350000000000002 0.12240381579406248 -0.00433012604713440
v 0.10050000000000002 0.12240381579406248 -0.00433012604713440
v 0.10650000000000001 0.12990381579406246 -0.00499999904632568
v 0.10350000000000002 0.12990381579406246 -0.00499999904632568
v 0.10650000000000001 0.13119789843566404 -0.00482962810993195
v 0.10350000000000002 0.13119789843566404 -0.00482962810993195
v 0.10650000000000001 0.13240381579406246 -0.00433012604713440
v 0.10350000000000002 0.13240381579406246 -0.00433012604713440
v 0.10350000000000002 0.12343933825499999 -0.00353553295135498
v 0.10050000000000002 0.12343933825499999 -0.00353553295135498
v 0.10650000000000001 0.13343933825499996 -0.00353553295135498
v 0.10350000000000002 0.13343933825499996 -0.00353553295135498
v 0.06139952087402345 0.10484708361632811 -0.00129903697967529
v 0.06225000000000001 0.10782015948302733 -0.00149999904632568
v 0.06258621215820315 0.10762604479796874 -0.00144888782501221
v 0.06191378784179689 0.10801427416808593 -0.00144888782501221
v 0.06289952087402345 0.10744515948302732 -0.00129903697967529
v 0.06160047912597658 0.10819515948302733 -0.00129903697967529
v 0.06166856384277345 0.10469175677306639 -0.00106065940856934
v 0.06316856384277346 0.10728983263976560 -0.00106065940856934
v 0.06133143615722658 0.10835049395568358 -0.00106065940856934
v 0.06187500000000001 0.10457257037169920 -0.00074999904632568
v 0.06337500000000001 0.10717064623839842 -0.00074999904632568
v 0.06200477600097658 0.10449764208800780 -0.00038822746276855
v 0.06350477600097658 0.10709571795470701 -0.00038822746276855
v 0.10350000000000002 0.12423393969542967 -0.00249999904632568
v 0.10050000000000002 0.12423393969542967 -0.00249999904632568
v 0.10699900054931642 0.11890380816466795 -0.00149999904632568
v 0.10650000000000001 0.11890380816466795 -0.00149999904632568
v 0.10699900054931642 0.11851557879455077 -0.00144888782501221
v 0.10650000000000001 0.11851557879455077 -0.00144888782501221
v 0.10699900054931642 0.11929203753478514 -0.00144888782501221
v 0.10650000000000001 0.11929203753478514 -0.00144888782501221
v 0.10699900054931642 0.11815380816466796 -0.00129903697967529
v 0.10650000000000001 0.11815380816466796 -0.00129903697967529
v 0.10699900054931642 0.11965380816466795 -0.00129903697967529
v 0.10650000000000001 0.11965380816466795 -0.00129903697967529
v 0.10350000000000002 0.11890380816466795 -0.00149999904632568
v 0.10350000000000002 0.11851557879455077 -0.00144888782501221
v 0.10350000000000002 0.11929203753478514 -0.00144888782501221
v 0.10350000000000002 0.11815380816466796 -0.00129903697967529
v 0.10050000000000002 0.11890380816466795 -0.00149999904632568
v 0.10050000000000002 0.11851557879455077 -0.00144888782501221
v 0.10050000000000002 0.11929203753478514 -0.00144888782501221
v 0.10050000000000002 0.11815380816466796 -0.00129903697967529
v 0.10350000000000002 0.11965380816466795 -0.00129903697967529
v 0.10050000000000002 0.11965380816466795 -0.00129903697967529
v 0.10350000000000002 0.12473343615539061 -0.00129409408569336
v 0.10050000000000002 0.12473343615539061 -0.00129409408569336
v 0.10650000000000001 0.13423393969542965 -0.00249999904632568
v 0.10350000000000002 0.13423393969542965 -0.00249999904632568
v 0.10699900054931642 0.12990381579406246 -0.00149999904632568
v 0.10650000000000001 0.12990381579406246 -0.00149999904632568
v 0.10699900054931642 0.12951558642394528 -0.00144888782501221
v 0.10650000000000001 0.12951558642394528 -0.00144888782501221
v 0.10699900054931642 0.13029204516417967 -0.00144888782501221
v 0.10650000000000001 0.13029204516417967 -0.00144888782501221
v 0.10699900054931642 0.12915381579406246 -0.00129903697967529
v 0.10650000000000001 0.12915381579406246 -0.00129903697967529
v 0.10350000000000002 0.12990381579406246 -0.00149999904632568
v 0.10350000000000002 0.12951558642394528 -0.00144888782501221
v 0.10350000000000002 0.13029204516417967 -0.00144888782501221
v 0.10350000000000002 0.12915381579406246 -0.00129903697967529
v 0.10050000000000002 0.12990381579406246 -0.00149999904632568
v 0.10050000000000002 0.12951558642394528 -0.00144888782501221
v 0.10050000000000002 0.13029204516417967 -0.00144888782501221
v 0.10050000000000002 0.12915381579406246 -0.00129903697967529
v 0.10699900054931642 0.13065381579406246 -0.00129903697967529
v 0.10650000000000001 0.13065381579406246 -0.00129903697967529
v 0.10650000000000001 0.13473343615539060 -0.00129409408569336
v 0.10350000000000002 0.13065381579406246 -0.00129903697967529
v 0.10050000000000002 0.13065381579406246 -0.00129903697967529
v 0.10350000000000002 0.13473343615539060 -0.00129409408569336
v 0.10699900054931642 0.11784314684874998 -0.00106065940856934
v 0.10650000000000001 0.11784314684874998 -0.00106065940856934
v 0.10699900054931642 0.11996446948058592 -0.00106065940856934
v 0.10650000000000001 0.11996446948058592 -0.00106065940856934
v 0.10699900054931642 0.11760477404601560 -0.00074999904632568
v 0.10650000000000001 0.11760477404601560 -0.00074999904632568
v 0.10699900054931642 0.12020284991271482 -0.00074999904632568
v 0.10650000000000001 0.12020284991271482 -0.00074999904632568
v 0.10350000000000002 0.11784314684874998 -0.00106065940856934
v 0.10050000000000002 0.11784314684874998 -0.00106065940856934
v 0.10350000000000002 0.11996446948058592 -0.00106065940856934
v 0.10050000000000002 0.11996446948058592 -0.00106065940856934
v 0.10350000000000002 0.11760477404601560 -0.00074999904632568
v 0.10050000000000002 0.11760477404601560 -0.00074999904632568
v 0.10350000000000002 0.12020284991271482 -0.00074999904632568
v 0.10050000000000002 0.12020284991271482 -0.00074999904632568
v 0.10699900054931642 0.11745492510802732 -0.00038822746276855
v 0.10650000000000001 0.11745492510802732 -0.00038822746276855
v 0.10699900054931642 0.12035269885070311 -0.00038822746276855
v 0.10650000000000001 0.12035269885070311 -0.00038822746276855
v 0.10350000000000002 0.11745492510802732 -0.00038822746276855
v 0.10050000000000002 0.11745492510802732 -0.00038822746276855
v 0.10350000000000002 0.12035269885070311 -0.00038822746276855
v 0.10050000000000002 0.12035269885070311 -0.00038822746276855
v 0.10699900054931642 0.12884314684874998 -0.00106065940856934
v 0.10650000000000001 0.12884314684874998 -0.00106065940856934
v 0.10699900054931642 0.12860477404601559 -0.00074999904632568
v 0.10650000000000001 0.12860477404601559 -0.00074999904632568
v 0.10350000000000002 0.12884314684874998 -0.00106065940856934
v 0.10050000000000002 0.12884314684874998 -0.00106065940856934
v 0.10350000000000002 0.12860477404601559 -0.00074999904632568
v 0.10050000000000002 0.12860477404601559 -0.00074999904632568
v 0.10699900054931642 0.13096446948058590 -0.00106065940856934
v 0.10650000000000001 0.13096446948058590 -0.00106065940856934
v 0.10699900054931642 0.13120284228332027 -0.00074999904632568
v 0.10650000000000001 0.13120284228332027 -0.00074999904632568
v 0.10350000000000002 0.13096446948058590 -0.00106065940856934
v 0.10050000000000002 0.13096446948058590 -0.00106065940856934
v 0.10350000000000002 0.13120284228332027 -0.00074999904632568
v 0.10050000000000002 0.13120284228332027 -0.00074999904632568
v 0.10699900054931642 0.12845491747863277 -0.00038822746276855
v 0.10650000000000001 0.12845491747863277 -0.00038822746276855
v 0.10350000000000002 0.12845491747863277 -0.00038822746276855
v 0.10050000000000002 0.12845491747863277 -0.00038822746276855
v 0.10699900054931642 0.13135269885070308 -0.00038822746276855
v 0.10650000000000001 0.13135269885070308 -0.00038822746276855
v 0.10350000000000002 0.13135269885070308 -0.00038822746276855
v 0.10050000000000002 0.13135269885070308 -0.00038822746276855
v 0.06075000000000001 0.10522208361632811 -0.00499999904632568
v 0.05962928771972658 0.10586913256652342 -0.00482962810993195
v 0.06112928771972658 0.10846720843322263 -0.00482962810993195
v 0.05858493041992189 0.10647208361632811 -0.00433012604713440
v 0.06008493041992189 0.10907015948302733 -0.00433012604713440
v 0.05768814086914064 0.10698985247619139 -0.00353553295135498
v 0.05918814086914064 0.10958792834289061 -0.00353553295135498
v 0.05700000000000002 0.10738715319640624 -0.00249999904632568
v 0.06075000000000001 0.10522208361632811 -0.00149999904632568
v 0.06108621215820314 0.10502796893126952 -0.00144888782501221
v 0.06041378784179689 0.10541619830138670 -0.00144888782501221
v 0.06010047912597657 0.10559708361632811 -0.00129903697967529
v 0.05656741333007814 0.10763690142638670 -0.00129409408569336
v 0.05850000000000002 0.10998522906310546 -0.00249999904632568
v 0.05806741333007814 0.11023497729308591 -0.00129409408569336
v 0.05983143615722658 0.10575241808898436 -0.00106065940856934
v 0.05962500000000002 0.10587160449035155 -0.00074999904632568
v 0.06112500000000001 0.10846968035705076 -0.00074999904632568
v 0.05949522399902345 0.10594653277404295 -0.00038822746276855
v 0.06099522399902346 0.10854460864074217 -0.00038822746276855
v 0.07950000000000002 0.06783393816955076 0.00500000095367432
v 0.07943185424804688 0.06835157732970701 0.00500000095367432
v 0.07923205566406251 0.06883393816955076 0.00500000095367432
v 0.07891421508789064 0.06924815325744139 0.00500000095367432
v 0.07576794433593752 0.06883393816955076 0.00500000095367432
v 0.07608578491210939 0.06924815325744139 0.00500000095367432
v 0.07850000000000001 0.06956598620421874 0.00500000095367432
v 0.07801763916015626 0.06976579241759764 0.00500000095367432
v 0.07750000000000001 0.06983393816955076 0.00500000095367432
v 0.07650000000000001 0.06956598620421874 0.00500000095367432
v 0.07698236083984376 0.06976579241759764 0.00500000095367432
v 0.07923205566406251 0.08083393816955077 0.00500000095367432
v 0.07937937927246096 0.08114989428527342 0.00500000095367432
v 0.07946961975097658 0.08148664050109374 0.00500000095367432
v 0.07950000000000002 0.08183393816955077 0.00500000095367432
v 0.08250000000000002 0.09495190386779295 0.00500000095367432
v 0.07950000000000002 0.09295190386779295 0.00500000095367432
v 0.07943185424804688 0.09346954302794920 0.00500000095367432
v 0.07923205566406251 0.09395190386779295 0.00500000095367432
v 0.07891421508789064 0.09436611895568357 0.00500000095367432
v 0.07850000000000001 0.09468395953185545 0.00500000095367432
v 0.07801763916015626 0.09488375811583982 0.00500000095367432
v 0.07750000000000001 0.09495190386779295 0.00500000095367432
v 0.07421948242187501 0.09495190386779295 0.00500000095367432
v 0.07248742675781251 0.09395190386779295 0.00500000095367432
v 0.07280526733398439 0.09436611895568357 0.00500000095367432
v 0.07370184326171876 0.09488375811583982 0.00500000095367432
v 0.07321948242187501 0.09468395953185545 0.00500000095367432
v 0.06775332641601564 0.09829196124083983 0.00500000095367432
v 0.06708346557617190 0.09579196124083983 0.00500000095367432
v 0.06758296203613283 0.09699786334044920 0.00500000095367432
v 0.06758296203613283 0.09958605151183592 0.00500000095367432
v 0.04593013000488282 0.06955331377990233 0.00000000095367432
v 0.03576986694335938 0.07195523791320310 0.00000000095367432
v 0.05043013000488282 0.07734754137999998 0.00000000095367432
v 0.05125331115722657 0.07918167834289061 0.00020000076293945
v 0.04838961791992188 0.08083503680236326 0.00020000076293945
v 0.05036434936523438 0.07738552050597655 0.00086824178695679
v 0.05118334960937500 0.07922207598693358 0.00089910268783569
v 0.03726986694335938 0.07455331377990233 0.00000000095367432
v 0.04674319458007813 0.07947618823058591 0.00000000095367432
v 0.04669622802734376 0.07950330309874998 0.00000666475296021
v 0.04665281677246094 0.07952838091857420 0.00002621364593506
v 0.04661579895019532 0.07954974322326171 0.00005735158920288
v 0.04545680236816407 0.08021889452941404 0.00000000095367432
v 0.04658767700195313 0.07956598620421873 0.00009801435470581
v 0.04657028198242188 0.07957602648742186 0.00014550542831421
v 0.04656477355957032 0.07957920031554686 0.00019667577743530
v 0.04657153320312501 0.07957530169494138 0.00024813318252563
v 0.04659010314941407 0.07956458239562499 0.00029646492004395
v 0.04834265136718751 0.08086215167052732 0.00020666456222534
v 0.04829922485351563 0.08088722186095701 0.00022621345520020
v 0.04826220703125001 0.08090859179503905 0.00025735187530518
v 0.04823408508300782 0.08092483477599607 0.00029801416397095
v 0.04661924743652344 0.07954775958068358 0.00033846664428711
v 0.04665702819824220 0.07952593951232420 0.00037135410308838
v 0.04567813110351563 0.08009110980041013 0.00034746742248535
v 0.04563259887695313 0.08011739306457029 0.00034186649322510
v 0.04558653259277345 0.08014399676330076 0.00035000848770142
v 0.04572010803222657 0.08006687121398436 0.00036643981933594
v 0.04554296875000001 0.08016914324767577 0.00037135410308838
v 0.04575573730468751 0.08004630236632811 0.00039752626419067
v 0.04578265380859376 0.08003076128966795 0.00043866539001465
v 0.04627032470703126 0.07974920611388671 0.00053667831420898
v 0.04631489562988282 0.07972347979552732 0.00054447937011719
v 0.04622601318359375 0.07977478747374998 0.00054303073883057
v 0.04579908752441407 0.08002127795226560 0.00048712873458862
v 0.04580393981933595 0.08001847796447265 0.00053970384597778
v 0.04635675048828126 0.07969930987365233 0.00056591653823853
v 0.04639312744140626 0.07967830615050779 0.00059956836700439
v 0.04618487548828126 0.07979853777892576 0.00056311464309692
v 0.04614967346191407 0.07981887011535155 0.00059559917449951
v 0.04579689025878907 0.08002254443175780 0.00059290456771851
v 0.04821669006347657 0.08093487505919920 0.00034550523757935
v 0.04821118164062501 0.08093804888732420 0.00039667606353760
v 0.04821794128417969 0.08093415026671873 0.00044813299179077
v 0.04823651123046876 0.08092343096740233 0.00049646472930908
v 0.04826565551757813 0.08090660052306639 0.00053846693038940
v 0.04830343627929688 0.08088478808410154 0.00057135391235352
v 0.04176986694335939 0.08234754137999999 0.00000000095367432
v 0.04642160034179688 0.07966186480529296 0.00064320325851440
v 0.04612269592285157 0.07983443408019529 0.00063833045959473
v 0.04610577392578126 0.07984420733458983 0.00068847417831421
v 0.04577839660644532 0.08003321795470701 0.00064320325851440
v 0.04610000610351563 0.07984754137999998 0.00074270677566528
v 0.04620492553710939 0.08209635882384764 0.00089387750625610
v 0.04615939331054688 0.08212264971740232 0.00088827657699585
v 0.04611332702636720 0.08214925341613280 0.00089641857147217
v 0.04624690246582032 0.08207212786681639 0.00091284990310669
v 0.04606976318359376 0.08217439990050780 0.00091776418685913
v 0.04628253173828126 0.08205155901916014 0.00094393634796143
v 0.04630944824218751 0.08203601794249998 0.00098507547378540
v 0.04632588195800782 0.08202653460509764 0.00103353929519653
v 0.04633073425292970 0.08202372698791013 0.00108611440658569
v 0.04632368469238282 0.08202780108458983 0.00113931465148926
v 0.04630519104003907 0.08203847460753905 0.00118961334228516
v 0.04183566284179688 0.08230956225402342 0.00086824178695679
v 0.04578257751464845 0.06963849596984373 0.00129409599304199
v 0.03591741943359376 0.07187004809386717 0.00129409599304199
v 0.04226506042480470 0.06820523791320311 0.00200000095367432
v 0.04225030517578126 0.06821375231749999 0.00212941074371338
v 0.04220704650878907 0.06823873095519530 0.00225000095367432
v 0.04213824462890626 0.06827845721251952 0.00235355472564697
v 0.04204855346679688 0.06833023791320311 0.00243301391601563
v 0.04194412231445313 0.06839053301818358 0.00248296356201172
v 0.04376506042480469 0.07080331377990233 0.00200000095367432
v 0.04375030517578126 0.07081183581359374 0.00212941074371338
v 0.04370704650878907 0.07083680682189451 0.00225000095367432
v 0.04363824462890626 0.07087653307921873 0.00235355472564697
v 0.04354855346679688 0.07092831377990233 0.00243301391601563
v 0.04344412231445313 0.07098860888488280 0.00248296356201172
v 0.03793493652343751 0.07070523791320311 0.00200000095367432
v 0.03794969177246094 0.07069671587951171 0.00212941074371338
v 0.03943493652343751 0.07330331377990233 0.00200000095367432
v 0.03944969177246094 0.07329479174621092 0.00212941074371338
v 0.03799295043945313 0.07067174487121092 0.00225000095367432
v 0.03806176757812501 0.07063201098449216 0.00235355472564697
v 0.03815144348144532 0.07058023791320311 0.00243301391601563
v 0.03825587463378907 0.07051994280822264 0.00248296356201172
v 0.03949295043945313 0.07326982073791014 0.00225000095367432
v 0.03956176757812501 0.07323008685119139 0.00235355472564697
v 0.03975587463378907 0.07311801867492186 0.00248296356201172
v 0.03965144348144532 0.07317831377990233 0.00243301391601563
v 0.05016899108886719 0.07749831347472655 0.00171010160446167
v 0.05102560424804688 0.07931314806945311 0.00157887697219849
v 0.05078347778320313 0.07945293383605467 0.00222471141815186
v 0.03741741943359376 0.07446813158996092 0.00129409599304199
v 0.04752995300292970 0.08133135943419920 0.00131232690811157
v 0.04759480285644532 0.08129391436583983 0.00138961315155029
v 0.04756632995605470 0.08131036334044921 0.00134597826004028
v 0.04744352722167969 0.08138125567443358 0.00128308868408203
v 0.04748809814453126 0.08135552935607421 0.00129088973999023
v 0.04739921569824219 0.08140683703429685 0.00128944063186646
v 0.04735809326171875 0.08143058733947264 0.00130952501296997
v 0.04732287597656250 0.08145091967589842 0.00134200954437256
v 0.04729589843750001 0.08146648364074217 0.00138474035263062
v 0.04727897644042969 0.08147626452453123 0.00143488454818726
v 0.04727320861816407 0.08147959094054685 0.00148911714553833
v 0.04203100585937500 0.08219677691466795 0.00171010160446167
v 0.04726506042480470 0.07686549334533202 0.00200000095367432
v 0.04776506042480470 0.07773151354796873 0.00200000095367432
v 0.04725030517578126 0.07687400774962889 0.00212941074371338
v 0.04775030517578126 0.07774003558166014 0.00212941074371338
v 0.04720704650878907 0.07689898638732420 0.00225000095367432
v 0.04770704650878907 0.07776501421935546 0.00225000095367432
v 0.04713824462890626 0.07693871264464842 0.00235355472564697
v 0.04763824462890626 0.07780474047667967 0.00235355472564697
v 0.04704855346679689 0.07699049334533202 0.00243301391601563
v 0.04694412231445313 0.07705078845031248 0.00248296356201172
v 0.04754855346679689 0.07785651354796873 0.00243301391601563
v 0.04744412231445314 0.07791680865294920 0.00248296356201172
v 0.04293493652343751 0.07936549334533201 0.00200000095367432
v 0.04343493652343751 0.08023151354796873 0.00200000095367432
v 0.04294969177246095 0.07935697131164061 0.00212941074371338
v 0.04344969177246095 0.08022299914367186 0.00212941074371338
v 0.04299295043945314 0.07933200030333983 0.00225000095367432
v 0.04349295043945314 0.08019802050597655 0.00225000095367432
v 0.04365144348144532 0.08010651354796873 0.00243301391601563
v 0.04375587463378907 0.08004621844298826 0.00248296356201172
v 0.04306176757812501 0.07929226641662107 0.00235355472564697
v 0.04356176757812501 0.08015829424865233 0.00235355472564697
v 0.04315144348144532 0.07924049334533201 0.00243301391601563
v 0.04325587463378907 0.07918019824035155 0.00248296356201172
v 0.03326986694335939 0.06762511401183592 0.00000000095367432
v 0.03341741943359375 0.06753992419249999 0.00129409599304199
v 0.04183204650878907 0.06845523791320311 0.00250000095367432
v 0.04535000610351563 0.06988825182921873 0.00250000095367432
v 0.04333204650878907 0.07105331377990233 0.00250000095367432
v 0.04246601867675782 0.07155331377990233 0.00250000095367432
v 0.04285882568359376 0.07281944231994139 0.00250000095367432
v 0.04330711364746095 0.07307825427062498 0.00250000095367432
v 0.04310000610351563 0.07291934161193357 0.00250000095367432
v 0.04260000610351564 0.07278536181457029 0.00250000095367432
v 0.04234118652343750 0.07281944231994139 0.00250000095367432
v 0.04210000610351564 0.07291934161193357 0.00250000095367432
v 0.04346601867675782 0.07328536181457029 0.00250000095367432
v 0.04356593322753907 0.07352654223449218 0.00250000095367432
v 0.04160000610351564 0.07032126574523435 0.00250000095367432
v 0.04135882568359376 0.07022135882384764 0.00250000095367432
v 0.04110000610351563 0.07018728594787108 0.00250000095367432
v 0.04084118652343751 0.07022135882384764 0.00250000095367432
v 0.04060000610351563 0.07032126574523435 0.00250000095367432
v 0.04180711364746095 0.07048017840392576 0.00250000095367432
v 0.04196601867675782 0.07068728594787108 0.00250000095367432
v 0.04039289855957032 0.07048017840392576 0.00250000095367432
v 0.04023397827148438 0.07068728594787108 0.00250000095367432
v 0.04013407897949219 0.07092846636779296 0.00250000095367432
v 0.04010000610351563 0.07118728594787108 0.00250000095367432
v 0.04013407897949219 0.07144610552794921 0.00250000095367432
v 0.03836795043945313 0.07045523791320311 0.00250000095367432
v 0.04073397827148438 0.07255331377990233 0.00250000095367432
v 0.04023397827148438 0.07168728594787108 0.00250000095367432
v 0.04189289855957032 0.07307825427062498 0.00250000095367432
v 0.04173397827148438 0.07328536181457029 0.00250000095367432
v 0.04163407897949219 0.07352654223449218 0.00250000095367432
v 0.03986795043945313 0.07305331377990233 0.00250000095367432
v 0.03635000610351563 0.07162029986388670 0.00250000095367432
v 0.04466186523437501 0.07028554492003905 0.00353553485870361
v 0.03703813171386720 0.07122300677306639 0.00353553485870361
v 0.04985000610351564 0.07768247942931639 0.00250000095367432
v 0.04941706848144532 0.07793243365294920 0.00321393871307373
v 0.04360000610351563 0.07378536181457029 0.00250000095367432
v 0.04356593322753907 0.07404418139464843 0.00250000095367432
v 0.04346601867675782 0.07428536181457029 0.00250000095367432
v 0.04330711364746095 0.07449246935851561 0.00250000095367432
v 0.04310000610351563 0.07465138964660155 0.00250000095367432
v 0.04285882568359376 0.07475128893859373 0.00250000095367432
v 0.04260000610351564 0.07478536181457029 0.00250000095367432
v 0.04210000610351564 0.07465138964660155 0.00250000095367432
v 0.04234118652343750 0.07475128893859373 0.00250000095367432
v 0.04683204650878907 0.07711549334533202 0.00250000095367432
v 0.04733204650878907 0.07798151354796873 0.00250000095367432
v 0.04496601867675782 0.07588343768126951 0.00250000095367432
v 0.04506593322753907 0.07612461810119139 0.00250000095367432
v 0.04510000610351563 0.07638343768126951 0.00250000095367432
v 0.04506593322753907 0.07664225726134764 0.00250000095367432
v 0.04496601867675782 0.07688343768126951 0.00250000095367432
v 0.04323397827148438 0.07688343768126951 0.00250000095367432
v 0.04480711364746095 0.07709054522521483 0.00250000095367432
v 0.04460000610351563 0.07724946551330077 0.00250000095367432
v 0.04435882568359376 0.07734936480529295 0.00250000095367432
v 0.04410000610351563 0.07738343768126951 0.00250000095367432
v 0.04384118652343751 0.07734936480529295 0.00250000095367432
v 0.04360000610351563 0.07724946551330077 0.00250000095367432
v 0.04339289855957032 0.07709054522521483 0.00250000095367432
v 0.04160000610351564 0.07378536181457029 0.00250000095367432
v 0.04163407897949219 0.07404418139464843 0.00250000095367432
v 0.04173397827148438 0.07428536181457029 0.00250000095367432
v 0.04189289855957032 0.07449246935851561 0.00250000095367432
v 0.03785000610351563 0.07421837573058591 0.00250000095367432
v 0.04336795043945314 0.07911549334533201 0.00250000095367432
v 0.04386795043945314 0.07998151354796873 0.00250000095367432
v 0.04235000610351564 0.08201260333068358 0.00250000095367432
v 0.03853813171386720 0.07382108263976561 0.00353553485870361
v 0.04278292846679688 0.08176265673644530 0.00321393871307373
v 0.04839743041992188 0.06635573534972654 0.00500000095367432
v 0.04960333251953126 0.06685523943908202 0.00500000095367432
v 0.05063887023925782 0.06764983325011717 0.00500000095367432
v 0.05143345642089844 0.06868536334044920 0.00500000095367432
v 0.04376506042480469 0.07080331377990233 0.00433012771606445
v 0.03793493652343751 0.07070523791320311 0.00433012771606445
v 0.03943493652343751 0.07330331377990233 0.00433012771606445
v 0.04710333251953126 0.06618536334044921 0.00500000095367432
v 0.04580923461914063 0.06635573534972654 0.00500000095367432
v 0.04460333251953126 0.06685523943908202 0.00500000095367432
v 0.03647927856445313 0.06577215533263669 0.00482962989807129
v 0.03760000610351563 0.06512511401183592 0.00500000095367432
v 0.04272071838378907 0.07140626482970701 0.00482962989807129
v 0.04359150695800782 0.07365533404357420 0.00491394042968750
v 0.04320835876464844 0.07299170641906248 0.00491394042968750
v 0.04335325622558595 0.07312805132873045 0.00490285968780518
v 0.04346601867675782 0.07328536181457029 0.00489898014068604
v 0.04354588317871094 0.07346167712218749 0.00490285968780518
v 0.04285884094238282 0.07281944231994139 0.00494974613189697
v 0.04303930664062501 0.07288732104308591 0.00493069744110107
v 0.04266860961914063 0.07278798632628905 0.00496871852874756
v 0.04246998596191407 0.07279385333068358 0.00498529815673828
v 0.04227632141113282 0.07283948473937499 0.00499619865417480
v 0.04210000610351564 0.07291934161193357 0.00500000095367432
v 0.03897927856445314 0.07010228686339842 0.00482962989807129
v 0.04010000610351563 0.06945523791320311 0.00500000095367432
v 0.04047927856445313 0.07270036273009764 0.00482962989807129
v 0.04160000610351564 0.07205331377990233 0.00500000095367432
v 0.04194268798828125 0.07303211169249998 0.00499619865417480
v 0.04163406372070313 0.07352656512267576 0.00494974613189697
v 0.04170195007324220 0.07334608416564452 0.00496871852874756
v 0.04180633544921876 0.07317701678283202 0.00498529815673828
v 0.04888334655761720 0.07824056963927732 0.00383022308349609
v 0.04902665710449219 0.08046723895080077 0.00425331306457520
v 0.04846734619140626 0.08079015307433592 0.00453289794921875
v 0.04331665039062501 0.08145451312072263 0.00383022308349609
v 0.04826506042480470 0.07859754137999998 0.00433012771606445
v 0.04393493652343751 0.08109754137999999 0.00433012771606445
v 0.04359738159179688 0.07385392718322265 0.00493069744110107
v 0.04199163818359376 0.07457902483947264 0.00491394042968750
v 0.04356593322753907 0.07404416613585936 0.00494974613189697
v 0.04349806213378907 0.07422463946349607 0.00496871852874756
v 0.04339367675781251 0.07439371447570310 0.00498529815673828
v 0.04325732421875001 0.07453861956603514 0.00499619865417480
v 0.04310000610351563 0.07465138964660155 0.00500000095367432
v 0.04292367553710939 0.07473124651916013 0.00499619865417480
v 0.04216069030761720 0.07468340258605467 0.00493069744110107
v 0.04234115600585938 0.07475128130919920 0.00494974613189697
v 0.04253140258789063 0.07478274493224607 0.00496871852874756
v 0.04273001098632814 0.07477687792785155 0.00498529815673828
v 0.04160848999023439 0.07391539721496092 0.00491394042968750
v 0.04165411376953126 0.07410904650695310 0.00490285968780518
v 0.04173397827148438 0.07428536181457029 0.00489898014068604
v 0.04184674072265625 0.07444267992980468 0.00490285968780518
v 0.04160261535644532 0.07371679644591796 0.00493069744110107
v 0.04758099365234376 0.07899249224669920 0.00469846439361572
v 0.04685191345214845 0.07941342120177733 0.00492403984069824
v 0.04610000610351563 0.07984754137999998 0.00500000095367432
v 0.04787864685058595 0.08113004260070311 0.00471504211425781
v 0.04727320861816407 0.08147959094054685 0.00479583263397217
v 0.04534808349609376 0.08028166155822264 0.00492403984069824
v 0.04461900329589845 0.08070259051330077 0.00469846439361572
v 0.03385000610351564 0.06729017596251952 0.00250000095367432
v 0.03453813171386719 0.06689287524230467 0.00353553485870361
v 0.03543493652343751 0.06637511401183592 0.00433012771606445
v 0.04358972167968751 0.08360624651916014 0.00257112216949463
v 0.04395304870605470 0.08339649157531248 0.00313616657257080
v 0.04438400268554689 0.08314767413146483 0.00363379573822021
v 0.04487333679199219 0.08286515002257810 0.00405331325531006
v 0.10699900054931642 0.11740380816466796 0.00000000095367432
v 0.10650000000000001 0.11740380816466796 0.00000000095367432
v 0.10350000000000002 0.11740380816466796 0.00000000095367432
v 0.10050000000000002 0.11740380816466796 0.00000000095367432
v 0.06204904174804689 0.10447208361632811 0.00000000095367432
v 0.06354904174804689 0.10707015948302732 0.00000000095367432
v 0.06200477600097658 0.10449764208800780 0.00038822937011719
v 0.06350477600097658 0.10709571795470701 0.00038822937011719
v 0.06187500000000001 0.10457257037169920 0.00075000095367432
v 0.06337500000000001 0.10717064623839842 0.00075000095367432
v 0.06166856384277345 0.10469175677306639 0.00106066131591797
v 0.06316856384277346 0.10728983263976560 0.00106066131591797
v 0.06133143615722658 0.10835049395568358 0.00106066131591797
v 0.06139952087402345 0.10484708361632811 0.00129903888702393
v 0.06289952087402345 0.10744515948302732 0.00129903888702393
v 0.06160047912597658 0.10819515948302733 0.00129903888702393
v 0.06258621215820315 0.10762604479796874 0.00144888973236084
v 0.06191378784179689 0.10801427416808593 0.00144888973236084
v 0.06225000000000001 0.10782015948302733 0.00150000095367432
v 0.10699900054931642 0.12040380816466795 0.00000000095367432
v 0.10650000000000001 0.12040380816466795 0.00000000095367432
v 0.10699900054931642 0.11745492510802732 0.00038822937011719
v 0.10650000000000001 0.11745492510802732 0.00038822937011719
v 0.10699900054931642 0.12035269885070311 0.00038822937011719
v 0.10650000000000001 0.12035269885070311 0.00038822937011719
v 0.10350000000000002 0.12040380816466795 0.00000000095367432
v 0.10050000000000002 0.12040380816466795 0.00000000095367432
v 0.10350000000000002 0.11745492510802732 0.00038822937011719
v 0.10050000000000002 0.11745492510802732 0.00038822937011719
v 0.10350000000000002 0.12035269885070311 0.00038822937011719
v 0.10050000000000002 0.12035269885070311 0.00038822937011719
v 0.10350000000000002 0.12490381579406248 0.00000000095367432
v 0.10050000000000002 0.12490381579406248 0.00000000095367432
v 0.10699900054931642 0.11760477404601560 0.00075000095367432
v 0.10650000000000001 0.11760477404601560 0.00075000095367432
v 0.10699900054931642 0.12020284991271482 0.00075000095367432
v 0.10650000000000001 0.12020284991271482 0.00075000095367432
v 0.10699900054931642 0.11784314684874998 0.00106066131591797
v 0.10650000000000001 0.11784314684874998 0.00106066131591797
v 0.10699900054931642 0.11996446948058592 0.00106066131591797
v 0.10650000000000001 0.11996446948058592 0.00106066131591797
v 0.10350000000000002 0.11760477404601560 0.00075000095367432
v 0.10050000000000002 0.11760477404601560 0.00075000095367432
v 0.10350000000000002 0.12020284991271482 0.00075000095367432
v 0.10050000000000002 0.12020284991271482 0.00075000095367432
v 0.10350000000000002 0.11784314684874998 0.00106066131591797
v 0.10050000000000002 0.11784314684874998 0.00106066131591797
v 0.10350000000000002 0.11996446948058592 0.00106066131591797
v 0.10050000000000002 0.11996446948058592 0.00106066131591797
v 0.10699900054931642 0.12840381579406246 0.00000000095367432
v 0.10650000000000001 0.12840381579406246 0.00000000095367432
v 0.10699900054931642 0.12845491747863277 0.00038822937011719
v 0.10650000000000001 0.12845491747863277 0.00038822937011719
v 0.10350000000000002 0.12840381579406246 0.00000000095367432
v 0.10050000000000002 0.12840381579406246 0.00000000095367432
v 0.10350000000000002 0.12845491747863277 0.00038822937011719
v 0.10050000000000002 0.12845491747863277 0.00038822937011719
v 0.10699900054931642 0.13140381579406246 0.00000000095367432
v 0.10650000000000001 0.13140381579406246 0.00000000095367432
v 0.10650000000000001 0.13490381579406246 0.00000000095367432
v 0.10699900054931642 0.13135269885070308 0.00038822937011719
v 0.10650000000000001 0.13135269885070308 0.00038822937011719
v 0.10350000000000002 0.13140381579406246 0.00000000095367432
v 0.10050000000000002 0.13140381579406246 0.00000000095367432
v 0.10350000000000002 0.13490381579406246 0.00000000095367432
v 0.10350000000000002 0.13135269885070308 0.00038822937011719
v 0.10050000000000002 0.13135269885070308 0.00038822937011719
v 0.10699900054931642 0.12860477404601559 0.00075000095367432
v 0.10650000000000001 0.12860477404601559 0.00075000095367432
v 0.10699900054931642 0.12884314684874998 0.00106066131591797
v 0.10650000000000001 0.12884314684874998 0.00106066131591797
v 0.10350000000000002 0.12860477404601559 0.00075000095367432
v 0.10050000000000002 0.12860477404601559 0.00075000095367432
v 0.10350000000000002 0.12884314684874998 0.00106066131591797
v 0.10050000000000002 0.12884314684874998 0.00106066131591797
v 0.10699900054931642 0.13120284228332027 0.00075000095367432
v 0.10650000000000001 0.13120284228332027 0.00075000095367432
v 0.10699900054931642 0.13096446948058590 0.00106066131591797
v 0.10650000000000001 0.13096446948058590 0.00106066131591797
v 0.10350000000000002 0.13120284228332027 0.00075000095367432
v 0.10050000000000002 0.13120284228332027 0.00075000095367432
v 0.10350000000000002 0.13096446948058590 0.00106066131591797
v 0.10050000000000002 0.13096446948058590 0.00106066131591797
v 0.10699900054931642 0.11815380816466796 0.00129903888702393
v 0.10650000000000001 0.11815380816466796 0.00129903888702393
v 0.10699900054931642 0.11851557879455077 0.00144888973236084
v 0.10650000000000001 0.11851557879455077 0.00144888973236084
v 0.10699900054931642 0.11929203753478514 0.00144888973236084
v 0.10650000000000001 0.11929203753478514 0.00144888973236084
v 0.10699900054931642 0.11890380816466795 0.00150000095367432
v 0.10650000000000001 0.11890380816466795 0.00150000095367432
v 0.10699900054931642 0.11965380816466795 0.00129903888702393
v 0.10650000000000001 0.11965380816466795 0.00129903888702393
v 0.10350000000000002 0.11815380816466796 0.00129903888702393
v 0.10350000000000002 0.11851557879455077 0.00144888973236084
v 0.10350000000000002 0.11929203753478514 0.00144888973236084
v 0.10350000000000002 0.11890380816466795 0.00150000095367432
v 0.10050000000000002 0.11815380816466796 0.00129903888702393
v 0.10050000000000002 0.11851557879455077 0.00144888973236084
v 0.10050000000000002 0.11929203753478514 0.00144888973236084
v 0.10050000000000002 0.11890380816466795 0.00150000095367432
v 0.10350000000000002 0.11965380816466795 0.00129903888702393
v 0.10050000000000002 0.11965380816466795 0.00129903888702393
v 0.10350000000000002 0.12473343615539061 0.00129409599304199
v 0.10050000000000002 0.12473343615539061 0.00129409599304199
v 0.10699900054931642 0.12915381579406246 0.00129903888702393
v 0.10650000000000001 0.12915381579406246 0.00129903888702393
v 0.10699900054931642 0.12951558642394528 0.00144888973236084
v 0.10650000000000001 0.12951558642394528 0.00144888973236084
v 0.10699900054931642 0.13029204516417967 0.00144888973236084
v 0.10650000000000001 0.13029204516417967 0.00144888973236084
v 0.10699900054931642 0.12990381579406246 0.00150000095367432
v 0.10650000000000001 0.12990381579406246 0.00150000095367432
v 0.10350000000000002 0.12915381579406246 0.00129903888702393
v 0.10350000000000002 0.12951558642394528 0.00144888973236084
v 0.10350000000000002 0.13029204516417967 0.00144888973236084
v 0.10350000000000002 0.12990381579406246 0.00150000095367432
v 0.10050000000000002 0.12915381579406246 0.00129903888702393
v 0.10050000000000002 0.12951558642394528 0.00144888973236084
v 0.10050000000000002 0.13029204516417967 0.00144888973236084
v 0.10050000000000002 0.12990381579406246 0.00150000095367432
v 0.10699900054931642 0.13065381579406246 0.00129903888702393
v 0.10650000000000001 0.13065381579406246 0.00129903888702393
v 0.10650000000000001 0.13473343615539060 0.00129409599304199
v 0.10350000000000002 0.13065381579406246 0.00129903888702393
v 0.10050000000000002 0.13065381579406246 0.00129903888702393
v 0.10350000000000002 0.13473343615539060 0.00129409599304199
v 0.10650000000000001 0.10170381121642577 0.00500000095367432
v 0.09991421508789064 0.10228959612853514 0.00500000095367432
v 0.10023204803466798 0.10270381121642576 0.00500000095367432
v 0.10043185424804689 0.10318617205626951 0.00500000095367432
v 0.10050000000000002 0.10370381121642576 0.00500000095367432
v 0.09901763916015627 0.10177195696837889 0.00500000095367432
v 0.09950000000000002 0.10197176318175780 0.00500000095367432
v 0.09850000000000002 0.10170381121642577 0.00500000095367432
v 0.10050000000000002 0.11176775317199217 0.00500000095367432
v 0.10044713592529299 0.11222456316955076 0.00500000095367432
v 0.10029132843017580 0.11265721850402342 0.00500000095367432
v 0.10004082489013673 0.11304284625060546 0.00500000095367432
v 0.09970886230468752 0.11336106829650389 0.00500000095367432
v 0.10050000000000002 0.11740380816466796 0.00500000095367432
v 0.09931299591064455 0.11359506182677732 0.00500000095367432
v 0.09887414550781251 0.11373245196349607 0.00500000095367432
v 0.09841551208496095 0.11376596789367185 0.00500000095367432
v 0.09796134948730470 0.11369385485656248 0.00500000095367432
v 0.07484382629394533 0.10170381121642577 0.00500000095367432
v 0.07432618713378908 0.10177195696837889 0.00500000095367432
v 0.07430517578125001 0.10707820849425780 0.00500000095367432
v 0.07384382629394533 0.10197176318175780 0.00500000095367432
v 0.07342962646484377 0.10228959612853514 0.00500000095367432
v 0.07311178588867188 0.10270381121642576 0.00500000095367432
v 0.07291198730468751 0.10318617205626951 0.00500000095367432
v 0.07284382629394533 0.10370381121642576 0.00500000095367432
v 0.06708346557617190 0.10079196124083983 0.00500000095367432
v 0.06628886413574220 0.10182749133117186 0.00500000095367432
v 0.06525332641601564 0.10262208514220701 0.00500000095367432
v 0.07284382629394533 0.10515210680968748 0.00500000095367432
v 0.07291085815429689 0.10566554217345701 0.00500000095367432
v 0.07310743713378907 0.10614455370910154 0.00500000095367432
v 0.07342041015625002 0.10655705218322264 0.00500000095367432
v 0.07382878112792970 0.10687538104064452 0.00500000095367432
v 0.06354904174804689 0.10707015948302732 0.00500000095367432
v 0.06225000000000001 0.10782015948302733 0.00500000095367432
v 0.10350000000000002 0.12423393969542967 0.00250000095367432
v 0.10050000000000002 0.12423393969542967 0.00250000095367432
v 0.10350000000000002 0.12343933825499999 0.00353553485870361
v 0.10050000000000002 0.12343933825499999 0.00353553485870361
v 0.10650000000000001 0.13423393969542965 0.00250000095367432
v 0.10350000000000002 0.13423393969542965 0.00250000095367432
v 0.10650000000000001 0.13343933825499996 0.00353553485870361
v 0.10350000000000002 0.13343933825499996 0.00353553485870361
v 0.10350000000000002 0.12240381579406248 0.00433012771606445
v 0.10050000000000002 0.12240381579406248 0.00433012771606445
v 0.10350000000000002 0.12119790606505858 0.00482962989807129
v 0.10350000000000002 0.11990380816466795 0.00500000095367432
v 0.10050000000000002 0.12119790606505858 0.00482962989807129
v 0.10050000000000002 0.11990380816466795 0.00500000095367432
v 0.10650000000000001 0.13240381579406246 0.00433012771606445
v 0.10350000000000002 0.13240381579406246 0.00433012771606445
v 0.10650000000000001 0.12990381579406246 0.00500000095367432
v 0.10350000000000002 0.12990381579406246 0.00500000095367432
v 0.10650000000000001 0.13119789843566404 0.00482962989807129
v 0.10350000000000002 0.13119789843566404 0.00482962989807129
v 0.05945095825195314 0.10597208361632811 0.00000000095367432
v 0.06095095825195314 0.10857015948302733 0.00000000095367432
v 0.05641987609863282 0.10772208361632811 0.00000000095367432
v 0.05949522399902345 0.10594653277404295 0.00038822937011719
v 0.06099522399902346 0.10854460864074217 0.00038822937011719
v 0.05962500000000002 0.10587160449035155 0.00075000095367432
v 0.06112500000000001 0.10846968035705076 0.00075000095367432
v 0.05983143615722658 0.10575241808898436 0.00106066131591797
v 0.05791987609863283 0.11032015948302733 0.00000000095367432
v 0.06010047912597657 0.10559708361632811 0.00129903888702393
v 0.06108621215820314 0.10502796893126952 0.00144888973236084
v 0.06075000000000001 0.10522208361632811 0.00150000095367432
v 0.06041378784179689 0.10541619830138670 0.00144888973236084
v 0.05656741333007814 0.10763690142638670 0.00129409599304199
v 0.05806741333007814 0.11023497729308591 0.00129409599304199
v 0.05700000000000002 0.10738715319640624 0.00250000095367432
v 0.05768814086914064 0.10698985247619139 0.00353553485870361
v 0.05850000000000002 0.10998522906310546 0.00250000095367432
v 0.05918814086914064 0.10958792834289061 0.00353553485870361
v 0.05858493041992189 0.10647208361632811 0.00433012771606445
v 0.05962928771972658 0.10586913256652342 0.00482962989807129
v 0.06075000000000001 0.10522208361632811 0.00500000095367432
v 0.06112928771972658 0.10846720843322263 0.00482962989807129
v 0.06008493041992189 0.10907015948302733 0.00433012771606445
f 2 3 4
f 1 2 4
f 1 4 5
f 1 5 6
f 5 7 6
f 3 13 4
f 6 7 8
f 1 6 17
f 4 12 5
f 1 175 2
f 7 10 8
f 5 15 7
f 4 13 12
f 3 14 13
f 3 174 14
f 8 10 9
f 6 8 19
f 6 19 17
f 8 9 480
f 7 16 10
f 5 12 15
f 1 17 175
f 7 15 16
f 9 10 11
f 10 18 11
f 15 170 172
f 10 16 18
f 12 13 169
f 12 170 15
f 8 480 19
f 9 11 478
f 9 478 480
f 15 172 16
f 16 172 175
f 16 175 18
f 17 18 175
f 17 20 18
f 11 18 20
f 11 20 479
f 11 479 478
f 17 19 20
f 19 481 20
f 19 480 481
f 20 481 479
f 21 22 23
f 21 26 22
f 21 25 26
f 22 26 24
f 22 24 23
f 23 24 29
f 25 34 26
f 25 33 34
f 21 23 85
f 23 30 32
f 23 29 30
f 28 31 32
f 27 28 30
f 27 30 29
f 27 29 59
f 28 32 30
f 23 32 36
f 31 36 32
f 31 35 36
f 27 59 103
f 21 85 25
f 33 74 34
f 24 26 93
f 33 73 74
f 25 86 33
f 26 34 93
f 34 74 89
f 23 98 88
f 23 87 85
f 23 88 87
f 24 93 115
f 23 36 98
f 35 98 36
f 27 101 28
f 28 149 31
f 35 97 98
f 31 161 35
f 24 115 113
f 27 104 101
f 27 103 104
f 59 105 103
f 59 106 105
f 38 59 52
f 2 37 3
f 3 37 38
f 3 38 44
f 38 43 44
f 38 39 40
f 38 52 39
f 38 40 41
f 38 41 42
f 38 42 43
f 43 47 44
f 44 47 45
f 45 47 48
f 45 48 49
f 45 49 46
f 46 50 446
f 46 49 50
f 50 51 446
f 51 53 446
f 2 170 37
f 37 171 38
f 3 44 174
f 37 170 169
f 37 169 171
f 2 172 170
f 38 171 173
f 56 59 57
f 55 59 56
f 57 59 58
f 52 59 55
f 29 62 59
f 24 72 29
f 58 59 60
f 59 61 60
f 59 62 61
f 29 63 62
f 29 64 63
f 29 72 64
f 24 113 72
f 64 72 68
f 68 72 69
f 69 72 70
f 70 72 71
f 66 71 72
f 65 67 72
f 66 72 67
f 38 625 59
f 72 113 117
f 72 117 119
f 33 77 73
f 25 85 86
f 73 78 74
f 33 86 77
f 34 89 93
f 73 75 78
f 73 122 75
f 73 77 122
f 76 77 82
f 74 78 79
f 74 79 91
f 74 91 89
f 79 80 92
f 88 98 130
f 81 82 86
f 81 86 85
f 81 85 83
f 83 85 87
f 77 86 82
f 83 87 84
f 84 87 88
f 90 91 92
f 89 91 90
f 89 90 94
f 89 94 93
f 79 92 91
f 93 94 96
f 93 96 95
f 97 100 98
f 35 161 97
f 28 101 145
f 28 145 149
f 59 147 106
f 59 151 147
f 59 163 151
f 97 99 100
f 98 100 130
f 97 538 99
f 93 95 115
f 95 111 115
f 31 149 161
f 59 625 163
f 104 107 108
f 103 107 104
f 103 105 109
f 103 109 107
f 101 104 108
f 101 108 102
f 105 106 110
f 105 110 109
f 107 109 108
f 102 108 109
f 102 109 110
f 114 115 116
f 113 115 114
f 113 114 118
f 113 118 117
f 111 116 115
f 111 112 116
f 117 118 120
f 117 120 119
f 76 122 77
f 76 121 122
f 121 124 122
f 75 122 124
f 75 507 78
f 121 123 124
f 123 138 124
f 75 124 138
f 78 125 79
f 79 125 80
f 80 125 126
f 80 128 92
f 78 127 125
f 80 126 128
f 125 127 126
f 78 139 127
f 126 127 128
f 127 139 128
f 84 88 129
f 88 130 129
f 129 130 131
f 100 132 130
f 130 132 131
f 131 132 141
f 100 142 132
f 90 92 128
f 90 128 94
f 94 128 96
f 95 96 134
f 95 134 133
f 96 128 134
f 133 134 136
f 128 136 134
f 133 136 135
f 128 144 136
f 135 136 144
f 75 138 502
f 75 502 507
f 123 137 138
f 76 567 121
f 121 522 123
f 137 504 138
f 123 520 137
f 137 503 504
f 138 504 502
f 78 507 139
f 128 139 140
f 139 508 140
f 139 507 508
f 140 508 509
f 81 575 82
f 81 83 574
f 83 84 572
f 132 142 141
f 76 82 573
f 84 129 530
f 129 131 528
f 131 141 514
f 141 142 512
f 142 513 512
f 142 537 513
f 135 144 143
f 128 517 144
f 143 144 517
f 128 140 533
f 128 519 517
f 143 517 516
f 99 537 100
f 95 133 111
f 133 135 153
f 111 133 153
f 135 143 157
f 135 157 153
f 101 102 145
f 102 146 145
f 97 161 538
f 145 146 149
f 106 148 110
f 106 147 148
f 147 152 148
f 102 110 146
f 110 148 146
f 146 148 150
f 146 150 149
f 149 150 161
f 147 151 152
f 151 164 152
f 148 152 150
f 150 152 162
f 111 153 112
f 112 153 154
f 153 157 154
f 119 120 156
f 119 156 155
f 155 156 160
f 154 157 158
f 157 165 158
f 112 559 116
f 155 160 159
f 114 116 559
f 114 559 118
f 118 559 120
f 159 160 168
f 99 536 537
f 100 537 142
f 99 538 536
f 143 165 157
f 143 516 165
f 165 516 544
f 150 162 161
f 151 163 164
f 152 164 162
f 161 162 538
f 162 539 538
f 163 626 164
f 163 625 626
f 162 164 539
f 164 626 539
f 158 165 166
f 112 154 559
f 154 158 559
f 120 559 156
f 159 168 167
f 156 559 160
f 165 544 166
f 166 544 545
f 158 166 559
f 167 168 628
f 167 628 627
f 160 563 168
f 38 610 625
f 52 55 664
f 2 175 172
f 38 173 176
f 38 176 178
f 38 178 180
f 44 177 174
f 44 179 177
f 44 181 179
f 38 180 610
f 12 169 170
f 13 171 169
f 14 173 171
f 13 14 171
f 14 174 173
f 39 651 40
f 41 653 42
f 40 652 41
f 42 654 43
f 44 611 181
f 44 45 657
f 45 46 658
f 46 446 957
f 43 659 47
f 47 659 48
f 48 660 49
f 49 661 50
f 50 662 51
f 51 663 53
f 39 52 664
f 53 665 54
f 173 174 176
f 174 177 176
f 176 177 178
f 177 179 178
f 178 179 180
f 179 181 180
f 180 181 610
f 181 611 610
f 55 56 668
f 56 57 668
f 57 58 669
f 58 60 670
f 72 119 155
f 72 155 159
f 72 159 167
f 60 61 672
f 61 62 673
f 62 63 674
f 63 64 676
f 64 68 676
f 72 167 627
f 54 677 65
f 65 677 67
f 66 678 71
f 66 67 679
f 68 69 681
f 69 70 682
f 70 71 683
f 72 684 1068
f 184 235 259
f 184 259 332
f 235 260 259
f 186 188 189
f 185 187 186
f 186 187 188
f 186 189 198
f 185 186 194
f 182 192 185
f 182 185 210
f 185 192 187
f 185 240 210
f 195 196 220
f 185 220 240
f 186 201 208
f 186 198 199
f 186 199 200
f 186 200 201
f 186 208 194
f 189 202 198
f 189 203 202
f 189 204 203
f 189 205 204
f 190 206 205
f 190 207 206
f 185 194 195
f 185 195 220
f 189 190 205
f 190 191 229
f 190 209 207
f 190 233 209
f 190 229 233
f 191 230 229
f 191 234 230
f 191 211 242
f 191 242 234
f 210 240 212
f 188 318 189
f 194 208 277
f 194 278 195
f 196 279 197
f 193 197 280
f 195 278 196
f 212 240 248
f 198 306 199
f 198 202 307
f 202 203 308
f 203 204 308
f 204 205 309
f 205 206 310
f 200 304 201
f 201 305 208
f 199 304 200
f 206 207 311
f 207 209 311
f 209 233 312
f 211 214 242
f 243 453 2884
f 211 213 214
f 213 249 214
f 215 219 216
f 215 218 219
f 218 223 219
f 216 219 220
f 193 220 197
f 193 217 220
f 216 220 217
f 196 197 220
f 219 223 224
f 230 234 231
f 219 224 225
f 219 225 226
f 219 226 234
f 226 228 234
f 227 234 228
f 227 232 234
f 231 234 232
f 221 235 222
f 221 237 235
f 222 235 236
f 183 236 235
f 222 236 241
f 183 241 236
f 215 216 338
f 215 339 218
f 193 337 217
f 216 217 337
f 219 341 220
f 183 253 241
f 221 222 343
f 220 335 240
f 222 241 343
f 223 366 224
f 218 366 223
f 224 367 225
f 225 368 226
f 229 364 233
f 229 230 365
f 230 231 365
f 227 369 232
f 231 232 370
f 226 371 228
f 227 228 371
f 219 234 372
f 214 254 242
f 234 242 373
f 183 235 184
f 183 184 253
f 221 382 237
f 245 2884 246
f 243 2884 244
f 244 2884 245
f 212 248 247
f 187 318 188
f 187 192 318
f 189 402 190
f 190 402 191
f 182 320 192
f 182 210 320
f 191 406 211
f 194 277 278
f 196 278 279
f 197 279 280
f 214 251 254
f 199 306 304
f 198 307 306
f 201 304 305
f 208 305 277
f 202 308 307
f 204 309 308
f 205 310 309
f 206 311 310
f 209 312 311
f 247 276 261
f 210 212 403
f 212 247 403
f 247 248 276
f 248 342 276
f 251 330 378
f 214 249 250
f 214 250 251
f 211 391 213
f 213 391 249
f 250 252 251
f 251 252 330
f 249 398 250
f 241 253 344
f 240 333 248
f 216 337 338
f 215 338 339
f 193 280 337
f 219 372 341
f 220 341 335
f 184 332 253
f 221 343 381
f 229 365 364
f 231 370 365
f 218 339 366
f 224 366 367
f 225 367 368
f 226 368 371
f 232 369 370
f 227 371 369
f 233 364 312
f 242 254 375
f 234 373 372
f 221 381 382
f 237 382 383
f 237 383 384
f 237 384 385
f 237 385 386
f 240 335 334
f 240 334 333
f 241 344 343
f 253 345 344
f 248 333 336
f 248 336 342
f 253 332 347
f 253 346 345
f 253 347 346
f 251 378 254
f 242 374 373
f 242 375 374
f 254 376 375
f 254 377 376
f 254 378 377
f 237 386 387
f 255 261 317
f 255 317 256
f 255 407 261
f 255 256 407
f 256 317 390
f 256 390 257
f 256 257 407
f 257 390 258
f 257 435 407
f 258 390 687
f 257 258 435
f 258 687 435
f 259 388 332
f 235 685 260
f 259 260 388
f 260 750 388
f 260 685 750
f 261 276 317
f 192 320 318
f 189 318 402
f 263 266 268
f 262 266 263
f 262 269 267
f 262 263 269
f 263 265 269
f 264 265 268
f 263 268 265
f 265 271 269
f 266 267 268
f 262 267 266
f 264 268 267
f 264 267 270
f 267 269 297
f 264 270 271
f 264 271 265
f 269 271 273
f 270 273 271
f 269 273 275
f 267 272 270
f 267 294 274
f 267 274 272
f 267 297 294
f 247 261 425
f 210 403 320
f 270 272 273
f 272 274 275
f 272 275 273
f 211 406 391
f 191 402 406
f 276 361 329
f 282 288 283
f 281 288 282
f 283 288 307
f 284 307 285
f 283 307 284
f 286 308 287
f 285 308 286
f 287 309 289
f 290 293 291
f 289 309 290
f 291 293 292
f 294 295 296
f 294 297 295
f 295 298 296
f 294 296 300
f 295 297 298
f 296 298 299
f 296 299 300
f 294 300 302
f 299 301 300
f 294 302 313
f 300 301 302
f 297 316 298
f 301 303 302
f 294 313 315
f 302 303 313
f 298 316 299
f 299 316 301
f 301 316 303
f 288 304 306
f 277 305 288
f 288 305 304
f 288 306 307
f 285 307 308
f 277 288 278
f 287 308 309
f 290 309 293
f 293 309 310
f 293 310 311
f 293 311 312
f 293 312 364
f 293 364 365
f 303 314 313
f 314 316 315
f 313 314 315
f 303 316 314
f 317 329 390
f 247 425 403
f 318 320 319
f 320 321 322
f 320 327 326
f 320 322 323
f 320 328 327
f 320 323 324
f 320 324 328
f 319 320 325
f 320 326 325
f 330 398 427
f 276 329 317
f 250 398 252
f 249 391 398
f 252 398 330
f 330 331 378
f 330 427 331
f 331 445 389
f 243 953 448
f 342 346 347
f 278 341 279
f 279 341 280
f 280 341 337
f 337 341 338
f 338 341 339
f 339 341 366
f 334 335 343
f 333 334 344
f 335 341 340
f 335 340 348
f 335 348 343
f 333 345 336
f 341 372 366
f 276 342 360
f 276 360 361
f 336 346 342
f 342 347 360
f 333 344 345
f 336 345 346
f 332 362 347
f 332 363 362
f 334 343 344
f 343 348 349
f 343 349 350
f 343 350 351
f 343 351 352
f 343 352 355
f 343 355 381
f 355 356 381
f 356 357 381
f 357 358 381
f 354 381 359
f 358 359 381
f 347 362 360
f 361 362 363
f 360 362 361
f 332 388 363
f 365 370 372
f 366 372 367
f 367 372 368
f 368 372 371
f 369 372 370
f 369 371 372
f 353 372 373
f 353 373 354
f 354 373 381
f 373 374 382
f 374 375 383
f 375 376 384
f 377 378 379
f 378 380 379
f 376 377 385
f 377 379 386
f 379 380 387
f 378 389 380
f 373 382 381
f 374 383 382
f 375 384 383
f 376 385 384
f 377 386 385
f 379 387 386
f 331 389 378
f 237 387 813
f 237 950 238
f 238 951 239
f 239 952 246
f 453 3868 2884
f 243 244 954
f 244 245 955
f 245 246 956
f 261 407 425
f 318 319 402
f 319 325 404
f 320 403 321
f 325 326 405
f 391 392 393
f 391 393 394
f 321 413 322
f 326 327 415
f 322 414 323
f 327 328 416
f 323 418 324
f 324 420 328
f 319 404 402
f 391 394 395
f 391 395 396
f 391 396 397
f 391 397 399
f 391 399 401
f 391 400 398
f 391 401 400
f 391 406 392
f 392 417 393
f 269 766 297
f 325 405 404
f 321 403 413
f 322 413 414
f 326 415 405
f 327 416 415
f 323 414 418
f 324 418 420
f 328 420 419
f 328 419 416
f 393 421 394
f 394 422 395
f 395 423 396
f 396 428 397
f 397 429 399
f 399 430 401
f 400 401 431
f 398 400 427
f 269 275 766
f 274 294 765
f 274 765 275
f 392 406 417
f 294 315 765
f 402 404 406
f 404 405 417
f 404 417 406
f 393 417 421
f 394 421 422
f 395 422 423
f 329 361 727
f 329 727 390
f 281 282 834
f 281 833 288
f 282 283 835
f 283 284 836
f 284 285 837
f 285 286 838
f 286 287 839
f 287 289 841
f 289 290 842
f 290 291 843
f 291 292 844
f 292 293 845
f 297 827 316
f 315 316 778
f 278 288 830
f 293 365 845
f 390 727 687
f 407 408 425
f 407 435 408
f 408 435 409
f 408 409 426
f 409 410 437
f 409 435 410
f 410 435 411
f 411 435 412
f 410 411 438
f 411 412 439
f 408 426 425
f 409 437 426
f 410 438 437
f 405 415 421
f 405 421 417
f 415 416 422
f 403 425 413
f 413 426 414
f 414 437 418
f 415 422 421
f 416 419 423
f 416 423 422
f 396 423 424
f 396 424 428
f 397 428 429
f 400 431 427
f 399 429 430
f 401 430 431
f 413 425 426
f 418 438 420
f 419 420 439
f 414 426 437
f 419 424 423
f 418 437 438
f 420 438 439
f 419 440 424
f 427 694 445
f 435 687 692
f 412 435 432
f 432 435 433
f 412 432 441
f 433 435 434
f 434 435 436
f 432 433 442
f 433 434 443
f 411 439 438
f 412 440 439
f 412 441 440
f 434 436 444
f 435 692 436
f 432 442 441
f 433 443 442
f 434 444 443
f 436 692 444
f 419 439 440
f 427 431 694
f 430 693 431
f 424 698 428
f 428 697 429
f 429 696 430
f 424 440 698
f 431 693 694
f 430 695 693
f 430 696 695
f 429 697 696
f 428 698 697
f 331 427 445
f 445 694 747
f 445 747 751
f 363 388 750
f 361 363 796
f 278 867 341
f 340 866 348
f 340 341 866
f 348 869 349
f 349 870 350
f 350 871 351
f 351 872 352
f 352 873 355
f 353 354 875
f 355 876 356
f 356 877 357
f 357 878 358
f 358 879 359
f 354 359 880
f 380 389 751
f 365 372 882
f 389 445 751
f 353 889 372
f 380 806 387
f 53 449 446
f 53 454 449
f 447 449 451
f 447 452 448
f 449 454 451
f 448 452 453
f 447 450 452
f 447 451 450
f 53 54 454
f 54 455 454
f 54 456 455
f 54 462 456
f 54 65 462
f 456 462 457
f 457 462 458
f 458 462 459
f 459 462 460
f 460 462 461
f 243 448 453
f 461 462 463
f 462 464 463
f 65 72 462
f 72 1068 462
f 462 477 464
f 464 476 465
f 465 475 466
f 466 473 3049
f 466 472 473
f 466 469 467
f 466 467 468
f 466 468 472
f 466 470 469
f 466 471 470
f 466 474 471
f 466 475 474
f 465 476 475
f 464 477 476
f 462 3069 477
f 447 448 959
f 446 449 960
f 447 958 449
f 450 961 452
f 450 451 962
f 452 963 453
f 451 454 965
f 454 455 965
f 455 456 967
f 456 457 968
f 457 458 969
f 458 459 970
f 459 460 971
f 460 461 972
f 461 463 972
f 462 1666 973
f 463 464 975
f 464 465 975
f 465 466 977
f 466 3049 977
f 468 979 472
f 467 978 468
f 467 469 980
f 469 470 981
f 470 471 982
f 471 474 985
f 472 983 473
f 474 475 986
f 475 476 987
f 476 477 988
f 478 479 487
f 478 487 480
f 480 493 482
f 479 481 483
f 480 483 481
f 480 482 483
f 479 483 488
f 482 485 483
f 479 488 487
f 482 484 485
f 484 486 485
f 483 485 488
f 484 616 486
f 486 616 489
f 489 616 619
f 480 487 493
f 482 494 484
f 487 488 493
f 482 493 494
f 485 495 488
f 489 619 490
f 485 486 495
f 490 621 492
f 488 495 493
f 484 497 616
f 486 489 496
f 486 496 495
f 489 490 498
f 493 495 494
f 484 494 497
f 490 492 500
f 491 624 501
f 491 501 492
f 489 498 496
f 494 495 496
f 497 499 616
f 490 500 498
f 494 496 497
f 492 501 500
f 496 498 497
f 497 498 499
f 498 500 499
f 499 500 649
f 500 501 649
f 137 505 503
f 503 506 504
f 137 520 505
f 503 505 506
f 502 504 506
f 502 569 507
f 502 506 566
f 123 522 520
f 121 567 522
f 76 573 567
f 505 521 506
f 507 510 508
f 508 510 509
f 509 510 511
f 507 569 510
f 510 524 511
f 141 512 514
f 131 514 528
f 512 513 514
f 129 528 530
f 513 515 514
f 513 537 515
f 84 530 572
f 83 572 574
f 82 575 573
f 81 574 575
f 514 515 528
f 140 509 533
f 128 533 519
f 516 517 519
f 516 519 518
f 509 511 533
f 518 519 533
f 502 566 569
f 505 520 521
f 520 523 521
f 506 521 566
f 520 522 523
f 522 568 523
f 522 567 568
f 521 523 566
f 511 524 525
f 510 569 524
f 524 526 525
f 524 569 526
f 525 526 527
f 525 527 585
f 526 569 570
f 526 570 527
f 527 570 571
f 515 529 528
f 528 529 530
f 515 589 529
f 529 531 530
f 530 531 572
f 531 576 572
f 529 589 531
f 511 525 533
f 518 533 532
f 525 535 533
f 532 533 535
f 525 581 535
f 532 535 534
f 525 585 581
f 534 535 581
f 534 581 580
f 536 589 537
f 515 537 589
f 536 538 588
f 516 518 546
f 516 546 544
f 518 558 546
f 538 539 540
f 539 541 540
f 543 626 625
f 542 543 625
f 539 626 541
f 541 626 543
f 540 541 550
f 542 553 543
f 541 543 551
f 544 546 545
f 166 545 559
f 545 546 547
f 549 627 628
f 168 563 628
f 548 627 549
f 545 547 559
f 546 558 547
f 160 559 563
f 549 628 563
f 548 549 561
f 536 588 589
f 518 532 558
f 532 562 558
f 532 534 562
f 534 580 600
f 534 600 562
f 541 551 550
f 550 551 554
f 542 552 553
f 552 557 553
f 543 553 551
f 551 553 555
f 538 540 633
f 551 555 554
f 554 555 590
f 555 591 590
f 552 556 557
f 556 596 557
f 556 592 596
f 553 557 555
f 555 557 591
f 557 596 591
f 547 558 559
f 558 562 559
f 548 561 560
f 549 563 561
f 560 561 565
f 559 562 563
f 562 600 563
f 563 600 601
f 561 563 565
f 560 565 564
f 563 601 565
f 564 565 603
f 564 603 602
f 567 577 568
f 566 630 569
f 523 629 566
f 523 568 629
f 570 582 571
f 569 630 570
f 570 630 582
f 582 630 586
f 567 573 577
f 572 576 574
f 574 576 578
f 573 575 579
f 573 579 577
f 574 578 575
f 575 578 579
f 531 634 576
f 527 571 587
f 571 582 583
f 527 587 585
f 580 581 585
f 580 585 584
f 582 586 583
f 583 586 587
f 571 583 587
f 584 587 586
f 584 585 587
f 566 629 630
f 568 577 631
f 568 631 629
f 577 579 637
f 584 586 632
f 538 633 588
f 588 634 589
f 531 589 634
f 580 584 604
f 580 604 600
f 590 591 593
f 591 597 593
f 592 594 598
f 592 598 596
f 593 597 595
f 594 595 599
f 595 597 599
f 594 599 598
f 591 596 597
f 596 598 597
f 597 598 599
f 540 550 643
f 542 625 671
f 565 601 605
f 600 604 601
f 601 604 605
f 565 605 603
f 602 603 607
f 602 607 606
f 604 608 605
f 605 608 609
f 606 609 608
f 606 607 609
f 603 605 609
f 603 609 607
f 588 633 634
f 540 635 633
f 542 671 552
f 550 554 645
f 554 590 645
f 552 671 556
f 556 671 592
f 610 611 612
f 611 613 612
f 612 613 614
f 44 656 611
f 613 615 614
f 614 615 617
f 615 618 617
f 617 618 620
f 618 624 620
f 490 619 621
f 620 624 622
f 492 621 623
f 491 623 622
f 491 622 624
f 491 492 623
f 610 612 650
f 39 664 651
f 40 651 652
f 41 652 653
f 42 653 654
f 43 654 655
f 43 655 659
f 611 656 613
f 44 657 656
f 45 658 657
f 46 957 658
f 48 659 660
f 49 660 661
f 50 661 662
f 51 662 663
f 612 614 650
f 614 617 650
f 499 619 616
f 617 620 650
f 613 656 615
f 615 656 618
f 618 656 624
f 53 663 665
f 54 665 666
f 54 666 677
f 72 627 684
f 610 671 625
f 55 668 667
f 57 669 668
f 58 670 669
f 60 672 670
f 55 667 664
f 61 673 672
f 62 674 673
f 63 675 674
f 63 676 675
f 548 684 627
f 548 560 684
f 560 564 684
f 564 602 684
f 67 677 679
f 66 679 678
f 68 680 676
f 68 681 680
f 69 682 681
f 70 683 682
f 71 678 683
f 629 632 630
f 577 637 631
f 586 630 632
f 584 632 638
f 576 641 578
f 578 641 579
f 576 634 641
f 584 642 604
f 629 631 632
f 579 639 637
f 584 638 642
f 540 643 635
f 633 636 634
f 604 642 608
f 590 593 646
f 593 595 646
f 592 671 594
f 594 671 595
f 633 635 636
f 634 636 641
f 550 645 643
f 590 646 645
f 631 638 632
f 631 637 638
f 579 641 639
f 637 640 638
f 637 639 640
f 639 642 640
f 638 640 642
f 639 641 642
f 641 648 642
f 635 644 636
f 636 644 641
f 635 643 644
f 595 671 646
f 643 647 644
f 641 644 647
f 641 647 648
f 643 645 647
f 645 648 647
f 645 646 648
f 646 671 648
f 610 650 671
f 499 621 619
f 621 649 623
f 622 623 649
f 620 622 650
f 650 664 671
f 499 649 621
f 622 649 650
f 501 624 656
f 501 650 649
f 501 656 650
f 650 656 655
f 650 652 651
f 650 651 664
f 650 653 652
f 650 654 653
f 650 655 654
f 655 656 659
f 656 657 659
f 657 660 659
f 657 661 660
f 657 658 661
f 658 957 662
f 658 662 661
f 662 957 663
f 663 957 665
f 602 606 684
f 606 608 684
f 668 669 671
f 667 668 671
f 669 670 671
f 664 667 671
f 608 642 684
f 648 671 674
f 642 648 684
f 670 672 671
f 671 672 673
f 671 673 674
f 648 674 675
f 648 675 676
f 648 676 684
f 676 680 684
f 680 681 684
f 681 682 684
f 682 683 684
f 678 684 683
f 677 684 679
f 678 679 684
f 732 825 818
f 732 820 744
f 732 818 819
f 685 792 750
f 685 686 792
f 686 861 792
f 686 822 861
f 685 949 686
f 687 727 728
f 687 728 692
f 688 745 694
f 688 693 689
f 688 689 745
f 689 690 745
f 689 695 690
f 690 696 691
f 690 691 745
f 691 702 745
f 691 697 702
f 440 441 712
f 441 442 710
f 443 444 708
f 444 692 709
f 442 443 708
f 440 715 698
f 688 694 693
f 690 695 696
f 689 693 695
f 691 696 697
f 444 709 708
f 442 708 710
f 440 712 715
f 441 710 712
f 692 711 709
f 698 720 699
f 697 698 702
f 698 699 702
f 699 700 703
f 692 728 711
f 702 703 745
f 703 704 745
f 704 705 745
f 699 703 702
f 700 704 703
f 705 706 745
f 706 707 745
f 701 705 704
f 705 713 706
f 709 711 730
f 708 709 729
f 708 731 710
f 710 733 712
f 712 739 715
f 715 739 716
f 706 714 707
f 698 715 720
f 699 719 700
f 700 721 701
f 715 716 720
f 699 720 719
f 701 725 713
f 713 726 714
f 700 719 721
f 700 701 704
f 701 713 705
f 706 713 714
f 716 717 723
f 717 718 724
f 716 723 720
f 701 721 725
f 713 725 726
f 714 726 737
f 718 722 735
f 717 724 723
f 718 735 724
f 361 794 727
f 709 730 729
f 711 732 730
f 708 729 731
f 710 731 733
f 712 733 739
f 716 740 717
f 717 741 718
f 718 742 722
f 716 739 740
f 717 740 741
f 718 741 742
f 722 743 734
f 719 752 721
f 719 720 754
f 720 723 754
f 721 753 725
f 723 724 755
f 724 735 756
f 735 736 757
f 275 765 766
f 297 766 827
f 315 826 765
f 722 734 736
f 722 736 735
f 734 738 736
f 725 758 726
f 726 759 737
f 315 777 826
f 711 728 763
f 729 744 731
f 729 730 744
f 730 732 744
f 731 744 733
f 733 744 739
f 722 742 743
f 734 743 744
f 739 744 740
f 740 744 741
f 736 738 761
f 723 755 754
f 721 752 753
f 719 754 752
f 724 756 755
f 725 753 758
f 726 758 759
f 741 744 742
f 742 744 743
f 735 757 756
f 736 761 757
f 737 759 760
f 738 762 761
f 707 714 859
f 727 764 728
f 278 830 867
f 727 794 764
f 281 834 833
f 282 835 834
f 283 836 835
f 284 837 836
f 285 838 837
f 286 839 838
f 287 841 839
f 288 833 840
f 288 840 830
f 289 842 841
f 290 843 842
f 291 844 843
f 292 845 844
f 315 778 777
f 316 847 778
f 365 882 845
f 316 827 847
f 694 745 747
f 745 746 747
f 707 748 745
f 745 748 746
f 747 749 751
f 746 749 747
f 746 748 749
f 707 789 748
f 748 789 749
f 363 750 796
f 380 751 806
f 235 949 685
f 361 796 794
f 348 866 869
f 341 867 866
f 349 869 870
f 350 870 871
f 351 871 872
f 352 872 873
f 353 875 874
f 354 880 875
f 355 873 876
f 356 876 877
f 357 877 878
f 359 879 880
f 358 878 879
f 750 792 796
f 372 889 882
f 749 793 751
f 353 874 889
f 751 793 806
f 387 806 813
f 237 813 950
f 728 764 763
f 711 825 732
f 711 763 825
f 752 754 760
f 754 755 760
f 755 756 760
f 756 757 760
f 757 761 760
f 752 760 753
f 753 760 758
f 758 760 759
f 760 761 762
f 714 737 860
f 763 764 828
f 763 828 825
f 734 744 896
f 765 767 768
f 765 768 766
f 765 769 767
f 767 770 768
f 734 898 738
f 737 760 897
f 738 903 762
f 760 762 924
f 765 771 769
f 767 769 770
f 765 775 771
f 766 768 827
f 769 771 772
f 769 772 770
f 768 770 827
f 765 776 775
f 765 826 776
f 771 775 773
f 771 773 772
f 770 772 827
f 774 775 776
f 773 775 774
f 772 773 827
f 774 776 827
f 773 774 827
f 776 826 827
f 777 846 826
f 764 794 828
f 778 780 779
f 777 778 779
f 777 779 781
f 779 780 781
f 778 782 780
f 777 781 783
f 777 783 784
f 780 782 781
f 777 784 785
f 777 785 846
f 781 782 783
f 778 847 787
f 782 788 783
f 778 788 782
f 778 786 788
f 778 787 786
f 783 788 784
f 784 788 786
f 784 786 785
f 785 787 846
f 785 786 787
f 787 847 846
f 707 791 789
f 707 859 791
f 789 791 790
f 749 789 790
f 749 790 793
f 714 860 859
f 790 791 859
f 790 859 891
f 790 891 793
f 238 950 951
f 239 951 952
f 246 952 956
f 795 796 797
f 794 796 795
f 795 797 798
f 792 861 796
f 797 802 798
f 799 802 803
f 794 795 828
f 795 798 828
f 798 802 799
f 799 803 800
f 800 804 801
f 801 805 862
f 796 861 797
f 797 861 802
f 800 803 804
f 801 804 805
f 805 868 862
f 793 891 806
f 806 807 814
f 806 891 807
f 807 891 808
f 807 808 815
f 808 811 816
f 810 817 811
f 809 890 892
f 809 812 810
f 806 814 813
f 807 815 814
f 808 816 815
f 811 817 816
f 810 812 817
f 809 892 812
f 243 954 953
f 244 955 954
f 245 956 955
f 732 819 820
f 818 825 857
f 818 857 819
f 744 820 821
f 819 895 820
f 820 895 821
f 686 949 822
f 822 823 893
f 822 949 823
f 825 828 857
f 826 846 827
f 827 846 847
f 737 922 860
f 737 897 922
f 798 858 828
f 828 858 857
f 834 835 840
f 833 834 840
f 835 851 840
f 836 837 851
f 835 836 851
f 838 839 852
f 837 838 852
f 839 841 853
f 842 843 845
f 841 842 853
f 843 844 845
f 840 850 848
f 840 848 849
f 829 840 849
f 840 851 850
f 837 852 851
f 829 830 840
f 839 853 852
f 842 845 853
f 845 854 853
f 845 855 854
f 845 856 855
f 845 881 856
f 845 882 881
f 859 860 891
f 857 858 895
f 744 821 896
f 734 896 898
f 819 857 895
f 760 924 923
f 760 923 897
f 738 898 901
f 762 900 924
f 762 899 900
f 738 901 903
f 829 906 830
f 830 907 831
f 831 908 832
f 848 911 849
f 829 849 910
f 848 850 913
f 850 851 914
f 851 852 915
f 852 853 917
f 853 854 918
f 854 855 920
f 855 856 921
f 860 922 894
f 830 831 867
f 831 832 867
f 832 863 867
f 863 864 867
f 864 865 867
f 865 883 867
f 862 866 867
f 862 869 866
f 862 868 869
f 867 883 889
f 798 799 858
f 799 800 858
f 802 861 893
f 802 893 803
f 803 893 804
f 868 870 869
f 868 871 870
f 868 872 871
f 868 873 872
f 868 876 873
f 868 892 876
f 876 892 877
f 877 892 878
f 878 892 879
f 875 880 892
f 879 892 880
f 800 801 925
f 801 862 925
f 804 893 805
f 822 893 861
f 805 926 868
f 882 889 887
f 883 884 889
f 884 885 889
f 885 888 889
f 886 887 889
f 886 889 888
f 874 890 889
f 874 875 890
f 875 892 890
f 808 894 811
f 810 811 894
f 808 891 894
f 860 894 891
f 809 927 890
f 809 810 927
f 813 814 950
f 862 867 928
f 800 925 858
f 832 909 863
f 863 930 864
f 864 931 865
f 867 889 933
f 868 935 892
f 805 893 926
f 881 882 936
f 882 887 938
f 865 932 883
f 883 941 884
f 884 943 885
f 885 942 888
f 886 939 887
f 886 888 944
f 856 881 946
f 889 890 947
f 810 894 927
f 812 892 935
f 814 815 950
f 815 816 950
f 816 817 950
f 812 950 817
f 762 903 899
f 821 895 896
f 895 925 896
f 858 925 895
f 830 906 905
f 829 910 906
f 830 905 907
f 831 907 908
f 832 908 909
f 849 911 910
f 848 912 911
f 848 913 912
f 855 921 919
f 855 919 920
f 850 914 913
f 851 915 914
f 852 916 915
f 852 917 916
f 854 920 918
f 853 918 917
f 856 946 921
f 897 927 922
f 900 902 924
f 896 925 898
f 897 923 902
f 902 923 924
f 899 904 900
f 898 906 901
f 901 914 903
f 900 904 902
f 899 903 904
f 898 925 928
f 905 928 907
f 897 902 927
f 902 947 927
f 898 905 906
f 898 928 905
f 901 906 910
f 901 910 911
f 901 911 912
f 901 912 913
f 901 913 914
f 903 914 915
f 903 916 917
f 903 915 916
f 903 917 918
f 904 920 919
f 904 918 920
f 902 904 936
f 903 918 904
f 902 936 937
f 902 937 947
f 904 946 936
f 904 919 921
f 904 921 946
f 953 3868 964
f 862 928 925
f 868 926 934
f 823 926 893
f 863 909 929
f 863 929 930
f 864 930 931
f 865 931 932
f 867 933 928
f 868 934 935
f 894 922 927
f 890 927 947
f 882 937 936
f 882 938 937
f 881 936 946
f 886 944 939
f 887 939 938
f 888 945 944
f 888 942 945
f 883 940 941
f 883 932 940
f 884 941 943
f 885 943 942
f 889 947 933
f 823 824 926
f 823 949 824
f 812 935 950
f 907 928 908
f 908 928 909
f 909 928 929
f 928 930 929
f 928 933 930
f 930 933 931
f 931 933 932
f 932 933 940
f 937 938 947
f 933 941 940
f 942 947 945
f 938 939 947
f 939 944 947
f 944 945 947
f 933 947 942
f 933 943 941
f 933 942 943
f 824 934 926
f 824 948 934
f 934 948 935
f 935 949 950
f 824 949 948
f 935 948 949
f 955 956 3868
f 953 954 3868
f 954 955 3868
f 447 959 958
f 446 960 957
f 449 958 960
f 452 961 963
f 450 962 961
f 451 965 962
f 453 963 964
f 455 966 965
f 455 967 966
f 456 968 967
f 457 969 968
f 458 970 969
f 459 971 970
f 460 972 971
f 448 953 959
f 453 964 3868
f 463 974 972
f 463 975 974
f 465 976 975
f 465 977 976
f 462 973 3933
f 977 3049 3913
f 472 979 983
f 468 978 979
f 467 980 978
f 469 981 980
f 470 982 981
f 471 985 982
f 473 983 984
f 474 986 985
f 475 987 986
f 476 988 987
f 665 957 960
f 665 960 965
f 958 962 960
f 958 959 963
f 960 962 965
f 959 964 963
f 958 963 961
f 958 961 962
f 665 965 666
f 666 965 966
f 666 966 967
f 666 967 973
f 666 973 677
f 967 968 973
f 968 969 973
f 969 970 973
f 970 971 973
f 971 972 973
f 953 964 959
f 972 974 973
f 973 974 975
f 677 973 684
f 684 973 2196
f 973 975 988
f 975 976 987
f 976 977 986
f 977 3913 984
f 977 984 983
f 977 978 980
f 977 979 978
f 977 983 979
f 977 980 981
f 977 981 982
f 977 982 985
f 977 985 986
f 976 986 987
f 975 987 988
f 973 988 3933
f 989 993 990
f 990 993 992
f 989 999 993
f 989 991 999
f 990 992 994
f 990 994 995
f 990 995 1003
f 991 1005 999
f 991 1004 1005
f 989 990 1116
f 992 1000 994
f 1003 995 996
f 994 1000 1006
f 990 1003 1066
f 990 1066 1129
f 1003 996 997
f 1003 997 998
f 1003 998 1001
f 1003 1001 1002
f 1003 1002 1007
f 1003 1007 1008
f 989 1116 991
f 1004 1120 1005
f 1004 1108 1120
f 991 1116 1004
f 990 1118 1116
f 990 1119 1118
f 990 1127 1119
f 990 1129 1127
f 1066 1128 1129
f 1066 1130 1128
f 1066 1131 1130
f 1003 1008 1009
f 1003 1009 1132
f 1003 1132 1133
f 1003 1133 1134
f 1010 1011 1012
f 1011 1061 1012
f 1010 1013 1011
f 1010 1050 1013
f 1010 1012 1050
f 1014 1021 1015
f 1015 1021 1016
f 1014 1027 1021
f 1016 1021 1017
f 1017 1021 1020
f 1022 1023 1298
f 1018 1298 1023
f 1022 1298 1042
f 1018 1019 1298
f 1020 1021 1299
f 1019 1020 1299
f 1021 1051 1299
f 1011 1013 1024
f 1011 1024 1054
f 1025 1027 1026
f 1025 1026 1028
f 1021 1027 1025
f 1025 1028 1029
f 1025 1029 1030
f 1025 1030 1031
f 1025 1031 1032
f 1025 1032 1040
f 1032 1033 1040
f 1033 1034 1040
f 1034 1035 1040
f 1035 1036 1040
f 1036 1039 1040
f 1041 1302 1043
f 1041 1042 1298
f 1043 1302 1044
f 1044 1302 1045
f 1045 1302 1046
f 1048 1303 1049
f 1037 1049 1303
f 1046 1303 1047
f 1047 1303 1048
f 1037 1303 1038
f 1039 1305 1040
f 1038 1305 1039
f 1040 1305 1052
f 1012 1062 1050
f 1013 1164 1024
f 1012 1061 1062
f 1013 1050 1164
f 1021 1025 1180
f 1014 1182 1027
f 1014 1015 1182
f 1015 1016 1181
f 1016 1017 1183
f 1018 1185 1019
f 1017 1020 1184
f 1019 1184 1020
f 1022 1042 1188
f 1022 1188 1023
f 1018 1023 1187
f 1051 1063 1308
f 1021 1176 1051
f 1024 1204 1054
f 1026 1027 1210
f 1026 1211 1028
f 1028 1212 1029
f 1029 1212 1030
f 1030 1213 1031
f 1025 1040 1214
f 1031 1215 1032
f 1032 1216 1033
f 1033 1216 1034
f 1034 1217 1035
f 1035 1218 1036
f 1037 1038 1220
f 1036 1219 1039
f 1038 1039 1219
f 1041 1221 1042
f 1041 1043 1222
f 1043 1044 1223
f 1044 1045 1223
f 1045 1046 1224
f 1046 1047 1226
f 1047 1048 1225
f 1048 1049 1225
f 1037 1227 1049
f 1040 1052 1231
f 1052 1311 1064
f 1003 1053 1080
f 1011 1054 1053
f 1053 1054 1055
f 1053 1055 1056
f 1053 1056 1057
f 1053 1057 1058
f 1053 1058 1081
f 1058 1059 1087
f 1059 1060 1088
f 1011 1161 1061
f 1011 1162 1161
f 1050 1062 1165
f 1061 1163 1062
f 1051 1178 1063
f 1015 1181 1182
f 1016 1183 1181
f 1017 1184 1183
f 1019 1185 1184
f 1018 1187 1185
f 1021 1180 1176
f 1023 1188 1187
f 1024 1164 1203
f 1024 1203 1204
f 1054 1204 1205
f 1054 1205 1206
f 1054 1206 1207
f 1054 1207 1208
f 1025 1214 1180
f 1026 1210 1211
f 1027 1182 1210
f 1028 1211 1212
f 1030 1212 1213
f 1031 1213 1215
f 1032 1215 1216
f 1034 1216 1217
f 1035 1217 1218
f 1036 1218 1219
f 1038 1219 1220
f 1037 1220 1227
f 1040 1231 1214
f 1042 1221 1188
f 1041 1222 1221
f 1043 1223 1222
f 1045 1224 1223
f 1046 1226 1224
f 1047 1225 1226
f 1049 1227 1225
f 1052 1064 1233
f 1061 1161 1163
f 1050 1165 1164
f 1062 1166 1165
f 1062 1163 1172
f 1062 1167 1166
f 1062 1172 1167
f 1063 1175 1312
f 1051 1177 1178
f 1051 1176 1177
f 1063 1186 1175
f 1063 1178 1179
f 1063 1179 1186
f 1054 1208 1209
f 1052 1232 1231
f 1052 1233 1232
f 1064 1234 1233
f 1064 1240 1235
f 1064 1235 1234
f 1064 1315 1240
f 1065 1066 1067
f 1065 1067 1068
f 1066 1080 1067
f 1003 1080 1066
f 1067 1069 1068
f 1065 1068 1074
f 1067 1077 1069
f 1065 1074 1070
f 1065 1070 1071
f 1065 1071 1242
f 1067 1072 1077
f 1067 1073 1072
f 1067 1243 1073
f 1065 1242 1251
f 1070 1072 1071
f 1067 1245 1243
f 1071 1072 1073
f 1068 1075 1074
f 1068 1076 1075
f 1068 1246 1076
f 1069 1077 1078
f 1069 1078 1079
f 1069 1079 1247
f 1070 1074 1077
f 1074 1075 1078
f 1075 1076 1079
f 1070 1077 1072
f 1074 1078 1077
f 1075 1079 1078
f 1068 1248 1246
f 1069 1247 1249
f 1053 1081 1080
f 1058 1087 1081
f 1081 1086 1082
f 1082 1089 1083
f 1083 1085 1084
f 1081 1087 1086
f 1082 1086 1089
f 1083 1089 1085
f 1059 1088 1087
f 1084 1092 1090
f 1090 1093 1091
f 1084 1085 1092
f 1090 1092 1093
f 1091 1093 1100
f 1091 1100 1096
f 1096 1100 1097
f 1097 1101 1098
f 1098 1103 1099
f 1097 1100 1101
f 1098 1101 1102
f 1098 1102 1103
f 1099 1103 1105
f 1099 1105 1104
f 1095 1104 1106
f 1104 1105 1106
f 1004 1117 1108
f 1108 1121 1120
f 1004 1116 1117
f 1108 1110 1121
f 1108 1137 1110
f 1108 1117 1111
f 1108 1111 1137
f 1109 1111 1117
f 1112 1115 1113
f 1112 1114 1115
f 1109 1113 1139
f 1113 1115 1139
f 1112 1113 1116
f 1112 1118 1114
f 1113 1117 1116
f 1112 1116 1118
f 1109 1117 1113
f 1114 1119 1115
f 1114 1118 1119
f 1123 1126 1124
f 1123 1125 1126
f 1122 1124 1148
f 1124 1126 1148
f 1123 1124 1128
f 1123 1130 1125
f 1124 1129 1128
f 1123 1128 1130
f 1122 1129 1124
f 1122 1127 1129
f 1125 1131 1126
f 1125 1130 1131
f 1003 1134 1159
f 1003 1159 1160
f 1003 2074 1053
f 1135 1143 1136
f 1109 1135 1111
f 1111 1135 1137
f 1135 1136 1137
f 1110 1137 1138
f 1110 1906 1121
f 1136 1138 1137
f 1136 1143 1138
f 1110 1138 1144
f 1109 1139 1140
f 1109 1140 1145
f 1115 1141 1139
f 1115 1119 1141
f 1139 1141 1142
f 1139 1142 1140
f 1140 1142 1146
f 1135 1889 1143
f 1135 1890 1889
f 1110 1144 1891
f 1110 1891 1906
f 1138 1143 1144
f 1143 1889 1144
f 1144 1889 1892
f 1144 1892 1891
f 1109 1145 1894
f 1109 1903 1135
f 1109 1894 1895
f 1109 1895 1902
f 1140 1146 1145
f 1145 1146 1896
f 1145 1896 1894
f 1119 1151 1141
f 1141 1151 1142
f 1119 1127 1151
f 1142 1153 1146
f 1142 1151 1153
f 1122 1148 1147
f 1147 1148 1149
f 1148 1155 1149
f 1148 1150 1155
f 1122 1147 1127
f 1127 1147 1151
f 1147 1149 1151
f 1126 1152 1148
f 1126 1131 1152
f 1148 1152 1154
f 1149 1153 1151
f 1149 1155 1153
f 1148 1154 1150
f 1150 1154 1158
f 1146 1153 1157
f 1146 1157 1896
f 1157 1911 1896
f 1150 1156 1155
f 1155 1156 1908
f 1153 1155 1157
f 1150 1158 1156
f 1155 1908 1157
f 1157 1908 1911
f 1156 1158 1984
f 1156 1984 1983
f 1003 1160 2074
f 1011 1951 1162
f 1163 1173 1172
f 1163 1174 1173
f 1164 1165 1177
f 1165 1166 1178
f 1164 1177 1176
f 1165 1178 1177
f 1166 1167 1179
f 1166 1179 1178
f 1164 1171 1168
f 1164 1169 1171
f 1164 1176 1169
f 1164 1168 1194
f 1164 1194 1195
f 1164 1195 1196
f 1167 1172 1186
f 1167 1186 1179
f 1172 1192 1186
f 1161 1238 1163
f 1163 1238 1174
f 1172 1173 1192
f 1173 1174 1193
f 1173 1193 1192
f 1175 1186 1192
f 1175 1192 1193
f 1169 1176 1170
f 1170 1176 1180
f 1180 1181 1183
f 1180 1183 1184
f 1180 1182 1181
f 1180 1210 1182
f 1184 1185 1189
f 1185 1187 1189
f 1187 1188 1189
f 1188 1221 1189
f 1189 1222 1386
f 1189 1191 1190
f 1189 1386 1191
f 1175 1193 1239
f 1164 1196 1203
f 1196 1197 1203
f 1197 1198 1203
f 1198 1199 1203
f 1199 1200 1203
f 1200 1201 1203
f 1203 1231 1204
f 1201 1231 1203
f 1204 1231 1232
f 1204 1232 1205
f 1205 1232 1233
f 1205 1233 1206
f 1206 1233 1234
f 1206 1234 1207
f 1207 1234 1235
f 1207 1235 1208
f 1208 1235 1236
f 1208 1236 1209
f 1209 1236 1237
f 1180 1211 1210
f 1180 1212 1211
f 1180 1214 1212
f 1212 1214 1213
f 1213 1214 1215
f 1201 1202 1231
f 1202 1214 1231
f 1214 1216 1215
f 1214 1217 1216
f 1214 1218 1217
f 1214 1219 1218
f 1189 1221 1222
f 1222 1223 1394
f 1223 1224 1396
f 1222 1393 1386
f 1222 1394 1393
f 1223 1395 1394
f 1223 1396 1395
f 1224 1397 1396
f 1219 1228 1220
f 1225 1228 1226
f 1224 1226 1228
f 1225 1227 1228
f 1220 1228 1227
f 1224 1228 1398
f 1224 1398 1397
f 1228 1229 1398
f 1228 1230 1229
f 1235 1240 1236
f 1236 1240 1237
f 1161 1162 1238
f 1175 1239 1413
f 1054 1209 1970
f 1011 1053 2175
f 1237 1240 1241
f 1054 2176 1055
f 1055 2177 1056
f 1056 2178 1057
f 1240 1427 1241
f 1057 2179 1058
f 1058 2180 1059
f 1059 2181 1060
f 1174 1238 1952
f 1162 1952 1238
f 1168 2079 1194
f 1169 2080 1171
f 1169 1170 2081
f 1168 1171 2082
f 1174 1958 1193
f 1193 1953 1239
f 1239 1953 1428
f 1170 1180 2081
f 1180 1184 2085
f 1184 1189 2089
f 1189 1190 2094
f 1190 1191 2095
f 1194 2096 1195
f 1195 2097 1196
f 1196 2098 1197
f 1197 2099 1198
f 1198 2100 1199
f 1199 2101 1200
f 1200 2102 1201
f 1201 2103 1202
f 1209 1237 1976
f 1202 2110 1214
f 1214 2115 1219
f 1219 2124 1228
f 1228 2124 1230
f 1229 2125 1398
f 1229 1230 2126
f 1162 1951 1952
f 1237 1241 1954
f 1241 1485 1954
f 1065 1251 1258
f 1065 1258 1260
f 1065 1260 1261
f 1066 1152 1131
f 1066 1154 1152
f 1066 1158 1154
f 1067 1268 1266
f 1067 1269 1268
f 1071 1073 1242
f 1242 1243 1244
f 1067 1254 1245
f 1073 1243 1242
f 1067 1255 1254
f 1067 1266 1255
f 1065 1261 1264
f 1065 1264 1985
f 1065 2194 1066
f 1066 1984 1158
f 1067 1272 1269
f 1067 1996 1272
f 1242 1244 1251
f 1244 1245 1253
f 1243 1245 1244
f 1076 1246 1247
f 1076 1247 1079
f 1246 1249 1247
f 1068 1278 1248
f 1068 1283 1278
f 1068 1286 1283
f 1068 1287 1286
f 1069 1249 1279
f 1069 1279 1281
f 1069 1281 1291
f 1069 1291 1294
f 1069 1294 1295
f 1246 1248 1249
f 1248 1275 1249
f 1068 1289 1287
f 1068 2018 1289
f 1069 1295 1297
f 1069 1297 2028
f 1069 2197 1094
f 1244 1253 1252
f 1244 1250 1251
f 1244 1252 1250
f 1250 1254 1251
f 1250 1252 1256
f 1252 1253 1259
f 1245 1256 1257
f 1245 1257 1253
f 1245 1254 1256
f 1251 1254 1255
f 1250 1256 1254
f 1256 1267 1257
f 1251 1255 1258
f 1252 1259 1267
f 1258 1266 1260
f 1253 1262 1259
f 1253 1263 1262
f 1259 1262 1270
f 1260 1268 1261
f 1262 1263 1271
f 1253 1987 1263
f 1253 1257 1987
f 1261 1269 1264
f 1263 1987 1265
f 1263 1265 1273
f 1264 1272 1985
f 1265 1986 1997
f 1265 1987 1986
f 1255 1266 1258
f 1252 1267 1256
f 1260 1266 1268
f 1257 1267 1270
f 1259 1270 1267
f 1257 1270 1271
f 1261 1268 1269
f 1262 1271 1270
f 1257 1271 1998
f 1264 1269 1272
f 1263 1273 1271
f 1257 1998 1987
f 1271 1273 1998
f 1272 1996 1985
f 1265 1997 1273
f 1273 1997 1998
f 1248 1274 1275
f 1248 1277 1274
f 1249 1275 1280
f 1248 1276 1277
f 1248 1278 1276
f 1274 1277 1282
f 1276 1279 1277
f 1276 1278 1281
f 1249 1280 1279
f 1275 1290 1280
f 1277 1279 1280
f 1276 1281 1279
f 1274 1284 1285
f 1274 1285 2015
f 1274 2015 2016
f 1285 1288 2015
f 1288 2017 2015
f 1274 2016 1275
f 1275 1293 1292
f 1275 2016 1293
f 1293 2016 1296
f 1296 2016 2027
f 1274 1282 1284
f 1277 1280 1282
f 1278 1283 1291
f 1282 1290 1284
f 1283 1286 1294
f 1284 1292 1285
f 1286 1287 1295
f 1285 1293 1288
f 1287 1289 1297
f 1288 1296 2017
f 1289 2018 2028
f 1280 1290 1282
f 1275 1292 1290
f 1278 1291 1281
f 1284 1290 1292
f 1283 1294 1291
f 1285 1292 1293
f 1286 1295 1294
f 1288 1293 1296
f 1287 1297 1295
f 1296 2027 2017
f 1289 2028 1297
f 1067 1080 2198
f 1080 1081 2199
f 1081 1082 2200
f 1082 1083 2201
f 1083 1084 2202
f 1085 1089 2207
f 1086 1087 2205
f 1086 2204 1089
f 1087 1088 2206
f 1088 1333 2206
f 1084 1090 2208
f 1090 1091 2209
f 1085 2203 1092
f 1092 2210 1093
f 1094 2212 1095
f 1095 2213 1104
f 1091 1096 2214
f 1093 2218 1100
f 1096 1097 2215
f 1097 1098 2216
f 1098 1099 2217
f 1100 2218 1101
f 1101 2219 1102
f 1102 2220 1103
f 1103 2221 1105
f 1099 1104 2222
f 1105 2223 1106
f 1106 2224 1107
f 1019 1299 1298
f 1298 1300 1304
f 1298 1299 1300
f 1051 1306 1299
f 1299 1301 1300
f 1299 1307 1301
f 1299 1306 1307
f 1041 1298 1302
f 1046 1302 1303
f 1038 1303 1305
f 1298 1304 1302
f 1052 1305 1309
f 1051 1308 1306
f 1052 1309 1311
f 1309 1310 1311
f 1302 1304 1415
f 1310 1313 1311
f 1060 1327 1338
f 1063 1312 1308
f 1300 1301 1415
f 1306 1417 1307
f 1301 1307 1417
f 1300 1415 1304
f 1302 1441 1303
f 1303 1441 1305
f 1064 1311 1315
f 1311 1313 1314
f 1305 1445 1309
f 1311 1314 1315
f 1309 1430 1310
f 1306 1308 1442
f 1175 1376 1312
f 1308 1312 1442
f 1310 1430 1313
f 1313 1437 1314
f 1314 1316 1315
f 1240 1315 1426
f 1315 1316 1426
f 1317 1318 1319
f 1317 1322 1318
f 1317 1321 1322
f 1318 1320 1319
f 1319 1320 1323
f 1321 1332 1322
f 1321 1331 1332
f 1317 1319 1492
f 1318 1496 1320
f 1319 1323 1495
f 1320 1324 1323
f 1320 1359 1324
f 1326 1330 1327
f 1327 1330 1359
f 1329 1359 1330
f 1324 1359 1325
f 1325 1359 1328
f 1328 1359 1329
f 1320 1499 1359
f 1317 1493 1321
f 1318 1322 1496
f 1331 1487 1332
f 1331 1486 1487
f 1321 1490 1331
f 1322 1332 1496
f 1317 1492 1493
f 1319 1494 1492
f 1319 1495 1494
f 1320 1496 1498
f 1320 1498 1499
f 1060 1333 1088
f 1060 1338 1333
f 1333 1338 1334
f 1334 1338 1335
f 1335 1338 1336
f 1336 1338 1337
f 1337 1338 1339
f 1338 1340 1339
f 1338 1342 1340
f 1338 1348 1342
f 1341 1342 1348
f 1343 1349 1344
f 1344 1349 1346
f 1346 1349 1694
f 1341 1348 1343
f 1343 1348 1349
f 1348 1697 1349
f 1348 1699 1697
f 1348 1352 1699
f 1349 1697 1355
f 1348 1353 1352
f 1348 1350 1353
f 1348 1512 1350
f 1349 1355 1351
f 1349 1351 1513
f 1352 1354 1699
f 1355 1697 1356
f 1356 1697 1358
f 1354 1357 1699
f 1358 1697 1515
f 1357 1516 1699
f 1348 1517 1512
f 1349 1513 1514
f 1349 1514 1526
f 1350 1513 1351
f 1352 1355 1356
f 1352 1353 1355
f 1351 1355 1353
f 1352 1356 1354
f 1354 1356 1358
f 1515 1697 1518
f 1350 1351 1353
f 1354 1358 1357
f 1357 1358 1515
f 1516 1551 1699
f 1327 1359 1338
f 1338 1359 1360
f 1359 1361 1360
f 1338 1360 1368
f 1359 1571 1361
f 1338 1368 1576
f 1360 1361 1363
f 1361 1362 1363
f 1362 1364 1365
f 1362 1365 1363
f 1364 1373 1365
f 1364 1372 1373
f 1360 1363 1366
f 1363 1365 1366
f 1360 1366 1368
f 1366 1369 1368
f 1366 1367 1369
f 1368 1369 1371
f 1367 1371 1369
f 1367 1370 1371
f 1365 1373 1366
f 1366 1595 1367
f 1370 1375 1371
f 1370 1374 1375
f 1359 1563 1571
f 1338 1576 1578
f 1338 1578 1582
f 1361 1573 1362
f 1362 1620 1364
f 1372 1585 1373
f 1361 1571 1570
f 1361 1570 1572
f 1364 1620 1372
f 1372 1569 1585
f 1361 1572 1573
f 1366 1373 1585
f 1367 1595 1370
f 1368 1371 1604
f 1374 1587 1375
f 1368 1580 1576
f 1368 1604 1580
f 1366 1585 1597
f 1366 1597 1594
f 1366 1594 1595
f 1370 1596 1374
f 1374 1586 1587
f 1371 1375 1604
f 1375 1587 1602
f 1175 1413 1376
f 1378 1379 1380
f 1378 1380 1381
f 1378 1381 1387
f 1378 1382 1379
f 1379 1383 1380
f 1379 1382 1383
f 1380 1383 1384
f 1382 1384 1383
f 1382 1385 1384
f 1380 1384 1381
f 1381 1384 1385
f 1382 1388 1385
f 1378 1399 1382
f 1378 1387 1389
f 1378 1389 1391
f 1381 1385 1387
f 1385 1388 1387
f 1382 1390 1388
f 1387 1388 1389
f 1382 1392 1390
f 1382 1403 1392
f 1301 1417 1415
f 1376 1413 1377
f 1312 1376 1449
f 1388 1390 1389
f 1389 1390 1391
f 1390 1392 1391
f 1306 1442 1417
f 1382 1399 1403
f 1302 1415 1441
f 1399 1400 1404
f 1399 1404 1403
f 1400 1405 1404
f 1400 1401 1405
f 1403 1404 1405
f 1403 1405 1406
f 1401 1406 1405
f 1401 1402 1406
f 1403 1406 1408
f 1399 1411 1400
f 1400 1411 1401
f 1401 1411 1402
f 1402 1411 1407
f 1402 1408 1406
f 1402 1407 1408
f 1403 1408 1410
f 1407 1410 1408
f 1403 1410 1412
f 1314 1437 1316
f 1309 1445 1430
f 1305 1441 1445
f 1407 1411 1409
f 1407 1409 1410
f 1409 1412 1410
f 1409 1411 1412
f 1313 1430 1437
f 1316 1437 1426
f 1377 1413 1414
f 1376 1377 1446
f 1239 1428 1413
f 1377 1414 1446
f 1413 1428 1414
f 1312 1449 1442
f 1415 1417 1416
f 1416 1417 1418
f 1417 1420 1418
f 1417 1419 1421
f 1417 1421 1422
f 1417 1423 1420
f 1417 1424 1423
f 1417 1422 1425
f 1417 1425 1424
f 1426 1475 1427
f 1426 1437 1475
f 1240 1426 1427
f 1241 1427 1485
f 1060 2182 1327
f 1414 1428 1429
f 1414 1429 1446
f 1378 2300 1399
f 1376 1446 1449
f 1428 1453 1429
f 1378 1391 2300
f 1191 1386 2538
f 1392 1403 2301
f 1391 1392 2301
f 1415 1416 1441
f 1416 1418 1443
f 1417 1442 1419
f 1418 1420 1444
f 1430 1431 1432
f 1430 1432 1433
f 1419 1461 1421
f 1421 1462 1422
f 1420 1423 1464
f 1422 1466 1425
f 1423 1424 1463
f 1424 1425 1468
f 1416 1443 1441
f 1430 1445 1431
f 1431 1465 1432
f 1430 1433 1434
f 1430 1434 1435
f 1430 1435 1436
f 1430 1436 1438
f 1430 1439 1437
f 1430 1438 1440
f 1430 1440 1439
f 1427 1475 1485
f 1386 1393 2539
f 1393 1394 2540
f 1394 1395 2541
f 1395 1396 2542
f 1396 1397 2543
f 1397 1398 2544
f 1403 1412 2301
f 1399 2536 1411
f 1418 1444 1443
f 1419 1442 1461
f 1421 1461 1462
f 1420 1464 1444
f 1423 1463 1464
f 1422 1462 1466
f 1425 1466 1468
f 1424 1468 1467
f 1424 1467 1463
f 1432 1469 1433
f 1433 1470 1434
f 1431 1445 1465
f 1434 1471 1435
f 1441 1443 1445
f 1443 1444 1465
f 1443 1465 1445
f 1432 1465 1469
f 1435 1474 1436
f 1437 1439 1475
f 1436 1476 1438
f 1438 1477 1440
f 1439 1440 1478
f 1433 1469 1470
f 1434 1470 1471
f 1411 2312 1412
f 1428 2226 1453
f 1429 1453 1456
f 1429 1456 1446
f 1446 1447 1449
f 1447 1448 1473
f 1448 1450 1479
f 1447 1473 1449
f 1450 1451 1480
f 1448 1479 1473
f 1451 1452 1481
f 1450 1480 1479
f 1446 1456 1447
f 1447 1456 1448
f 1448 1456 1450
f 1450 1456 1451
f 1451 1456 1452
f 1428 1953 2226
f 1453 2226 1456
f 1451 1481 1480
f 1452 1454 1483
f 1454 1455 1484
f 1452 1482 1481
f 1452 1483 1482
f 1455 1457 1459
f 1452 1456 1454
f 1454 1456 1455
f 1455 1456 1457
f 1456 1458 1457
f 1456 2226 2227
f 1456 2227 1458
f 1457 1458 1460
f 1454 1484 1483
f 1457 1460 1459
f 1455 1459 1484
f 1458 2227 1460
f 1444 1464 1469
f 1444 1469 1465
f 1463 1470 1464
f 1442 1449 1461
f 1461 1473 1462
f 1462 1479 1466
f 1463 1467 1471
f 1464 1470 1469
f 1463 1471 1470
f 1435 1471 1472
f 1435 1472 1474
f 1436 1474 1476
f 1438 1476 1477
f 1439 1478 1475
f 1440 1477 1478
f 1449 1473 1461
f 1466 1480 1468
f 1462 1473 1479
f 1467 1468 1481
f 1467 1472 1471
f 1466 1479 1480
f 1467 1482 1472
f 1468 1480 1481
f 1475 2231 1485
f 1467 1481 1482
f 1472 2234 1474
f 1475 1478 2231
f 1477 2229 1478
f 1474 2233 1476
f 1476 2232 1477
f 1472 1482 2234
f 1478 2229 2231
f 1477 2230 2229
f 1477 2232 2230
f 1476 2233 2232
f 1474 2234 2233
f 1485 2231 2284
f 1485 2284 1954
f 1331 1500 1486
f 1321 1493 1490
f 1332 1487 1497
f 1486 1489 1487
f 1331 1490 1500
f 1332 1497 1496
f 1323 1504 1495
f 1323 1506 1504
f 1323 1510 1506
f 1486 1488 1489
f 1487 1489 1501
f 1487 1491 1497
f 1487 1501 1491
f 1486 1502 1488
f 1486 1500 1502
f 1490 1497 1491
f 1323 2333 1510
f 1492 1496 1493
f 1493 1496 1497
f 1492 1494 1498
f 1492 1498 1496
f 1490 1493 1497
f 1494 1495 1499
f 1494 1499 1498
f 1359 1499 1505
f 1359 1505 1507
f 1359 1507 1511
f 1359 1511 2334
f 1323 1324 2577
f 1324 1325 2578
f 1326 1327 2580
f 1326 2580 1330
f 1325 1328 2581
f 1329 1330 2583
f 1328 1329 2582
f 1490 1491 1500
f 1491 1501 1500
f 1500 1501 1502
f 1489 1503 1501
f 1488 2328 1489
f 1488 1502 1508
f 1501 1503 1502
f 1502 1503 1508
f 1489 1509 1503
f 1495 1505 1499
f 1495 1504 1505
f 1504 1507 1505
f 1504 1506 1507
f 1506 1511 1507
f 1488 1508 2327
f 1488 2327 2328
f 1489 2328 1509
f 1503 1509 1508
f 1508 1509 2329
f 1508 2329 2327
f 1509 2330 2329
f 1509 2328 2330
f 1506 1510 1511
f 1510 2334 1511
f 1510 2333 2334
f 1333 1334 2594
f 1334 1335 2595
f 1335 1336 2596
f 1336 1337 2597
f 1338 2598 1348
f 1337 1339 2599
f 1339 1340 2600
f 1341 2601 1342
f 1340 1342 2602
f 1341 1343 2601
f 1107 2605 1345
f 1343 1344 2604
f 1345 2605 1347
f 1346 1347 2607
f 1344 1346 2606
f 1348 1520 1517
f 1349 1526 1543
f 1349 1543 1532
f 1349 1532 1533
f 1348 1534 1520
f 1348 1536 1534
f 1348 1538 1536
f 1350 1512 1513
f 1512 1514 1513
f 1357 1515 1516
f 1515 1518 1516
f 1348 1541 1538
f 1348 2359 1541
f 1349 1533 1540
f 1349 1540 2357
f 1512 1517 1514
f 1514 1517 1524
f 1516 1518 1519
f 1516 1519 1531
f 1518 1528 1519
f 1517 1523 1524
f 1517 1522 1523
f 1517 1520 1521
f 1517 1521 1522
f 1522 1535 1523
f 1520 1526 1521
f 1521 1525 1522
f 1521 1526 1525
f 1522 1525 1527
f 1514 1524 1525
f 1514 1525 1526
f 1524 1527 1525
f 1524 1544 1527
f 1523 1546 1524
f 1524 1545 1544
f 1524 1546 1545
f 1518 1762 1528
f 1519 1528 1529
f 1516 1531 1551
f 1519 1529 1530
f 1518 1764 1762
f 1519 1530 1531
f 1528 1762 1763
f 1528 1549 1529
f 1529 1550 1530
f 1528 1763 1765
f 1528 1765 1556
f 1530 1763 1762
f 1531 1762 1764
f 1530 1762 1531
f 1531 1764 1551
f 1532 1543 1534
f 1532 1536 1533
f 1520 1534 1543
f 1523 1535 1537
f 1532 1534 1536
f 1523 1537 1539
f 1522 1527 1535
f 1520 1543 1526
f 1527 1544 1535
f 1535 1544 1537
f 1537 1544 1545
f 1533 1536 1538
f 1537 1545 1539
f 1539 1545 1547
f 1523 2361 1546
f 1523 1539 2361
f 1533 1538 1540
f 1541 2359 2357
f 1540 1541 2357
f 1538 1541 1540
f 1539 1542 2361
f 1539 1547 1542
f 1542 1547 1548
f 1542 2360 2361
f 1542 1548 2360
f 1548 2372 2360
f 1545 1546 1547
f 1546 1548 1547
f 1546 2372 1548
f 1546 2361 2376
f 1546 2376 2372
f 1529 1552 1550
f 1529 1554 1552
f 1550 1552 1765
f 1530 1550 1763
f 1528 1556 1549
f 1550 1765 1763
f 1551 1764 1766
f 1552 1556 1765
f 1551 1766 1553
f 1553 1767 1555
f 1553 1766 1767
f 1529 1558 1554
f 1552 1554 1556
f 1529 1549 2379
f 1529 2379 1558
f 1554 1557 1556
f 1549 1556 1557
f 1555 1767 1768
f 1555 1768 1559
f 1554 1558 1557
f 1549 1557 1560
f 1557 1558 1560
f 1549 1560 2382
f 1559 1768 1769
f 1559 1769 1562
f 1558 2379 1561
f 1558 1561 1560
f 1560 1561 2382
f 1562 1769 2653
f 1562 2653 2381
f 1359 1611 1563
f 1359 1612 1611
f 1359 1617 1612
f 1338 1582 1625
f 1338 1625 1616
f 1338 1616 1619
f 1359 2415 1617
f 1338 1619 2418
f 1564 1570 1571
f 1564 1566 1570
f 1566 1567 1572
f 1563 1565 1571
f 1564 1571 1565
f 1564 1567 1566
f 1564 1568 1567
f 1564 1565 1568
f 1362 1573 1620
f 1372 1621 1569
f 1569 1588 1585
f 1372 1620 1621
f 1569 1574 1588
f 1566 1572 1570
f 1567 1573 1572
f 1567 1568 1573
f 1569 1623 1574
f 1551 1553 1699
f 1553 1555 1699
f 1555 1559 1699
f 1575 1577 1626
f 1576 1579 1578
f 1576 1577 1579
f 1576 1580 1577
f 1577 1580 1581
f 1575 1579 1577
f 1575 1582 1578
f 1575 1578 1579
f 1580 1583 1581
f 1581 1583 1584
f 1559 1562 1699
f 1562 2381 1699
f 1370 1595 1596
f 1374 1596 1598
f 1374 1598 1586
f 1375 1602 1604
f 1586 1610 1587
f 1585 1588 1640
f 1585 1640 1597
f 1580 1600 1583
f 1580 1604 1600
f 1590 1595 1591
f 1589 1591 1594
f 1590 1592 1596
f 1592 1593 1598
f 1591 1595 1594
f 1590 1596 1595
f 1589 1594 1597
f 1592 1598 1596
f 1600 1604 1601
f 1599 1601 1604
f 1601 1608 1647
f 1586 1598 1641
f 1586 1641 1607
f 1587 1605 1602
f 1587 1606 1605
f 1586 1607 1610
f 1587 1610 1606
f 1599 1604 1602
f 1599 1602 1603
f 1602 1605 1603
f 1603 1605 1608
f 1599 1603 1601
f 1601 1603 1608
f 1605 1606 1608
f 1606 1609 1608
f 1611 1612 1615
f 1563 1613 1565
f 1563 1611 1613
f 1611 1615 1613
f 1565 1614 1568
f 1565 1613 1614
f 1613 1622 1614
f 1613 1615 1622
f 1612 1618 1615
f 1615 1624 1622
f 1612 1617 1618
f 1617 2415 2417
f 1615 1618 1624
f 1616 1634 1619
f 1617 2417 1618
f 1618 2417 2428
f 1619 2435 2418
f 1618 2428 1624
f 1568 1620 1573
f 1569 1621 1623
f 1568 1614 1620
f 1614 1621 1620
f 1614 1622 1621
f 1621 1622 1623
f 1622 1624 1623
f 1574 1623 2427
f 1574 2427 2429
f 1574 2429 2451
f 1623 1624 2427
f 1624 2428 2427
f 1575 1626 1582
f 1577 1627 1626
f 1582 1626 1625
f 1577 1630 1627
f 1625 1626 1627
f 1616 1625 1627
f 1583 1628 1584
f 1584 1628 1629
f 1628 1631 1629
f 1577 1634 1630
f 1616 1627 1630
f 1616 1630 1634
f 1577 2435 1634
f 1628 1633 1631
f 1631 1633 1632
f 1632 1633 1636
f 1577 2438 2435
f 1577 1581 2506
f 1633 1635 1636
f 1581 1584 2506
f 1635 1637 1636
f 1619 1634 2435
f 1577 2441 2438
f 1584 1629 2506
f 1635 2436 1637
f 1629 1631 2506
f 1631 1632 2506
f 1637 2436 2437
f 1583 1646 1628
f 1583 1600 1646
f 1588 1644 1640
f 1628 1646 1649
f 1574 2451 1588
f 1588 1659 1644
f 1628 1649 1633
f 1633 1649 1661
f 1589 1597 1638
f 1597 1640 1638
f 1638 1640 1642
f 1593 1641 1598
f 1593 1639 1641
f 1639 1645 1641
f 1640 1644 1642
f 1642 1644 1657
f 1639 1643 1645
f 1643 1660 1645
f 1600 1601 1647
f 1608 1648 1647
f 1600 1647 1646
f 1646 1647 1648
f 1608 1650 1648
f 1646 1648 1649
f 1608 1651 1650
f 1608 1662 1651
f 1648 1650 1649
f 1649 1650 1651
f 1649 1651 1661
f 1607 1641 1645
f 1606 1652 1609
f 1609 1652 1653
f 1606 1610 1652
f 1652 1654 1653
f 1610 1656 1652
f 1607 1645 1660
f 1652 1656 1654
f 1610 1664 1656
f 1654 1656 1655
f 1655 1656 1664
f 1607 2468 1610
f 1588 2451 1659
f 1633 1661 1635
f 1659 2451 2454
f 1635 2460 2436
f 1635 1661 2460
f 1589 2512 1591
f 1644 1659 1657
f 1589 1638 2476
f 1638 1642 2472
f 1590 1591 2514
f 1590 2516 1592
f 1592 2515 1593
f 1593 2513 1639
f 1643 1658 1660
f 1642 1657 2456
f 1657 1659 2452
f 1659 2454 2452
f 1639 2477 1643
f 1643 2473 1658
f 1658 2455 1660
f 1658 2453 2455
f 1608 2461 1662
f 1651 1662 1661
f 1608 2463 2461
f 1661 1662 2461
f 1608 2464 2463
f 1661 2461 2460
f 1608 2481 2464
f 1607 1660 2465
f 1655 1664 1663
f 1608 1609 2529
f 1610 2468 1664
f 1607 2465 2468
f 1660 2455 2465
f 1609 1653 2529
f 1663 1664 1665
f 1653 1654 2529
f 1654 1655 2529
f 1664 2466 1665
f 1664 2468 2466
f 1665 2466 2467
f 462 1068 1666
f 1068 1069 1666
f 1069 1094 1666
f 1094 1095 1669
f 1094 1668 1666
f 1094 1669 1668
f 1666 1672 1673
f 1666 1668 1667
f 1666 1667 1670
f 1666 1670 1671
f 1666 1671 1672
f 1095 1106 1669
f 1106 1107 1669
f 1107 1688 1669
f 1666 1673 4671
f 1674 1686 1696
f 1674 1675 1686
f 1675 1676 1685
f 1676 1677 1684
f 1677 1678 1681
f 1686 4675 1696
f 1675 1685 1686
f 1676 1684 1685
f 1677 1681 1684
f 1678 1682 1681
f 1678 1679 1682
f 1679 1680 1682
f 1680 1683 1682
f 1680 1687 1683
f 1667 1668 2633
f 1667 2632 1670
f 1668 1669 2634
f 1670 2635 1671
f 1671 2636 1672
f 1672 2637 1673
f 1669 1688 2634
f 1666 4686 2631
f 1696 4675 2807
f 1674 2639 1675
f 1675 2640 1676
f 1676 2641 1677
f 1677 2642 1678
f 1678 2643 1679
f 1679 2644 1680
f 1681 1682 2647
f 1682 1683 2648
f 1673 5148 4671
f 1684 2649 1685
f 1681 2646 1684
f 1685 2650 1686
f 1683 1687 2652
f 1107 1345 1688
f 1345 1347 1691
f 1345 1689 1688
f 1345 1690 1689
f 1345 1691 1690
f 1347 1692 1691
f 1347 1693 1692
f 1346 1694 1693
f 1346 1693 1347
f 1349 1695 1694
f 1349 1696 1695
f 1349 1674 1696
f 1697 1698 1754
f 1698 1700 1754
f 1697 1699 1698
f 1698 1777 1701
f 1698 1701 1700
f 1700 1716 1719
f 1700 1719 1721
f 1700 1701 1706
f 1700 1706 1705
f 1700 1705 1704
f 1700 1704 1703
f 1700 1703 1708
f 1700 1708 1707
f 1700 1707 1716
f 1701 1709 1706
f 1701 1702 1714
f 1701 1710 1709
f 1701 1711 1710
f 1701 1712 1711
f 1701 1714 1712
f 1702 1713 1714
f 1702 1715 1713
f 1702 1718 1715
f 1712 1714 1717
f 1702 1722 1718
f 1700 1721 1720
f 1700 1720 1725
f 1700 1725 1726
f 1700 1726 1727
f 1700 1727 1733
f 1701 1796 1702
f 1722 1737 1718
f 1712 1717 1791
f 1722 1723 1728
f 1702 1724 1722
f 1722 1724 1723
f 1724 1742 1723
f 1724 1741 1742
f 1698 1778 1776
f 1698 1776 1775
f 1698 1775 1777
f 1701 1777 1779
f 1700 1733 1735
f 1700 1735 1734
f 1700 1734 1729
f 1700 1729 1730
f 1700 1730 1732
f 1700 1732 1731
f 1700 1731 1785
f 1700 1785 1786
f 1700 1786 1787
f 1702 1796 1724
f 1736 1727 1726
f 1716 1790 1719
f 1722 1728 1740
f 1722 1740 1737
f 1791 1717 1739
f 1700 1787 1795
f 1700 1795 1794
f 1700 1794 1850
f 1701 1779 1799
f 1701 1799 1797
f 1701 1797 1796
f 1740 1728 1789
f 1801 1719 1790
f 1741 1743 1742
f 1741 1744 1743
f 1741 1745 1744
f 1724 1796 1741
f 1741 1746 1745
f 1741 1821 1746
f 1821 1822 1746
f 1680 1748 1687
f 1700 1761 1754
f 1687 1748 1747
f 1747 1748 1749
f 1747 1749 1751
f 1751 1752 1756
f 1747 1751 1755
f 1751 1756 1755
f 1752 1757 1756
f 1750 1754 1761
f 1750 1761 1753
f 1752 1753 1761
f 1752 1761 1757
f 1757 1761 1758
f 1758 1761 1759
f 1759 4703 1760
f 1759 1761 4703
f 1761 4707 4703
f 1761 4708 4707
f 1761 4709 4708
f 1761 4710 4709
f 1349 2609 1674
f 1688 1689 2800
f 1689 1690 2801
f 1690 1691 2802
f 1691 1692 2803
f 1692 1693 2804
f 1693 1694 2805
f 1694 1695 2806
f 1695 1696 2807
f 1518 1697 1764
f 1697 1766 1764
f 1697 1767 1766
f 1697 1768 1767
f 1697 1769 1768
f 1697 2653 1769
f 1700 2843 1761
f 1698 1832 1778
f 1698 1834 1832
f 1698 1840 1834
f 1698 1699 2809
f 1771 1774 1772
f 1771 1829 1774
f 1771 1775 1776
f 1770 1776 1778
f 1770 1771 1776
f 1771 1772 1775
f 1770 1778 1773
f 1772 1774 1777
f 1698 2668 1840
f 1772 1777 1775
f 1774 1779 1777
f 1781 1784 1783
f 1780 1781 1797
f 1781 1783 1796
f 1781 1843 1784
f 1780 1799 1782
f 1783 1784 1798
f 1700 1850 1852
f 1700 1852 1851
f 1700 1851 1873
f 1741 1796 1798
f 1816 1788 1738
f 1791 1739 1792
f 1816 1738 1815
f 1738 1814 1815
f 1700 1873 2690
f 1700 2690 2691
f 1781 1796 1797
f 1783 1798 1796
f 1780 1797 1799
f 1816 1813 1788
f 1793 1803 1818
f 1820 1802 1793
f 1820 1793 1818
f 1808 1809 1810
f 1812 1808 1810
f 1816 1817 1813
f 1820 1804 1802
f 1820 1819 1804
f 1863 1807 1806
f 1863 1805 1807
f 1820 1818 1859
f 1818 1860 1859
f 1863 1818 1805
f 1863 1806 1862
f 1861 1824 1872
f 1741 1798 1821
f 1821 1823 1822
f 1821 1824 1823
f 1821 1825 1824
f 1798 1800 1821
f 1800 1855 1821
f 1784 1800 1798
f 1821 1826 1825
f 1821 1855 1826
f 1861 1823 1824
f 1826 1827 1825
f 1773 1832 1828
f 1771 1831 1829
f 1773 1778 1832
f 1828 1832 1834
f 1774 1829 1779
f 1829 1831 1833
f 1828 1834 1830
f 1771 1837 1831
f 1771 1838 1837
f 1771 2663 1838
f 1830 1834 1840
f 1831 1837 1835
f 1779 1829 1833
f 1779 1833 1799
f 1831 1835 1833
f 1833 1835 1856
f 1782 1854 1842
f 1842 1856 1844
f 1830 1840 1836
f 1770 2741 1771
f 1771 2664 2663
f 1770 1773 2741
f 1771 2667 2664
f 1837 1838 1841
f 1836 1840 1839
f 1839 2668 2662
f 1773 1828 2741
f 1828 1830 2741
f 1771 2673 2667
f 1839 1840 2668
f 1838 2663 2669
f 1835 1837 1841
f 1835 1841 1874
f 1838 2669 1841
f 1841 2669 2692
f 1844 1874 1846
f 1846 1874 1849
f 1849 2692 2680
f 1781 1845 1843
f 1784 1843 1800
f 1843 1845 1855
f 1781 1847 1845
f 1781 1848 1847
f 1781 2681 1848
f 1780 2752 1781
f 1780 1782 2752
f 1781 2682 2681
f 1781 2685 2682
f 1782 1842 2752
f 1842 1844 2752
f 1781 2687 2685
f 1799 1833 1854
f 1833 1856 1854
f 1782 1799 1854
f 1842 1854 1856
f 1835 1874 1856
f 1844 1856 1874
f 1866 1858 1811
f 1877 1853 1858
f 1863 1860 1818
f 1863 1862 1864
f 1862 1867 1864
f 1869 1862 1861
f 1862 1868 1867
f 1869 1861 1872
f 1866 1811 1865
f 1866 1876 1858
f 1876 1877 1858
f 1869 1868 1862
f 1869 1872 1870
f 1869 1870 1871
f 1870 1878 1871
f 1879 1870 1883
f 1879 1883 1880
f 1841 2692 1874
f 1849 1874 2692
f 1870 1879 1878
f 1879 2703 1881
f 2703 1882 1881
f 2698 1882 2703
f 1879 1880 1888
f 1879 1888 2703
f 1800 1843 1855
f 1826 1855 1857
f 1845 1857 1855
f 1845 1847 1857
f 1826 1857 1875
f 1826 1885 1827
f 1883 1870 1884
f 1826 1886 1885
f 1886 1826 1887
f 1847 1875 1857
f 1847 1848 1875
f 1848 2731 1875
f 1848 2681 2731
f 1875 2731 2732
f 1826 1875 2732
f 1826 2732 1887
f 1888 1880 1886
f 1888 1886 1887
f 2732 2733 1887
f 1680 2645 1748
f 1697 1754 2875
f 1687 1747 2652
f 1748 2869 1749
f 1749 2870 1751
f 1751 2872 1752
f 1752 2873 1753
f 1750 1753 2874
f 1750 2871 1754
f 1747 1755 2876
f 1755 1756 2877
f 1756 1757 2878
f 1757 1758 2879
f 1758 1759 2880
f 1759 1760 2881
f 1761 2882 4710
f 1135 1898 1890
f 1135 1899 1898
f 1135 1925 1899
f 1135 1929 1925
f 1889 1890 1892
f 1890 1893 1892
f 1891 1892 1893
f 1891 1936 1906
f 1891 1893 1926
f 1890 1898 1893
f 1109 1902 1903
f 1135 1903 1928
f 1135 1928 1930
f 1894 1896 1897
f 1894 1897 1895
f 1895 1897 1904
f 1891 1926 1936
f 1893 1898 1900
f 1898 1899 1900
f 1893 1900 1926
f 1899 1901 1900
f 1899 1925 1901
f 1901 1925 1927
f 1900 1901 1926
f 1135 1931 1929
f 1135 1930 1931
f 1895 1904 1902
f 1902 1904 1905
f 1902 1905 1903
f 1903 1932 1928
f 1903 1905 1932
f 1896 1912 1897
f 1896 1911 1912
f 1897 1912 1918
f 1156 1909 1908
f 1156 1983 1909
f 1909 1983 1910
f 1909 1910 1915
f 1908 1909 1911
f 1909 1912 1911
f 1913 1983 1984
f 1910 1983 1913
f 1909 1914 1912
f 1910 1913 1919
f 1897 1918 1904
f 1904 1918 1920
f 1904 1920 1905
f 1905 1920 1932
f 1920 1943 1932
f 1909 1916 1914
f 1909 1938 1916
f 1909 1915 1917
f 1909 1917 1939
f 1909 1940 1938
f 1909 1939 1941
f 1909 1942 1940
f 1909 1941 1942
f 1912 1914 1918
f 1914 1916 1918
f 1910 1919 1915
f 1915 1919 1921
f 1916 1920 1918
f 1916 1938 1920
f 1920 1938 1943
f 1915 1921 1917
f 1917 1944 1939
f 1917 1921 1944
f 1925 1929 1927
f 1926 2055 1936
f 1901 2053 1926
f 1901 1927 2053
f 1927 1933 2053
f 1927 1929 1933
f 1928 1934 1930
f 1928 1932 1934
f 1929 1931 1933
f 1930 1935 1931
f 1931 1935 1933
f 1930 1934 1935
f 1926 2053 2055
f 1933 1935 2054
f 1933 2054 2053
f 1938 1940 1943
f 1940 1945 1943
f 1939 1946 1941
f 1939 1944 1946
f 1940 1942 1945
f 1941 1947 1942
f 1942 1947 1945
f 1941 1946 1947
f 2074 1160 1922
f 2074 1922 1923
f 2074 1923 1924
f 2074 1924 1948
f 1011 2134 1951
f 1174 1952 1958
f 1951 1956 1952
f 1193 1964 1953
f 1237 1954 1976
f 1951 1955 1956
f 1193 1958 1964
f 1168 2082 2079
f 1169 2081 2080
f 1171 2080 2082
f 1952 1956 1958
f 1953 1957 2267
f 1180 2085 2081
f 1184 2089 2085
f 1189 2093 2089
f 1189 2094 2093
f 1190 2095 2094
f 1191 2538 2095
f 1953 1964 1957
f 1194 2079 2096
f 1195 2096 2097
f 1196 2097 2098
f 1197 2098 2099
f 1198 2099 2100
f 1199 2100 2101
f 1200 2101 2102
f 1201 2102 2103
f 1202 2103 2104
f 1209 1976 1970
f 1202 2104 2110
f 1214 2110 2115
f 1219 2115 2124
f 1230 2124 2126
f 1229 2126 2125
f 1054 1970 2176
f 1954 2287 1982
f 1954 1982 1976
f 1011 2175 2134
f 1951 2134 1955
f 1955 2077 1956
f 1957 2083 2288
f 1955 2075 2077
f 1956 2077 1958
f 1958 1959 1965
f 1958 1965 1964
f 1959 1966 1965
f 1958 2077 1959
f 1959 2077 1960
f 1959 1960 1966
f 1960 1961 1967
f 1960 1967 1966
f 1961 1962 1968
f 1961 1968 1967
f 1962 1963 1969
f 1963 2078 2084
f 1962 1969 1968
f 1963 2084 1969
f 1957 1964 2083
f 1964 1965 2083
f 1965 1966 2083
f 1970 1976 1971
f 1971 1976 1977
f 1971 1977 1972
f 1972 1977 1978
f 1972 1978 1973
f 1973 1978 1979
f 1973 1979 1974
f 1974 1979 1980
f 1975 1981 2105
f 1981 2127 2105
f 1974 1980 1975
f 1975 1980 1981
f 1976 2131 1977
f 1977 2131 1978
f 1053 2074 2175
f 1055 2176 2177
f 1056 2177 2178
f 1982 2324 2131
f 1057 2178 2179
f 1058 2179 2180
f 1059 2180 2181
f 1060 2181 2182
f 1976 1982 2131
f 1065 1985 2193
f 1066 2194 1984
f 1067 2195 1996
f 1985 1996 1988
f 1986 1987 1989
f 1986 1989 2000
f 1988 1999 1990
f 1987 1992 1989
f 1989 1992 2003
f 1987 1998 2010
f 1990 2001 1991
f 1987 2010 1992
f 1992 1993 2004
f 1991 2002 1994
f 1994 2005 2007
f 1995 2009 2013
f 1992 2010 1993
f 1993 1995 2006
f 1993 2010 1995
f 1988 1996 1999
f 1986 2000 1997
f 1997 2000 1998
f 1990 1999 2001
f 1989 2003 2000
f 1998 2000 2003
f 1991 2001 2002
f 1992 2004 2003
f 1998 2003 2014
f 1994 2002 2005
f 1995 2013 2006
f 2005 2011 2007
f 1993 2006 2004
f 2003 2004 2014
f 2004 2006 2014
f 1998 2014 2010
f 2007 2011 2008
f 2008 2012 2009
f 1995 2010 2009
f 2007 2008 2045
f 2008 2009 2045
f 2009 2010 2045
f 2010 2014 2045
f 2008 2011 2012
f 2009 2012 2013
f 2006 2013 2014
f 2012 2046 2013
f 2013 2046 2014
f 2015 2017 2019
f 2015 2019 2021
f 2015 2021 2037
f 2015 2037 2038
f 2021 2022 2037
f 2016 2029 2027
f 2016 2031 2029
f 2015 2038 2016
f 2016 2038 2031
f 2031 2038 2032
f 2017 2027 2019
f 2018 2020 2030
f 2019 2029 2021
f 2020 2023 2033
f 1068 2196 2018
f 2021 2031 2022
f 2023 2024 2034
f 2022 2032 2025
f 2022 2025 2037
f 2025 2035 2039
f 2026 2041 2044
f 2024 2026 2036
f 2019 2027 2029
f 2018 2030 2028
f 2021 2029 2031
f 2020 2033 2030
f 1069 2028 2197
f 2022 2031 2032
f 2023 2034 2033
f 2025 2032 2035
f 2035 2042 2039
f 2032 2038 2035
f 2026 2044 2036
f 2024 2036 2034
f 2037 2039 2049
f 2038 2050 2042
f 2037 2050 2038
f 2025 2039 2037
f 2039 2042 2040
f 2040 2043 2041
f 2039 2040 2049
f 2040 2041 2049
f 2035 2038 2042
f 2040 2042 2043
f 2041 2043 2044
f 2042 2050 2043
f 1985 1988 2193
f 1988 1990 2193
f 1065 2193 2194
f 1913 1984 2194
f 1996 2195 1999
f 1999 2195 2001
f 2007 2045 2047
f 2045 2046 2047
f 2014 2046 2045
f 1990 1991 2193
f 1991 1994 2193
f 1994 2007 2193
f 1913 2194 1919
f 2001 2195 2002
f 2002 2195 2005
f 1919 2194 1921
f 1921 2194 1944
f 2047 2048 2183
f 2005 2195 2011
f 2011 2195 2012
f 2046 2048 2047
f 2012 2195 2046
f 2048 2185 2183
f 1067 2198 2195
f 2037 2049 2050
f 2049 2052 2050
f 2018 2196 2020
f 2020 2196 2023
f 684 2196 1068
f 2028 2030 2197
f 2030 2033 2197
f 2049 2051 2052
f 2051 2187 2190
f 2051 2190 2052
f 2023 2196 2024
f 2024 2196 2026
f 2026 2196 2041
f 2041 2196 2049
f 2033 2034 2197
f 2034 2036 2197
f 2036 2044 2197
f 2043 2197 2044
f 2043 2050 2197
f 1080 2199 2198
f 1081 2200 2199
f 1082 2201 2200
f 1083 2202 2201
f 1085 2207 2203
f 1086 2205 2204
f 1089 2204 2207
f 1087 2206 2205
f 1084 2208 2202
f 1090 2209 2208
f 1092 2203 2210
f 1093 2210 2211
f 1091 2214 2209
f 1093 2211 2218
f 1094 2197 2212
f 1095 2212 2213
f 1096 2215 2214
f 1097 2216 2215
f 1099 2222 2217
f 1098 2217 2216
f 1101 2218 2219
f 1102 2219 2220
f 1103 2220 2221
f 1104 2213 2222
f 1105 2221 2223
f 1106 2223 2224
f 1107 2224 2225
f 1107 2225 2605
f 2053 2057 2055
f 1935 2061 2054
f 1932 2063 1934
f 1934 2063 1935
f 1932 1943 2063
f 2053 2054 2057
f 1935 2062 2061
f 1937 2056 2070
f 1943 1945 2063
f 1945 1947 2194
f 1944 2194 1946
f 1946 2194 1947
f 2074 1948 1949
f 2074 1949 1950
f 2074 1950 2059
f 2074 2059 2060
f 2054 2064 2057
f 2054 2061 2064
f 1935 2063 2062
f 2061 2067 2064
f 2061 2062 2067
f 2062 2068 2067
f 2062 2070 2068
f 2062 2063 2070
f 2063 2072 2070
f 2063 2074 2072
f 2068 2070 2056
f 2074 2071 2072
f 1945 2194 2063
f 2063 2194 2074
f 2074 2060 2058
f 2074 2058 2065
f 2074 2065 2066
f 2074 2066 2069
f 2074 2069 2073
f 2074 2073 2071
f 1955 2134 2075
f 2075 2134 2076
f 1960 2077 2128
f 2078 2079 2082
f 2078 2082 2080
f 2078 2080 2084
f 2078 2096 2079
f 2078 2097 2096
f 2078 2098 2097
f 1960 2128 1961
f 1961 2128 1962
f 2075 2128 2077
f 1962 2128 1963
f 1963 2135 2078
f 1966 2129 2083
f 2080 2081 2084
f 2081 2085 2084
f 2085 2088 2086
f 2085 2089 2088
f 2085 2086 2087
f 2085 2087 2106
f 1966 1967 2129
f 1967 1968 2129
f 2089 2093 2090
f 2090 2093 2091
f 2091 2093 2092
f 2092 2093 2117
f 2093 2538 2118
f 2093 2094 2095
f 2093 2095 2538
f 2083 2129 2547
f 1968 1969 2136
f 1969 2084 2136
f 2078 2105 2098
f 2098 2105 2099
f 2099 2105 2100
f 2100 2105 2101
f 2101 2105 2102
f 2102 2105 2103
f 2103 2105 2127
f 1970 1971 2176
f 2085 2106 2107
f 2085 2107 2108
f 2085 2108 2110
f 2108 2109 2110
f 2109 2111 2110
f 2103 2127 2104
f 2104 2127 2110
f 2110 2111 2112
f 2110 2112 2113
f 2110 2113 2114
f 2110 2114 2115
f 2093 2118 2117
f 2118 2540 2119
f 2119 2542 2120
f 2118 2538 2539
f 2118 2539 2540
f 2119 2540 2541
f 2119 2541 2542
f 2120 2542 2543
f 2115 2116 2124
f 2121 2122 2124
f 2120 2124 2122
f 2121 2124 2123
f 2116 2123 2124
f 2120 2544 2124
f 2120 2543 2544
f 2124 2544 2125
f 2124 2125 2126
f 1978 2130 1979
f 1979 2130 1980
f 1978 2131 2130
f 1980 2137 1981
f 1981 2137 2127
f 2075 2076 2128
f 1963 2128 2135
f 2084 2085 2139
f 1968 2136 2129
f 2086 2145 2087
f 2086 2088 2140
f 2088 2089 2141
f 2089 2090 2143
f 2090 2091 2144
f 2091 2092 2147
f 2078 2149 2105
f 1975 2105 2149
f 1971 1972 2176
f 1972 1973 2176
f 1973 1974 2176
f 1974 1975 2176
f 2110 2127 2150
f 2085 2110 2151
f 2106 2153 2107
f 2087 2152 2106
f 2107 2154 2108
f 2108 2156 2109
f 2109 2157 2111
f 2112 2164 2113
f 2111 2165 2112
f 2113 2158 2114
f 2114 2159 2115
f 2115 2161 2116
f 2116 2162 2123
f 2092 2117 2166
f 2117 2118 2167
f 2118 2119 2168
f 2119 2120 2170
f 2120 2122 2171
f 2121 2123 2173
f 2121 2174 2122
f 1980 2130 2137
f 2130 2131 2551
f 2076 2134 2132
f 2132 2134 2133
f 2076 2135 2128
f 2078 2135 2138
f 2076 2132 2135
f 2078 2138 2149
f 2129 2136 2552
f 2084 2139 2136
f 2085 2151 2139
f 2086 2140 2145
f 2087 2145 2146
f 2087 2146 2152
f 2089 2142 2141
f 2089 2143 2142
f 2088 2141 2140
f 2090 2144 2143
f 2091 2147 2144
f 2092 2148 2147
f 2092 2166 2148
f 1975 2149 2176
f 2127 2137 2150
f 2130 2555 2137
f 2106 2152 2153
f 2107 2153 2154
f 2108 2154 2155
f 2108 2155 2156
f 2109 2156 2157
f 2110 2150 2151
f 2112 2165 2163
f 2113 2164 2158
f 2112 2163 2164
f 2115 2159 2160
f 2115 2160 2161
f 2114 2158 2159
f 2116 2161 2162
f 2111 2157 2165
f 2117 2167 2166
f 2118 2168 2167
f 2119 2169 2168
f 2119 2170 2169
f 2120 2171 2170
f 2121 2172 2174
f 2123 2162 2173
f 2121 2173 2172
f 2122 2174 2171
f 2132 2138 2135
f 2132 2133 2138
f 2133 2149 2138
f 2136 2139 2558
f 2139 2140 2141
f 2139 2141 2142
f 2139 2145 2140
f 2139 2146 2145
f 2139 2152 2146
f 2139 2142 2558
f 2142 2143 2558
f 2143 2144 2559
f 2144 2147 2559
f 2147 2148 2559
f 2148 2166 2559
f 2133 2134 2149
f 2134 2176 2149
f 2137 2565 2150
f 2139 2151 2152
f 2151 2153 2152
f 2151 2154 2153
f 2151 2155 2154
f 2151 2156 2155
f 2151 2165 2157
f 2151 2157 2156
f 2150 2165 2151
f 2150 2163 2165
f 2150 2164 2163
f 2150 2159 2158
f 2150 2160 2159
f 2150 2158 2164
f 2150 2565 2160
f 2160 2565 2161
f 2166 2167 2559
f 2167 2168 2563
f 2168 2169 2563
f 2169 2170 2563
f 2170 2171 2563
f 2161 2564 2162
f 2162 2564 2173
f 2172 2173 2564
f 2172 2564 2174
f 2171 2174 2564
f 2074 2198 2175
f 2134 2175 2176
f 2175 2177 2176
f 2175 2178 2177
f 2175 2179 2178
f 2175 2180 2179
f 2175 2199 2180
f 2180 2205 2181
f 2181 2206 2182
f 2007 2047 2193
f 2183 2185 2184
f 2184 2185 2186
f 2046 2195 2048
f 2047 2183 2193
f 2183 2184 2193
f 2184 2189 2193
f 2048 2195 2185
f 2185 2195 2186
f 2186 2195 2192
f 2187 2188 2191
f 2184 2186 2189
f 2188 2189 2192
f 2187 2191 2190
f 2186 2192 2189
f 2188 2192 2191
f 2049 2196 2051
f 2050 2052 2197
f 2051 2196 2187
f 2187 2196 2188
f 2188 2196 2189
f 2052 2190 2197
f 2190 2191 2197
f 2191 2192 2197
f 2193 2195 2194
f 2193 2196 2195
f 2194 2195 2198
f 2074 2194 2198
f 2189 2196 2193
f 2192 2195 2197
f 2195 2196 2197
f 2175 2198 2199
f 2180 2199 2205
f 2199 2200 2205
f 2200 2201 2207
f 2201 2202 2203
f 2200 2204 2205
f 2200 2207 2204
f 2201 2203 2207
f 2181 2205 2206
f 2202 2208 2210
f 2208 2209 2211
f 2202 2210 2203
f 2208 2211 2210
f 2209 2214 2211
f 2211 2214 2218
f 2214 2215 2218
f 2215 2216 2219
f 2216 2217 2221
f 2215 2219 2218
f 2216 2220 2219
f 2216 2221 2220
f 2217 2223 2221
f 2217 2222 2223
f 2213 2224 2222
f 2222 2224 2223
f 1953 2267 2226
f 2226 2267 2227
f 1460 2227 2243
f 2227 2228 2243
f 2227 2267 2228
f 2243 2269 2244
f 2228 2270 2243
f 2244 2271 2245
f 2245 2272 2246
f 1482 1483 2246
f 1483 1484 2245
f 1459 2244 1484
f 1459 1460 2244
f 1482 2247 2234
f 2229 2239 2231
f 2229 2230 2240
f 2230 2232 2241
f 2232 2233 2242
f 2231 2239 2238
f 2229 2240 2239
f 1483 2245 2246
f 1484 2244 2245
f 1482 2246 2247
f 1460 2243 2244
f 2234 2256 2235
f 2233 2234 2251
f 2234 2235 2251
f 2230 2241 2240
f 2232 2242 2241
f 2235 2236 2252
f 2233 2251 2242
f 2238 2239 2240
f 2238 2240 2241
f 2238 2241 2242
f 2238 2242 2251
f 2231 2238 2284
f 2235 2257 2236
f 2234 2247 2256
f 2236 2258 2237
f 2247 2248 2256
f 2235 2256 2257
f 2236 2257 2258
f 2236 2237 2253
f 2237 2249 2264
f 2235 2252 2251
f 2236 2253 2252
f 2237 2261 2249
f 2249 2263 2250
f 2249 2250 2265
f 2237 2264 2253
f 2249 2265 2264
f 2238 2251 2252
f 2238 2252 2253
f 2238 2253 2264
f 2238 2264 2265
f 2238 2265 2266
f 2248 2254 2260
f 2254 2255 2262
f 2237 2258 2261
f 2249 2261 2263
f 2248 2260 2256
f 2250 2263 2281
f 2255 2259 2280
f 2255 2280 2262
f 2246 2273 2247
f 2247 2273 2248
f 2254 2262 2260
f 2250 2266 2265
f 2238 2286 2285
f 2238 2266 2286
f 1391 2301 2300
f 1399 2300 2536
f 1386 2539 2538
f 1412 2537 2301
f 2243 2270 2269
f 2228 2268 2270
f 2244 2269 2271
f 2245 2271 2272
f 2246 2272 2273
f 2248 2273 2274
f 2254 2274 2275
f 2255 2275 2276
f 2228 2267 2288
f 2259 2276 2277
f 2277 2278 2279
f 2269 2270 2278
f 2269 2278 2271
f 2268 2278 2270
f 2271 2278 2272
f 2272 2278 2273
f 2273 2278 2274
f 2274 2278 2275
f 2275 2278 2276
f 2276 2278 2277
f 1393 2540 2539
f 1394 2541 2540
f 1395 2542 2541
f 1396 2543 2542
f 1397 2544 2543
f 1398 2125 2544
f 1412 2313 2537
f 2259 2279 2282
f 2259 2282 2280
f 2279 2283 2282
f 2248 2274 2254
f 2254 2275 2255
f 2255 2276 2259
f 2259 2277 2279
f 2257 2289 2258
f 2256 2290 2257
f 2256 2260 2290
f 2258 2291 2261
f 2260 2262 2292
f 2262 2280 2293
f 2261 2295 2263
f 2263 2296 2281
f 2280 2282 2294
f 1412 2312 2313
f 1411 2545 2312
f 1411 2536 2545
f 2282 2283 2298
f 2257 2290 2289
f 2260 2292 2290
f 2258 2289 2291
f 2261 2291 2295
f 2262 2293 2292
f 2263 2295 2296
f 2280 2294 2293
f 2282 2298 2294
f 2283 2299 2298
f 2281 2296 2297
f 2266 2325 2286
f 2250 2550 2266
f 1954 2284 2287
f 2238 2285 2284
f 2284 2285 2287
f 2285 2286 2287
f 2286 2325 2287
f 1957 2288 2267
f 2228 2288 2534
f 2228 2534 2268
f 2289 2290 2297
f 2290 2292 2297
f 2292 2293 2297
f 2293 2294 2297
f 2294 2298 2297
f 2289 2297 2291
f 2291 2297 2295
f 2295 2297 2296
f 2297 2298 2299
f 2250 2281 2551
f 2266 2326 2325
f 2266 2550 2326
f 2268 2534 2535
f 2300 2301 2302
f 2301 2303 2302
f 2302 2303 2304
f 2301 2305 2303
f 2268 2549 2278
f 2279 2558 2283
f 2278 2554 2279
f 2083 2534 2288
f 2268 2535 2548
f 2300 2302 2536
f 2302 2304 2536
f 2303 2305 2304
f 2301 2309 2305
f 2301 2310 2309
f 2304 2305 2306
f 2305 2309 2306
f 2301 2311 2310
f 2301 2537 2311
f 2304 2306 2536
f 2306 2307 2536
f 2307 2308 2536
f 2306 2309 2307
f 2307 2309 2310
f 2307 2310 2308
f 2308 2311 2536
f 2308 2310 2311
f 2311 2537 2536
f 2281 2297 2556
f 2312 2316 2314
f 2312 2315 2313
f 2312 2314 2315
f 2314 2317 2315
f 2313 2315 2317
f 2250 2551 2550
f 2313 2546 2537
f 2283 2563 2299
f 2297 2299 2560
f 2312 2318 2316
f 2312 2319 2318
f 2312 2320 2319
f 2312 2545 2320
f 2314 2316 2317
f 2313 2317 2321
f 2313 2321 2322
f 2316 2321 2317
f 2316 2318 2321
f 2313 2322 2323
f 2313 2323 2546
f 2318 2322 2321
f 2318 2319 2322
f 2320 2545 2546
f 2320 2546 2323
f 2319 2323 2322
f 2319 2320 2323
f 1982 2287 2324
f 2287 2325 2324
f 2324 2325 2326
f 2324 2326 2550
f 2131 2324 2550
f 1327 2182 2579
f 2327 2329 2331
f 2329 2330 2331
f 2330 2332 2331
f 2328 2332 2330
f 2327 2346 2328
f 2327 2331 2345
f 2328 2346 2332
f 2331 2332 2337
f 2333 2336 2334
f 2333 2335 2336
f 2335 2342 2336
f 2327 2345 2346
f 2332 2338 2337
f 2331 2337 2345
f 2337 2338 2339
f 2332 2346 2338
f 2338 2340 2339
f 2339 2340 2347
f 2340 2348 2347
f 2338 2346 2340
f 2335 2341 2342
f 2341 2344 2342
f 2341 2343 2344
f 2343 2353 2344
f 2343 2349 2353
f 1323 2576 2333
f 1359 2334 2618
f 2337 2566 2345
f 2347 2348 2350
f 2337 2339 2566
f 2345 2567 2346
f 2340 2346 2567
f 2340 2567 2348
f 2348 2567 2354
f 2348 2354 2350
f 2349 2351 2355
f 2349 2355 2353
f 2350 2354 2352
f 2352 2354 2356
f 2351 2352 2356
f 2351 2356 2355
f 2333 2576 2335
f 2345 2566 2567
f 2339 2347 2568
f 2354 2569 2356
f 2339 2568 2566
f 2347 2350 2570
f 2354 2567 2569
f 2335 2576 2341
f 2341 2576 2343
f 2343 2576 2349
f 1325 2581 2578
f 1323 2577 2576
f 2334 2336 2618
f 1324 2578 2577
f 1327 2579 2580
f 1330 2580 2583
f 1328 2582 2581
f 1329 2583 2582
f 2336 2342 2618
f 2342 2344 2618
f 2344 2353 2618
f 1338 2418 2598
f 1348 2608 2359
f 2358 2359 2362
f 2357 2359 2358
f 1349 2357 2609
f 2358 2362 2364
f 2360 2363 2361
f 2360 2372 2363
f 2363 2372 2373
f 2361 2363 2367
f 2362 2366 2364
f 2363 2373 2367
f 2367 2373 2375
f 2364 2366 2365
f 2365 2368 2374
f 2370 2399 2374
f 2365 2366 2368
f 2367 2375 2369
f 2369 2375 2377
f 2361 2367 2398
f 2361 2398 2376
f 2368 2370 2374
f 2367 2369 2398
f 2369 2371 2398
f 2369 2377 2371
f 2371 2377 2378
f 2371 2378 2396
f 2370 2395 2399
f 2378 2401 2396
f 2372 2376 2373
f 2373 2376 2375
f 2375 2376 2377
f 2376 2402 2377
f 1561 2379 2380
f 1561 2380 2382
f 2379 2383 2380
f 1549 2386 2379
f 1549 2382 2386
f 2380 2385 2382
f 2381 2653 2654
f 2381 2654 2384
f 2380 2383 2385
f 2382 2385 2386
f 2383 2389 2385
f 2384 2654 2655
f 2384 2655 2388
f 2379 2403 2383
f 2383 2387 2389
f 2379 2386 2403
f 2385 2389 2386
f 2387 2390 2389
f 2386 2389 2390
f 2388 2655 2656
f 2388 2656 2392
f 2383 2403 2387
f 2387 2391 2390
f 2387 2403 2391
f 2391 2393 2657
f 2390 2391 2657
f 2393 2659 2657
f 2394 2658 2660
f 2392 2658 2394
f 2392 2656 2658
f 2394 2660 2405
f 2371 2396 2398
f 2395 2397 2400
f 2396 2401 2397
f 2395 2400 2399
f 2397 2401 2400
f 2395 2407 2397
f 2396 2397 2407
f 2396 2407 2398
f 2398 2407 2402
f 2377 2402 2378
f 2378 2402 2401
f 2376 2398 2402
f 2400 2401 2402
f 2399 2400 2408
f 2400 2402 2408
f 2386 2390 2406
f 2391 2403 2393
f 2393 2404 2659
f 2404 2661 2659
f 2405 2660 2661
f 2390 2657 2406
f 2404 2405 2661
f 2386 2406 2403
f 2393 2409 2404
f 2404 2409 2405
f 2406 2657 2659
f 2406 2659 2661
f 2406 2661 2413
f 2393 2403 2409
f 2413 2661 2660
f 2403 2406 2409
f 1333 2593 2206
f 1333 2594 2593
f 1334 2595 2594
f 1335 2596 2595
f 1336 2597 2596
f 1337 2599 2597
f 1339 2600 2599
f 1340 2602 2600
f 1342 2601 2602
f 1348 2598 2608
f 1343 2603 2601
f 1343 2604 2603
f 1344 2606 2604
f 1346 2607 2606
f 1347 2605 2607
f 2359 2608 2362
f 2362 2608 2366
f 2357 2358 2609
f 2358 2364 2609
f 2402 2407 2408
f 2407 2410 2408
f 2405 2409 2412
f 2406 2413 2409
f 2409 2413 2412
f 2364 2365 2609
f 2365 2374 2609
f 2374 2399 2609
f 2366 2608 2368
f 2368 2608 2370
f 2370 2608 2395
f 2395 2608 2407
f 2408 2410 2411
f 2399 2408 2609
f 2410 2584 2411
f 2412 2413 2414
f 2412 2414 2586
f 1359 2618 2415
f 2415 2416 2419
f 2415 2419 2417
f 2417 2419 2431
f 2418 2438 2420
f 2417 2431 2428
f 2416 2423 2419
f 2419 2433 2431
f 2416 2421 2423
f 2419 2423 2433
f 2421 2425 2423
f 2423 2426 2433
f 2421 2422 2425
f 2423 2425 2426
f 2422 2491 2425
f 2422 2490 2491
f 2425 2491 2493
f 2425 2493 2426
f 2427 2428 2430
f 2428 2431 2430
f 2430 2431 2432
f 2427 2430 2500
f 2427 2500 2429
f 2431 2433 2432
f 2432 2433 2434
f 2429 2500 2511
f 2426 2434 2433
f 2426 2499 2434
f 2430 2432 2610
f 2426 2493 2499
f 1577 2442 2441
f 2418 2435 2438
f 1577 2447 2442
f 1577 2501 2447
f 1632 1636 2506
f 2436 2439 2437
f 1636 1637 2506
f 2437 2439 2440
f 2420 2438 2441
f 1577 2506 2501
f 1637 2437 2506
f 2437 2440 2506
f 2439 2443 2440
f 1699 2381 2834
f 2420 2441 2424
f 2424 2441 2442
f 2424 2442 2446
f 2439 2445 2443
f 2443 2445 2444
f 2444 2445 2449
f 2440 2443 2506
f 2442 2447 2446
f 2446 2447 2501
f 2446 2501 2502
f 2445 2448 2449
f 2443 2444 2506
f 2444 2449 2506
f 2448 2450 2449
f 2448 2503 2450
f 2449 2450 2506
f 2450 2503 2504
f 2451 2458 2454
f 2436 2460 2439
f 2439 2460 2462
f 2429 2511 2451
f 2451 2511 2458
f 2439 2462 2445
f 1657 2452 2456
f 1642 2456 2472
f 2452 2454 2456
f 1638 2472 2476
f 2454 2458 2456
f 1658 2457 2453
f 1658 2473 2457
f 2453 2459 2455
f 2453 2457 2459
f 1589 2476 2512
f 1591 2512 2514
f 2456 2458 2472
f 1643 2477 2473
f 1639 2513 2477
f 1590 2514 2516
f 1592 2516 2515
f 1593 2515 2513
f 2457 2475 2459
f 1608 2482 2481
f 2460 2461 2463
f 1608 2484 2482
f 2460 2463 2462
f 1608 2523 2484
f 2462 2463 2464
f 2462 2464 2480
f 2455 2459 2465
f 1655 1663 2529
f 2466 2469 2467
f 2466 2468 2471
f 2466 2471 2469
f 1608 2524 2523
f 1608 2529 2524
f 2459 2530 2465
f 1663 1665 2529
f 2469 2471 2470
f 1665 2467 2529
f 2470 2471 2486
f 2465 2533 2468
f 2468 2533 2471
f 2458 2511 2474
f 2445 2480 2448
f 2445 2462 2480
f 2448 2483 2503
f 2474 2511 2478
f 2448 2480 2483
f 2483 2522 2503
f 2458 2474 2472
f 2472 2474 2476
f 2457 2473 2475
f 2473 2479 2475
f 2474 2478 2476
f 2476 2478 2512
f 2478 2517 2512
f 2477 2513 2518
f 2473 2477 2479
f 2477 2518 2479
f 2464 2481 2480
f 2480 2481 2482
f 2480 2482 2483
f 2482 2484 2483
f 2483 2484 2523
f 2483 2523 2522
f 2459 2475 2530
f 2467 2469 2529
f 2470 2486 2485
f 2469 2470 2529
f 2485 2486 2488
f 2470 2485 2529
f 2471 2533 2486
f 2465 2530 2533
f 2475 2479 2530
f 2486 2487 2488
f 2487 2489 2488
f 2486 2533 2487
f 2485 2488 2529
f 2487 2525 2489
f 2488 2489 2529
f 2489 2525 2531
f 2487 2533 2525
f 2415 2618 2416
f 2418 2420 2598
f 2490 2496 2492
f 2490 2492 2491
f 2493 2494 2497
f 2495 2496 2498
f 2492 2496 2495
f 2494 2495 2498
f 2491 2494 2493
f 2491 2492 2494
f 2492 2495 2494
f 2416 2618 2421
f 2421 2618 2422
f 2422 2618 2490
f 2420 2424 2598
f 2424 2446 2598
f 2446 2502 2598
f 2493 2497 2499
f 2494 2498 2497
f 2430 2610 2500
f 2432 2434 2611
f 2500 2612 2511
f 2500 2610 2612
f 2434 2499 2622
f 2432 2611 2610
f 2501 2506 2502
f 2502 2506 2505
f 2503 2507 2504
f 2504 2507 2510
f 2450 2504 2506
f 2504 2509 2506
f 2505 2506 2509
f 2505 2509 2508
f 2508 2509 2510
f 2507 2508 2510
f 2504 2510 2509
f 2381 2384 2834
f 2384 2388 2834
f 2388 2392 2834
f 2392 2394 2834
f 2394 2405 2834
f 2503 2522 2507
f 2507 2522 2526
f 2478 2511 2612
f 2478 2612 2517
f 2512 2517 2514
f 2514 2519 2516
f 2515 2516 2521
f 2513 2515 2520
f 2514 2517 2519
f 2513 2520 2518
f 2516 2519 2521
f 2515 2521 2520
f 2522 2523 2524
f 2522 2524 2526
f 2525 2527 2531
f 2526 2529 2528
f 2524 2529 2526
f 2528 2529 2532
f 2527 2528 2532
f 2489 2531 2529
f 2527 2532 2531
f 2529 2531 2532
f 2479 2518 2613
f 2479 2613 2530
f 2525 2614 2527
f 2527 2614 2528
f 2530 2614 2533
f 2525 2533 2614
f 2518 2520 2616
f 2520 2521 2625
f 2526 2528 2617
f 2530 2613 2614
f 2518 2616 2613
f 2083 2547 2534
f 2534 2547 2535
f 2536 2537 2546
f 2268 2548 2549
f 2535 2547 2548
f 2278 2549 2553
f 2536 2546 2545
f 2281 2555 2551
f 2281 2556 2555
f 2547 2552 2548
f 2278 2553 2554
f 2279 2554 2558
f 2129 2552 2547
f 2548 2552 2549
f 2283 2558 2559
f 2297 2560 2557
f 2297 2557 2556
f 2283 2559 2563
f 2299 2562 2560
f 2299 2561 2562
f 2130 2551 2555
f 2131 2550 2551
f 2549 2552 2553
f 2136 2554 2552
f 2552 2554 2553
f 2299 2563 2561
f 2137 2555 2556
f 2136 2558 2554
f 2143 2559 2558
f 2560 2562 2565
f 2137 2556 2565
f 2556 2557 2565
f 2557 2560 2565
f 2161 2565 2564
f 2167 2563 2559
f 2171 2564 2563
f 2561 2564 2562
f 2562 2564 2565
f 2561 2563 2564
f 2182 2598 2579
f 2566 2569 2567
f 2347 2570 2568
f 2356 2569 2571
f 2350 2352 2572
f 2349 2574 2351
f 2351 2574 2352
f 2353 2355 2575
f 2355 2356 2575
f 2566 2568 2569
f 2350 2572 2570
f 2356 2571 2573
f 2568 2571 2569
f 2568 2570 2571
f 2352 2574 2572
f 2356 2573 2575
f 2349 2576 2574
f 2570 2573 2571
f 2570 2572 2573
f 2572 2575 2573
f 2572 2574 2575
f 2574 2576 2575
f 2353 2575 2618
f 2575 2576 2577
f 2575 2577 2618
f 2579 2583 2580
f 2579 2618 2583
f 2582 2583 2618
f 2577 2578 2618
f 2578 2581 2618
f 2581 2582 2618
f 2407 2608 2410
f 2411 2584 2585
f 2408 2411 2609
f 2584 2588 2585
f 2586 2587 2589
f 2414 2587 2586
f 2405 2412 2834
f 2588 2591 2590
f 2585 2588 2590
f 2589 2592 2591
f 2587 2592 2589
f 2590 2591 2592
f 2413 2808 2414
f 2410 2608 2584
f 2584 2608 2588
f 2588 2608 2591
f 2411 2585 2609
f 2585 2590 2609
f 2590 2592 2609
f 2414 2808 2587
f 2412 2586 2834
f 2589 2591 2834
f 2587 2808 2592
f 2586 2589 2834
f 2182 2206 2593
f 2182 2593 2598
f 2593 2594 2598
f 2594 2595 2598
f 2595 2596 2598
f 2596 2597 2598
f 2597 2599 2598
f 2598 2599 2600
f 2598 2600 2602
f 2598 2602 2608
f 2601 2608 2602
f 2603 2604 2609
f 2604 2606 2609
f 2606 2805 2609
f 2591 2608 2834
f 2592 2808 2609
f 2601 2603 2608
f 2603 2609 2608
f 2608 2609 2808
f 2608 2808 2834
f 2490 2618 2496
f 2502 2505 2598
f 2505 2508 2598
f 2496 2623 2498
f 2497 2498 2623
f 2497 2623 2499
f 2434 2620 2611
f 2610 2615 2612
f 2434 2622 2620
f 2610 2611 2615
f 2499 2623 2622
f 2507 2629 2508
f 2507 2526 2629
f 2517 2628 2519
f 2519 2628 2521
f 2517 2612 2628
f 2528 2614 2617
f 2520 2625 2616
f 2526 2617 2626
f 2613 2617 2614
f 2612 2615 2628
f 2521 2627 2625
f 2613 2616 2617
f 2526 2626 2629
f 2496 2618 2623
f 2508 2629 2598
f 2579 2598 2618
f 2598 2619 2618
f 2618 2619 2623
f 2598 2629 2619
f 2611 2621 2615
f 2611 2620 2621
f 2620 2622 2624
f 2620 2624 2621
f 2619 2622 2623
f 2619 2624 2622
f 2615 2621 2628
f 2521 2628 2627
f 2616 2626 2617
f 2616 2625 2626
f 2619 2628 2624
f 2621 2624 2628
f 2619 2629 2628
f 2625 2630 2626
f 2625 2627 2630
f 2627 2628 2629
f 2627 2629 2630
f 2626 2630 2629
f 973 1666 2631
f 1667 2633 2632
f 1670 2632 2635
f 1668 2634 2633
f 1671 2635 2636
f 1672 2636 2637
f 1673 2637 2638
f 1688 2799 2634
f 1673 2638 5148
f 1675 2639 2640
f 1676 2640 2641
f 1677 2641 2642
f 1678 2642 2643
f 1679 2643 2644
f 1680 2644 2645
f 1681 2647 2646
f 1682 2648 2647
f 2807 4675 5152
f 1684 2646 2649
f 1685 2649 2650
f 1686 2650 2651
f 1683 2652 2648
f 973 2631 2196
f 2196 2631 2197
f 2197 2631 2212
f 2212 2634 2213
f 2212 2631 2633
f 2212 2633 2634
f 2631 2638 2637
f 2631 2632 2633
f 2631 2635 2632
f 2631 2636 2635
f 2631 2637 2636
f 2213 2634 2224
f 2224 2634 2225
f 2225 2634 2799
f 2631 5148 2638
f 2639 2807 2651
f 2639 2651 2640
f 2640 2650 2641
f 2641 2649 2642
f 2642 2646 2643
f 2651 2807 5152
f 2640 2651 2650
f 2641 2650 2649
f 2642 2649 2646
f 2643 2646 2647
f 2643 2647 2644
f 2644 2647 2645
f 2645 2647 2648
f 2645 2648 2652
f 1697 2808 2653
f 1698 2809 2668
f 1688 2800 2799
f 1689 2801 2800
f 1690 2802 2801
f 1691 2803 2802
f 1692 2804 2803
f 1693 2805 2804
f 1694 2806 2805
f 1695 2807 2806
f 2653 2808 2654
f 2654 2808 2655
f 2655 2808 2656
f 2656 2808 2658
f 2658 2808 2660
f 1674 2609 2639
f 1697 2875 2808
f 2662 2668 2665
f 1830 1836 2741
f 1771 2675 2673
f 1771 2739 2675
f 2665 2668 2670
f 2663 2664 2669
f 2664 2667 2671
f 2665 2670 2666
f 1836 1839 2741
f 1771 2741 2739
f 1839 2662 2741
f 2662 2665 2741
f 2666 2670 2676
f 2667 2673 2671
f 2664 2671 2669
f 2669 2671 2692
f 2671 2677 2693
f 2680 2692 2684
f 2683 2684 2693
f 2666 2676 2672
f 2665 2666 2741
f 2666 2672 2741
f 2672 2676 2678
f 2673 2675 2677
f 2672 2678 2674
f 2672 2674 2741
f 2674 2678 2743
f 2674 2743 2738
f 2675 2739 2679
f 2671 2673 2677
f 2677 2679 2714
f 2675 2679 2677
f 2679 2739 2744
f 2679 2744 2758
f 2683 2714 2686
f 2686 2716 2688
f 1844 1846 2752
f 1781 2689 2687
f 1781 2751 2689
f 1846 1849 2752
f 1849 2680 2752
f 2680 2684 2752
f 1781 2752 2751
f 2683 2752 2684
f 2683 2686 2752
f 2687 2689 2715
f 2686 2688 2752
f 2689 2751 2717
f 2688 2758 2748
f 1700 2691 2843
f 2671 2693 2692
f 2684 2692 2693
f 2683 2693 2714
f 2698 2703 2704
f 2698 2701 2699
f 2698 2704 2701
f 2701 2700 2699
f 2710 2700 2701
f 2705 2706 2696
f 2696 2706 2707
f 2705 2708 2706
f 2711 2710 2701
f 2711 2701 2702
f 2711 2724 2712
f 2724 2713 2712
f 2691 2694 2753
f 2677 2714 2693
f 2686 2714 2716
f 2679 2716 2714
f 2679 2758 2716
f 2688 2716 2758
f 2719 2720 2721
f 2757 2709 2718
f 2724 2723 2713
f 2723 2724 2726
f 2711 2702 2793
f 2711 2793 2724
f 2719 2757 2718
f 2723 2726 2795
f 2681 2682 2731
f 2682 2695 2731
f 2682 2685 2695
f 2695 2732 2731
f 2685 2687 2695
f 2732 2734 2733
f 2732 2735 2734
f 2695 2792 2732
f 2732 2736 2735
f 2687 2715 2695
f 2695 2715 2792
f 2689 2717 2715
f 2717 2751 2759
f 2715 2717 2792
f 2732 2792 2793
f 2732 2793 2736
f 2793 2702 2736
f 2793 2737 2724
f 2674 2738 2741
f 2738 2740 2742
f 2738 2742 2741
f 2738 2743 2745
f 2740 2745 2747
f 2738 2745 2740
f 2739 2741 2744
f 2740 2747 2742
f 2741 2742 2746
f 1699 2834 2809
f 2742 2747 2746
f 2741 2746 2744
f 2668 2809 2670
f 2670 2809 2676
f 2676 2809 2678
f 2678 2809 2743
f 2688 2748 2752
f 2748 2749 2750
f 2748 2750 2752
f 2748 2760 2749
f 2751 2752 2759
f 2749 2762 2750
f 2750 2761 2752
f 2748 2758 2760
f 2749 2760 2762
f 2750 2762 2761
f 2719 2721 2810
f 2721 2722 2810
f 2765 2764 2770
f 2767 2768 2766
f 2728 2782 2729
f 2782 2730 2729
f 2767 2780 2769
f 2782 2767 2766
f 2782 2766 2730
f 2771 2772 2773
f 2771 2765 2770
f 2777 2778 2779
f 2777 2779 2781
f 2767 2790 2780
f 2728 2783 2782
f 2828 2727 2725
f 2728 2727 2828
f 2723 2828 2725
f 2771 2789 2765
f 2771 2773 2791
f 2773 2774 2791
f 2771 2791 2789
f 2723 2795 2828
f 2728 2828 2783
f 2843 2691 2753
f 2761 2762 2831
f 2719 2843 2757
f 2815 2775 2776
f 2777 2815 2776
f 2767 2782 2822
f 2767 2822 2790
f 2828 2784 2783
f 2752 2761 2759
f 2717 2759 2827
f 2759 2761 2827
f 2792 2794 2793
f 2793 2794 2737
f 2792 2796 2794
f 2717 2827 2792
f 2792 2797 2796
f 2792 2798 2797
f 2761 2831 2827
f 2792 2827 2828
f 2792 2828 2798
f 2828 2795 2798
f 2828 2829 2784
f 1761 2843 2882
f 1748 2645 2869
f 1747 2868 2652
f 1749 2869 2870
f 1750 2874 2871
f 1751 2870 2872
f 1752 2872 2873
f 1753 2873 2874
f 1754 2871 2875
f 1747 2876 2868
f 1755 2877 2876
f 1756 2878 2877
f 1757 2879 2878
f 1758 2880 2879
f 1759 2881 2880
f 2882 5394 4710
f 2413 2660 2808
f 2225 2799 2605
f 2605 2802 2607
f 2605 2799 2800
f 2605 2800 2801
f 2605 2801 2802
f 2607 2802 2803
f 2607 2803 2804
f 2606 2804 2805
f 2606 2607 2804
f 2609 2805 2806
f 2609 2806 2807
f 2609 2807 2639
f 2808 2875 2809
f 2809 2875 2843
f 2743 2809 2745
f 2745 2809 2747
f 2746 2747 2809
f 2744 2746 2847
f 2843 2753 2754
f 2843 2754 2756
f 2843 2763 2757
f 2719 2810 2843
f 2843 2756 2755
f 2843 2755 2786
f 2843 2788 2763
f 2744 2847 2758
f 2758 2847 2760
f 2760 2847 2762
f 2777 2781 2862
f 2822 2821 2790
f 2777 2862 2815
f 2843 2786 2785
f 2843 2785 2787
f 2843 2787 2788
f 2843 2810 2811
f 2843 2811 2812
f 2843 2812 2814
f 2843 2814 2813
f 2819 2818 2820
f 2762 2846 2867
f 2822 2823 2821
f 2823 2825 2821
f 2823 2833 2825
f 2816 2817 2860
f 2833 2840 2825
f 2762 2867 2831
f 2827 2829 2828
f 2827 2831 2830
f 2827 2830 2829
f 2831 2832 2830
f 2831 2833 2832
f 2746 2809 2847
f 2808 2809 2834
f 2843 2813 2819
f 2843 2819 2820
f 2843 2820 2836
f 2843 2836 2835
f 2843 2835 2838
f 2762 2847 2846
f 2859 2824 2816
f 2862 2781 2866
f 2862 2839 2815
f 2840 2826 2825
f 2841 2840 2833
f 2859 2816 2860
f 2841 2867 2842
f 2841 2842 2840
f 2843 2838 2837
f 2843 2837 2845
f 2843 2845 2844
f 2843 2844 2849
f 2809 2843 2847
f 2843 2849 2848
f 2843 2848 2853
f 2843 2857 2847
f 2843 2853 2852
f 2843 2852 2855
f 2843 2855 2854
f 2843 2854 2856
f 2843 2856 2857
f 2847 2857 2858
f 2846 2847 2862
f 2859 2863 2824
f 2867 2850 2842
f 2867 2851 2850
f 2846 2859 2867
f 2859 2860 2867
f 2867 2860 2851
f 2862 2861 2839
f 2846 2863 2859
f 2847 2858 2861
f 2846 2862 2866
f 2846 2866 2865
f 2847 2861 2862
f 2846 2864 2863
f 2846 2865 2864
f 2841 2833 2831
f 2831 2867 2841
f 2645 2652 2869
f 2843 2875 2882
f 2652 2868 2869
f 2868 2870 2869
f 2868 2872 2870
f 2872 2877 2873
f 2868 2876 2872
f 2872 2876 2877
f 2873 2877 2878
f 2871 2882 2875
f 2871 2874 2882
f 2873 2882 2874
f 2873 2878 2882
f 2878 2879 2882
f 2879 2880 2882
f 2880 2881 5383
f 2880 5383 2882
f 2882 5383 5390
f 2882 5390 5391
f 2882 5391 5392
f 2882 5392 5394
f 235 237 2883
f 237 238 2883
f 238 239 2883
f 239 246 2883
f 246 2885 2883
f 246 2884 2885
f 2883 2885 2886
f 2883 2886 2887
f 2883 2887 2892
f 2883 2892 2891
f 2883 2891 2894
f 2883 2894 2890
f 2887 2888 2892
f 2888 2889 2893
f 2889 2897 2893
f 2888 2893 2892
f 2893 2897 2895
f 2895 2897 2896
f 2896 2897 3048
f 2883 2890 2906
f 2896 3048 3055
f 2898 2907 2905
f 2898 2912 2907
f 2898 2913 2912
f 2899 2904 2900
f 2900 2905 2907
f 2900 2904 2905
f 2899 2901 2906
f 2906 2901 2902
f 2906 2902 2903
f 2899 2906 2904
f 2906 2903 2908
f 2904 2906 2921
f 2906 2908 2909
f 2906 2909 2910
f 2899 2900 2955
f 2899 2939 2901
f 2940 2908 2903
f 2904 2973 2905
f 2906 2910 2916
f 2906 2916 2917
f 2906 2917 2918
f 2911 2921 2922
f 2904 2921 2985
f 2912 2913 2914
f 2913 2915 2914
f 2913 2934 2915
f 2912 2914 2938
f 2934 2932 2915
f 2898 2973 2913
f 2900 2907 2953
f 2899 2919 2920
f 2899 2920 2939
f 2899 2955 2919
f 2898 2905 2973
f 2910 2941 2916
f 2906 2918 2941
f 2907 2912 2953
f 2900 2952 2951
f 2900 2948 2955
f 2900 2951 2948
f 2953 2952 2900
f 2940 2962 2908
f 2906 2941 2967
f 2906 2965 2942
f 2904 2975 2973
f 2904 2977 2975
f 2962 2941 2910
f 2906 2967 2965
f 2904 2987 2977
f 2906 2942 2944
f 2906 2944 2943
f 2906 2943 2972
f 2906 2972 2978
f 2904 2985 2987
f 2921 2984 2985
f 2921 2986 2984
f 2921 2988 2986
f 2890 2921 2906
f 2890 2922 2921
f 2923 3087 3061
f 2923 2924 3087
f 2924 2925 3087
f 2926 3089 3090
f 2925 2926 3090
f 2926 2927 3089
f 2927 2928 3089
f 2928 2929 3091
f 2929 2930 3091
f 2930 2931 3091
f 2928 3091 3089
f 2931 3429 3091
f 235 2883 3867
f 2884 3868 2885
f 2885 3869 2886
f 2886 3870 2887
f 2887 3871 2888
f 2888 3872 2889
f 2889 3873 2897
f 2890 2894 3878
f 2891 3875 2894
f 2891 2892 3876
f 2892 2893 3877
f 2893 2895 3879
f 2895 2896 3880
f 2897 3912 3048
f 2890 3874 2922
f 2896 3055 3919
f 2934 2933 2932
f 2934 2935 2933
f 2913 2974 2934
f 2933 2935 3000
f 2934 2937 2935
f 2934 3004 2937
f 2937 2936 2935
f 2934 2974 2976
f 2934 2976 3004
f 2974 2980 2976
f 2912 2938 2960
f 2912 2950 2953
f 2912 2958 2950
f 2960 2958 2912
f 2957 2956 2919
f 2955 2957 2919
f 2913 2973 2974
f 2944 2970 2943
f 2906 2978 3749
f 2938 2945 2947
f 2938 2947 2949
f 2967 2941 2962
f 2967 2940 2946
f 2967 2962 2940
f 2965 2966 2942
f 2933 3000 3002
f 2960 2938 2949
f 2953 2954 2952
f 2960 2949 2959
f 2960 2959 2961
f 2964 2946 2963
f 2967 2946 2964
f 2967 2968 2965
f 2965 2969 2966
f 2943 2971 2972
f 2973 2979 2974
f 2973 2975 2981
f 2975 2977 2982
f 2973 2981 2979
f 2975 2982 2981
f 2979 2981 2980
f 2974 2979 2980
f 2977 2983 2982
f 2980 2981 3016
f 2921 3023 2988
f 2921 3025 3023
f 2921 3034 3025
f 2921 3779 3034
f 2984 2990 2985
f 2985 2992 2987
f 2911 3901 2921
f 2984 2989 2990
f 2986 2991 2989
f 2985 2990 2992
f 2988 2993 2991
f 2984 2986 2989
f 2986 2988 2991
f 2989 2992 2990
f 2989 2991 2992
f 2991 3026 2992
f 2937 2994 2936
f 2937 2996 2994
f 2937 2998 2997
f 2937 2997 2996
f 2994 2996 2995
f 2937 3004 3006
f 2976 3016 3004
f 2937 3006 3014
f 3004 3018 3006
f 3006 3018 3020
f 2937 3739 2998
f 2937 3014 3740
f 2937 3740 3739
f 3739 2999 2998
f 3739 3745 2999
f 3006 3020 3014
f 3014 3741 3740
f 3014 3020 3770
f 3014 3770 3741
f 3002 3000 3001
f 3002 3001 3003
f 2977 3005 2983
f 3005 3007 3017
f 2977 3022 3005
f 3005 3022 3007
f 2978 3008 3009
f 2978 3009 3011
f 3007 3015 3019
f 3007 3024 3015
f 2906 3749 3830
f 3745 3010 2999
f 3011 3012 3013
f 3749 3011 3013
f 3749 2978 3011
f 3015 3756 3021
f 3015 3033 3756
f 2906 3830 3838
f 2976 2980 3016
f 2981 3018 3016
f 3004 3016 3018
f 2981 3020 3018
f 2981 3770 3020
f 2981 3772 3770
f 2981 2982 3844
f 2982 2983 3844
f 2981 3774 3772
f 2983 3017 3844
f 3017 3019 3844
f 2983 3005 3017
f 3007 3019 3017
f 2977 2987 3022
f 2987 3026 3022
f 3022 3027 3024
f 3007 3022 3024
f 3024 3030 3033
f 2987 2992 3026
f 3022 3026 3027
f 2988 3023 2993
f 2991 3027 3026
f 2993 3023 3028
f 2991 3029 3027
f 2991 3030 3029
f 3023 3031 3028
f 3024 3027 3029
f 3024 3029 3030
f 3023 3025 3031
f 2991 3035 3030
f 2991 3036 3035
f 3025 3032 3031
f 3025 3037 3032
f 3015 3021 3019
f 3021 3756 3771
f 3015 3024 3033
f 3033 3778 3756
f 3033 3036 3778
f 3030 3035 3033
f 3033 3035 3036
f 3025 3034 3037
f 2991 3782 3036
f 2991 3783 3782
f 2991 3785 3783
f 2991 2993 3856
f 3034 3038 3037
f 3036 3782 3778
f 3034 3779 3039
f 2991 3786 3785
f 2993 3028 3856
f 2991 3793 3786
f 3028 3031 3856
f 3031 3032 3856
f 3034 3039 3038
f 3039 3779 3784
f 2883 2906 3899
f 2922 3040 3249
f 2922 3043 3041
f 2922 3041 3040
f 2922 3045 3043
f 2922 3046 3045
f 2922 3047 3046
f 2922 3858 3047
f 2923 3903 2924
f 2924 3904 2925
f 2925 3905 2926
f 2926 3906 2927
f 2927 3907 2928
f 2928 3908 2929
f 2929 3909 2930
f 2930 3910 2931
f 3061 3087 4267
f 3048 3052 3055
f 3052 3053 3055
f 3053 3056 3055
f 3053 3057 3056
f 3053 3054 3057
f 3051 3058 3054
f 3050 3059 3051
f 3049 3060 3050
f 473 2923 3049
f 3054 3058 3057
f 3051 3059 3058
f 3050 3060 3059
f 3049 3061 3060
f 2923 3061 3049
f 477 3069 3062
f 2931 3066 3429
f 3066 3430 3429
f 3066 3441 3430
f 3063 3069 3064
f 3064 3069 3065
f 3065 3069 3068
f 3067 3068 3069
f 3062 3069 3063
f 3066 3067 3442
f 3067 3069 3442
f 3066 3442 3441
f 3069 3457 3442
f 3069 3458 3457
f 3069 4686 3458
f 3048 3912 3052
f 3049 3050 3914
f 3051 3054 3918
f 3050 3051 3915
f 477 3062 988
f 3052 3916 3053
f 3053 3917 3054
f 3055 3056 3920
f 3056 3057 3921
f 3057 3058 3922
f 3058 3059 3923
f 3059 3060 3924
f 3060 3061 3925
f 473 3903 2923
f 462 3933 3069
f 2931 3930 3066
f 3062 3063 3927
f 3063 3064 3928
f 3064 3065 3929
f 3066 3930 3067
f 3065 3068 3932
f 3067 3931 3068
f 3070 3074 3071
f 3070 3072 3073
f 3070 3071 3072
f 3073 3075 3074
f 3070 3073 3074
f 3071 3081 3072
f 3072 3076 3079
f 3072 3081 3076
f 3074 3075 3083
f 3075 3084 3083
f 3072 3164 3073
f 3072 3079 3085
f 3076 3081 3077
f 3076 3077 3078
f 3076 3078 3079
f 3078 3080 3079
f 3079 3080 3085
f 3080 3086 3085
f 3071 3098 3081
f 3077 3081 3082
f 3081 3098 3082
f 3082 3098 3117
f 3071 3177 3098
f 3077 3082 3190
f 3071 3074 3159
f 3083 3084 3149
f 3073 3164 3075
f 3072 3085 3151
f 3074 3083 3159
f 3075 3165 3084
f 3084 3150 3149
f 3083 3149 3157
f 3072 3151 3168
f 3072 3166 3164
f 3072 3168 3166
f 3071 3159 3178
f 3071 3178 3177
f 3077 3187 3078
f 3085 3086 3151
f 3078 3231 3080
f 3086 3185 3151
f 3080 3231 3086
f 3077 3189 3187
f 3077 3188 3189
f 3077 3190 3188
f 3098 3177 3180
f 3098 3180 3183
f 3082 3196 3190
f 2911 2922 3088
f 2922 3087 3088
f 3087 3093 3088
f 3088 3093 3095
f 2922 3104 3087
f 2911 3088 3106
f 2925 3090 3087
f 3087 3090 3092
f 3087 3092 3093
f 3088 3095 3094
f 3088 3094 3098
f 3094 3096 3098
f 3096 3097 3098
f 3097 3099 3098
f 3098 3099 3100
f 3098 3100 3101
f 3098 3101 3102
f 3098 3102 3103
f 3098 3103 3472
f 3103 3448 3472
f 2911 3107 3110
f 2922 3105 3104
f 2922 3109 3105
f 2911 3106 3107
f 2922 3245 3109
f 2911 3110 3246
f 3087 3104 3111
f 3087 3111 3112
f 3087 3112 3247
f 3088 3108 3106
f 3088 3113 3108
f 3088 3248 3113
f 2922 3249 3245
f 3104 3105 3107
f 3104 3106 3111
f 3104 3107 3106
f 3106 3108 3111
f 2911 3246 3253
f 3105 3109 3110
f 3105 3110 3107
f 3108 3113 3112
f 3087 3247 3251
f 3108 3112 3111
f 3088 3252 3248
f 3082 3115 3116
f 3082 3116 3119
f 3082 3119 3120
f 3082 3114 3115
f 3082 3117 3114
f 3114 3117 3118
f 3082 3120 3122
f 3120 3121 3122
f 3082 3122 3298
f 3121 3123 3122
f 3122 3123 3124
f 3123 3125 3124
f 3124 3125 3126
f 3125 3127 3126
f 3121 3302 3123
f 3122 3124 3295
f 3123 3299 3125
f 3126 3127 3128
f 3127 3129 3128
f 3124 3126 3295
f 3125 3301 3127
f 3128 3129 3293
f 3122 3295 3296
f 3122 3296 3298
f 3123 3300 3299
f 3123 3302 3300
f 3125 3299 3301
f 3126 3128 3295
f 3127 3304 3129
f 3129 3294 3293
f 3098 3472 3117
f 3132 3134 3133
f 3131 3483 3132
f 3132 3487 3134
f 3130 3493 3131
f 3130 3138 3517
f 3133 3134 3135
f 3134 3136 3135
f 3134 3511 3136
f 3135 3136 3137
f 3136 3141 3137
f 3136 3142 3141
f 3136 3518 3142
f 3138 3139 3140
f 3138 3140 3517
f 3139 3146 3140
f 3132 3133 3358
f 3142 3518 3143
f 3144 3147 3145
f 3144 3145 3319
f 3144 3319 3603
f 3140 3146 3147
f 3140 3144 3523
f 3133 3135 3358
f 3130 3131 3383
f 3131 3132 3383
f 3140 3147 3144
f 3138 3372 3139
f 3130 3385 3138
f 3135 3137 3358
f 3143 3524 3148
f 3137 3141 3361
f 3141 3142 3361
f 3139 3372 3146
f 3146 3378 3147
f 3142 3143 3387
f 3143 3148 3387
f 3148 3665 3352
f 3084 3167 3150
f 3149 3150 3152
f 3083 3157 3159
f 3075 3164 3165
f 3084 3165 3167
f 3149 3152 3160
f 3150 3155 3152
f 3149 3158 3157
f 3149 3160 3158
f 3150 3205 3155
f 3150 3167 3205
f 3153 3160 3154
f 3153 3156 3158
f 3156 3157 3158
f 3156 3161 3157
f 3157 3161 3159
f 3153 3162 3156
f 3156 3162 3161
f 3153 3158 3160
f 3159 3161 3162
f 3159 3162 3163
f 3153 3201 3162
f 3164 3169 3165
f 3164 3166 3171
f 3165 3170 3167
f 3166 3168 3173
f 3165 3169 3170
f 3167 3170 3172
f 3164 3171 3169
f 3166 3173 3171
f 3151 3206 3168
f 3151 3174 3206
f 3159 3163 3178
f 3163 3182 3178
f 2911 3253 3266
f 2911 3266 3270
f 2911 3270 3271
f 2911 3271 3275
f 2911 3275 4047
f 3175 3176 3178
f 3176 3177 3178
f 3176 3179 3177
f 3177 3179 3180
f 3175 3184 3176
f 3176 3184 3179
f 3175 3182 3181
f 3175 3178 3182
f 3179 3184 3180
f 3180 3184 3183
f 3175 3223 3184
f 3086 3233 3185
f 3078 3187 3231
f 3151 3185 3174
f 3174 3185 3186
f 3086 3231 3233
f 3185 3235 3186
f 3188 3191 3189
f 3187 3192 3193
f 3187 3189 3192
f 3098 3183 3224
f 3098 3224 3238
f 3098 3238 3242
f 3082 3240 3196
f 3082 3241 3240
f 3082 3244 3241
f 3191 3194 3192
f 3192 3194 3193
f 3193 3194 3195
f 3189 3191 3192
f 3188 3194 3191
f 3188 3190 3194
f 3190 3195 3194
f 3190 3196 3195
f 3098 3242 3990
f 3082 3994 3244
f 3152 3198 3160
f 3154 3160 3198
f 3154 3198 3197
f 3152 3199 3198
f 3197 3198 3199
f 3155 3205 3209
f 3152 3155 3934
f 3152 3213 3199
f 3197 3199 3200
f 3199 3213 3200
f 3155 3209 3217
f 3162 3201 3163
f 3163 3201 3202
f 3153 3203 3201
f 3201 3203 3202
f 3153 3215 3203
f 3202 3203 3204
f 3203 3215 3204
f 3167 3172 3205
f 3172 3207 3205
f 3205 3207 3209
f 3168 3208 3173
f 3168 3206 3208
f 3206 3212 3208
f 3207 3211 3209
f 3209 3211 3217
f 3206 3210 3212
f 3210 3220 3212
f 3163 3202 3182
f 3202 3204 3222
f 3174 3210 3206
f 3182 3202 3222
f 3204 3216 3225
f 3204 3225 3222
f 3174 3218 3210
f 3174 3186 3952
f 3152 3934 3213
f 3155 3937 3934
f 3200 3213 3214
f 3153 3154 4009
f 3155 3217 3937
f 3213 3936 3214
f 3154 3197 4009
f 3213 3934 3936
f 3214 3936 3935
f 3197 3200 4009
f 3217 3944 3937
f 3153 3940 3215
f 3204 3215 3216
f 3153 3942 3940
f 3215 3940 3216
f 3153 3957 3942
f 3216 3940 3941
f 3211 3219 3217
f 3169 4022 3170
f 3169 3171 4021
f 3170 4020 3172
f 3172 4019 3207
f 3210 3218 3220
f 3171 3173 4023
f 3173 3208 3968
f 3208 3212 3964
f 3217 3219 3944
f 3219 3946 3944
f 3207 3967 3211
f 3211 3963 3219
f 3218 3947 3220
f 3212 3220 3951
f 3218 3945 3947
f 3216 3229 3225
f 3174 3952 3218
f 3216 3941 3229
f 3229 3941 3970
f 3218 3952 3945
f 3181 3182 3222
f 3181 3222 3221
f 3221 3222 3225
f 3183 3184 3223
f 3183 3223 3224
f 3175 3227 3223
f 3223 3227 3224
f 3221 3225 3226
f 3225 3229 3226
f 3175 3230 3227
f 3224 3227 3238
f 3227 3230 3238
f 3226 3229 3228
f 3175 3181 4032
f 3175 3971 3230
f 3175 3974 3971
f 3228 3229 3970
f 3181 3221 4032
f 3228 3970 3969
f 3221 3226 4032
f 3230 3971 3242
f 3175 3977 3974
f 3193 3236 3231
f 3185 3233 3235
f 3187 3193 3231
f 3231 3236 3233
f 3232 3233 3236
f 3232 3235 3233
f 3186 3982 3952
f 3186 3984 3982
f 3186 3235 3984
f 3232 3234 3235
f 3234 3983 3984
f 3234 3984 3235
f 3193 3195 3236
f 3195 3237 3236
f 3232 3236 3237
f 3195 3196 3237
f 3196 3240 3237
f 3237 3240 3239
f 3232 3239 3234
f 3232 3237 3239
f 3239 3241 3243
f 3239 3240 3241
f 3230 3242 3238
f 3234 3239 3243
f 3234 3243 3983
f 3242 3971 3990
f 3243 3244 3991
f 3243 3991 3983
f 3241 3244 3243
f 3244 3994 3991
f 3109 3245 3246
f 3109 3246 3110
f 3245 3250 3246
f 3112 3113 3247
f 3113 3248 3247
f 3087 3251 3260
f 3247 3248 3251
f 3088 3265 3252
f 3088 3283 3265
f 3088 3285 3283
f 3088 3287 3285
f 3087 3260 3261
f 3087 3261 3280
f 3087 3280 3288
f 3087 3288 3289
f 3245 3249 3250
f 3249 3257 3250
f 3246 3250 3253
f 3251 3252 3258
f 3248 3252 3251
f 3087 3289 3292
f 3087 3292 4074
f 3088 3291 3287
f 3088 4071 3291
f 3090 4270 3092
f 3089 4269 3090
f 3089 3091 4271
f 3092 4272 3093
f 3091 3429 4271
f 3093 4275 3095
f 3094 4274 3096
f 3094 3095 4275
f 3096 4276 3097
f 3097 4277 3099
f 3088 3098 4278
f 3099 4279 3100
f 3100 4280 3101
f 3101 4281 3102
f 3102 4282 3103
f 3042 3256 3249
f 3250 3257 3255
f 3249 3256 3257
f 3040 3042 3249
f 3250 3254 3253
f 3250 3255 3254
f 3040 3253 3254
f 3040 3041 3253
f 3040 3254 3042
f 3042 3044 3256
f 3042 3254 3255
f 3255 3257 3267
f 3251 3258 3259
f 3251 3259 3260
f 3258 3277 3259
f 3252 3262 3258
f 3252 3264 3262
f 3252 3263 3264
f 3252 3265 3263
f 3259 3264 3260
f 3260 3263 3261
f 3260 3264 3263
f 3261 3263 3265
f 3262 3264 3282
f 3041 3266 3253
f 3043 3045 3270
f 3043 3270 3266
f 3042 3255 3044
f 3041 3043 3266
f 3044 3268 3256
f 3256 3268 3269
f 3044 3267 3268
f 3044 3255 3267
f 3257 3272 3267
f 3267 3272 3268
f 3257 3273 3272
f 3256 4053 3257
f 3045 3271 3270
f 3045 3046 3271
f 3268 3272 3269
f 3256 3269 4052
f 3269 3272 3273
f 3257 4053 3273
f 3046 3275 3271
f 3046 3047 3275
f 3269 3273 3274
f 3269 3274 4052
f 3256 4052 4053
f 3273 3276 3274
f 3273 4053 3276
f 3047 4047 3275
f 3047 3858 4047
f 3274 3276 4046
f 3274 4046 4052
f 3276 4048 4046
f 3276 4053 4048
f 3258 3278 3277
f 3258 3279 3278
f 3258 3262 4062
f 3258 4062 3279
f 3279 4062 3281
f 3281 4062 4063
f 3261 3265 3280
f 3259 3277 3282
f 3259 3282 3264
f 3277 3278 3284
f 3277 3284 3282
f 3262 3282 3284
f 3265 3283 3280
f 3262 3284 3286
f 3283 3285 3288
f 3262 3286 4069
f 3278 3286 3284
f 3278 3279 3286
f 3285 3287 3289
f 3280 3283 3288
f 3285 3289 3288
f 3262 4069 4062
f 3279 3290 3286
f 3279 3281 3290
f 3286 3290 4069
f 3287 3291 3292
f 3281 4070 3290
f 3281 4063 4070
f 3290 4070 4069
f 3287 3292 3289
f 3291 4074 3292
f 3291 4071 4074
f 3082 3298 3307
f 3082 3307 3309
f 3082 3309 3315
f 3115 4289 3116
f 3114 4288 3115
f 3116 4290 3119
f 3114 3118 4292
f 3117 4292 3118
f 3119 4293 3120
f 3120 4294 3121
f 3082 3315 4105
f 3121 3308 3302
f 3121 3310 3308
f 3121 3316 3310
f 3128 3293 3297
f 3127 3301 3304
f 3129 3312 3294
f 3128 3297 3295
f 3129 3304 3312
f 3293 3294 3305
f 3121 4106 3316
f 3295 3299 3296
f 3296 3299 3300
f 3295 3297 3301
f 3295 3301 3299
f 3296 3300 3298
f 3298 3300 3302
f 3297 3304 3301
f 3293 3303 3297
f 3293 3311 3303
f 3293 3305 3311
f 3294 3306 3305
f 3294 3312 3314
f 3297 3303 3304
f 3294 3314 3306
f 3298 3302 3307
f 3302 3308 3307
f 3307 3308 3309
f 3308 3310 3309
f 3309 3310 3315
f 3305 3313 3311
f 3303 3312 3304
f 3303 3311 3312
f 3311 3314 3312
f 3305 3317 3313
f 3311 3313 3314
f 3306 3314 3318
f 3313 3318 3314
f 3305 3306 4111
f 3310 3316 3315
f 3315 3316 4105
f 3316 4106 4105
f 3313 3317 3318
f 3305 4111 3317
f 3306 3318 4112
f 3306 4112 4111
f 3317 4111 4109
f 3317 4110 3318
f 3317 4109 4110
f 3318 4110 4112
f 3319 3320 3603
f 3117 3472 4598
f 3320 3371 3604
f 3145 3147 3378
f 3321 3322 3323
f 3322 3324 3323
f 3321 3325 3322
f 3322 3325 3326
f 3321 3323 3327
f 3321 3327 3325
f 3323 3324 3329
f 3322 3326 3324
f 3324 3326 3328
f 3323 3329 3337
f 3324 3328 3329
f 3328 3330 3329
f 3323 3337 3339
f 3329 3330 3337
f 3325 3327 3340
f 3325 3340 3326
f 3326 3340 3328
f 3328 3340 3330
f 3132 3358 3383
f 3323 3342 3327
f 3145 3378 3319
f 3146 3372 3378
f 3330 3338 3337
f 3337 3338 3339
f 3338 3340 3339
f 3330 3340 3338
f 3138 3385 3372
f 3130 3383 3385
f 3137 3361 3358
f 3327 3342 3346
f 3342 3344 3343
f 3342 3345 3344
f 3342 3343 3347
f 3342 3347 3346
f 3343 3348 3347
f 3343 3344 3348
f 3342 3350 3345
f 3344 3349 3348
f 3344 3345 3349
f 3346 3347 3348
f 3346 3348 3349
f 3346 3349 3351
f 3323 3356 3342
f 3342 3354 3350
f 3345 3351 3349
f 3345 3350 3351
f 3342 3356 3354
f 3350 3355 3351
f 3346 3351 3355
f 3346 3355 3357
f 3352 3665 3370
f 3142 3387 3361
f 3350 3354 3355
f 3354 3357 3355
f 3354 3356 3357
f 3352 3370 3353
f 3148 3352 3420
f 3319 3400 3320
f 3319 3378 3400
f 3358 3361 3359
f 3359 3361 3360
f 3360 3361 3362
f 3361 3363 3366
f 3361 3364 3362
f 3361 3365 3364
f 3361 3366 3367
f 3361 3367 3368
f 3361 3368 3365
f 3352 3353 3414
f 3353 3370 3369
f 3148 3420 3387
f 3353 3369 3414
f 3369 3370 3389
f 3370 3680 3389
f 3371 4135 4404
f 3320 3400 3371
f 3372 3373 3374
f 3372 3374 3375
f 3358 3359 3383
f 3359 3360 3384
f 3360 3362 3386
f 3361 3387 3363
f 3372 3375 3376
f 3372 3376 3377
f 3372 3379 3378
f 3372 3380 3381
f 3372 3381 3379
f 3372 3377 3382
f 3372 3382 3380
f 3372 3385 3373
f 3373 3390 3374
f 3362 3364 3391
f 3363 3392 3366
f 3366 3394 3367
f 3364 3365 3393
f 3365 3368 3398
f 3367 3399 3368
f 3359 3384 3383
f 3339 3340 4213
f 3374 3395 3375
f 3375 3396 3376
f 3376 3404 3377
f 3373 3385 3390
f 3360 3386 3384
f 3363 3387 3392
f 3362 3391 3386
f 3364 3393 3391
f 3366 3392 3394
f 3365 3397 3393
f 3367 3394 3399
f 3365 3398 3397
f 3368 3399 3398
f 3378 3379 3400
f 3377 3406 3382
f 3380 3403 3381
f 3379 3381 3401
f 3380 3382 3402
f 3374 3390 3395
f 3375 3395 3396
f 3376 3396 3404
f 3383 3384 3385
f 3384 3390 3385
f 3384 3386 3390
f 3323 3339 4224
f 3331 4306 3332
f 3332 4307 3333
f 3333 4308 3334
f 3334 4309 3335
f 3335 4310 3336
f 3336 4311 3341
f 3327 4314 3340
f 3352 3414 3420
f 3327 3346 4225
f 3369 3389 3388
f 3369 3388 3414
f 3323 4224 3356
f 3341 4312 3649
f 3346 3357 4225
f 3356 4224 3357
f 3388 3389 3428
f 3371 3400 4139
f 3377 3404 3405
f 3377 3405 3406
f 3379 3401 3400
f 3381 3403 3401
f 3382 3406 3402
f 3380 3402 3403
f 3386 3395 3390
f 3386 3391 3395
f 3391 3393 3396
f 3391 3396 3395
f 3393 3397 3404
f 3393 3404 3396
f 3387 3420 3392
f 3392 3407 3394
f 3394 3408 3399
f 3397 3405 3404
f 3398 3399 3409
f 3392 3420 3407
f 3397 3398 3410
f 3394 3407 3408
f 3397 3411 3405
f 3399 3408 3409
f 3398 3409 3410
f 3371 4139 4135
f 3400 3401 4139
f 3401 3403 4140
f 3402 3406 4143
f 3402 4142 3403
f 3397 3410 3411
f 3405 4144 3406
f 3401 4140 4139
f 3403 4141 4140
f 3403 4142 4141
f 3402 4143 4142
f 3406 4144 4143
f 3405 3411 4144
f 3414 3415 3420
f 3388 3425 3414
f 3414 3425 3415
f 3415 3425 3416
f 3416 3425 3417
f 3417 3425 3418
f 3418 3425 3419
f 3407 3415 3416
f 3407 3420 3415
f 3408 3416 3417
f 3407 3416 3408
f 3409 3417 3418
f 3408 3417 3409
f 3410 3418 3419
f 3388 3428 3425
f 3389 4178 3428
f 3419 3425 3421
f 3421 3425 3422
f 3422 3425 3423
f 3423 3425 3424
f 3409 3418 3410
f 3412 3419 3421
f 3410 3419 3411
f 3411 3419 3412
f 3413 3421 3422
f 3422 3423 3426
f 3412 3421 3413
f 3423 3424 3427
f 3413 3422 3426
f 3423 3427 3426
f 3424 3425 4177
f 3424 4177 3427
f 3425 4178 4177
f 3425 3428 4178
f 3389 4405 4178
f 3430 3441 3431
f 3431 3432 3433
f 3431 3441 3432
f 3433 3438 3434
f 3434 3439 3435
f 3435 3440 3436
f 3432 3437 3433
f 3433 3437 3438
f 3434 3438 3439
f 3435 3439 3440
f 3436 3440 3445
f 3436 3445 3443
f 3443 3446 3444
f 3444 3452 3451
f 3443 3445 3446
f 3444 3446 3452
f 3448 3449 3473
f 3447 3451 3453
f 3447 3454 3450
f 3449 3450 3455
f 3451 3452 3453
f 3447 3453 3454
f 3450 3454 3455
f 3449 3455 3474
f 3455 3456 3479
f 3457 3458 3459
f 3457 3459 3462
f 3458 3465 3461
f 3456 3460 3527
f 3456 3459 3460
f 3458 3461 3459
f 3459 3461 3460
f 3457 3462 3463
f 3457 3463 3464
f 3457 3464 3547
f 3458 3466 3465
f 3458 3467 3466
f 3458 3548 3467
f 3457 3547 3549
f 3458 3550 3548
f 3462 3465 3463
f 3462 3468 3470
f 3463 3466 3464
f 3463 3465 3466
f 3462 3470 3465
f 3464 3466 3467
f 3459 3468 3462
f 3459 3469 3468
f 3459 3551 3469
f 3461 3465 3470
f 3461 3470 3471
f 3461 3471 3552
f 3459 3553 3551
f 3468 3469 3471
f 3468 3471 3470
f 3461 3552 3586
f 3448 3473 3472
f 3449 3474 3473
f 3455 3479 3474
f 3474 3479 3475
f 3475 3479 3476
f 3476 3479 3477
f 3477 3479 3478
f 3478 3479 3520
f 3456 3527 3479
f 3131 3480 3483
f 3131 3482 3480
f 3131 3481 3482
f 3131 3492 3481
f 3131 3493 3492
f 3132 3483 3484
f 3132 3484 3485
f 3132 3485 3486
f 3132 3486 3487
f 3134 3487 3488
f 3130 3494 3493
f 3130 3504 3494
f 3490 3496 3504
f 3494 3504 3495
f 3495 3504 3496
f 3490 3504 3491
f 3489 3491 3504
f 3489 3504 3503
f 3497 3503 3498
f 3489 3503 3497
f 3498 3503 3499
f 3499 3503 3500
f 3500 3503 3501
f 3501 3503 3502
f 3502 3503 3515
f 3130 3517 3504
f 3478 3520 3505
f 3505 3520 3516
f 3134 3488 3506
f 3134 3506 3507
f 3134 3507 3510
f 3134 3510 3511
f 3136 3511 3512
f 3136 3512 3515
f 3502 3515 3508
f 3508 3515 3509
f 3509 3515 3514
f 3512 3513 3515
f 3513 3514 3515
f 3136 3515 3518
f 3516 3520 3521
f 3516 3521 3519
f 3519 3521 3522
f 3480 3614 3483
f 3481 3615 3482
f 3481 3492 3613
f 3480 3482 3615
f 3483 3616 3484
f 3484 3617 3485
f 3485 3617 3486
f 3486 3618 3487
f 3487 3619 3488
f 3489 3497 3625
f 3492 3493 3620
f 3495 3496 3622
f 3493 3494 3621
f 3494 3495 3621
f 3490 3491 3624
f 3490 3623 3496
f 3489 3624 3491
f 3503 3504 3626
f 3497 3498 3627
f 3498 3499 3628
f 3499 3500 3628
f 3500 3501 3629
f 3501 3502 3630
f 3140 3523 3517
f 3504 3517 3607
f 3478 3505 3633
f 3488 3652 3506
f 3506 3652 3507
f 3507 3653 3510
f 3510 3654 3511
f 3513 3656 3514
f 3511 3655 3512
f 3512 3655 3513
f 3502 3508 3657
f 3508 3509 3657
f 3509 3514 3658
f 3503 3659 3515
f 3515 3660 3518
f 3143 3518 3524
f 3505 3516 3672
f 3519 3522 3525
f 3516 3519 3672
f 3522 3526 3525
f 3520 3522 3521
f 3520 3526 3522
f 3144 3603 3523
f 3517 3523 3606
f 3480 3615 3614
f 3481 3613 3615
f 3483 3614 3616
f 3484 3616 3617
f 3486 3617 3618
f 3487 3618 3619
f 3488 3619 3652
f 3492 3620 3613
f 3493 3621 3620
f 3495 3622 3621
f 3496 3623 3622
f 3489 3625 3624
f 3490 3624 3623
f 3497 3627 3625
f 3498 3628 3627
f 3500 3629 3628
f 3502 3657 3630
f 3501 3630 3629
f 3503 3626 3659
f 3504 3607 3626
f 3478 3633 3634
f 3478 3634 3636
f 3478 3636 3637
f 3478 3637 3647
f 3505 3635 3633
f 3505 3672 3635
f 3507 3652 3653
f 3510 3653 3654
f 3511 3654 3655
f 3513 3655 3656
f 3514 3656 3658
f 3509 3658 3657
f 3518 3662 3524
f 3515 3659 3660
f 3519 3525 3673
f 3525 3526 3677
f 3517 3605 3607
f 3517 3606 3605
f 3523 3603 3609
f 3523 3608 3606
f 3523 3609 3608
f 3478 3647 3648
f 3518 3660 3661
f 3518 3661 3662
f 3148 3524 3665
f 3524 3662 3663
f 3524 3663 3664
f 3524 3664 3665
f 3519 3673 3672
f 3525 3674 3673
f 3526 3682 3677
f 3525 3675 3674
f 3525 3676 3675
f 3525 3677 3676
f 3520 3682 3526
f 3520 3683 3682
f 3527 3530 3528
f 3527 3528 3532
f 3527 3532 3535
f 3527 3535 3536
f 3527 3536 3543
f 3527 3543 3541
f 3460 3538 3527
f 3460 3689 3538
f 3527 3529 3530
f 3531 3533 3545
f 3527 3538 3529
f 3538 3531 3529
f 3538 3533 3531
f 3538 3534 3533
f 3538 3539 3534
f 3539 3537 3534
f 3539 3540 3537
f 3538 3702 3539
f 3540 3544 3537
f 3540 3546 3544
f 3527 3541 3542
f 3527 3542 3684
f 3527 3684 3685
f 3527 3685 3686
f 3460 3688 3687
f 3460 3690 3688
f 3460 3687 3689
f 3538 3689 3691
f 3531 3545 3699
f 3539 3702 3540
f 3546 3697 3544
f 3538 3691 3705
f 3538 3703 3702
f 3538 3705 3703
f 3540 3702 3546
f 3546 3701 3697
f 3429 3430 4499
f 3430 3431 4500
f 3432 4501 3437
f 3431 3433 4502
f 3433 3434 4503
f 3434 3435 4504
f 3435 3436 4505
f 3437 4506 3438
f 3438 4507 3439
f 3439 4508 3440
f 3436 3443 4505
f 3440 4509 3445
f 3432 3441 4510
f 3441 3442 4511
f 3443 3444 4513
f 3444 3451 4520
f 3445 4514 3446
f 3446 4515 3452
f 3103 4517 3448
f 3448 4517 3449
f 3447 3450 4519
f 3449 4518 3450
f 3447 4516 3451
f 3452 4521 3453
f 3453 4522 3454
f 3454 4523 3455
f 3455 4524 3456
f 3456 4525 3459
f 3442 3457 4536
f 3457 3549 3556
f 3457 3556 3555
f 3457 3555 3563
f 3457 3563 3565
f 3457 3565 3566
f 3458 3558 3550
f 3458 3571 3558
f 3458 3573 3571
f 3458 3574 3573
f 3464 3467 3547
f 3547 3548 3549
f 3467 3548 3547
f 3457 3566 3569
f 3457 3569 4334
f 3458 3577 3574
f 3458 4344 3577
f 3549 3550 3561
f 3548 3550 3549
f 3469 3551 3552
f 3459 3581 3553
f 3459 3582 3581
f 3459 3588 3582
f 3469 3552 3471
f 3551 3554 3552
f 3460 3715 3690
f 3460 3717 3715
f 3459 3591 3588
f 3459 3592 3591
f 3460 3723 3717
f 3461 3586 3596
f 3461 3596 3599
f 3461 3599 3600
f 3551 3553 3554
f 3553 3583 3554
f 3552 3554 3586
f 3459 3594 3592
f 3459 4366 3594
f 3460 4386 3723
f 3460 3461 4539
f 3461 3600 3602
f 3461 3602 4377
f 3549 3557 3556
f 3555 3556 3559
f 3556 3557 3560
f 3557 3561 3564
f 3550 3558 3559
f 3550 3559 3560
f 3555 3559 3558
f 3556 3560 3559
f 3560 3572 3562
f 3549 3561 3557
f 3550 3562 3561
f 3550 3560 3562
f 3563 3571 3565
f 3555 3558 3563
f 3561 3567 3564
f 3557 3564 3572
f 3564 3567 3575
f 3565 3573 3566
f 3567 3568 3576
f 3566 3574 3569
f 3568 3570 3578
f 3569 3577 4334
f 3570 4335 4345
f 3565 3571 3573
f 3558 3571 3563
f 3557 3572 3560
f 3562 3572 3575
f 3564 3575 3572
f 3566 3573 3574
f 3567 3576 3575
f 3569 3574 3577
f 3568 3578 3576
f 3577 4344 4334
f 3570 4345 3578
f 3561 3568 3567
f 3561 3562 4354
f 3561 4354 3568
f 3568 4354 3570
f 3570 4354 4335
f 3562 3575 3576
f 3562 3576 4355
f 3562 4355 4354
f 3576 3578 4355
f 3578 4345 4355
f 3553 3579 3583
f 3553 3580 3579
f 3553 3581 3580
f 3579 3580 3587
f 3580 3581 3585
f 3581 3582 3586
f 3554 3583 3584
f 3554 3584 3585
f 3554 3585 3586
f 3583 3595 3584
f 3580 3585 3584
f 3581 3586 3585
f 3579 3587 3589
f 3579 3589 3590
f 3587 3595 3589
f 3580 3584 3587
f 3582 3588 3596
f 3588 3591 3599
f 3589 3597 3590
f 3579 3590 4364
f 3591 3592 3600
f 3579 4364 4375
f 3590 3598 3593
f 3590 3593 4364
f 3592 3594 3602
f 3593 3601 4365
f 3593 4365 4364
f 3594 4366 4377
f 3579 4375 3583
f 3583 3597 3595
f 3589 3595 3597
f 3583 3598 3597
f 3582 3596 3586
f 3584 3595 3587
f 3588 3599 3596
f 3583 4375 3598
f 3590 3597 3598
f 3591 3600 3599
f 3593 3598 3601
f 3598 4375 3601
f 3592 3602 3600
f 3601 4375 4376
f 3601 4376 4365
f 3594 4377 3602
f 3603 3604 3632
f 3472 3473 4599
f 3473 3474 4600
f 3474 3475 4601
f 3320 3604 3603
f 3475 3476 4602
f 3476 3477 4603
f 3477 3478 4604
f 3479 4605 3520
f 3603 3631 3609
f 3603 3632 3631
f 3610 3611 3612
f 3331 3612 3611
f 3331 3332 3616
f 3331 3616 3612
f 3612 3613 3620
f 3612 3615 3613
f 3612 3616 3614
f 3612 3614 3615
f 3612 3620 3621
f 3332 3333 3616
f 3333 3334 3617
f 3334 3335 3617
f 3335 3336 3618
f 3336 3341 3618
f 3333 3617 3616
f 3335 3618 3617
f 3618 3651 3619
f 3621 3622 3626
f 3622 3623 3626
f 3623 3624 3626
f 3624 3625 3626
f 3607 3638 3626
f 3607 3639 3638
f 3625 3627 3626
f 3626 3627 3628
f 3626 3628 3659
f 3628 3629 3659
f 3629 3630 3659
f 3605 3606 3634
f 3605 3634 3633
f 3605 3633 3607
f 3607 3635 3639
f 3607 3633 3635
f 3606 3608 3636
f 3606 3636 3634
f 3608 3609 3637
f 3608 3637 3636
f 3609 3647 3637
f 3635 3640 3639
f 3635 3641 3640
f 3635 3642 3641
f 3635 3643 3642
f 3635 3644 3643
f 3635 3672 3644
f 3609 3631 3647
f 3631 3632 3648
f 3631 3648 3647
f 3341 3649 3651
f 3649 3650 3651
f 3341 3651 3618
f 3619 3651 3652
f 3651 3653 3652
f 3651 3654 3653
f 3651 3655 3654
f 3630 3657 3659
f 3657 3658 3659
f 3655 3659 3656
f 3656 3659 3658
f 3659 3669 3660
f 3660 3669 3670
f 3664 3666 3665
f 3665 3666 3667
f 3665 3667 3680
f 3644 3672 3645
f 3645 3672 3646
f 3646 3672 3671
f 3660 3670 3672
f 3668 3672 3670
f 3668 3671 3672
f 3660 3672 3661
f 3661 3673 3662
f 3661 3672 3673
f 3662 3673 3674
f 3662 3674 3663
f 3663 3674 3675
f 3663 3675 3664
f 3664 3675 3676
f 3664 3676 3666
f 3676 3677 3678
f 3677 3679 3678
f 3666 3676 3678
f 3666 3678 3667
f 3667 3678 3679
f 3677 3681 3679
f 3677 3682 3681
f 3478 3648 4417
f 3370 3665 3680
f 3681 3682 3683
f 3520 4407 3683
f 3604 4404 3632
f 3371 4404 3604
f 3610 4543 3611
f 3331 3611 4544
f 3610 3612 4545
f 3612 3621 4545
f 3621 3626 4554
f 3626 3638 4559
f 3632 4411 3648
f 3638 3639 4566
f 3639 3640 4567
f 3640 3641 4568
f 3641 3642 4569
f 3642 3643 4570
f 3643 3644 4571
f 3644 3645 4572
f 3645 3646 4573
f 3667 4405 3680
f 3649 4574 3650
f 3650 4575 3651
f 3651 4580 3655
f 3655 4584 3659
f 3659 4588 3669
f 3389 3680 4405
f 3679 3681 4406
f 3668 4587 3671
f 3669 4588 3670
f 3668 3670 4589
f 3646 3671 4590
f 3667 3679 4429
f 3681 3683 4406
f 3683 4407 4406
f 3527 3686 3713
f 3527 3713 3714
f 3479 3527 4657
f 3687 3688 3692
f 3687 3694 3689
f 3688 3693 3692
f 3687 3692 3694
f 3688 3690 3693
f 3690 3695 3693
f 3689 3696 3691
f 3689 3694 3696
f 3699 3545 3698
f 3546 3704 3701
f 3546 3702 3704
f 3701 3700 3697
f 3702 3703 3706
f 3702 3708 3704
f 3703 3707 3706
f 3702 3706 3708
f 3703 3705 3707
f 3705 3709 3707
f 3704 3708 3712
f 3701 3704 3710
f 3701 3710 3731
f 3701 3731 3711
f 3701 3711 3700
f 3704 3712 3710
f 3527 3714 4657
f 3690 3715 3695
f 3695 3715 3719
f 3715 3717 3719
f 3691 3720 3716
f 3691 3696 3720
f 3716 3720 3722
f 3717 3721 3719
f 3717 3723 3721
f 3716 3722 3718
f 3718 3722 3726
f 3693 3695 3721
f 3692 3693 3725
f 3695 3719 3721
f 3692 4387 3694
f 3693 3721 3725
f 3694 4387 3696
f 3692 3725 4387
f 3691 3716 3705
f 3705 3716 3727
f 3716 3728 3727
f 3716 3718 3728
f 3718 3735 3728
f 3721 3723 3725
f 3718 3726 3724
f 3723 4386 3725
f 3725 4386 4387
f 3724 3726 4442
f 3724 4442 4439
f 3696 4449 3720
f 3720 4449 3722
f 3722 4442 3726
f 3696 4387 4443
f 3696 4443 4449
f 3722 4444 4442
f 3718 3724 3735
f 3724 4439 4455
f 3724 4455 3735
f 3705 3727 3709
f 3709 3727 3729
f 3727 3728 3729
f 3728 3730 3729
f 3728 3735 3730
f 3706 3707 4463
f 3706 4463 3708
f 3707 3709 4463
f 3711 3731 3732
f 3710 3733 3731
f 3710 3712 3733
f 3731 3733 3734
f 3711 3732 3737
f 3731 3734 3732
f 3732 3734 3738
f 3711 4454 3700
f 3708 4463 3712
f 3712 4462 3733
f 3733 3738 3734
f 3730 3735 3736
f 3735 4455 3736
f 3736 4455 4457
f 3709 3729 4497
f 3729 3730 4497
f 3732 3738 3737
f 3711 3737 4460
f 3711 4460 4454
f 3737 4459 4460
f 3737 3738 4462
f 3737 4462 4459
f 3733 4462 3738
f 3712 4463 4462
f 3709 4470 4463
f 235 3867 949
f 2885 3868 3869
f 2886 3869 3870
f 2887 3870 3871
f 2888 3871 3872
f 2889 3872 3873
f 2897 3873 3881
f 2890 3878 3874
f 2891 3876 3875
f 2892 3877 3876
f 2893 3879 3877
f 2894 3875 3878
f 2895 3880 3879
f 2897 3881 3912
f 2896 3919 3880
f 2883 3899 3867
f 3739 3744 3745
f 3739 3740 3743
f 3739 3742 3744
f 3744 3742 3754
f 3740 3757 3801
f 3740 3741 3757
f 3741 3770 3772
f 3741 3772 3757
f 3757 3772 3774
f 3739 3743 3742
f 3740 3801 3743
f 3757 3765 3801
f 3757 3774 3765
f 3765 3767 3801
f 3765 3776 3767
f 3767 3843 3825
f 3745 3744 3746
f 3744 3747 3746
f 3749 3750 3751
f 3749 3751 3753
f 3751 3752 3753
f 3749 3753 3769
f 3753 3755 3769
f 3756 3758 3771
f 3756 3780 3758
f 3758 3766 3773
f 3760 3761 3759
f 3804 3761 3760
f 3820 3763 3764
f 3749 3769 3830
f 3766 3768 3775
f 3758 3789 3766
f 3768 3826 3777
f 3766 3791 3768
f 3768 3791 3826
f 2906 3838 3899
f 2981 3776 3774
f 2981 3843 3776
f 3019 3021 3844
f 2981 3844 3843
f 3021 3771 3844
f 3771 3773 3844
f 3765 3774 3776
f 3773 3775 3844
f 3767 3776 3843
f 3777 3826 3845
f 3775 3777 3844
f 3758 3773 3771
f 3756 3778 3780
f 3778 3783 3780
f 3758 3780 3789
f 3780 3786 3789
f 3778 3782 3783
f 3780 3783 3785
f 3779 3781 3787
f 2991 3794 3793
f 2991 3797 3794
f 3032 3037 3856
f 2991 3853 3797
f 3037 3038 3856
f 3779 3787 3784
f 3780 3785 3786
f 2991 3855 3853
f 3038 3039 3856
f 2991 3856 3855
f 3039 3784 3856
f 3781 3788 3787
f 3781 3795 3788
f 3766 3775 3773
f 3768 3777 3775
f 3766 3789 3791
f 3789 3794 3791
f 3791 3848 3826
f 3791 3853 3848
f 3786 3793 3789
f 3789 3793 3794
f 3781 3790 3795
f 3784 3787 3856
f 3787 3788 3856
f 3788 3795 3856
f 3790 3796 3795
f 3790 3798 3796
f 3791 3794 3797
f 3791 3797 3853
f 3799 3849 3854
f 3790 3792 3798
f 3792 3849 3799
f 3795 3796 3856
f 3796 3798 3856
f 3798 3799 3856
f 3792 3799 3798
f 3801 3800 3743
f 3801 3802 3800
f 3801 3803 3802
f 3803 3804 3760
f 3801 3804 3803
f 3767 3883 3801
f 3825 3844 3827
f 3767 3825 3883
f 3825 3827 3883
f 3801 3883 3804
f 3883 3882 3804
f 3827 3887 3883
f 3805 3762 3806
f 3807 3805 3806
f 3807 3806 3810
f 3807 3810 3823
f 3818 3820 3764
f 3818 3819 3821
f 3818 3821 3822
f 3818 3833 3820
f 3823 3810 3811
f 3818 3822 3832
f 3822 3824 3832
f 3826 3828 3845
f 3827 3846 3829
f 3828 3829 3847
f 3807 3886 3808
f 3886 3809 3808
f 3886 3812 3809
f 3889 3817 3815
f 3816 3889 3815
f 3818 3832 3888
f 3807 3823 3886
f 3827 3829 3887
f 3837 3831 3835
f 3825 3843 3844
f 3828 3847 3845
f 3827 3844 3846
f 3829 3846 3847
f 3777 3845 3844
f 3844 3845 3846
f 3845 3847 3846
f 3848 3855 3850
f 3850 3856 3852
f 3779 3901 3781
f 3848 3853 3855
f 3851 3857 3854
f 3850 3855 3856
f 3852 3856 3857
f 3849 3851 3854
f 3851 3852 3857
f 3799 3854 3856
f 3854 3857 3856
f 2911 3900 3901
f 3781 3901 3790
f 3790 3901 3792
f 3792 3901 3849
f 2921 3901 3779
f 2922 3902 3858
f 2922 3874 3902
f 3061 4267 3925
f 3858 3902 3859
f 3859 3902 3860
f 3860 3902 3861
f 3861 3902 3862
f 3862 3902 3864
f 3864 3902 3866
f 3866 3902 4097
f 2924 3903 3904
f 2925 3904 3905
f 2926 3905 3906
f 2927 3906 3907
f 2928 3907 3908
f 2929 3908 3909
f 2930 3909 3910
f 2931 3910 3911
f 949 3867 950
f 950 3867 951
f 951 3867 952
f 952 3867 956
f 956 3867 3869
f 956 3869 3868
f 3867 3870 3869
f 3867 3871 3870
f 3867 3876 3871
f 3867 3875 3876
f 3867 3878 3875
f 3867 3874 3878
f 3871 3876 3872
f 3872 3877 3873
f 3873 3877 3881
f 3872 3876 3877
f 3877 3879 3881
f 3879 3880 3881
f 3880 3912 3881
f 3867 3899 3874
f 3880 3919 3912
f 3883 3884 3882
f 3883 3885 3884
f 3886 3823 3885
f 3883 3886 3885
f 3829 3893 3887
f 3883 3887 3886
f 3812 3895 3813
f 3895 3814 3813
f 3895 3816 3814
f 3818 3896 3833
f 3812 3886 3894
f 3818 3888 3896
f 3828 3898 3829
f 3826 3898 3828
f 3826 3848 3898
f 3899 3835 3836
f 3899 3836 3834
f 3899 3837 3835
f 3899 3838 3840
f 3816 3896 3889
f 3812 3894 3895
f 3896 3888 3889
f 3896 3892 3833
f 3829 3897 3893
f 3899 3839 3837
f 3899 3840 3841
f 3899 3842 3839
f 3899 3841 3842
f 3899 3834 3890
f 3848 3850 3898
f 3850 3852 3901
f 3851 3901 3852
f 3849 3901 3851
f 3886 3887 3894
f 3887 3893 3894
f 3816 3895 3896
f 3829 3898 3897
f 3899 3890 3891
f 3899 3891 3892
f 3893 3895 3894
f 3893 3897 3895
f 3895 3897 3896
f 3896 3899 3892
f 3896 3897 3898
f 3896 3898 3899
f 3898 3901 3899
f 3850 3901 3898
f 3900 3902 3901
f 3874 3899 3901
f 3874 3901 3902
f 3903 3925 4267
f 3903 4267 3904
f 3904 4267 3905
f 3906 4270 4269
f 3905 4270 3906
f 3906 4269 3907
f 3907 4269 3908
f 3908 4271 3909
f 3909 4271 3910
f 3910 4271 3911
f 3908 4269 4271
f 3911 4271 4498
f 3052 3912 3916
f 3049 3914 3913
f 3050 3915 3914
f 3051 3918 3915
f 473 984 3903
f 3053 3916 3917
f 3054 3917 3918
f 3055 3920 3919
f 3056 3921 3920
f 3057 3922 3921
f 3058 3923 3922
f 3059 3924 3923
f 3060 3925 3924
f 988 3062 3926
f 2931 3911 3930
f 3062 3927 3926
f 3063 3928 3927
f 3064 3929 3928
f 3067 3930 3931
f 3065 3932 3929
f 3068 3931 3932
f 3069 3933 5163
f 3912 3919 3916
f 3916 3919 3917
f 3917 3919 3920
f 3917 3920 3921
f 3917 3921 3918
f 3915 3918 3922
f 3914 3915 3923
f 3913 3914 3924
f 984 3913 3903
f 3918 3921 3922
f 3915 3922 3923
f 3914 3923 3924
f 3913 3924 3925
f 3903 3913 3925
f 988 3926 3933
f 3911 4498 3930
f 3930 4498 4499
f 3930 4499 4510
f 3927 3928 3933
f 3928 3929 3933
f 3929 3932 3933
f 3931 3933 3932
f 3926 3927 3933
f 3930 4511 3931
f 3931 4511 3933
f 3930 4510 4511
f 3933 4511 4536
f 3933 4536 4537
f 3933 4537 5163
f 3934 3938 3936
f 3935 3936 3938
f 3200 3214 4009
f 3935 3938 3939
f 3937 3944 3948
f 3934 3937 4002
f 3934 4002 3938
f 3214 3935 4009
f 3938 3953 3939
f 3937 3948 4005
f 3153 4013 4011
f 3153 4009 4013
f 3153 3959 3957
f 3940 3942 3941
f 3153 4011 3959
f 3941 3942 3943
f 3942 3957 3943
f 3944 3946 3948
f 3946 3950 3948
f 3219 3950 3946
f 3219 3963 3950
f 3220 3947 3951
f 3945 3951 3947
f 3212 3951 3964
f 3945 3949 3951
f 3208 3964 3968
f 3948 3950 3961
f 3211 3967 3963
f 3207 4019 3967
f 3172 4020 4019
f 3170 4022 4020
f 3169 4021 4022
f 3173 3968 4023
f 3171 4023 4021
f 3949 3964 3951
f 3941 3943 3973
f 3941 3973 3970
f 3945 3952 3949
f 3943 3975 3973
f 3952 3982 4024
f 3949 3952 4024
f 3937 4005 4002
f 3939 3953 3954
f 3935 3939 4009
f 3938 4002 3953
f 3953 3956 3954
f 3939 3954 4009
f 3948 3961 4005
f 3953 4002 3956
f 3954 3956 3955
f 3956 4002 4006
f 3954 3955 4009
f 3955 3956 4006
f 3955 4006 4003
f 3961 3965 4005
f 3943 3957 3958
f 3957 3959 3958
f 3958 3959 3960
f 3959 4011 3960
f 3960 4011 4012
f 3950 3963 3961
f 3961 3963 3965
f 3949 3962 3964
f 3962 3968 3964
f 3963 3967 3965
f 3965 3967 4014
f 3967 4019 4014
f 3962 3966 3968
f 3966 4023 3968
f 3966 4015 4023
f 3943 3958 3975
f 3958 3979 3975
f 3949 4024 3962
f 3958 3960 3979
f 3962 4024 3966
f 3960 4012 4026
f 3960 4026 3979
f 2911 4047 3900
f 3969 3970 3973
f 3226 3228 4032
f 3969 3973 3972
f 3175 4034 3980
f 3175 3980 3977
f 3971 3974 3990
f 3228 3969 4032
f 3175 4030 4034
f 3972 3973 3975
f 3175 4032 4030
f 3974 3977 3992
f 3972 3975 3976
f 3969 3972 4032
f 3975 3979 3976
f 3972 3976 4032
f 3977 3996 3992
f 3977 3980 3996
f 3976 3979 3978
f 3976 3978 4032
f 3978 3979 4026
f 3978 4026 4025
f 3980 3981 3996
f 3980 4034 3981
f 3981 4034 4027
f 3983 3985 3986
f 3983 3986 3984
f 3982 3984 4035
f 3984 3986 4035
f 3985 3988 3986
f 3982 4035 4024
f 3985 3987 3988
f 3987 3989 3988
f 3987 3998 3989
f 3998 4040 4036
f 3986 3988 4242
f 3989 3998 4036
f 3983 3991 3985
f 3974 3992 3990
f 3991 3994 3993
f 3985 3991 3993
f 3985 3993 3987
f 3993 3995 3997
f 3082 4256 3994
f 3993 3994 3995
f 3987 3997 3998
f 3987 3993 3997
f 3997 4000 3999
f 3998 3999 4040
f 3997 3999 3998
f 3999 4000 4001
f 3999 4043 4040
f 3999 4001 4043
f 4001 4045 4043
f 3995 4000 3997
f 3955 4003 4009
f 4003 4007 4004
f 4003 4004 4009
f 4003 4006 4007
f 4008 4012 4013
f 4004 4007 4010
f 4004 4010 4009
f 4008 4013 4009
f 4008 4009 4010
f 4002 4236 4006
f 4002 4005 4236
f 4006 4236 4007
f 4007 4236 4010
f 3965 4237 4005
f 3965 4014 4237
f 4011 4013 4012
f 4014 4019 4016
f 4015 4018 4021
f 4016 4020 4017
f 4017 4022 4018
f 4016 4019 4020
f 4015 4021 4023
f 4017 4020 4022
f 4018 4022 4021
f 4008 4029 4012
f 4012 4029 4026
f 3966 4238 4015
f 3966 4024 4238
f 4005 4237 4236
f 4008 4010 4239
f 4014 4240 4237
f 4014 4016 4240
f 4016 4017 4245
f 3900 4047 4050
f 3900 4050 4056
f 3978 4025 4032
f 4025 4026 4029
f 4025 4029 4028
f 4027 4030 4031
f 4025 4028 4032
f 4028 4029 4033
f 4028 4033 4032
f 4031 4032 4033
f 4030 4032 4031
f 4027 4034 4030
f 3900 4056 4057
f 3900 4057 4060
f 3900 4060 4084
f 3986 4242 4035
f 4036 4040 4037
f 4037 4041 4039
f 4024 4035 4238
f 3988 3989 4243
f 4035 4242 4238
f 3988 4243 4242
f 3989 4036 4253
f 4040 4043 4041
f 4041 4043 4044
f 4041 4044 4042
f 4037 4040 4041
f 4043 4045 4044
f 4038 4044 4045
f 4039 4041 4042
f 4038 4042 4044
f 4038 4039 4042
f 3990 3992 4278
f 3994 4256 3995
f 3992 3996 4278
f 3981 4278 3996
f 3981 4027 4278
f 3995 4256 4000
f 4000 4256 4001
f 4001 4256 4045
f 3858 4050 4047
f 3858 3859 4050
f 4046 4049 4052
f 4046 4048 4049
f 4048 4053 4051
f 4048 4051 4049
f 3859 4056 4050
f 3859 3860 4056
f 4049 4054 4052
f 4049 4051 4054
f 4051 4053 4058
f 4051 4058 4054
f 4052 4088 4053
f 3860 4057 4056
f 3860 3861 4057
f 4052 4054 4087
f 4054 4058 4055
f 4053 4088 4058
f 4055 4058 4059
f 3861 3862 4060
f 3861 4060 4057
f 3862 4084 4060
f 4054 4055 4087
f 3863 4055 4059
f 3863 4061 3865
f 3862 3864 4084
f 3863 4087 4055
f 3863 4059 4061
f 4052 4087 4088
f 4058 4088 4059
f 3865 4061 4086
f 4059 4088 4061
f 4062 4064 4063
f 4062 4065 4064
f 4062 4069 4090
f 4062 4090 4065
f 4065 4090 4066
f 4066 4090 4067
f 4063 4072 4070
f 4063 4064 4072
f 4069 4070 4072
f 4064 4076 4072
f 4064 4065 4076
f 4069 4072 4076
f 4073 4077 4082
f 3087 4074 4267
f 4071 4075 4074
f 4071 4073 4075
f 4073 4082 4075
f 3088 4268 4071
f 4069 4076 4093
f 4065 4078 4076
f 4065 4066 4078
f 4077 4079 4083
f 4069 4093 4090
f 4066 4067 4080
f 4066 4080 4078
f 4067 4089 4094
f 4067 4094 4080
f 4081 4096 4091
f 4076 4078 4093
f 4068 4079 4081
f 4078 4080 4093
f 4077 4083 4082
f 4068 4083 4079
f 4068 4081 4091
f 3864 4085 4084
f 3866 4086 4085
f 3864 3866 4085
f 3865 4086 3866
f 3863 3865 4087
f 4061 4088 4086
f 3865 3866 4097
f 4084 4085 4098
f 4085 4086 4098
f 3865 4097 4087
f 4086 4088 4098
f 4087 4098 4088
f 4067 4090 4089
f 4089 4099 4092
f 4089 4090 4099
f 4090 4093 4099
f 4089 4092 4095
f 4091 4096 4092
f 4089 4095 4094
f 4092 4096 4095
f 4080 4094 4093
f 4094 4095 4100
f 4095 4096 4100
f 4093 4094 4100
f 3098 3990 4278
f 4087 4097 4098
f 4084 4098 4102
f 4097 4102 4098
f 4099 4100 4103
f 4093 4100 4099
f 4074 4075 4267
f 4075 4082 4267
f 4071 4268 4073
f 4073 4268 4077
f 4097 4101 4102
f 4101 4257 4258
f 4101 4258 4102
f 4100 4104 4103
f 4103 4104 4264
f 4104 4266 4264
f 4092 4099 4267
f 4077 4268 4079
f 4079 4268 4081
f 4081 4268 4096
f 4082 4083 4267
f 4068 4267 4083
f 4091 4092 4267
f 4068 4091 4267
f 4096 4268 4100
f 3089 4271 4269
f 3090 4269 4270
f 3092 4270 4272
f 3093 4272 4273
f 3093 4273 4275
f 3088 4278 4268
f 3094 4275 4274
f 3096 4274 4276
f 3097 4276 4277
f 3099 4277 4279
f 3100 4279 4280
f 3101 4280 4281
f 3102 4281 4282
f 3103 4282 4283
f 3103 4283 4517
f 3082 4105 4256
f 3121 4295 4106
f 4105 4106 4107
f 4106 4108 4107
f 4107 4108 4115
f 4109 4111 4113
f 4109 4114 4110
f 4110 4114 4112
f 4109 4113 4114
f 4113 4120 4114
f 4111 4133 4113
f 4111 4112 4133
f 4112 4114 4134
f 4108 4116 4115
f 4115 4116 4117
f 4116 4118 4117
f 4117 4118 4123
f 4118 4127 4123
f 4113 4133 4119
f 4113 4119 4120
f 4119 4122 4120
f 4114 4120 4134
f 4112 4134 4133
f 4119 4133 4121
f 4119 4121 4122
f 4121 4132 4122
f 4121 4131 4132
f 3115 4288 4289
f 3116 4289 4290
f 3114 4292 4288
f 3117 4291 4292
f 3120 4293 4294
f 4105 4107 4256
f 3121 4294 4295
f 3119 4290 4293
f 4107 4115 4256
f 4115 4117 4256
f 4117 4123 4256
f 4123 4127 4124
f 4124 4127 4128
f 4125 4129 4131
f 4124 4128 4126
f 4126 4128 4130
f 4125 4126 4130
f 4125 4130 4129
f 4106 4295 4108
f 4129 4132 4131
f 4120 4122 4285
f 4120 4285 4134
f 4121 4284 4131
f 4125 4131 4284
f 4121 4133 4284
f 4133 4134 4284
f 4108 4295 4116
f 4116 4295 4118
f 4118 4295 4127
f 4125 4286 4126
f 4122 4132 4287
f 4134 4285 4284
f 4125 4284 4286
f 4129 4297 4132
f 4122 4287 4285
f 4135 4145 4136
f 4135 4137 4404
f 4135 4136 4137
f 4136 4138 4137
f 4137 4138 4197
f 4135 4139 4145
f 4139 4140 4146
f 4139 4146 4145
f 4140 4147 4146
f 4140 4141 4147
f 4141 4142 4148
f 4142 4143 4149
f 3411 3412 4161
f 3412 3413 4158
f 3413 3426 4159
f 3426 3427 4159
f 3411 4162 4144
f 4145 4146 4147
f 4145 4147 4148
f 4145 4148 4149
f 4145 4149 4153
f 4141 4148 4147
f 4142 4149 4148
f 4143 4144 4153
f 4144 4150 4153
f 4143 4153 4149
f 4150 4151 4154
f 3411 4161 4162
f 3412 4158 4161
f 3413 4159 4158
f 3427 4160 4159
f 4144 4169 4150
f 4136 4145 4138
f 4138 4145 4166
f 4145 4153 4154
f 4145 4154 4155
f 4145 4155 4164
f 4145 4164 4165
f 4145 4165 4166
f 4150 4154 4153
f 4151 4155 4154
f 4151 4152 4155
f 4152 4156 4164
f 4152 4164 4155
f 4156 4165 4164
f 4156 4157 4165
f 4152 4172 4156
f 4156 4174 4157
f 4150 4167 4151
f 4151 4168 4152
f 4144 4162 4169
f 4150 4169 4167
f 4151 4167 4168
f 4162 4163 4169
f 4157 4166 4165
f 4152 4168 4172
f 4156 4172 4174
f 4157 4174 4180
f 4163 4173 4169
f 4163 4170 4173
f 4170 4171 4175
f 4170 4175 4173
f 4161 4191 4162
f 4162 4191 4163
f 4171 4181 4175
f 4171 4176 4181
f 3427 4177 4160
f 4160 4177 4179
f 4177 4178 4190
f 4178 4405 4190
f 4177 4190 4179
f 4159 4160 4186
f 4158 4159 4185
f 4158 4188 4161
f 4160 4179 4187
f 3339 4213 4212
f 3340 4305 4213
f 4163 4192 4170
f 4170 4193 4171
f 4176 4182 4181
f 4176 4183 4182
f 4182 4183 4184
f 4171 4194 4176
f 4168 4204 4172
f 4167 4203 4168
f 4167 4169 4205
f 4169 4173 4205
f 4172 4200 4174
f 4173 4175 4206
f 4175 4181 4207
f 4176 4195 4183
f 4174 4201 4180
f 4181 4182 4208
f 3339 4212 4313
f 3331 4544 4306
f 3332 4306 4307
f 3333 4307 4308
f 3334 4308 4309
f 3335 4309 4310
f 3336 4310 4311
f 4138 4166 4197
f 4157 4302 4166
f 4182 4184 4209
f 4168 4203 4204
f 4167 4205 4203
f 4173 4206 4205
f 4172 4204 4200
f 4174 4200 4201
f 4175 4207 4206
f 4180 4201 4202
f 4181 4208 4207
f 4182 4209 4208
f 4184 4210 4209
f 3340 4314 4305
f 4159 4186 4185
f 4158 4185 4188
f 4161 4188 4191
f 4160 4187 4186
f 4179 4189 4187
f 4163 4191 4192
f 4170 4192 4193
f 4171 4193 4194
f 3327 4225 4314
f 3357 4224 4225
f 3339 4313 4224
f 3341 4311 4312
f 4185 4186 4196
f 4186 4187 4196
f 4185 4196 4188
f 4188 4196 4191
f 4187 4189 4196
f 4191 4196 4192
f 4192 4196 4193
f 4176 4194 4195
f 4183 4195 4196
f 4193 4196 4194
f 4194 4196 4195
f 4179 4190 4211
f 3117 4598 4291
f 4137 4197 4198
f 4137 4198 4408
f 4197 4199 4198
f 4198 4199 4302
f 4198 4302 4541
f 4166 4199 4197
f 4157 4180 4303
f 4202 4204 4203
f 4200 4204 4202
f 4200 4202 4201
f 4202 4203 4205
f 4202 4205 4206
f 4202 4206 4207
f 4202 4207 4208
f 4202 4208 4209
f 4202 4209 4210
f 4166 4302 4199
f 4179 4316 4189
f 4179 4211 4316
f 4190 4409 4211
f 4157 4303 4302
f 4212 4213 4214
f 4213 4215 4214
f 4212 4214 4216
f 4214 4215 4216
f 4213 4217 4215
f 4180 4202 4322
f 4212 4216 4218
f 4212 4218 4219
f 4215 4217 4216
f 4212 4219 4220
f 4212 4220 4304
f 4216 4217 4218
f 4217 4221 4218
f 4213 4221 4217
f 4213 4222 4221
f 4213 4223 4222
f 4213 4305 4223
f 4218 4221 4219
f 4219 4221 4222
f 4219 4222 4220
f 4220 4222 4223
f 4220 4223 4304
f 4223 4305 4304
f 4202 4210 4326
f 4184 4331 4210
f 4212 4304 4313
f 4183 4332 4184
f 4189 4319 4196
f 4183 4196 4325
f 4224 4227 4225
f 4224 4226 4227
f 4224 4228 4226
f 4226 4229 4227
f 4189 4316 4315
f 4224 4230 4228
f 4224 4231 4230
f 4226 4228 4229
f 4224 4313 4232
f 4224 4232 4231
f 4228 4233 4229
f 4228 4230 4233
f 4225 4227 4314
f 4227 4229 4314
f 4230 4234 4233
f 4230 4231 4234
f 4231 4235 4234
f 4231 4232 4235
f 4232 4313 4314
f 4232 4314 4235
f 4229 4233 4314
f 4233 4234 4314
f 4234 4235 4314
f 4189 4315 4317
f 4211 4586 4316
f 4010 4236 4239
f 4236 4237 4239
f 4008 4239 4244
f 4016 4245 4240
f 4017 4018 4249
f 4015 4249 4018
f 4015 4238 4249
f 4008 4247 4029
f 4029 4247 4033
f 4237 4240 4239
f 4008 4244 4247
f 4017 4248 4245
f 4238 4241 4249
f 4036 4037 4254
f 4238 4242 4241
f 3989 4251 4243
f 4037 4039 4254
f 4038 4254 4039
f 4241 4242 4243
f 3989 4253 4251
f 4036 4254 4253
f 4027 4031 4278
f 4031 4033 4278
f 4038 4045 4256
f 4239 4240 4244
f 4240 4245 4244
f 4017 4249 4248
f 4241 4250 4249
f 4244 4245 4246
f 4245 4248 4246
f 4244 4246 4247
f 4246 4248 4247
f 4247 4248 4249
f 4247 4249 4255
f 4249 4250 4252
f 4249 4252 4255
f 4241 4243 4250
f 4243 4251 4250
f 4250 4251 4252
f 4251 4253 4252
f 4252 4253 4255
f 4253 4254 4255
f 4033 4247 4278
f 4038 4256 4254
f 4247 4255 4278
f 4254 4256 4255
f 4255 4256 4278
f 4256 4291 4278
f 3900 4084 4102
f 4257 4259 4261
f 4257 4261 4258
f 4262 4265 4266
f 3902 4101 4097
f 4259 4260 4263
f 4259 4263 4261
f 4260 4265 4262
f 4260 4262 4263
f 4264 4266 4265
f 4099 4103 4267
f 4100 4268 4104
f 3902 4257 4101
f 3900 4102 4258
f 3900 4258 4261
f 3902 4259 4257
f 3902 4260 4259
f 3900 4261 4263
f 4103 4264 4267
f 4264 4265 4267
f 4260 4267 4265
f 4104 4268 4266
f 4262 4266 4268
f 4262 4268 4263
f 3902 4267 4260
f 3900 4263 4268
f 3900 4268 3902
f 3902 4268 4267
f 4267 4268 4273
f 4268 4275 4273
f 3905 4267 4270
f 4267 4272 4270
f 4267 4273 4272
f 4268 4274 4275
f 4268 4278 4274
f 4274 4278 4276
f 4276 4278 4277
f 4277 4278 4279
f 4278 4280 4279
f 4278 4281 4280
f 4278 4282 4281
f 4278 4283 4282
f 4278 4598 4283
f 4283 4598 4517
f 4123 4124 4298
f 4124 4126 4298
f 4127 4299 4128
f 4128 4299 4130
f 4129 4130 4301
f 4126 4286 4296
f 4132 4297 4287
f 4284 4285 4286
f 4285 4287 4286
f 4126 4296 4300
f 4129 4301 4297
f 4123 4298 4256
f 4256 4290 4289
f 4256 4293 4290
f 4256 4294 4293
f 4256 4289 4288
f 4256 4288 4291
f 4288 4292 4291
f 4256 4298 4294
f 4294 4298 4295
f 4127 4295 4299
f 4126 4300 4298
f 4130 4299 4301
f 4286 4287 4296
f 4287 4297 4296
f 4295 4298 4299
f 4298 4301 4299
f 4296 4297 4300
f 4297 4301 4300
f 4298 4300 4301
f 4302 4303 4541
f 4180 4320 4303
f 4304 4305 4314
f 4180 4322 4320
f 4189 4317 4319
f 4304 4314 4313
f 4315 4316 4318
f 4316 4586 4318
f 4196 4319 4323
f 4315 4318 4317
f 4202 4321 4322
f 4202 4326 4321
f 4303 4320 4593
f 4210 4328 4326
f 4184 4333 4331
f 4210 4329 4328
f 4183 4325 4332
f 4196 4323 4325
f 4317 4318 4324
f 4184 4332 4333
f 4317 4324 4319
f 4318 4594 4324
f 4278 4291 4598
f 4210 4331 4329
f 4320 4322 4606
f 4319 4324 4323
f 4323 4324 4325
f 4324 4607 4325
f 4321 4327 4322
f 4321 4326 4327
f 4322 4327 4606
f 4326 4328 4327
f 4327 4328 4330
f 4328 4329 4330
f 4329 4331 4330
f 4327 4330 4620
f 4330 4331 4612
f 4331 4333 4617
f 4325 4607 4332
f 4332 4639 4333
f 3429 4498 4271
f 3429 4499 4498
f 3430 4500 4499
f 3431 4502 4500
f 3432 4510 4501
f 3433 4503 4502
f 3434 4504 4503
f 3435 4505 4504
f 3438 4506 4507
f 3437 4501 4506
f 3439 4507 4508
f 3440 4508 4509
f 3441 4511 4510
f 3442 4536 4511
f 3443 4512 4505
f 3445 4509 4514
f 3443 4513 4512
f 3444 4520 4513
f 3446 4514 4515
f 3452 4515 4521
f 3449 4517 4518
f 3447 4519 4516
f 3450 4518 4519
f 3451 4516 4520
f 3453 4521 4522
f 3454 4522 4523
f 3455 4523 4524
f 3456 4524 4525
f 3457 4334 4536
f 4334 4344 4336
f 4335 4337 4347
f 4336 4346 4338
f 4337 4340 4350
f 4338 4348 4339
f 4340 4341 4351
f 4339 4349 4342
f 4341 4343 4353
f 4342 4352 4356
f 4341 4362 4343
f 4343 4357 4360
f 3458 4537 4344
f 4336 4344 4346
f 4335 4347 4345
f 4338 4346 4348
f 4337 4350 4347
f 4339 4348 4349
f 4340 4351 4350
f 4342 4349 4352
f 4341 4353 4351
f 4352 4359 4356
f 4343 4360 4353
f 4351 4353 4363
f 4335 4354 4337
f 4337 4354 4340
f 4354 4355 4362
f 4340 4354 4362
f 4340 4362 4341
f 4345 4347 4355
f 4347 4350 4355
f 4350 4363 4355
f 4350 4351 4363
f 4355 4363 4362
f 4356 4359 4358
f 4357 4358 4361
f 4343 4362 4357
f 4357 4396 4358
f 4358 4359 4361
f 4357 4361 4360
f 4353 4360 4363
f 4359 4397 4361
f 4360 4361 4397
f 4357 4362 4396
f 4362 4363 4396
f 4360 4397 4363
f 4364 4365 4367
f 4365 4376 4367
f 4366 4368 4379
f 4364 4367 4369
f 4367 4378 4369
f 4368 4371 4382
f 4364 4388 4392
f 4364 4369 4388
f 4369 4380 4370
f 4371 4372 4383
f 4369 4370 4388
f 4370 4381 4373
f 4370 4373 4388
f 4372 4374 4385
f 4373 4384 4389
f 4374 4390 4394
f 4375 4378 4376
f 4367 4376 4378
f 4366 4379 4377
f 4375 4380 4378
f 4364 4392 4375
f 4369 4378 4380
f 4368 4382 4379
f 4375 4392 4380
f 4370 4380 4381
f 4371 4383 4382
f 4373 4381 4384
f 4380 4392 4381
f 4381 4392 4384
f 4372 4385 4383
f 4384 4393 4389
f 4374 4394 4385
f 3459 4538 4366
f 3460 4539 4386
f 3461 4377 4540
f 4373 4389 4388
f 4389 4393 4391
f 4390 4391 4395
f 4389 4391 4400
f 4388 4389 4400
f 4384 4392 4393
f 4391 4393 4395
f 4390 4395 4394
f 4393 4401 4395
f 4394 4395 4401
f 4388 4401 4392
f 4392 4401 4393
f 4334 4336 4536
f 4336 4338 4536
f 3458 5579 4537
f 4344 4537 4346
f 4346 4537 4348
f 4396 4397 4398
f 4363 4397 4396
f 4338 4339 4536
f 4339 4342 4536
f 4342 4356 4536
f 4356 4358 4536
f 4358 4396 4536
f 4348 4537 4349
f 4349 4537 4352
f 4352 4537 4359
f 4359 4537 4397
f 4398 4399 4526
f 4397 4399 4398
f 4399 4529 4526
f 3459 4525 4538
f 4388 4400 4401
f 4394 4401 4403
f 4400 4403 4401
f 4366 4538 4368
f 4368 4538 4371
f 4386 4539 4440
f 3461 4540 4539
f 4377 4379 4540
f 4379 4382 4540
f 4400 4402 4403
f 4374 4538 4390
f 4390 4538 4391
f 4402 4532 4534
f 4391 4538 4400
f 4402 4534 4403
f 4371 4538 4372
f 4372 4538 4374
f 4440 4539 4445
f 4445 4539 4447
f 4447 4539 4475
f 4382 4383 4540
f 4383 4385 4540
f 4385 4394 4540
f 4137 4408 4404
f 4404 4408 4411
f 3478 4417 4604
f 3632 4404 4411
f 3667 4423 4405
f 3679 4406 4429
f 4406 4407 4410
f 3611 4543 4544
f 3610 4545 4543
f 3621 4554 4545
f 3626 4559 4554
f 3638 4565 4559
f 3648 4411 4417
f 3638 4566 4565
f 3639 4567 4566
f 3640 4568 4567
f 3641 4569 4568
f 3642 4570 4569
f 3643 4571 4570
f 3644 4572 4571
f 3645 4573 4572
f 3646 4590 4573
f 3649 4312 4574
f 3650 4574 4575
f 3651 4575 4576
f 3651 4576 4580
f 3655 4580 4584
f 3659 4584 4588
f 4190 4405 4409
f 4405 4423 4409
f 3667 4429 4423
f 3668 4589 4587
f 3670 4588 4589
f 3671 4587 4590
f 4407 4435 4410
f 4406 4410 4429
f 3520 4647 4407
f 3472 4599 4598
f 3473 4600 4599
f 3474 4601 4600
f 3475 4602 4601
f 4198 4541 4408
f 3476 4603 4602
f 3477 4604 4603
f 4408 4541 4411
f 3479 4657 4605
f 4211 4409 4586
f 4410 4435 4592
f 4411 4541 4412
f 4412 4541 4413
f 4411 4412 4418
f 4411 4418 4417
f 4412 4419 4418
f 4412 4413 4419
f 4413 4414 4420
f 4413 4420 4419
f 4414 4415 4421
f 4414 4421 4420
f 4415 4416 4422
f 4415 4422 4421
f 4416 4542 4564
f 4416 4564 4422
f 4409 4423 4586
f 4423 4424 4586
f 4424 4425 4586
f 4423 4429 4424
f 4424 4429 4430
f 4424 4430 4425
f 4410 4592 4429
f 4435 4596 4592
f 4425 4430 4431
f 4425 4431 4426
f 4426 4431 4432
f 4426 4432 4427
f 4427 4432 4433
f 4427 4433 4428
f 4428 4434 4585
f 4428 4433 4434
f 4434 4591 4585
f 4429 4592 4430
f 4430 4592 4431
f 3520 4605 4647
f 4407 4647 4435
f 4386 4440 4387
f 4387 4440 4443
f 4439 4442 4444
f 4439 4444 4441
f 4440 4445 4443
f 4441 4444 4450
f 3722 4450 4444
f 3722 4449 4451
f 3722 4451 4480
f 3722 4452 4450
f 3722 4484 4452
f 4439 4441 4455
f 4441 4456 4455
f 4441 4446 4456
f 4443 4445 4449
f 4445 4447 4449
f 4441 4450 4446
f 4446 4450 4452
f 4447 4451 4449
f 4447 4475 4451
f 4451 4475 4480
f 4446 4452 4448
f 4448 4484 4479
f 4448 4452 4484
f 3722 4480 4481
f 3722 4481 4483
f 3722 4483 4482
f 3722 4482 4484
f 4446 4448 4464
f 4446 4464 4456
f 4448 4479 4487
f 4448 4465 4464
f 4448 4487 4465
f 4455 4456 4457
f 4456 4458 4457
f 4456 4464 4458
f 3730 3736 4497
f 3736 4457 4497
f 3709 4471 4470
f 3709 4497 4471
f 4457 4458 4497
f 4459 4461 4460
f 4459 4462 4463
f 4459 4463 4461
f 4461 4463 4470
f 4460 4486 4454
f 4460 4461 4496
f 4458 4464 4466
f 4464 4465 4466
f 4465 4467 4466
f 4465 4487 4467
f 4467 4487 4491
f 4458 4466 4497
f 4466 4467 4497
f 4467 4491 4497
f 4461 4468 4496
f 4461 4470 4468
f 4468 4470 4471
f 4460 4496 4486
f 4468 4469 4496
f 4468 4471 4469
f 4469 4497 4495
f 4469 4471 4497
f 4657 3714 4436
f 4657 4436 4437
f 4657 4437 4438
f 4657 4438 4472
f 4475 4476 4480
f 4476 4481 4480
f 4477 4479 4482
f 4479 4484 4482
f 4476 4478 4481
f 4477 4483 4478
f 4478 4483 4481
f 4477 4482 4483
f 4487 4488 4491
f 4488 4492 4491
f 4489 4495 4493
f 4488 4490 4492
f 4489 4494 4490
f 4490 4494 4492
f 4489 4493 4494
f 4491 4492 4497
f 4492 4494 4497
f 4493 4497 4494
f 4493 4495 4497
f 4469 4495 4655
f 4489 4655 4495
f 4469 4655 4496
f 4496 4652 4486
f 4489 4490 4656
f 4496 4655 4652
f 4489 4656 4655
f 4499 4500 4510
f 4500 4502 4501
f 4500 4501 4510
f 4502 4503 4507
f 4503 4504 4508
f 4504 4505 4509
f 4501 4502 4506
f 4502 4507 4506
f 4503 4508 4507
f 4504 4509 4508
f 4505 4512 4509
f 4509 4512 4514
f 4512 4513 4515
f 4513 4520 4521
f 4512 4515 4514
f 4513 4521 4515
f 4517 4599 4518
f 4516 4522 4520
f 4516 4519 4523
f 4518 4524 4519
f 4520 4522 4521
f 4516 4523 4522
f 4519 4524 4523
f 4518 4600 4524
f 4524 4605 4525
f 4396 4398 4536
f 4397 4537 4399
f 4526 4529 4527
f 4527 4530 4528
f 4528 4531 4533
f 4527 4529 4530
f 4528 4530 4531
f 4531 4535 4533
f 4398 4526 4536
f 4526 4527 4536
f 4527 4528 4536
f 4399 4537 4529
f 4529 4537 4530
f 4530 4537 4531
f 4532 4533 4535
f 4400 4538 4402
f 4532 4535 4534
f 4394 4403 4540
f 4402 4538 4532
f 4532 4538 4533
f 4528 4533 4538
f 4403 4534 4540
f 4534 4535 4540
f 4531 4540 4535
f 4528 4538 4536
f 4531 4537 4540
f 4536 4538 4537
f 4525 4657 4539
f 4525 4539 4538
f 4537 4538 4540
f 4538 4539 4540
f 4303 4593 4541
f 4413 4593 4414
f 4413 4541 4593
f 4414 4593 4415
f 4543 4545 4544
f 4306 4544 4545
f 4306 4549 4307
f 4306 4545 4549
f 4545 4553 4546
f 4545 4546 4548
f 4545 4547 4549
f 4545 4548 4547
f 4545 4554 4553
f 4307 4549 4308
f 4308 4550 4309
f 4309 4550 4310
f 4310 4551 4311
f 4311 4551 4312
f 4308 4549 4550
f 4310 4550 4551
f 4551 4552 4576
f 4554 4559 4555
f 4555 4559 4556
f 4556 4559 4557
f 4557 4559 4558
f 4542 4559 4565
f 4542 4565 4566
f 4558 4559 4560
f 4559 4561 4560
f 4559 4584 4561
f 4561 4584 4562
f 4562 4584 4563
f 4415 4606 4416
f 4416 4606 4542
f 4542 4566 4564
f 4564 4566 4567
f 4564 4567 4568
f 4564 4568 4569
f 4564 4569 4570
f 4564 4570 4571
f 4564 4571 4591
f 4417 4418 4604
f 4312 4576 4574
f 4574 4576 4575
f 4312 4551 4576
f 4552 4577 4576
f 4576 4577 4578
f 4576 4578 4579
f 4576 4579 4580
f 4563 4584 4582
f 4582 4584 4583
f 4580 4581 4584
f 4581 4583 4584
f 4584 4585 4588
f 4585 4589 4588
f 4425 4426 4594
f 4426 4427 4594
f 4425 4594 4586
f 4428 4585 4607
f 4427 4428 4607
f 4318 4586 4594
f 4571 4572 4591
f 4572 4573 4591
f 4573 4590 4591
f 4585 4591 4589
f 4587 4589 4591
f 4587 4591 4590
f 4431 4595 4432
f 4432 4595 4433
f 4431 4592 4595
f 4433 4595 4434
f 4434 4608 4591
f 4592 4596 4595
f 4415 4593 4606
f 4546 4609 4548
f 4547 4548 4611
f 4547 4612 4549
f 4549 4613 4550
f 4550 4615 4551
f 4551 4617 4552
f 4552 4616 4577
f 4542 4618 4559
f 4546 4553 4621
f 4553 4554 4620
f 4554 4555 4622
f 4555 4556 4623
f 4556 4557 4624
f 4557 4558 4626
f 4558 4560 4627
f 4560 4561 4628
f 4561 4562 4630
f 4563 4582 4631
f 4562 4563 4632
f 4559 4633 4584
f 4418 4419 4604
f 4419 4420 4604
f 4420 4421 4604
f 4421 4422 4604
f 4422 4564 4634
f 4564 4591 4634
f 4577 4635 4578
f 4584 4637 4585
f 4578 4640 4579
f 4579 4639 4580
f 4580 4641 4581
f 4581 4642 4583
f 4582 4583 4643
f 4427 4607 4594
f 4595 4596 4597
f 4434 4595 4608
f 4435 4647 4596
f 4596 4647 4597
f 4517 4598 4599
f 4518 4599 4600
f 4524 4600 4605
f 4600 4601 4605
f 4601 4602 4605
f 4602 4603 4605
f 4603 4604 4605
f 4604 4647 4605
f 4525 4605 4657
f 4320 4606 4593
f 4542 4606 4618
f 4546 4621 4609
f 4548 4609 4610
f 4548 4610 4611
f 4547 4611 4612
f 4549 4612 4613
f 4550 4613 4614
f 4550 4614 4615
f 4551 4615 4617
f 4552 4617 4616
f 4554 4619 4620
f 4554 4622 4619
f 4553 4620 4621
f 4555 4623 4622
f 4556 4624 4623
f 4557 4625 4624
f 4557 4626 4625
f 4558 4627 4626
f 4559 4618 4633
f 4560 4628 4627
f 4561 4629 4628
f 4561 4630 4629
f 4562 4632 4630
f 4563 4631 4632
f 4422 4634 4604
f 4585 4637 4607
f 4324 4594 4607
f 4578 4635 4640
f 4577 4636 4635
f 4577 4616 4636
f 4580 4639 4638
f 4580 4638 4641
f 4579 4640 4639
f 4581 4641 4642
f 4583 4642 4643
f 4582 4643 4644
f 4582 4644 4631
f 4584 4633 4637
f 4591 4608 4645
f 4595 4597 4608
f 4591 4645 4634
f 4597 4646 4608
f 4327 4618 4606
f 4327 4620 4619
f 4327 4619 4618
f 4330 4621 4620
f 4330 4611 4610
f 4330 4612 4611
f 4330 4609 4621
f 4330 4610 4609
f 4331 4613 4612
f 4331 4614 4613
f 4331 4615 4614
f 4333 4616 4617
f 4331 4617 4615
f 4618 4619 4622
f 4618 4622 4623
f 4618 4623 4624
f 4618 4624 4625
f 4618 4625 4626
f 4618 4626 4633
f 4626 4627 4633
f 4627 4628 4633
f 4628 4629 4633
f 4629 4630 4633
f 4631 4637 4633
f 4630 4632 4633
f 4631 4633 4632
f 4604 4634 4647
f 4634 4648 4647
f 4332 4607 4637
f 4332 4638 4639
f 4332 4637 4638
f 4333 4639 4640
f 4333 4636 4616
f 4333 4640 4635
f 4333 4635 4636
f 4637 4641 4638
f 4637 4642 4641
f 4631 4644 4637
f 4637 4643 4642
f 4637 4644 4643
f 4608 4646 4645
f 4645 4646 4648
f 4634 4645 4648
f 4597 4647 4646
f 4646 4647 4648
f 4657 4472 4473
f 4657 4473 4474
f 4657 4474 4649
f 4657 4649 4650
f 4475 4539 4476
f 4476 4539 4478
f 4477 4478 4539
f 4477 4669 4479
f 4665 4485 4651
f 4479 4669 4487
f 4487 4669 4488
f 4488 4669 4490
f 4490 4668 4656
f 4655 4654 4652
f 4655 4656 4654
f 4490 4670 4668
f 4657 4650 4653
f 4657 4653 4658
f 4657 4658 4659
f 4657 4659 4661
f 4657 4661 4662
f 4657 4662 4663
f 4477 4539 4669
f 4539 4657 4669
f 4665 4651 4667
f 4657 4663 4664
f 4490 4669 4670
f 4656 4660 4654
f 4656 4668 4660
f 4657 4664 4669
f 4669 4664 4665
f 4669 4665 4670
f 4668 4666 4660
f 4668 4670 4666
f 4670 4665 4667
f 4670 4667 4666
f 1666 4671 4686
f 4671 4672 4684
f 4672 4673 4683
f 4673 4674 4682
f 4674 4677 4682
f 4677 4678 4682
f 4678 4679 4682
f 4676 4682 4680
f 4680 4682 4681
f 4679 4681 4682
f 4675 4682 4676
f 1686 4682 4675
f 4673 4682 4683
f 4672 4683 4684
f 4671 4684 4686
f 3458 4686 4967
f 4686 4974 4967
f 4684 4685 4686
f 4685 4687 4686
f 4695 4706 4700
f 4686 4687 4688
f 4686 4688 4689
f 4686 4689 4690
f 4686 4690 4691
f 4686 4691 4692
f 4686 4985 4974
f 4686 4692 4985
f 4692 4693 4985
f 4693 4694 4985
f 4694 4986 4985
f 4697 4698 4701
f 4696 4701 4698
f 4695 4700 4696
f 4694 4697 4699
f 4696 4700 4701
f 4697 4701 4699
f 4694 4699 4986
f 4699 4702 4986
f 4671 5148 4672
f 4672 5149 4673
f 4673 5150 4674
f 4675 4676 5153
f 4674 5151 4677
f 4677 5154 4678
f 4678 5155 4679
f 4679 5156 4681
f 4680 4681 5158
f 4676 4680 5157
f 1686 5159 4682
f 4682 5159 4683
f 4683 5161 4684
f 4684 5161 4685
f 3069 5163 4686
f 4685 5164 4687
f 4687 5164 4688
f 4688 5165 4689
f 4689 5166 4690
f 4690 5167 4691
f 4691 5168 4692
f 4692 5169 4693
f 4693 5171 4694
f 4694 5171 4697
f 4695 4696 5173
f 4697 5174 4698
f 4696 4698 5175
f 4699 4701 5178
f 4699 5176 4702
f 4700 5177 4701
f 1760 4704 4705
f 1760 4705 4706
f 1760 4703 4704
f 4710 4711 4725
f 4710 4773 4711
f 4709 4710 4724
f 4710 4725 4724
f 4711 4733 4725
f 4711 4773 4733
f 4716 4717 4726
f 4716 4726 4718
f 4712 4726 4717
f 4712 4714 4715
f 4712 4715 4720
f 4712 4720 4721
f 4712 4717 4714
f 4718 4726 4719
f 4712 4721 4722
f 4719 4726 4727
f 4726 4728 4727
f 4726 4729 4728
f 4726 4731 4729
f 4729 4731 4730
f 4730 4731 4749
f 4731 4750 4749
f 4731 4751 4750
f 4709 4724 4782
f 4710 4774 4773
f 4766 4773 4774
f 4712 4789 4726
f 4716 4793 4717
f 4716 4718 4794
f 4718 4719 4795
f 4719 4727 4795
f 4714 4717 4790
f 4714 4790 4715
f 4720 4791 4721
f 4715 4792 4720
f 4713 4723 4797
f 4721 4796 4722
f 4722 4796 4723
f 4712 4732 4787
f 4732 4735 4765
f 4724 4725 4812
f 4733 4773 4766
f 4726 4817 4731
f 4727 4728 4819
f 4728 4729 4820
f 4729 4730 4821
f 4730 4749 4821
f 4725 4733 4812
f 4731 4822 4734
f 1760 4706 4695
f 4735 4762 4736
f 4735 4736 4768
f 4713 4737 4754
f 4737 4739 4754
f 4713 4754 4723
f 4712 4722 4756
f 4722 4723 4756
f 4740 4755 4754
f 4723 4754 4756
f 4738 4740 4754
f 4738 4754 4739
f 4740 4741 4755
f 4742 4743 4755
f 4741 4742 4755
f 4743 4744 4755
f 4744 4745 4757
f 4745 4746 4757
f 4746 4747 4757
f 4747 4748 4757
f 4748 4752 4757
f 4731 4760 4753
f 4752 4753 4760
f 4712 4756 4732
f 4732 4756 4762
f 4731 4753 4751
f 4731 4734 4760
f 4744 4757 4755
f 4752 4760 4757
f 4755 4757 4758
f 4757 4759 4758
f 4757 4760 4759
f 4734 4763 4760
f 4759 4760 4761
f 4760 4775 4761
f 4760 4763 4775
f 4732 4762 4735
f 4713 4836 4737
f 4740 4839 4741
f 4738 4838 4740
f 4741 4840 4742
f 4742 4840 4743
f 4743 4841 4744
f 4744 4842 4745
f 4738 4739 4837
f 4737 4837 4739
f 4745 4844 4746
f 4746 4844 4747
f 4747 4843 4748
f 4749 4750 4872
f 4750 4751 4873
f 4751 4753 4874
f 4748 4875 4752
f 4752 4874 4753
f 4734 4771 4764
f 4734 4764 4763
f 4755 4758 4894
f 4709 4782 4776
f 4709 4776 4777
f 4709 4777 4778
f 4709 4778 4779
f 4724 4781 4782
f 4732 4765 4785
f 4712 4787 4789
f 4713 4797 4836
f 4715 4790 4792
f 4720 4792 4791
f 4717 4793 4790
f 4716 4794 4793
f 4718 4795 4794
f 4727 4819 4795
f 4721 4791 4796
f 4723 4796 4797
f 4733 4766 4813
f 4724 4812 4781
f 4766 4774 4827
f 4726 4789 4817
f 4728 4820 4819
f 4729 4821 4820
f 4749 4872 4821
f 4734 4824 4771
f 4731 4817 4822
f 4709 4779 4780
f 4732 4785 4786
f 4732 4786 4787
f 4765 4767 4783
f 4765 4783 4788
f 4765 4784 4785
f 4765 4788 4784
f 4733 4813 4812
f 4766 4814 4813
f 4734 4822 4823
f 4734 4823 4824
f 4766 4815 4814
f 4766 4816 4815
f 4766 4827 4816
f 4771 4824 4825
f 4771 4825 4826
f 4735 4768 4769
f 4735 4769 4767
f 4736 4762 4906
f 4767 4769 4770
f 4736 4906 4768
f 4767 4770 4834
f 4768 4917 4769
f 4735 4767 4765
f 4737 4836 4837
f 4738 4837 4838
f 4740 4838 4839
f 4741 4839 4840
f 4743 4840 4841
f 4744 4841 4842
f 4745 4842 4844
f 4748 4843 4875
f 4747 4844 4843
f 4750 4873 4872
f 4751 4874 4873
f 4752 4875 4874
f 4754 4912 4756
f 4754 4755 4912
f 4758 4759 4894
f 4759 4761 4894
f 4756 4913 4762
f 4761 4775 4900
f 4763 4900 4775
f 4764 4771 4772
f 4767 4834 4783
f 4771 4876 4772
f 4771 4826 4876
f 4763 4764 4916
f 4764 4772 4916
f 4772 4876 4887
f 4710 4961 4774
f 4710 4962 4961
f 4774 4961 4827
f 4703 5383 4704
f 4704 5384 4705
f 4705 5385 4706
f 1760 4695 2881
f 4776 4782 4786
f 4781 4787 4782
f 4776 4785 4777
f 4777 4784 4778
f 4778 4788 4779
f 4779 4798 4780
f 4782 4787 4786
f 4776 4786 4785
f 4781 4805 4787
f 4777 4785 4784
f 4787 4805 4806
f 4787 4806 4789
f 4778 4784 4788
f 4783 4798 4788
f 4783 4799 4798
f 4789 4792 4790
f 4789 4791 4792
f 4789 4790 4793
f 4789 4793 4794
f 4789 4794 4795
f 4789 4796 4791
f 4779 4788 4798
f 4780 4798 4799
f 4783 4832 4799
f 4781 4801 4800
f 4781 4800 4805
f 4781 4802 4801
f 4781 4803 4802
f 4781 4804 4803
f 4781 4812 4804
f 4804 4812 4807
f 4807 4812 4808
f 4808 4812 4809
f 4809 4812 4810
f 4810 4812 4811
f 4812 4813 4823
f 4813 4814 4824
f 4814 4815 4825
f 4816 4827 4828
f 4827 4829 4828
f 4789 4795 4817
f 4811 4812 4822
f 4811 4822 4818
f 4817 4818 4822
f 4812 4823 4822
f 4813 4824 4823
f 4814 4825 4824
f 4795 4819 4817
f 4817 4819 4820
f 4817 4820 4821
f 4817 4821 4872
f 4817 4872 4873
f 4817 4873 4874
f 4815 4826 4825
f 4816 4830 4826
f 4826 4830 4876
f 4830 4831 4876
f 4815 4816 4826
f 4827 4833 4829
f 4828 4831 4830
f 4816 4828 4830
f 4828 4829 4831
f 4703 4707 5390
f 4707 4708 5391
f 4708 4709 5392
f 4709 4780 5247
f 4783 4835 4832
f 4783 4834 4835
f 4769 4917 4770
f 4770 4917 4834
f 4768 4906 4917
f 4700 4706 5386
f 4832 4835 4905
f 4834 4935 4835
f 4796 4855 4797
f 4797 4855 4836
f 4836 4855 4837
f 4837 4855 4838
f 4838 4855 4839
f 4839 4855 4858
f 4839 4861 4840
f 4860 4874 4875
f 4840 4863 4841
f 4841 4860 4842
f 4843 4860 4875
f 4843 4844 4860
f 4842 4860 4844
f 4846 4849 4847
f 4846 4848 4851
f 4847 4849 4850
f 4846 4851 4849
f 4849 4851 4850
f 4850 4851 4852
f 4845 4852 4848
f 4848 4852 4851
f 4850 4852 4854
f 4846 4870 4848
f 4845 4848 4870
f 4845 4870 4853
f 4846 4847 4870
f 4845 4854 4852
f 4845 4853 4854
f 4850 4854 4869
f 4853 4869 4854
f 4850 4869 4871
f 4855 4856 4857
f 4839 4858 4859
f 4855 4857 4858
f 4839 4859 4861
f 4840 4861 4862
f 4840 4862 4863
f 4841 4863 4864
f 4841 4864 4865
f 4841 4865 4860
f 4860 4866 4867
f 4860 4865 4866
f 4853 4870 4868
f 4853 4868 4869
f 4868 4871 4869
f 4868 4870 4871
f 4831 4892 4876
f 4847 4850 4878
f 4847 4878 4877
f 4878 4879 4881
f 4878 4880 4879
f 4878 4884 4880
f 4878 4886 4884
f 4877 4878 4881
f 4877 4881 4882
f 4879 4882 4881
f 4877 4882 4883
f 4879 4880 4882
f 4880 4883 4882
f 4877 4883 4885
f 4880 4884 4883
f 4850 4891 4878
f 4878 4889 4886
f 4878 4891 4889
f 4883 4884 4885
f 4877 4885 4888
f 4884 4886 4885
f 4877 4888 4890
f 4885 4886 4888
f 4755 4894 4912
f 4761 4900 4894
f 4762 4913 4906
f 4756 4912 4913
f 4886 4889 4888
f 4888 4889 4890
f 4889 4891 4890
f 4763 4916 4900
f 4772 4887 4940
f 4876 4893 4887
f 4876 4892 4893
f 4834 4917 4935
f 4894 4900 4895
f 4895 4900 4896
f 4896 4900 4897
f 4900 4901 4902
f 4897 4900 4898
f 4900 4902 4903
f 4898 4900 4899
f 4900 4903 4904
f 4899 4900 4904
f 4772 4940 4916
f 4892 4922 4893
f 4799 4832 5180
f 4789 4806 5316
f 4780 4799 5253
f 4832 4905 5180
f 4789 5323 4796
f 4829 4833 5181
f 4800 5325 4805
f 4800 4801 5326
f 4801 4802 5327
f 4802 4803 5328
f 4803 4804 5329
f 4805 5330 4806
f 4804 4807 5332
f 4807 4808 5333
f 4808 4809 5334
f 4809 4810 5335
f 4810 4811 5336
f 4817 5339 4818
f 4811 4818 5339
f 4817 4874 5338
f 4829 5259 4831
f 4835 4935 4905
f 4905 5182 5180
f 4905 5188 5182
f 4796 5360 4855
f 4860 5375 4874
f 4870 5287 4871
f 4847 5378 4870
f 4855 5360 4856
f 4856 5361 4857
f 4857 5362 4858
f 4858 5363 4859
f 4859 5364 4861
f 4861 5366 4862
f 4862 5367 4863
f 4863 5368 4864
f 4864 5369 4865
f 4865 5370 4866
f 4860 4867 5372
f 4866 5371 4867
f 4831 5187 4892
f 4892 5187 4922
f 4847 4877 5299
f 4906 4907 4908
f 4906 4908 4909
f 4894 4895 4912
f 4895 4896 4914
f 4896 4897 4915
f 4900 4916 4901
f 4906 4909 4910
f 4906 4910 4911
f 4906 4913 4907
f 4907 4923 4908
f 4906 4919 4917
f 4906 4921 4919
f 4906 4920 4921
f 4906 4911 4918
f 4906 4918 4920
f 4897 4898 4924
f 4902 4927 4903
f 4901 4926 4902
f 4898 4899 4925
f 4903 4930 4904
f 4899 4904 4932
f 4895 4914 4912
f 4887 4942 4940
f 4850 4871 5300
f 4907 4913 4923
f 4908 4923 4928
f 4909 4928 4929
f 4910 4929 4933
f 4912 4914 4913
f 4913 4914 4923
f 4914 4915 4923
f 4850 5300 4891
f 4877 4890 5299
f 4890 4891 5300
f 4908 4928 4909
f 4909 4929 4910
f 4910 4933 4911
f 4896 4915 4914
f 4901 4916 4926
f 4897 4924 4915
f 4898 4925 4924
f 4902 4926 4927
f 4899 4931 4925
f 4904 4930 4932
f 4899 4932 4931
f 4903 4927 4930
f 4917 4919 4935
f 4911 4936 4918
f 4918 4938 4920
f 4920 4939 4921
f 4919 4921 4937
f 4911 4933 4934
f 4911 4934 4936
f 4919 4937 4935
f 4920 4938 4939
f 4918 4936 4938
f 4921 4939 4937
f 4915 4928 4923
f 4915 4924 4928
f 4924 4925 4929
f 4924 4929 4928
f 4925 4931 4933
f 4925 4933 4929
f 4916 4940 4926
f 4926 4941 4927
f 4927 4948 4930
f 4905 4935 5188
f 4931 4934 4933
f 4930 4949 4932
f 4926 4940 4941
f 4931 4932 4950
f 4927 4941 4948
f 4931 4951 4934
f 4930 4948 4949
f 4932 4949 4950
f 4940 4942 4943
f 4940 4943 4941
f 4941 4944 4948
f 4946 4949 4948
f 4941 4943 4944
f 4944 4946 4948
f 4942 4960 4943
f 4943 4960 4944
f 4945 4949 4946
f 4945 4947 4950
f 4944 4960 4946
f 4945 4946 4960
f 4945 4960 4947
f 4935 4937 5188
f 4931 4950 4951
f 4937 4939 5189
f 4934 5194 4936
f 4936 5193 4938
f 4938 5191 4939
f 4937 5189 5188
f 4939 5190 5189
f 4939 5191 5190
f 4934 4951 5194
f 4938 5193 5191
f 4936 5194 5193
f 4945 4950 4949
f 4947 4951 4950
f 4947 4952 4951
f 4947 4956 4952
f 4947 4960 4956
f 4956 4960 4957
f 4953 4956 4957
f 4954 4957 4958
f 4957 4960 4958
f 4958 4960 4959
f 4952 4956 4953
f 4953 4957 4954
f 4954 4958 4955
f 4955 4959 5192
f 4955 4958 4959
f 4959 4960 5192
f 4960 5227 5192
f 4922 5187 5227
f 4710 5311 4962
f 4827 4961 4833
f 4833 4961 4962
f 4833 4962 5181
f 4962 5311 5181
f 4887 4893 4963
f 4887 4963 4942
f 4893 4964 4963
f 4942 4963 4964
f 4893 4922 4964
f 4922 4965 4964
f 4942 4964 4965
f 4922 4966 4965
f 4942 4965 4960
f 4960 4965 4966
f 4922 5227 4966
f 4960 4966 5227
f 4967 4972 4973
f 4967 4974 4972
f 4967 4973 4968
f 4967 4968 4969
f 4967 4969 4970
f 4967 4970 4971
f 4967 4971 4975
f 4967 4975 5003
f 4975 4976 5003
f 4976 4977 5003
f 4977 4978 4980
f 4978 4979 4980
f 4979 4981 4980
f 4967 5003 5009
f 4977 4980 5003
f 4967 5009 5035
f 4980 4984 4987
f 4980 4981 4982
f 4980 4983 4984
f 4980 4982 4983
f 4967 5035 5037
f 4967 5037 5041
f 4980 5001 5455
f 4702 4988 4986
f 4702 4989 4988
f 4989 4993 4990
f 4702 4993 4989
f 4990 4993 4994
f 4990 4994 4991
f 4991 4994 4992
f 4992 4994 4995
f 4992 4995 4996
f 4996 5001 4997
f 4997 5001 4998
f 4998 5001 4999
f 4987 5000 5001
f 4999 5001 5000
f 4995 5001 4996
f 4995 5128 5001
f 5001 5128 5002
f 5002 5128 5130
f 4995 5019 5128
f 5001 5002 5021
f 5002 5130 5022
f 4980 4987 5001
f 5001 5021 5023
f 5002 5020 5021
f 5002 5022 5020
f 5022 5130 5024
f 4980 5005 5003
f 5003 5005 5004
f 5004 5005 5006
f 5004 5006 5007
f 5003 5004 5010
f 5004 5007 5010
f 5006 5008 5007
f 4980 5048 5005
f 5007 5008 5015
f 5007 5015 5010
f 5008 5016 5015
f 5003 5010 5009
f 5009 5010 5011
f 5009 5011 5013
f 5010 5012 5011
f 5011 5012 5013
f 5012 5014 5013
f 5010 5066 5012
f 5013 5014 5017
f 5014 5018 5017
f 5005 5053 5006
f 5006 5095 5008
f 5010 5015 5032
f 5015 5016 5032
f 4980 5049 5048
f 4980 5051 5049
f 5005 5048 5050
f 5005 5050 5053
f 5009 5039 5035
f 5016 5033 5032
f 5008 5103 5016
f 5009 5013 5061
f 5012 5066 5014
f 5017 5018 5056
f 5009 5061 5039
f 5010 5032 5069
f 5010 5067 5066
f 5010 5069 5067
f 5013 5017 5061
f 5017 5056 5059
f 5014 5068 5018
f 5018 5057 5056
f 3458 4967 5579
f 4968 5580 4969
f 4969 5581 4970
f 4970 5582 4971
f 4972 5584 4973
f 4968 4973 5585
f 4972 4974 5586
f 4974 4985 5586
f 4967 5041 5081
f 4967 5081 5085
f 4967 5085 5097
f 4967 5097 5453
f 4971 5587 4975
f 4975 5587 4976
f 4976 5589 4977
f 4977 5590 4978
f 4978 5591 4979
f 4979 5593 4981
f 4981 5594 4982
f 4982 5595 4983
f 4983 5595 4984
f 4985 4986 5598
f 4987 5599 5000
f 4995 5025 5019
f 4995 5028 5025
f 4995 5030 5028
f 5001 5023 5026
f 5024 5130 5027
f 5001 5026 5029
f 5001 5029 5031
f 4986 4988 5600
f 4988 4989 5601
f 4989 4990 5602
f 4990 4991 5603
f 4991 4992 5604
f 4992 4996 5604
f 4702 5179 4993
f 4993 5605 4994
f 4994 5606 4995
f 4995 5456 5030
f 4996 4997 5609
f 4998 4999 5611
f 4997 4998 5610
f 4999 5000 5612
f 5001 5031 5457
f 5021 5136 5137
f 5019 5023 5137
f 5020 5136 5021
f 5020 5022 5138
f 5021 5137 5023
f 4984 5599 4987
f 5001 5457 5455
f 5019 5025 5026
f 5025 5029 5026
f 5019 5026 5023
f 5025 5028 5029
f 5028 5031 5029
f 5028 5030 5031
f 5030 5457 5031
f 5030 5456 5457
f 4980 5089 5051
f 4980 5093 5089
f 5006 5053 5091
f 5006 5091 5095
f 4980 5101 5093
f 5016 5103 5033
f 5032 5033 5054
f 5035 5036 5037
f 5034 5036 5035
f 5034 5035 5039
f 5034 5039 5038
f 5036 5040 5037
f 5037 5040 5041
f 5038 5039 5043
f 5038 5043 5042
f 4980 5455 5101
f 5008 5095 5103
f 5044 5045 5046
f 5045 5047 5052
f 5045 5052 5046
f 5044 5048 5045
f 5045 5048 5049
f 5044 5050 5048
f 5044 5046 5050
f 5045 5049 5047
f 5047 5049 5051
f 5046 5052 5053
f 5046 5053 5050
f 5039 5065 5043
f 5039 5061 5065
f 5032 5054 5108
f 5033 5055 5054
f 5033 5478 5055
f 5017 5059 5061
f 5014 5066 5068
f 5018 5077 5057
f 5018 5068 5077
f 5056 5057 5076
f 5059 5060 5061
f 5058 5060 5059
f 5058 5074 5060
f 5058 5062 5074
f 5058 5059 5063
f 5058 5063 5062
f 5060 5064 5061
f 5061 5064 5065
f 5060 5074 5064
f 5062 5063 5075
f 5032 5108 5069
f 5066 5067 5071
f 5066 5071 5070
f 5066 5070 5068
f 5068 5070 5072
f 5067 5069 5073
f 5067 5073 5071
f 5068 5072 5077
f 5056 5063 5059
f 5056 5075 5063
f 5056 5076 5075
f 5062 5075 5074
f 5057 5077 5116
f 5057 5116 5079
f 5057 5079 5076
f 5072 5078 5077
f 5040 5080 5041
f 5041 5080 5081
f 5034 5098 5036
f 5034 5038 5098
f 5080 5084 5081
f 5036 5098 5040
f 5042 5043 5083
f 5042 5083 5082
f 5038 5042 5098
f 5082 5083 5087
f 5081 5084 5085
f 5040 5098 5080
f 5084 5096 5085
f 5080 5098 5084
f 5042 5082 5098
f 5082 5087 5086
f 5082 5086 5098
f 5086 5087 5099
f 5047 5090 5052
f 5047 5088 5090
f 5088 5094 5090
f 5047 5051 5088
f 5051 5089 5088
f 5088 5089 5092
f 5052 5091 5053
f 5052 5090 5091
f 5090 5095 5091
f 5033 5103 5478
f 5088 5092 5094
f 5092 5102 5094
f 5089 5093 5092
f 5092 5093 5100
f 5090 5094 5095
f 5094 5103 5095
f 5043 5105 5083
f 5043 5065 5105
f 5083 5105 5107
f 5083 5107 5087
f 5087 5107 5121
f 5054 5055 5483
f 5085 5096 5097
f 5084 5098 5096
f 5086 5099 5098
f 5096 5452 5097
f 5096 5098 5452
f 5097 5452 5453
f 5098 5099 5472
f 5098 5472 5471
f 5092 5100 5102
f 5093 5101 5100
f 5094 5102 5103
f 5100 5477 5102
f 5100 5454 5477
f 5100 5101 5454
f 5101 5455 5454
f 5102 5478 5103
f 5102 5477 5478
f 5087 5121 5099
f 5099 5502 5472
f 5099 5121 5502
f 5055 5478 5484
f 5054 5483 5122
f 5055 5484 5483
f 5064 5104 5065
f 5065 5104 5105
f 5064 5074 5104
f 5074 5106 5104
f 5104 5106 5105
f 5105 5106 5107
f 5074 5120 5106
f 5106 5120 5107
f 5054 5110 5108
f 5069 5109 5073
f 5069 5108 5109
f 5108 5111 5109
f 5054 5122 5110
f 5108 5110 5111
f 5110 5123 5111
f 5074 5075 5113
f 5074 5113 5112
f 5075 5076 5113
f 5112 5113 5115
f 5076 5115 5113
f 5112 5115 5114
f 5076 5125 5115
f 5114 5115 5125
f 5079 5116 5118
f 5077 5078 5116
f 5078 5117 5116
f 5116 5117 5118
f 5079 5118 5126
f 5117 5119 5118
f 5118 5119 5126
f 5076 5079 5511
f 5074 5501 5120
f 5107 5120 5121
f 5074 5112 5557
f 5120 5501 5121
f 5074 5503 5501
f 5112 5114 5557
f 5121 5501 5502
f 5074 5519 5503
f 5110 5122 5123
f 5071 5073 5569
f 5070 5071 5570
f 5070 5572 5072
f 5073 5109 5526
f 5109 5111 5524
f 5072 5571 5078
f 5122 5483 5505
f 5122 5506 5123
f 5111 5123 5508
f 5122 5505 5506
f 5114 5125 5124
f 5076 5511 5125
f 5124 5125 5510
f 5124 5510 5509
f 5125 5511 5510
f 5119 5127 5126
f 5078 5577 5117
f 5079 5126 5516
f 5079 5516 5511
f 5126 5514 5516
f 5126 5127 5514
f 5117 5534 5119
f 5127 5515 5514
f 5119 5532 5127
f 5128 5129 5130
f 5129 5132 5130
f 5129 5131 5132
f 5131 5134 5132
f 5128 5136 5129
f 5131 5133 5134
f 5129 5138 5131
f 5027 5130 5132
f 5131 5139 5133
f 5133 5135 5141
f 5128 5137 5136
f 5019 5137 5128
f 5129 5136 5138
f 5133 5141 5134
f 5132 5134 5145
f 5131 5138 5139
f 5133 5143 5135
f 5133 5139 5143
f 5027 5132 5145
f 5135 5140 5142
f 5020 5138 5136
f 5135 5143 5144
f 5022 5139 5138
f 5022 5024 5139
f 5135 5144 5140
f 5134 5141 5147
f 5135 5142 5141
f 5134 5147 5145
f 5141 5142 5636
f 5024 5143 5139
f 5024 5027 5143
f 5027 5144 5143
f 5140 5144 5146
f 5027 5145 5144
f 5144 5145 5146
f 5145 5147 5146
f 5140 5146 5637
f 5140 5637 5643
f 5146 5147 5635
f 5146 5635 5637
f 5147 5636 5635
f 5141 5636 5147
f 5140 5643 5142
f 5142 5643 5636
f 4672 5148 5149
f 4673 5149 5150
f 4674 5150 5151
f 4675 5153 5152
f 4677 5151 5154
f 4678 5154 5155
f 4679 5155 5156
f 4681 5156 5158
f 4680 5158 5157
f 4676 5157 5153
f 1686 2651 5159
f 2631 4686 5163
f 4683 5159 5160
f 4683 5160 5161
f 4685 5161 5162
f 4685 5162 5164
f 2881 4695 5172
f 4700 5386 5177
f 4688 5164 5165
f 4689 5165 5166
f 4690 5166 5167
f 4691 5167 5168
f 4692 5168 5169
f 4693 5169 5170
f 4693 5170 5171
f 4695 5173 5172
f 4697 5171 5174
f 4698 5174 5175
f 4696 5175 5173
f 4699 5178 5176
f 4702 5176 5179
f 4701 5177 5178
f 2631 5163 5148
f 5148 5161 5149
f 5149 5160 5150
f 5150 5159 5151
f 5151 5159 5154
f 5154 5159 5155
f 5155 5159 5156
f 5153 5157 5159
f 5157 5158 5159
f 5156 5159 5158
f 5152 5153 5159
f 2651 5152 5159
f 5150 5160 5159
f 5149 5161 5160
f 5148 5163 5161
f 4537 5579 5163
f 5163 5579 5586
f 5161 5163 5162
f 5162 5163 5164
f 5172 5177 5386
f 5163 5165 5164
f 5163 5166 5165
f 5163 5167 5166
f 5163 5168 5167
f 5163 5169 5168
f 5163 5586 5597
f 5163 5597 5169
f 5169 5597 5170
f 5170 5597 5171
f 5171 5597 5598
f 5174 5178 5175
f 5173 5175 5178
f 5172 5173 5177
f 5171 5176 5174
f 5173 5178 5177
f 5174 5176 5178
f 5171 5598 5176
f 5176 5598 5179
f 4710 5394 5311
f 4799 5180 5253
f 4829 5181 5259
f 4709 5247 5392
f 4780 5253 5247
f 4806 5331 5316
f 5180 5185 5245
f 4789 5316 5323
f 5180 5245 5253
f 4801 5327 5326
f 4800 5326 5325
f 4802 5328 5327
f 4803 5329 5328
f 4804 5332 5329
f 4805 5325 5330
f 4806 5330 5331
f 4807 5333 5332
f 4808 5334 5333
f 4809 5335 5334
f 4810 5336 5335
f 4831 5259 5261
f 4817 5338 5339
f 4811 5339 5336
f 5181 5246 5259
f 5180 5182 5185
f 5182 5183 5185
f 5182 5184 5183
f 5182 5188 5184
f 5183 5184 5186
f 5184 5226 5186
f 5183 5186 5185
f 5186 5226 5272
f 5185 5186 5272
f 4831 5261 5187
f 5188 5189 5198
f 5189 5190 5199
f 5190 5191 5200
f 5191 5193 5201
f 4951 4952 5207
f 4952 4953 5204
f 4951 5209 5194
f 4953 4954 5205
f 4954 4955 5205
f 4955 5192 5206
f 5193 5194 5221
f 5194 5195 5221
f 5195 5196 5222
f 4951 5207 5209
f 4952 5204 5207
f 4953 5205 5204
f 4955 5206 5205
f 5194 5213 5195
f 5192 5208 5206
f 5184 5188 5198
f 5189 5199 5198
f 5190 5200 5199
f 5191 5201 5200
f 5184 5198 5199
f 5184 5199 5200
f 5193 5221 5201
f 5184 5200 5201
f 5184 5201 5221
f 5192 5227 5244
f 5196 5197 5223
f 5197 5202 5224
f 5202 5203 5225
f 5195 5211 5196
f 5196 5212 5197
f 5194 5209 5213
f 5197 5216 5202
f 5195 5213 5211
f 5202 5217 5203
f 5196 5211 5212
f 5209 5210 5213
f 5197 5212 5216
f 5202 5216 5217
f 5203 5217 5228
f 5210 5218 5213
f 5210 5214 5218
f 5214 5215 5219
f 5214 5219 5218
f 5215 5229 5219
f 5215 5220 5229
f 5195 5222 5221
f 5196 5223 5222
f 5184 5221 5222
f 5184 5222 5223
f 5184 5223 5224
f 5197 5224 5223
f 5202 5225 5224
f 5184 5224 5225
f 5184 5225 5226
f 5203 5226 5225
f 5205 5206 5234
f 5204 5205 5233
f 5204 5236 5207
f 5206 5208 5235
f 5207 5238 5209
f 5209 5238 5210
f 5192 5244 5208
f 5187 5244 5227
f 4796 5323 5360
f 4871 5287 5288
f 4870 5358 5287
f 4856 5360 5361
f 4857 5361 5362
f 4858 5362 5363
f 4859 5363 5364
f 4860 5365 5375
f 4860 5372 5365
f 4861 5364 5366
f 4862 5366 5367
f 4863 5367 5368
f 4864 5368 5369
f 4865 5369 5370
f 4866 5370 5371
f 4867 5371 5372
f 4870 5378 5358
f 4874 5375 5338
f 5187 5274 5244
f 5187 5261 5274
f 5220 5230 5229
f 5230 5231 5232
f 5220 5231 5230
f 4871 5288 5379
f 5217 5277 5228
f 5216 5275 5217
f 4847 5299 5378
f 4890 5300 5299
f 4871 5379 5300
f 5210 5239 5214
f 5214 5240 5215
f 5215 5241 5220
f 5205 5234 5233
f 5204 5233 5236
f 5207 5236 5238
f 5206 5235 5234
f 5208 5237 5235
f 5211 5278 5212
f 5211 5213 5280
f 5212 5279 5216
f 5213 5218 5280
f 5218 5219 5281
f 5219 5229 5282
f 5220 5242 5231
f 5229 5230 5283
f 5210 5238 5239
f 5214 5239 5240
f 5215 5240 5241
f 5203 5347 5226
f 5216 5279 5275
f 5217 5275 5277
f 5212 5278 5279
f 5211 5280 5278
f 5218 5281 5280
f 5219 5282 5281
f 5230 5232 5284
f 5220 5241 5242
f 5231 5242 5243
f 5233 5234 5243
f 5234 5235 5243
f 5233 5243 5236
f 5236 5243 5238
f 5235 5237 5243
f 5238 5243 5239
f 5239 5243 5240
f 5228 5277 5276
f 5229 5283 5282
f 5230 5284 5283
f 5232 5285 5284
f 5240 5243 5241
f 5241 5243 5242
f 5208 5244 5286
f 4704 5383 5384
f 4705 5384 5385
f 4706 5385 5386
f 4703 5390 5383
f 4707 5391 5390
f 4708 5392 5391
f 5245 5271 5314
f 5247 5253 5248
f 5248 5254 5249
f 5249 5255 5250
f 5250 5256 5251
f 5251 5257 5252
f 5252 5258 5313
f 5245 5314 5253
f 5248 5253 5254
f 5249 5254 5255
f 5250 5255 5256
f 5253 5314 5254
f 5254 5314 5255
f 5251 5256 5257
f 5252 5257 5258
f 5258 5315 5313
f 5246 5344 5259
f 5259 5262 5261
f 5260 5267 5262
f 5259 5260 5262
f 5266 5337 5343
f 5259 5344 5260
f 5260 5344 5263
f 5264 5265 5270
f 5265 5266 5269
f 5263 5268 5267
f 5261 5262 5377
f 5262 5267 5377
f 5264 5270 5268
f 5265 5269 5270
f 5266 5343 5269
f 5260 5263 5267
f 5263 5264 5268
f 5185 5271 5245
f 5185 5272 5271
f 5226 5273 5272
f 5271 5272 5273
f 5226 5347 5273
f 5271 5347 5314
f 5203 5348 5347
f 5271 5273 5347
f 5274 5377 5286
f 5203 5228 5348
f 5276 5279 5278
f 5275 5279 5276
f 5275 5276 5277
f 5276 5278 5280
f 5276 5280 5281
f 5276 5281 5282
f 5276 5282 5283
f 5276 5283 5284
f 5276 5284 5285
f 5208 5380 5237
f 5208 5286 5380
f 5244 5274 5286
f 5287 5291 5289
f 5287 5290 5288
f 5287 5289 5290
f 5289 5292 5290
f 5288 5290 5292
f 5287 5293 5291
f 5287 5295 5293
f 5287 5296 5295
f 5289 5291 5292
f 5288 5292 5294
f 5288 5294 5297
f 5291 5294 5292
f 5291 5293 5294
f 5287 5358 5296
f 5288 5297 5298
f 5288 5298 5359
f 5293 5295 5297
f 5293 5297 5294
f 5295 5296 5298
f 5296 5358 5359
f 5295 5298 5297
f 5296 5359 5298
f 5261 5377 5274
f 5231 5444 5232
f 5228 5276 5419
f 5299 5300 5301
f 5300 5302 5301
f 5301 5302 5303
f 5300 5304 5302
f 5231 5243 5420
f 5288 5359 5379
f 5300 5306 5305
f 5300 5379 5306
f 5299 5301 5378
f 5302 5304 5303
f 5300 5308 5304
f 5300 5305 5308
f 5301 5303 5378
f 5303 5304 5307
f 5304 5308 5307
f 5306 5379 5378
f 5303 5307 5378
f 5307 5308 5309
f 5305 5309 5308
f 5307 5309 5378
f 5305 5310 5309
f 5309 5310 5378
f 5306 5378 5310
f 5305 5306 5310
f 5276 5285 5417
f 5232 5440 5285
f 5286 5377 5380
f 5181 5311 5246
f 5246 5311 5312
f 5246 5312 5344
f 5311 5394 5312
f 5312 5445 5344
f 5237 5450 5243
f 5237 5380 5448
f 5237 5448 5449
f 5247 5248 5392
f 5313 5315 5330
f 5315 5331 5330
f 5315 5316 5331
f 5255 5314 5345
f 5255 5345 5256
f 5256 5345 5257
f 5316 5317 5319
f 5316 5319 5318
f 5316 5320 5317
f 5316 5321 5320
f 5316 5322 5321
f 5316 5318 5323
f 5257 5387 5258
f 5258 5387 5315
f 5314 5348 5345
f 5313 5325 5326
f 5313 5330 5325
f 5313 5326 5327
f 5313 5327 5328
f 5313 5328 5329
f 5313 5329 5337
f 5329 5332 5337
f 5332 5333 5337
f 5333 5334 5337
f 5334 5335 5337
f 5335 5336 5337
f 5263 5346 5264
f 5264 5346 5265
f 5263 5344 5346
f 5316 5338 5322
f 5336 5343 5337
f 5336 5339 5343
f 5338 5343 5339
f 5322 5338 5340
f 5338 5341 5340
f 5338 5342 5341
f 5338 5373 5342
f 5338 5374 5373
f 5338 5375 5374
f 5267 5268 5381
f 5268 5270 5381
f 5344 5445 5346
f 5265 5346 5266
f 5266 5388 5337
f 5269 5389 5270
f 5269 5343 5389
f 5248 5249 5392
f 5249 5250 5392
f 5250 5251 5392
f 5251 5252 5392
f 5252 5313 5408
f 5315 5395 5316
f 5257 5345 5387
f 5324 5396 5349
f 5317 5402 5319
f 5318 5319 5397
f 5317 5320 5403
f 5320 5321 5404
f 5321 5322 5405
f 5322 5340 5411
f 5318 5398 5323
f 5323 5400 5324
f 5313 5337 5408
f 5338 5409 5343
f 5316 5410 5338
f 5342 5373 5437
f 5340 5341 5414
f 5341 5342 5413
f 5270 5389 5381
f 5266 5346 5388
f 5314 5347 5348
f 5323 5324 5360
f 5324 5349 5360
f 5349 5350 5360
f 5350 5351 5360
f 5351 5352 5360
f 5352 5363 5360
f 5352 5353 5366
f 5365 5376 5375
f 5353 5354 5368
f 5354 5355 5365
f 5356 5365 5357
f 5356 5376 5365
f 5355 5357 5365
f 5360 5362 5361
f 5352 5364 5363
f 5360 5363 5362
f 5352 5366 5364
f 5353 5367 5366
f 5353 5368 5367
f 5354 5369 5368
f 5354 5370 5369
f 5354 5365 5370
f 5365 5372 5371
f 5365 5371 5370
f 5267 5381 5377
f 5377 5381 5382
f 5228 5415 5348
f 5358 5378 5359
f 5359 5378 5379
f 5228 5419 5415
f 5377 5382 5380
f 5349 5421 5350
f 5350 5424 5351
f 5351 5425 5352
f 5352 5426 5353
f 5353 5428 5354
f 5356 5422 5376
f 5356 5357 5429
f 5354 5432 5355
f 5355 5431 5357
f 5345 5348 5415
f 5373 5374 5433
f 5374 5375 5434
f 5375 5376 5436
f 5276 5416 5419
f 5276 5417 5416
f 5231 5420 5444
f 5243 5451 5420
f 5382 5418 5449
f 5232 5443 5440
f 5285 5441 5417
f 5232 5444 5443
f 5285 5442 5441
f 5381 5418 5382
f 2881 5385 5384
f 2881 5386 5385
f 2881 5384 5383
f 5252 5408 5392
f 5394 5447 5446
f 5388 5446 5447
f 5315 5387 5395
f 5345 5415 5387
f 5316 5395 5410
f 5317 5401 5402
f 5317 5403 5401
f 5318 5397 5398
f 5319 5402 5397
f 5323 5398 5399
f 5323 5399 5400
f 5324 5400 5396
f 5320 5404 5403
f 5321 5405 5404
f 5322 5406 5405
f 5322 5411 5406
f 5346 5446 5388
f 5337 5388 5407
f 5343 5409 5389
f 5337 5407 5408
f 5338 5410 5409
f 5342 5412 5413
f 5342 5437 5412
f 5340 5414 5411
f 5341 5413 5414
f 5388 5447 5407
f 5393 5407 5447
f 5393 5447 5394
f 5393 5394 5408
f 5392 5408 5394
f 5393 5408 5407
f 5395 5398 5397
f 5395 5397 5402
f 5395 5402 5401
f 5395 5401 5403
f 5395 5403 5410
f 5403 5404 5410
f 5404 5405 5410
f 5395 5399 5398
f 5405 5406 5410
f 5409 5433 5434
f 5409 5413 5412
f 5409 5412 5437
f 5409 5437 5433
f 5409 5410 5413
f 5406 5411 5410
f 5410 5411 5414
f 5410 5414 5413
f 2881 5172 5386
f 5387 5415 5419
f 5349 5396 5421
f 5350 5421 5423
f 5350 5423 5424
f 5357 5431 5430
f 5356 5429 5422
f 5357 5430 5429
f 5351 5424 5425
f 5352 5425 5426
f 5353 5426 5427
f 5353 5427 5428
f 5354 5428 5432
f 5355 5432 5431
f 5381 5389 5418
f 5375 5435 5434
f 5373 5433 5437
f 5374 5434 5433
f 5375 5436 5435
f 5376 5422 5436
f 5285 5440 5442
f 5389 5420 5418
f 5418 5420 5451
f 5387 5438 5395
f 5387 5419 5438
f 5395 5438 5399
f 5399 5438 5400
f 5396 5400 5439
f 5396 5439 5421
f 5421 5439 5423
f 5400 5438 5439
f 5425 5439 5440
f 5409 5435 5444
f 5435 5436 5444
f 5423 5439 5424
f 5424 5439 5425
f 5425 5440 5426
f 5426 5440 5427
f 5427 5440 5428
f 5428 5440 5432
f 5422 5443 5436
f 5429 5430 5443
f 5430 5431 5443
f 5431 5432 5443
f 5422 5429 5443
f 5389 5409 5444
f 5409 5434 5435
f 5416 5438 5419
f 5416 5417 5438
f 5389 5444 5420
f 5417 5441 5438
f 5438 5441 5439
f 5439 5442 5440
f 5436 5443 5444
f 5432 5440 5443
f 5439 5441 5442
f 5312 5394 5445
f 5346 5445 5446
f 5394 5446 5445
f 5237 5449 5450
f 5380 5382 5448
f 5243 5450 5451
f 5382 5449 5448
f 5418 5450 5449
f 5418 5451 5450
f 4967 5453 5579
f 4968 5585 5580
f 4969 5580 5581
f 4970 5581 5582
f 4971 5582 5583
f 4971 5583 5587
f 4973 5584 5585
f 4972 5586 5584
f 5453 5474 5579
f 4976 5587 5588
f 4976 5588 5589
f 4977 5589 5590
f 4978 5590 5591
f 5474 5486 5579
f 5486 5490 5579
f 5490 5536 5579
f 4984 5596 5599
f 4979 5591 5593
f 4981 5593 5594
f 4982 5594 5595
f 4984 5595 5596
f 5455 5457 5592
f 4995 5607 5456
f 5456 5459 5457
f 5456 5458 5459
f 5458 5461 5459
f 5458 5460 5461
f 5460 5463 5461
f 5460 5462 5463
f 5462 5466 5463
f 5462 5465 5466
f 4985 5597 5586
f 4985 5598 5597
f 4986 5600 5598
f 4988 5601 5600
f 4989 5602 5601
f 4990 5603 5602
f 4991 5604 5603
f 4993 5179 5605
f 4994 5605 5606
f 4995 5606 5607
f 5456 5607 5458
f 4996 5608 5604
f 4996 5609 5608
f 4997 5610 5609
f 4998 5611 5610
f 4999 5612 5611
f 5000 5599 5612
f 5465 5645 5468
f 5470 5645 5646
f 5465 5468 5466
f 5467 5469 5647
f 5468 5645 5470
f 5469 5470 5646
f 5457 5459 5613
f 5458 5607 5460
f 5460 5607 5462
f 5462 5607 5465
f 5459 5461 5613
f 5461 5463 5613
f 5463 5466 5613
f 5464 5657 5467
f 5098 5473 5452
f 5452 5473 5453
f 5098 5471 5473
f 5453 5473 5474
f 5471 5475 5473
f 5471 5472 5476
f 5471 5476 5475
f 5473 5485 5474
f 5473 5475 5485
f 5475 5476 5488
f 5454 5481 5477
f 5454 5479 5481
f 5454 5455 5479
f 5455 5480 5479
f 5477 5482 5478
f 5477 5481 5482
f 5479 5495 5481
f 5479 5480 5493
f 5481 5496 5482
f 5472 5502 5476
f 5476 5502 5504
f 5476 5504 5488
f 5478 5556 5484
f 5483 5555 5507
f 5483 5484 5555
f 5474 5485 5486
f 5475 5489 5485
f 5485 5489 5486
f 5475 5535 5489
f 5475 5488 5487
f 5487 5488 5492
f 5475 5487 5537
f 5486 5489 5490
f 5475 5537 5535
f 5487 5491 5537
f 5489 5535 5490
f 5490 5535 5536
f 5487 5492 5491
f 5491 5492 5544
f 5491 5544 5543
f 5479 5493 5495
f 5493 5499 5495
f 5480 5494 5493
f 5493 5494 5497
f 5481 5495 5496
f 5495 5500 5496
f 5493 5497 5499
f 5497 5553 5499
f 5497 5545 5553
f 5494 5498 5497
f 5497 5498 5545
f 5498 5549 5545
f 5495 5499 5500
f 5478 5482 5616
f 5499 5554 5500
f 5499 5553 5554
f 5488 5520 5492
f 5488 5504 5520
f 5492 5522 5544
f 5492 5520 5522
f 5522 5558 5544
f 5484 5556 5555
f 5501 5503 5502
f 5074 5521 5519
f 5502 5503 5504
f 5074 5557 5521
f 5503 5519 5504
f 5483 5507 5505
f 5505 5508 5506
f 5123 5506 5508
f 5111 5508 5524
f 5505 5507 5508
f 5109 5524 5526
f 5073 5526 5569
f 5071 5569 5570
f 5507 5524 5508
f 5070 5570 5572
f 5072 5572 5571
f 5114 5124 5557
f 5509 5510 5513
f 5510 5511 5513
f 5124 5509 5573
f 5509 5513 5512
f 5509 5512 5529
f 5512 5513 5528
f 5511 5575 5513
f 5514 5517 5516
f 5514 5515 5517
f 5127 5518 5515
f 5515 5518 5517
f 5127 5532 5518
f 5119 5534 5532
f 5117 5577 5534
f 5517 5518 5531
f 5078 5571 5577
f 5511 5516 5575
f 5516 5517 5578
f 5504 5519 5520
f 5519 5521 5520
f 5124 5559 5557
f 5124 5563 5559
f 5124 5561 5563
f 5520 5521 5522
f 5521 5557 5522
f 5522 5557 5558
f 5507 5555 5523
f 5507 5523 5524
f 5523 5526 5524
f 5523 5555 5525
f 5523 5525 5526
f 5525 5569 5526
f 5525 5565 5569
f 5512 5528 5527
f 5512 5527 5529
f 5124 5573 5561
f 5509 5529 5573
f 5527 5528 5530
f 5513 5575 5528
f 5527 5530 5529
f 5528 5575 5530
f 5529 5530 5574
f 5529 5574 5573
f 5530 5575 5574
f 5517 5531 5578
f 5518 5532 5531
f 5531 5532 5533
f 5516 5578 5575
f 5531 5533 5578
f 5532 5534 5533
f 5533 5534 5576
f 5534 5577 5576
f 5535 5537 5536
f 5536 5537 5538
f 5491 5543 5541
f 5491 5541 5537
f 5540 5543 5544
f 5539 5543 5540
f 5537 5541 5538
f 5538 5541 5542
f 5539 5542 5541
f 5539 5541 5543
f 5539 5540 5542
f 5545 5547 5553
f 5545 5546 5547
f 5546 5548 5547
f 5545 5549 5546
f 5546 5549 5550
f 5547 5551 5553
f 5551 5554 5553
f 5546 5550 5548
f 5547 5548 5552
f 5548 5550 5552
f 5547 5552 5551
f 5455 5592 5480
f 5482 5496 5624
f 5540 5544 5558
f 5540 5558 5560
f 5478 5616 5556
f 5525 5555 5615
f 5555 5556 5615
f 5480 5592 5494
f 5494 5592 5498
f 5498 5592 5549
f 5496 5500 5627
f 5500 5554 5627
f 5482 5618 5616
f 5556 5616 5615
f 5557 5559 5558
f 5558 5559 5560
f 5561 5573 5562
f 5559 5563 5560
f 5560 5563 5564
f 5561 5564 5563
f 5561 5562 5564
f 5565 5566 5570
f 5565 5570 5569
f 5567 5577 5571
f 5566 5568 5572
f 5566 5572 5570
f 5567 5571 5568
f 5568 5571 5572
f 5525 5615 5565
f 5562 5573 5574
f 5562 5619 5564
f 5562 5574 5619
f 5574 5575 5619
f 5567 5576 5577
f 5533 5576 5620
f 5533 5620 5578
f 5575 5578 5619
f 5560 5564 5621
f 5567 5622 5576
f 5578 5620 5619
f 5567 5568 5630
f 5576 5622 5620
f 5536 5538 5579
f 5538 5542 5579
f 5579 5585 5584
f 5579 5584 5586
f 5579 5580 5585
f 5579 5581 5580
f 5579 5582 5581
f 5579 5583 5582
f 5579 5587 5583
f 5542 5631 5579
f 5579 5626 5587
f 5587 5626 5588
f 5588 5626 5589
f 5589 5592 5590
f 5590 5592 5591
f 5591 5592 5593
f 5579 5631 5626
f 5589 5626 5592
f 5592 5599 5596
f 5592 5594 5593
f 5592 5596 5595
f 5592 5595 5594
f 5466 5468 5613
f 5467 5657 5469
f 5468 5470 5614
f 5469 5614 5470
f 5457 5613 5592
f 5465 5607 5656
f 5468 5614 5613
f 5469 5657 5614
f 5179 5598 5600
f 5179 5600 5601
f 5601 5602 5605
f 5179 5601 5605
f 5602 5606 5605
f 5602 5603 5606
f 5603 5604 5606
f 5604 5607 5606
f 5604 5608 5607
f 5608 5609 5613
f 5609 5610 5613
f 5610 5611 5613
f 5599 5613 5612
f 5611 5612 5613
f 5607 5608 5613
f 5607 5613 5656
f 5613 5614 5656
f 5592 5613 5599
f 5549 5592 5550
f 5550 5592 5552
f 5551 5552 5628
f 5551 5628 5554
f 5540 5631 5542
f 5482 5624 5618
f 5615 5616 5617
f 5496 5627 5624
f 5554 5628 5627
f 5616 5618 5617
f 5615 5617 5632
f 5540 5560 5631
f 5565 5632 5566
f 5566 5632 5568
f 5565 5615 5632
f 5564 5619 5621
f 5560 5621 5629
f 5567 5630 5622
f 5619 5620 5621
f 5560 5629 5631
f 5620 5622 5621
f 5568 5634 5630
f 5552 5592 5628
f 5617 5618 5623
f 5618 5624 5623
f 5617 5623 5632
f 5624 5627 5625
f 5592 5626 5628
f 5626 5627 5628
f 5625 5627 5626
f 5623 5624 5625
f 5625 5626 5632
f 5623 5625 5632
f 5568 5632 5634
f 5621 5622 5629
f 5622 5630 5629
f 5626 5631 5632
f 5631 5634 5632
f 5629 5633 5631
f 5629 5630 5633
f 5630 5634 5633
f 5631 5633 5634
f 5635 5636 5638
f 5635 5638 5637
f 5636 5639 5638
f 5638 5639 5640
f 5637 5638 5648
f 5638 5640 5648
f 5639 5641 5640
f 5640 5641 5642
f 5637 5648 5649
f 5464 5642 5641
f 5464 5644 5642
f 5464 5467 5644
f 5636 5643 5649
f 5637 5649 5643
f 5636 5652 5639
f 5467 5647 5644
f 5469 5646 5647
f 5640 5642 5650
f 5640 5650 5648
f 5642 5644 5651
f 5464 5641 5658
f 5648 5650 5652
f 5644 5647 5654
f 5642 5651 5650
f 5636 5649 5652
f 5639 5653 5641
f 5648 5652 5649
f 5639 5652 5653
f 5465 5656 5645
f 5645 5656 5646
f 5646 5655 5647
f 5644 5654 5651
f 5464 5658 5657
f 5650 5651 5653
f 5647 5655 5654
f 5641 5653 5658
f 5650 5653 5652
f 5646 5656 5655
f 5651 5658 5653
f 5651 5654 5658
f 5654 5657 5658
f 5654 5655 5657
f 5614 5655 5656
f 5614 5657 5655
f 1705 1706 1704
f 1703 1704 1706
f 1707 1708 1703
f 1710 1711 1709
f 1713 1717 1714
f 1713 1715 1717
f 1720 1721 1719
f 1709 1788 1706
f 1703 1706 1788
f 1718 1737 1715
f 1707 1790 1716
f 1712 1791 1711
f 1717 1715 1739
f 1725 1736 1726
f 1720 1719 1801
f 1707 1703 1813
f 1723 1742 1728
f 1738 1788 1709
f 2697 1709 1711
f 1814 1738 1709
f 1731 1732 1730
f 1734 1735 1733
f 1733 1727 1736
f 1734 1733 1736
f 1720 2697 1725
f 1703 1788 1813
f 1728 1742 1803
f 1742 1744 1803
f 1707 1809 1790
f 1707 1813 1817
f 2697 1715 1737
f 2697 1739 1715
f 1789 1728 1802
f 1742 1743 1744
f 1744 1745 1807
f 1746 1822 1823
f 1734 1858 1729
f 1858 1730 1729
f 1731 1730 1858
f 1731 1853 1785
f 1853 1786 1785
f 2697 1711 1791
f 1793 1802 1728
f 1793 1728 1803
f 1740 1819 1737
f 1740 1789 1804
f 1803 1744 1805
f 1744 1807 1805
f 1806 1807 1745
f 1725 2697 1736
f 1707 1817 2697
f 1707 2697 1809
f 1720 1801 2697
f 2697 1814 1709
f 1789 1802 1804
f 1794 1795 1787
f 1853 1787 1786
f 1734 1811 1858
f 1734 1736 2697
f 1731 1858 1853
f 1734 1865 1811
f 1787 1853 1794
f 1801 1790 1808
f 1809 1808 1790
f 1740 1804 1819
f 2697 1792 1739
f 1818 1803 1805
f 1806 1746 1862
f 1861 1862 1746
f 1812 1801 1808
f 1734 2697 1865
f 2697 1737 1819
f 2697 1791 1792
f 1806 1745 1746
f 1746 1823 1861
f 1824 1825 1872
f 1825 1827 1883
f 1883 1884 1825
f 1851 1852 1850
f 1794 1853 1877
f 1794 2697 1850
f 2697 1801 1812
f 2697 1815 1814
f 2697 1817 1816
f 2697 1816 1815
f 1872 1825 1870
f 1794 1877 2697
f 2697 1810 1809
f 2697 1812 1810
f 2697 1819 1820
f 2697 1820 1859
f 2697 1859 1860
f 2697 1860 1863
f 2697 1863 1864
f 2697 1864 1867
f 1850 2697 1851
f 1851 2697 1873
f 2697 1866 1865
f 2697 1876 1866
f 2697 1877 1876
f 2697 1867 1868
f 2697 1868 1869
f 2697 1869 1871
f 2697 1871 1878
f 2697 1878 1879
f 2697 1879 1881
f 2697 1881 1882
f 2697 1882 2698
f 1888 2704 2703
f 1825 1884 1870
f 1827 1885 1883
f 1883 1885 1880
f 1886 1880 1885
f 1888 1887 2733
f 2690 2694 2691
f 1873 2697 2690
f 2697 2694 2690
f 2697 2705 2696
f 2697 2696 2694
f 2697 2708 2705
f 2697 2698 2699
f 2697 2699 2700
f 2697 2700 2710
f 2697 2710 2711
f 2697 2711 2712
f 2696 2707 2694
f 2697 2718 2709
f 2697 2719 2718
f 2697 2720 2719
f 2697 2721 2720
f 2697 2722 2721
f 2697 2712 2713
f 2723 2697 2713
f 2723 2725 2697
f 2697 2725 2727
f 2704 2735 2701
f 2702 2701 2735
f 2754 2753 2694
f 2754 2694 2707
f 2755 2706 2708
f 2755 2707 2706
f 2754 2707 2755
f 2697 2755 2708
f 2697 2709 2755
f 2697 2727 2728
f 2697 2728 2729
f 2697 2729 2730
f 2697 2770 2764
f 2697 2730 2766
f 2697 2766 2768
f 2697 2768 2767
f 2697 2767 2769
f 2697 2771 2770
f 2697 2772 2771
f 2697 2773 2772
f 2697 2774 2773
f 2697 2776 2775
f 2697 2777 2776
f 2697 2778 2777
f 2697 2779 2778
f 2697 2781 2779
f 2726 2724 2795
f 1888 2734 2704
f 1888 2733 2734
f 2704 2734 2735
f 2702 2735 2736
f 2737 2796 2724
f 2755 2756 2754
f 2755 2709 2757
f 2785 2757 2763
f 2755 2757 2785
f 2697 2813 2722
f 2785 2786 2755
f 2785 2763 2787
f 2722 2811 2810
f 2697 2818 2813
f 2763 2788 2787
f 2813 2811 2722
f 2697 2835 2818
f 2697 2764 2848
f 2697 2769 2850
f 2697 2817 2816
f 2697 2858 2774
f 2697 2775 2858
f 2697 2865 2781
f 2769 2780 2826
f 2822 2782 2783
f 2697 2816 2824
f 2780 2790 2826
f 2784 2830 2783
f 2724 2796 2795
f 2737 2794 2796
f 2796 2797 2795
f 2798 2795 2797
f 2813 2812 2811
f 2813 2814 2812
f 2848 2764 2765
f 2697 2837 2835
f 2852 2765 2789
f 2697 2851 2817
f 2822 2783 2830
f 2697 2844 2837
f 2697 2848 2844
f 2854 2789 2791
f 2791 2774 2858
f 2697 2824 2864
f 2815 2858 2775
f 2697 2850 2851
f 2826 2790 2825
f 2769 2826 2840
f 2821 2825 2790
f 2813 2818 2819
f 2835 2820 2818
f 2835 2836 2820
f 2697 2864 2865
f 2769 2840 2850
f 2822 2833 2823
f 2848 2765 2852
f 2784 2829 2830
f 2822 2830 2832
f 2822 2832 2833
f 2837 2838 2835
f 2844 2845 2837
f 2852 2789 2854
f 2854 2791 2857
f 2791 2858 2857
f 2781 2865 2866
f 2815 2839 2858
f 2860 2817 2851
f 2840 2842 2850
f 2848 2849 2844
f 2824 2863 2864
f 2852 2853 2848
f 2854 2855 2852
f 2856 2854 2857
f 2839 2861 2858
f 993 1000 992
f 994 1006 995
f 1907 996 995
f 1907 997 996
f 1907 993 999
f 1907 1000 993
f 1907 999 1005
f 1907 998 997
f 1907 995 1006
f 1907 1001 998
f 1907 1006 1000
f 1907 1002 1001
f 1907 1007 1002
f 1907 1005 1120
f 1907 1008 1007
f 1907 1009 1008
f 1907 1120 1121
f 1907 1132 1009
f 1907 1133 1132
f 1907 1134 1133
f 1907 1159 1134
f 1907 1121 1906
f 1907 1160 1159
f 1907 1922 1160
f 1907 1906 1936
f 1907 1923 1922
f 1907 1924 1923
f 1907 1948 1924
f 1907 1949 1948
f 1907 1936 2055
f 1907 2056 1937
f 1907 1950 1949
f 1907 2059 1950
f 1907 2055 2057
f 1907 2064 2056
f 1907 1937 2071
f 1907 2060 2059
f 1907 2058 2060
f 1907 2057 2064
f 1907 2065 2058
f 1907 2066 2065
f 1907 2073 2069
f 1907 2069 2066
f 1907 2071 2073
f 2067 2056 2064
f 2067 2068 2056
f 1937 2070 2071
f 2072 2071 2070
f 3531 3699 3529
f 3533 3534 3545
f 4453 3530 3529
f 4453 3528 3530
f 4453 3535 3532
f 4453 3532 3528
f 4453 3536 3535
f 4453 3543 3536
f 4453 3545 3534
f 4453 3534 3537
f 4453 3537 3544
f 4453 3541 3543
f 4453 3542 3541
f 4453 3529 3699
f 4453 3544 3697
f 4453 3684 3542
f 4453 3685 3684
f 4453 3698 3545
f 4453 3697 3700
f 4453 3686 3685
f 4453 3699 3698
f 4453 3713 3686
f 4453 3714 3713
f 4453 4436 3714
f 4453 3700 4454
f 4453 4437 4436
f 4453 4438 4437
f 4453 4454 4486
f 4453 4472 4438
f 4453 4473 4472
f 4453 4474 4473
f 4453 4651 4485
f 4453 4649 4474
f 4453 4486 4652
f 4453 4650 4649
f 4453 4485 4663
f 4453 4653 4650
f 4453 4652 4654
f 4453 4660 4651
f 4453 4658 4653
f 4453 4659 4658
f 4453 4661 4659
f 4453 4662 4661
f 4453 4654 4660
f 4453 4663 4662
f 4485 4665 4663
f 4666 4651 4660
f 4666 4667 4651
f 4664 4663 4665
f 2902 2901 2939
f 2902 2940 2903
f 2909 2908 2962
f 2909 2962 2910
f 2917 2916 2941
f 2917 2941 2918
f 2914 2915 2938
f 2915 2932 3002
f 2932 2933 3002
f 2936 2994 2935
f 2956 2920 2919
f 2902 2939 3748
f 2902 3748 2940
f 3748 2939 2920
f 3748 2938 2915
f 3748 2920 2956
f 3748 2944 2942
f 2943 2970 2971
f 2994 2995 2935
f 3000 2935 2995
f 2996 2997 2995
f 2998 2999 2997
f 2999 3010 2997
f 3748 2945 2938
f 3748 2915 3002
f 3748 2946 2940
f 3748 2947 2945
f 3748 2949 2947
f 3748 2951 2952
f 3748 2948 2951
f 3748 2952 2954
f 3748 2954 2953
f 3748 2953 2950
f 3748 2955 2948
f 3748 2957 2955
f 3748 2956 2957
f 3748 2963 2946
f 3748 2970 2944
f 3748 2971 2970
f 3748 2942 2966
f 3748 2972 2971
f 3748 2959 2949
f 3748 2958 2960
f 3748 2950 2958
f 3748 2961 2959
f 3748 2960 2961
f 3748 2964 2963
f 3748 2967 2964
f 3748 2968 2967
f 3748 2965 2968
f 3748 2969 2965
f 3748 2966 2969
f 3748 3008 2978
f 3748 2978 2972
f 3748 3001 3000
f 3748 3000 2995
f 3748 3003 3001
f 3748 3002 3003
f 3748 3009 3008
f 3748 2995 2997
f 3748 2997 3010
f 3748 3010 3745
f 3748 3011 3009
f 3748 3012 3011
f 3748 3013 3012
f 3748 3749 3013
f 3743 3800 3742
f 3744 3754 3747
f 3748 3747 3754
f 3748 3745 3746
f 3748 3746 3747
f 3748 3750 3749
f 3748 3751 3750
f 3748 3752 3751
f 3748 3753 3752
f 3748 3755 3753
f 3748 3754 3742
f 3748 3759 3761
f 3748 3769 3755
f 3748 3742 3802
f 3748 3802 3759
f 3748 3806 3762
f 3748 3762 3805
f 3748 3805 3807
f 3748 3807 3808
f 3748 3810 3806
f 3748 3808 3809
f 3748 3821 3819
f 3748 3822 3821
f 3748 3764 3763
f 3748 3763 3820
f 3748 3819 3764
f 3748 3830 3769
f 3760 3759 3802
f 3748 3811 3810
f 3748 3809 3812
f 3748 3812 3813
f 3748 3813 3814
f 3748 3814 3816
f 3748 3815 3817
f 3748 3816 3815
f 3748 3824 3822
f 3748 3761 3882
f 3748 3823 3811
f 3748 3820 3833
f 3800 3802 3742
f 3803 3760 3802
f 3804 3882 3761
f 3748 3832 3824
f 3748 3817 3888
f 3818 3764 3819
f 3748 3836 3831
f 3748 3834 3836
f 3748 3882 3884
f 3748 3884 3823
f 3748 3888 3832
f 3748 3833 3891
f 3748 3891 3834
f 3748 3831 3837
f 3748 3840 3830
f 3748 3837 3839
f 3748 3839 3840
f 3835 3831 3836
f 3840 3838 3830
f 3840 3839 3841
f 3839 3842 3841
f 3823 3884 3885
f 3889 3888 3817
f 3891 3890 3834
f 3891 3833 3892

