# https://github.com/mikedh/trimesh
v -0.08991506195068358 0.10907016231510723 -0.00433012604713440
v -0.08887071990966795 0.10846721126530254 -0.00482962810993195
v -0.08924999999999998 0.10522208644840801 -0.00499999904632568
v -0.09037071990966795 0.10586913349125469 -0.00482962810993195
v -0.09141506195068358 0.10647208644840801 -0.00433012604713440
v -0.09081186294555663 0.10958792926762187 -0.00353553295135498
v -0.09231186294555663 0.10698985340092265 -0.00353553295135498
v -0.09149999999999998 0.10998522617313945 -0.00249999904632568
v -0.09193258285522460 0.11023497821781719 -0.00129409408569336
v -0.09299999999999999 0.10738715030644023 -0.00249999904632568
v -0.09343258285522460 0.10763690044376933 -0.00129409408569336
v -0.08958621597290038 0.10541620113346660 -0.00144888782501221
v -0.08924999999999998 0.10522208644840801 -0.00149999904632568
v -0.08891378402709960 0.10502797176334941 -0.00144888782501221
v -0.08989952087402342 0.10559708644840801 -0.00129903697967529
v -0.09016856002807616 0.10575241710636700 -0.00106065940856934
v -0.08887499999999998 0.10846968128178203 -0.00074999904632568
v -0.09037499999999998 0.10587160541508281 -0.00074999904632568
v -0.08900477600097655 0.10854460765812481 -0.00038822746276855
v -0.09050477600097655 0.10594653179142559 -0.00038822746276855
v -0.04649999999999999 0.13119790603611550 -0.00482962810993195
v -0.04349999999999999 0.13119790603611550 -0.00482962810993195
v -0.04649999999999999 0.12990381051991068 -0.00499999904632568
v -0.04349999999999999 0.12990381051991068 -0.00499999904632568
v -0.04649999999999999 0.13240381051991068 -0.00433012604713440
v -0.04349999999999999 0.13240381051991068 -0.00433012604713440
v -0.04949999999999999 0.11990381099674784 -0.00499999904632568
v -0.04949999999999999 0.12119790603611552 -0.00482962810993195
v -0.04649999999999999 0.11990381099674784 -0.00499999904632568
v -0.04649999999999999 0.12119790603611552 -0.00482962810993195
v -0.04949999999999999 0.12240381099674784 -0.00433012604713440
v -0.04649999999999999 0.12240381099674784 -0.00433012604713440
v -0.04649999999999999 0.13343934442493999 -0.00353553295135498
v -0.04349999999999999 0.13343934442493999 -0.00353553295135498
v -0.04949999999999999 0.12343934490177713 -0.00353553295135498
v -0.04649999999999999 0.12343934490177713 -0.00353553295135498
v -0.08774999999999998 0.10782016231510723 -0.00499999904632568
v -0.08645096206665037 0.10707016231510723 -0.00499999904632568
v -0.07617121887207030 0.10687538196537578 -0.00499999904632568
v -0.07657958984374999 0.10655705120060527 -0.00499999904632568
v -0.07689255523681639 0.10614455463383281 -0.00499999904632568
v -0.07708914184570312 0.10566553928349101 -0.00499999904632568
v -0.07715616607666015 0.10515211154911602 -0.00499999904632568
v -0.08474666595458984 0.10262208797428692 -0.00499999904632568
v -0.08371113586425780 0.10182749416325176 -0.00499999904632568
v -0.08291654205322264 0.10079196025822246 -0.00499999904632568
v -0.07715616607666015 0.10370381023380840 -0.00499999904632568
v -0.07708802032470702 0.10318617107365215 -0.00499999904632568
v -0.07688822174072264 0.10270381023380840 -0.00499999904632568
v -0.07657038116455077 0.10228959514591777 -0.00499999904632568
v -0.07615616607666015 0.10197175838444317 -0.00499999904632568
v -0.07569481658935545 0.10707820941898906 -0.00499999904632568
v -0.07567380523681640 0.10177195980045879 -0.00499999904632568
v -0.07515616607666015 0.10170381023380839 -0.00499999904632568
v -0.05203865051269530 0.11369385578129373 -0.00499999904632568
v -0.05158448791503905 0.11376597263310038 -0.00499999904632568
v -0.05112585449218748 0.11373244907353007 -0.00499999904632568
v -0.05068700408935545 0.11359506084415995 -0.00499999904632568
v -0.04949999999999999 0.11740381099674783 -0.00499999904632568
v -0.05029113769531249 0.11336107112858378 -0.00499999904632568
v -0.04995917510986327 0.11304284717533671 -0.00499999904632568
v -0.04970867156982420 0.11265721561405741 -0.00499999904632568
v -0.04955286407470702 0.11222456027958476 -0.00499999904632568
v -0.04949999999999999 0.11176775791142068 -0.00499999904632568
v -0.05149999999999999 0.10170381023380838 -0.00499999904632568
v -0.05049999999999999 0.10197175838444315 -0.00499999904632568
v -0.05098236083984373 0.10177195980045878 -0.00499999904632568
v -0.04949999999999999 0.10370381023380838 -0.00499999904632568
v -0.04956814575195311 0.10318617107365213 -0.00499999904632568
v -0.04976795196533202 0.10270381023380838 -0.00499999904632568
v -0.05008578491210936 0.10228959514591776 -0.00499999904632568
v -0.04349999999999999 0.10170381023380838 -0.00499999904632568
v -0.04649999999999999 0.13423393763992869 -0.00249999904632568
v -0.04349999999999999 0.13423393763992869 -0.00249999904632568
v -0.04649999999999999 0.13473343970272622 -0.00129409408569336
v -0.04949999999999999 0.13065381051991068 -0.00129903697967529
v -0.04649999999999999 0.13065381051991068 -0.00129903697967529
v -0.04349999999999999 0.13473343970272622 -0.00129409408569336
v -0.04349999999999999 0.13065381051991068 -0.00129903697967529
v -0.04300099945068358 0.13065381051991068 -0.00129903697967529
v -0.04949999999999999 0.12990381051991068 -0.00149999904632568
v -0.04949999999999999 0.13029203941319070 -0.00144888782501221
v -0.04949999999999999 0.12951558210346781 -0.00144888782501221
v -0.04949999999999999 0.12915381051991068 -0.00129903697967529
v -0.04649999999999999 0.12990381051991068 -0.00149999904632568
v -0.04649999999999999 0.13029203941319070 -0.00144888782501221
v -0.04649999999999999 0.12951558210346781 -0.00144888782501221
v -0.04649999999999999 0.12915381051991068 -0.00129903697967529
v -0.04349999999999999 0.12990381051991068 -0.00149999904632568
v -0.04300099945068358 0.12990381051991068 -0.00149999904632568
v -0.04349999999999999 0.13029203941319070 -0.00144888782501221
v -0.04300099945068358 0.13029203941319070 -0.00144888782501221
v -0.04349999999999999 0.12951558210346781 -0.00144888782501221
v -0.04300099945068358 0.12951558210346781 -0.00144888782501221
v -0.04349999999999999 0.12915381051991068 -0.00129903697967529
v -0.04300099945068358 0.12915381051991068 -0.00129903697967529
v -0.04949999999999999 0.12423393775913798 -0.00249999904632568
v -0.04649999999999999 0.12423393775913798 -0.00249999904632568
v -0.04949999999999999 0.12473343994114482 -0.00129409408569336
v -0.04649999999999999 0.12473343994114482 -0.00129409408569336
v -0.04949999999999999 0.11965381099674784 -0.00129903697967529
v -0.04649999999999999 0.11965381099674784 -0.00129903697967529
v -0.04949999999999999 0.11890381099674784 -0.00149999904632568
v -0.04949999999999999 0.11929203845951640 -0.00144888782501221
v -0.04949999999999999 0.11851558162663064 -0.00144888782501221
v -0.04949999999999999 0.11815381099674784 -0.00129903697967529
v -0.04649999999999999 0.11890381099674784 -0.00149999904632568
v -0.04649999999999999 0.11929203845951640 -0.00144888782501221
v -0.04649999999999999 0.11851558162663064 -0.00144888782501221
v -0.04649999999999999 0.11815381099674784 -0.00129903697967529
v -0.04349999999999999 0.11965381099674784 -0.00129903697967529
v -0.04300099945068358 0.11965381099674784 -0.00129903697967529
v -0.04349999999999999 0.11890381099674784 -0.00149999904632568
v -0.04300099945068358 0.11890381099674784 -0.00149999904632568
v -0.04349999999999999 0.11929203845951640 -0.00144888782501221
v -0.04300099945068358 0.11929203845951640 -0.00144888782501221
v -0.04349999999999999 0.11851558162663064 -0.00144888782501221
v -0.04300099945068358 0.11851558162663064 -0.00144888782501221
v -0.04349999999999999 0.11815381099674784 -0.00129903697967529
v -0.04300099945068358 0.11815381099674784 -0.00129903697967529
v -0.04949999999999999 0.13096447088215432 -0.00106065940856934
v -0.04649999999999999 0.13096447088215432 -0.00106065940856934
v -0.04949999999999999 0.13120284893009745 -0.00074999904632568
v -0.04649999999999999 0.13120284893009745 -0.00074999904632568
v -0.04349999999999999 0.13096447088215432 -0.00106065940856934
v -0.04300099945068358 0.13096447088215432 -0.00106065940856934
v -0.04349999999999999 0.13120284893009745 -0.00074999904632568
v -0.04300099945068358 0.13120284893009745 -0.00074999904632568
v -0.04949999999999999 0.12884315063450419 -0.00106065940856934
v -0.04649999999999999 0.12884315063450419 -0.00106065940856934
v -0.04949999999999999 0.12860477258656108 -0.00074999904632568
v -0.04649999999999999 0.12860477258656108 -0.00074999904632568
v -0.04349999999999999 0.12884315063450419 -0.00106065940856934
v -0.04300099945068358 0.12884315063450419 -0.00106065940856934
v -0.04349999999999999 0.12860477258656108 -0.00074999904632568
v -0.04300099945068358 0.12860477258656108 -0.00074999904632568
v -0.04949999999999999 0.13135269929859719 -0.00038822746276855
v -0.04649999999999999 0.13135269929859719 -0.00038822746276855
v -0.04349999999999999 0.13135269929859719 -0.00038822746276855
v -0.04300099945068358 0.13135269929859719 -0.00038822746276855
v -0.04949999999999999 0.12845492174122417 -0.00038822746276855
v -0.04649999999999999 0.12845492174122417 -0.00038822746276855
v -0.04349999999999999 0.12845492174122417 -0.00038822746276855
v -0.04300099945068358 0.12845492174122417 -0.00038822746276855
v -0.04949999999999999 0.11996447040531717 -0.00106065940856934
v -0.04649999999999999 0.11996447040531717 -0.00106065940856934
v -0.04949999999999999 0.11784314968082987 -0.00106065940856934
v -0.04649999999999999 0.11784314968082987 -0.00106065940856934
v -0.04949999999999999 0.12020284893009744 -0.00074999904632568
v -0.04649999999999999 0.12020284893009744 -0.00074999904632568
v -0.04949999999999999 0.11760477306339823 -0.00074999904632568
v -0.04649999999999999 0.11760477306339823 -0.00074999904632568
v -0.04349999999999999 0.11996447040531717 -0.00106065940856934
v -0.04300099945068358 0.11996447040531717 -0.00106065940856934
v -0.04349999999999999 0.11784314968082987 -0.00106065940856934
v -0.04300099945068358 0.11784314968082987 -0.00106065940856934
v -0.04349999999999999 0.12020284893009744 -0.00074999904632568
v -0.04300099945068358 0.12020284893009744 -0.00074999904632568
v -0.04349999999999999 0.11760477306339823 -0.00074999904632568
v -0.04300099945068358 0.11760477306339823 -0.00074999904632568
v -0.04949999999999999 0.12035269977543436 -0.00038822746276855
v -0.04649999999999999 0.12035269977543436 -0.00038822746276855
v -0.04949999999999999 0.11745492221806131 -0.00038822746276855
v -0.04649999999999999 0.11745492221806131 -0.00038822746276855
v -0.04349999999999999 0.12035269977543436 -0.00038822746276855
v -0.04300099945068358 0.12035269977543436 -0.00038822746276855
v -0.04349999999999999 0.11745492221806131 -0.00038822746276855
v -0.04300099945068358 0.11745492221806131 -0.00038822746276855
v -0.08774999999999998 0.10782016231510723 -0.00149999904632568
v -0.08808621597290038 0.10801427700016582 -0.00144888782501221
v -0.08741378402709959 0.10762604763004864 -0.00144888782501221
v -0.08839952087402342 0.10819516231510723 -0.00129903697967529
v -0.08710047912597654 0.10744516231510723 -0.00129903697967529
v -0.08860047912597654 0.10484708644840801 -0.00129903697967529
v -0.08866856002807616 0.10835049297306622 -0.00106065940856934
v -0.08683143997192382 0.10728983356449688 -0.00106065940856934
v -0.08833143997192382 0.10469175579044902 -0.00106065940856934
v -0.08662499999999999 0.10717064334843242 -0.00074999904632568
v -0.08812499999999998 0.10457256748173320 -0.00074999904632568
v -0.08649522399902343 0.10709571887943828 -0.00038822746276855
v -0.08799522399902343 0.10449764301273906 -0.00038822746276855
v -0.10482665634155272 0.08269194652531231 -0.00425331091880798
v -0.11456506347656249 0.06637510921452129 -0.00433012604713440
v -0.11546186065673827 0.06689287807438457 -0.00353553295135498
v -0.10538098907470701 0.08070259334538067 -0.00469846212863922
v -0.10465192031860350 0.08028166439030254 -0.00492403781414032
v -0.10367864608764647 0.08202914287540997 -0.00471504044532776
v -0.10307320404052733 0.08167959453556621 -0.00479583048820496
v -0.10390000152587889 0.07984754039738262 -0.00499999904632568
v -0.10314808273315429 0.07941342021915997 -0.00492403781414032
v -0.10241901016235351 0.07899249126408184 -0.00469846212863922
v -0.10426734542846679 0.08236903240177715 -0.00453289544582367
v -0.10839738082885741 0.07371679927799785 -0.00493069553375244
v -0.10815325927734373 0.07444267894718730 -0.00490285813808441
v -0.10826602554321288 0.07428536464665020 -0.00489897847175598
v -0.10834587860107421 0.07410904933903301 -0.00490285813808441
v -0.10839151000976562 0.07391539623234356 -0.00491393828392029
v -0.10726998901367187 0.07477687694523417 -0.00498529589176178
v -0.10746860122680663 0.07478274013493144 -0.00496871685981751
v -0.10765884017944334 0.07475128414127910 -0.00494974434375763
v -0.10783930969238280 0.07468340541813458 -0.00493069553375244
v -0.10707632064819335 0.07473124553654277 -0.00499619674682617
v -0.10690000152587889 0.07465138866398419 -0.00499999904632568
v -0.10674268341064452 0.07453861858341777 -0.00499619674682617
v -0.10660633087158201 0.07439371349308574 -0.00498529589176178
v -0.10650194549560546 0.07422464229557597 -0.00496871685981751
v -0.10643407058715819 0.07404416133854473 -0.00494974434375763
v -0.10800836563110350 0.07457902004215801 -0.00491393828392029
v -0.10640261840820311 0.07385393001530254 -0.00493069553375244
v -0.10606506347656249 0.08109754039738262 -0.00433012604713440
v -0.10173493576049804 0.07859754039738262 -0.00433012604713440
v -0.10668335342407226 0.08145451213810527 -0.00383022117614746
v -0.10067334365844725 0.08029403163883769 -0.00405331099033356
v -0.10111664962768553 0.07824057247135723 -0.00383022117614746
v -0.10819366836547850 0.07317701580021464 -0.00498529589176178
v -0.10829805374145507 0.07334608699772441 -0.00496871685981751
v -0.10836593246459959 0.07352656414005840 -0.00494974434375763
v -0.10805731582641601 0.07303211070988262 -0.00499619674682617
v -0.10840000152587889 0.07205331279728495 -0.00499999904632568
v -0.10952071762084960 0.07270036174748028 -0.00482962810993195
v -0.10990000152587889 0.06945524074528300 -0.00499999904632568
v -0.11102071762084960 0.07010228206608379 -0.00482962810993195
v -0.10790000152587889 0.07291934062931621 -0.00499999904632568
v -0.10772367858886718 0.07283948375675761 -0.00499619674682617
v -0.10753001022338866 0.07279385234806621 -0.00498529589176178
v -0.10733139801025389 0.07278798534367167 -0.00496871685981751
v -0.10696068954467772 0.07288732387516582 -0.00493069553375244
v -0.10714115905761717 0.07281944515202129 -0.00494974434375763
v -0.10645412063598632 0.07346167995426739 -0.00490285813808441
v -0.10653397369384765 0.07328536464665020 -0.00489897847175598
v -0.10664673995971678 0.07312805034611308 -0.00490285813808441
v -0.10679163360595702 0.07299170543644512 -0.00491393828392029
v -0.10640848922729491 0.07365533306095684 -0.00491393828392029
v -0.10727928161621092 0.07140626766178691 -0.00482962810993195
v -0.11240000152587890 0.06512510921452129 -0.00499999904632568
v -0.11352071762084960 0.06577215816471660 -0.00482962810993195
v -0.10539666748046873 0.06685523464176739 -0.00499999904632568
v -0.10419076156616210 0.06635573818180644 -0.00499999904632568
v -0.10289666748046873 0.06618536617252910 -0.00499999904632568
v -0.11056506347656249 0.07330331279728496 -0.00433012604713440
v -0.11206506347656249 0.07070524074528300 -0.00433012604713440
v -0.10623493576049803 0.07080331661198223 -0.00433012604713440
v -0.09856653976440428 0.06868536617252910 -0.00499999904632568
v -0.09936113357543944 0.06764982845280254 -0.00499999904632568
v -0.10039666748046874 0.06685523464176739 -0.00499999904632568
v -0.10160257339477538 0.06635573818180644 -0.00499999904632568
v -0.10721707153320312 0.08176265193913067 -0.00321393704414368
v -0.11146186065673827 0.07382108165714825 -0.00353553295135498
v -0.10018400192260742 0.08001151134464825 -0.00363379383087158
v -0.09975304031372069 0.07976269390080058 -0.00313616466522217
v -0.10058293151855467 0.07793243267033184 -0.00321393704414368
v -0.09938972854614257 0.07955293895695294 -0.00257111978530884
v -0.11296186065673827 0.07122300197575175 -0.00353553295135498
v -0.10533813858032226 0.07028554775211894 -0.00353553295135498
v -0.10658347702026366 0.08370624782536114 -0.00222470974922180
v -0.10682560348510740 0.08384604122135722 -0.00157887506484985
v -0.10698334503173827 0.08393711330387676 -0.00089910078048706
v -0.10705331039428710 0.08397750713322247 -0.00019999885559082
v -0.11615000152587890 0.06729017116520489 -0.00249999904632568
v -0.11658258056640623 0.06753992702457988 -0.00129409408569336
v -0.10765000152587889 0.08201260616276347 -0.00249999904632568
v -0.10674412155151367 0.07918019725773418 -0.00248296189308167
v -0.10684855651855467 0.07924049236271465 -0.00243301177024841
v -0.10643823623657225 0.08015829326603496 -0.00235355234146118
v -0.10693823623657225 0.07929226924870098 -0.00235355234146118
v -0.10624412155151366 0.08004622127506816 -0.00248296189308167
v -0.10613204956054687 0.07998151638004863 -0.00249999904632568
v -0.10634855651855468 0.08010651638004863 -0.00243301177024841
v -0.10663204956054687 0.07911549236271465 -0.00249999904632568
v -0.10650704956054687 0.08019802333805645 -0.00224999904632568
v -0.10700704956054687 0.07933199932072246 -0.00224999904632568
v -0.10655030822753905 0.08022299816105449 -0.00212940859794617
v -0.10705030822753905 0.07935697414372050 -0.00212940859794617
v -0.10656506347656249 0.08023151638004863 -0.00199999904632568
v -0.10706506347656249 0.07936549236271465 -0.00199999904632568
v -0.11215000152587890 0.07421837856266582 -0.00249999904632568
v -0.10810710525512694 0.07449247219059550 -0.00249999904632568
v -0.10826602554321288 0.07428536464665020 -0.00249999904632568
v -0.10836592483520506 0.07404418422672832 -0.00249999904632568
v -0.10840000152587889 0.07378536464665020 -0.00249999904632568
v -0.10660710525512694 0.07709054805729473 -0.00249999904632568
v -0.10640000152587889 0.07724946453068340 -0.00249999904632568
v -0.10615881729125975 0.07734936763737285 -0.00249999904632568
v -0.10590000152587889 0.07738344051334942 -0.00249999904632568
v -0.10564118194580077 0.07734936763737285 -0.00249999904632568
v -0.10540000152587889 0.07724946453068340 -0.00249999904632568
v -0.10519289398193359 0.07709054805729473 -0.00249999904632568
v -0.10676602554321288 0.07688344051334942 -0.00249999904632568
v -0.10503397369384765 0.07688344051334942 -0.00249999904632568
v -0.10493407440185545 0.07664226009342753 -0.00249999904632568
v -0.10490000152587889 0.07638344051334942 -0.00249999904632568
v -0.10493407440185545 0.07612462093327128 -0.00249999904632568
v -0.10503397369384765 0.07588344051334941 -0.00249999904632568
v -0.10266794967651366 0.07798151638004863 -0.00249999904632568
v -0.10255587768554686 0.07791681148502910 -0.00248296189308167
v -0.10245144271850584 0.07785651638004863 -0.00243301177024841
v -0.10316794967651366 0.07711549236271464 -0.00249999904632568
v -0.10305587768554686 0.07705078746769511 -0.00248296189308167
v -0.10295144271850584 0.07699049236271464 -0.00243301177024841
v -0.10236176300048827 0.07780473949406230 -0.00235355234146118
v -0.10286176300048827 0.07693871547672831 -0.00235355234146118
v -0.10229294967651366 0.07776500942204082 -0.00224999904632568
v -0.10279294967651366 0.07689898540470684 -0.00224999904632568
v -0.10765881729125976 0.07475129177067363 -0.00249999904632568
v -0.10790000152587889 0.07465138866398419 -0.00249999904632568
v -0.10740000152587889 0.07478536464665020 -0.00249999904632568
v -0.10714118194580077 0.07475129177067363 -0.00249999904632568
v -0.10690000152587889 0.07465138866398419 -0.00249999904632568
v -0.10669289398193359 0.07449247219059550 -0.00249999904632568
v -0.10653397369384765 0.07428536464665020 -0.00249999904632568
v -0.10643407440185546 0.07404418422672832 -0.00249999904632568
v -0.10640000152587889 0.07378536464665020 -0.00249999904632568
v -0.10224969100952147 0.07774003459904277 -0.00212940859794617
v -0.10274969100952147 0.07687401058170878 -0.00212940859794617
v -0.10223493576049804 0.07773151638004863 -0.00199999904632568
v -0.10273493576049804 0.07686549236271464 -0.00199999904632568
v -0.10796898651123046 0.08219677211735332 -0.00171009969711304
v -0.10307320404052733 0.08167959453556621 -0.00148911523818970
v -0.10307897567749022 0.08168292476627910 -0.00143488264083862
v -0.10339480590820312 0.08186527111027324 -0.00138961124420166
v -0.10336632537841796 0.08184882595036114 -0.00134597635269165
v -0.10332995223999022 0.08182782604191387 -0.00131232500076294
v -0.10328809356689451 0.08180365993473614 -0.00129088783264160
v -0.10324353027343748 0.08177792980167949 -0.00128308677673340
v -0.10309590530395507 0.08169269802067364 -0.00138473844528198
v -0.10312287139892577 0.08170826961491191 -0.00134200763702393
v -0.10315808868408202 0.08172859813664043 -0.00130952310562134
v -0.10319921493530272 0.08175234462711894 -0.00128943872451782
v -0.11258258056640624 0.07446812679264629 -0.00129409408569336
v -0.10015000152587890 0.07768247844669902 -0.00249999904632568
v -0.09983101272583006 0.07749831249210919 -0.00171009969711304
v -0.11365000152587890 0.07162030269596660 -0.00249999904632568
v -0.11034855651855467 0.07317831279728496 -0.00243301177024841
v -0.11024412155151365 0.07311801769230450 -0.00248296189308167
v -0.11013204956054687 0.07305331279728496 -0.00249999904632568
v -0.11043823623657226 0.07323008968327128 -0.00235355234146118
v -0.10836592483520506 0.07352654506657207 -0.00249999904632568
v -0.10826602554321288 0.07328536464665020 -0.00249999904632568
v -0.10810710525512694 0.07307825710270488 -0.00249999904632568
v -0.10976602554321288 0.07168728877995098 -0.00249999904632568
v -0.10926602554321288 0.07255331279728496 -0.00249999904632568
v -0.11050704956054687 0.07326981975529277 -0.00224999904632568
v -0.11163204956054687 0.07045524074528300 -0.00249999904632568
v -0.11174412155151366 0.07051994564030253 -0.00248296189308167
v -0.11184855651855467 0.07058024074528300 -0.00243301177024841
v -0.11193823623657226 0.07063201381657207 -0.00235355234146118
v -0.11200704956054686 0.07067174007389629 -0.00224999904632568
v -0.10986592483520506 0.07144610836002910 -0.00249999904632568
v -0.10990000152587889 0.07118728877995098 -0.00249999904632568
v -0.10986592483520506 0.07092846919987285 -0.00249999904632568
v -0.10976602554321288 0.07068728877995098 -0.00249999904632568
v -0.10960710525512694 0.07048018123600566 -0.00249999904632568
v -0.10803397369384764 0.07068728877995098 -0.00249999904632568
v -0.10819289398193359 0.07048018123600566 -0.00249999904632568
v -0.10940000152587889 0.07032126094791973 -0.00249999904632568
v -0.10915881729125976 0.07022136165592754 -0.00249999904632568
v -0.10890000152587889 0.07018728877995098 -0.00249999904632568
v -0.10864118194580077 0.07022136165592754 -0.00249999904632568
v -0.10840000152587889 0.07032126094791973 -0.00249999904632568
v -0.11055030822753906 0.07329479457829081 -0.00212940859794617
v -0.11056506347656249 0.07330331279728496 -0.00199999904632568
v -0.11205030822753904 0.07069671871159160 -0.00212940859794617
v -0.11206506347656249 0.07070524074528300 -0.00199999904632568
v -0.10643407440185546 0.07352654506657207 -0.00249999904632568
v -0.10653397369384765 0.07328536464665020 -0.00249999904632568
v -0.10790000152587889 0.07291934062931621 -0.00249999904632568
v -0.10765881729125976 0.07281943752262676 -0.00249999904632568
v -0.10740000152587889 0.07278536464665020 -0.00249999904632568
v -0.10690000152587889 0.07291934062931621 -0.00249999904632568
v -0.10669289398193359 0.07307825710270488 -0.00249999904632568
v -0.10714118194580077 0.07281943752262676 -0.00249999904632568
v -0.10753397369384765 0.07155331661198222 -0.00249999904632568
v -0.10666794967651366 0.07105331661198222 -0.00249999904632568
v -0.10655587768554686 0.07098861171696269 -0.00248296189308167
v -0.10645144271850585 0.07092831661198222 -0.00243301177024841
v -0.10636176300048827 0.07087653591129864 -0.00235355234146118
v -0.10629294967651366 0.07083680965397442 -0.00224999904632568
v -0.10465000152587889 0.06988824703190410 -0.00249999904632568
v -0.10624969100952147 0.07081183101627911 -0.00212940859794617
v -0.10623493576049803 0.07080331661198223 -0.00199999904632568
v -0.10816794967651366 0.06845524074528300 -0.00249999904632568
v -0.10805587768554686 0.06839053585026347 -0.00248296189308167
v -0.10795144271850585 0.06833024074528300 -0.00243301177024841
v -0.10786176300048828 0.06827846004459942 -0.00235355234146118
v -0.10779294967651366 0.06823873378727520 -0.00224999904632568
v -0.10774969100952148 0.06821375514957988 -0.00212940859794617
v -0.10773493576049803 0.06820524074528300 -0.00199999904632568
v -0.11408258056640624 0.07187005092594707 -0.00129409408569336
v -0.10421741867065429 0.06963849880192363 -0.00129409408569336
v -0.10816434097290038 0.08230956127140605 -0.00086823987960815
v -0.10210519409179686 0.08112071086857403 -0.00118961143493652
v -0.10212368011474608 0.08113138439152325 -0.00113931274414062
v -0.10213072967529295 0.08113545467350566 -0.00108611202239990
v -0.10212588119506835 0.08113265468571269 -0.00103353691101074
v -0.10210945129394530 0.08112316753361308 -0.00098507356643677
v -0.10208252716064452 0.08110762645695294 -0.00094393444061279
v -0.10204690170288085 0.08108705760929669 -0.00091284799575806
v -0.10186976623535154 0.08098478557560528 -0.00091776227951050
v -0.10200492858886717 0.08106282283756816 -0.00089387559890747
v -0.10191332626342772 0.08100993587467754 -0.00089641666412354
v -0.10195940017700195 0.08103653575871074 -0.00088827466964722
v -0.10390000152587889 0.07984754039738262 -0.00074270486831665
v -0.10422159957885740 0.08003321697208965 -0.00064320135116577
v -0.10390576934814452 0.07985087444279278 -0.00068847227096558
v -0.10392269897460936 0.07986064769718730 -0.00063832807540894
v -0.10357839965820312 0.07966186763737285 -0.00064320135116577
v -0.10410343933105468 0.08227439739201152 -0.00057135200500488
v -0.10406565093994140 0.08225258113834942 -0.00053846502304077
v -0.10403650665283203 0.08223575450871075 -0.00049646282196045
v -0.10401794052124022 0.08222503902409160 -0.00044813108444214
v -0.10401118469238280 0.08222113658878887 -0.00039667367935181
v -0.10401668930053709 0.08222431423161114 -0.00034550333023071
v -0.10419311904907225 0.08001677562687480 -0.00059956645965576
v -0.10415674591064451 0.07999577571842754 -0.00056591463088989
v -0.10394966888427733 0.07987621929142559 -0.00059559726715088
v -0.10398488235473631 0.07989654781315410 -0.00056311273574829
v -0.10359688568115233 0.07967253734562481 -0.00059290266036987
v -0.10411488723754882 0.07997160961124980 -0.00054447746276855
v -0.10402600860595702 0.07992029430363262 -0.00054302883148193
v -0.10407032394409178 0.07994587947819316 -0.00053667640686035
v -0.10360393524169921 0.07967661144230449 -0.00053970193862915
v -0.10359908676147460 0.07967380763981426 -0.00048712682723999
v -0.10358265304565428 0.07966432430241191 -0.00043866300582886
v -0.10355573272705076 0.07964877941105450 -0.00039752435684204
v -0.10445703124999998 0.08016914226505840 -0.00037135171890259
v -0.10441923904418944 0.08014732601139629 -0.00033846473693848
v -0.10334297180175780 0.07952594234440410 -0.00037135171890259
v -0.10352010726928709 0.07962821056339825 -0.00036643791198730
v -0.10347813415527342 0.07960397960636699 -0.00034746503829956
v -0.10343260192871093 0.07957769252750957 -0.00034186458587646
v -0.10338653182983397 0.07955108882877911 -0.00035000658035278
v -0.10403408050537108 0.08223435451481426 -0.00029801225662231
v -0.10406221389770506 0.08225059749577129 -0.00025734949111938
v -0.10409922027587890 0.08227196361515605 -0.00022621154785156
v -0.10418961334228515 0.08232415248844707 -0.00019999885559082
v -0.10414264678955076 0.08229703380558574 -0.00020666265487671
v -0.10439009857177733 0.08013049938175762 -0.00029646301269531
v -0.10437153244018553 0.08011978008244121 -0.00024813079833984
v -0.10436477661132812 0.08011588146183574 -0.00019667387008667
v -0.10437027740478515 0.08011905528996074 -0.00014550352096558
v -0.10438767242431639 0.08012909938786113 -0.00009801244735718
v -0.10441580200195311 0.08014534236881816 -0.00005734968185425
v -0.10445280838012694 0.08016670848820293 -0.00002621173858643
v -0.10449623489379882 0.08019177867863261 -0.00000666236877441
v -0.09963565826416014 0.07738552333805644 -0.00086823987960815
v -0.08241703796386718 0.09958605434391582 -0.00499999904632568
v -0.08241703796386718 0.09699786617252910 -0.00499999904632568
v -0.08291654205322264 0.09579196025822247 -0.00499999904632568
v -0.08224666595458983 0.09829196025822245 -0.00499999904632568
v -0.07678052520751952 0.09468395473454082 -0.00499999904632568
v -0.07629816436767577 0.09488375713322246 -0.00499999904632568
v -0.07719473266601561 0.09436611797306621 -0.00499999904632568
v -0.07751257324218749 0.09395190669987286 -0.00499999904632568
v -0.07578052520751952 0.09495190669987286 -0.00499999904632568
v -0.07249999999999998 0.09495190669987286 -0.00499999904632568
v -0.07198236083984373 0.09488375713322246 -0.00499999904632568
v -0.07149999999999999 0.09468395473454082 -0.00499999904632568
v -0.07108578491210936 0.09436611797306621 -0.00499999904632568
v -0.07076795196533202 0.09395190669987286 -0.00499999904632568
v -0.07056814575195311 0.09346954204533184 -0.00499999904632568
v -0.07049999999999999 0.09295190669987285 -0.00499999904632568
v -0.06749999999999999 0.09495190669987286 -0.00499999904632568
v -0.07049999999999999 0.08183393718693339 -0.00499999904632568
v -0.07053038787841795 0.08148663951847637 -0.00499999904632568
v -0.07062061309814452 0.08114989711735332 -0.00499999904632568
v -0.07076795196533202 0.08083393718693339 -0.00499999904632568
v -0.07301763916015623 0.06976578762028300 -0.00499999904632568
v -0.07349999999999998 0.06956598903629864 -0.00499999904632568
v -0.07249999999999998 0.06983394100163066 -0.00499999904632568
v -0.07198236083984373 0.06976578762028300 -0.00499999904632568
v -0.07149999999999999 0.06956598903629864 -0.00499999904632568
v -0.07391421508789062 0.06924814846012675 -0.00499999904632568
v -0.07423204803466796 0.06883394100163066 -0.00499999904632568
v -0.07108578491210936 0.06924814846012675 -0.00499999904632568
v -0.07076795196533202 0.06883394100163066 -0.00499999904632568
v -0.07056814575195311 0.06835157253239238 -0.00499999904632568
v -0.07049999999999999 0.06783394100163066 -0.00499999904632568
v -0.09208012771606444 0.11032016231510723 0.00000000095367432
v -0.09358012771606444 0.10772208644840801 0.00000000095367432
v -0.08904903793334960 0.10857016231510723 0.00000000095367432
v -0.09054903793334959 0.10597208644840801 0.00000000095367432
v -0.08900477600097655 0.10854460765812481 0.00038822937011719
v -0.09050477600097655 0.10594653179142559 0.00038822937011719
v -0.08887499999999998 0.10846968128178203 0.00075000095367432
v -0.09037499999999998 0.10587160541508281 0.00075000095367432
v -0.09016856002807616 0.10575241710636700 0.00106066131591797
v -0.09193258285522460 0.11023497821781719 0.00129409599304199
v -0.09343258285522460 0.10763690044376933 0.00129409599304199
v -0.08989952087402342 0.10559708644840801 0.00129903888702393
v -0.08958621597290038 0.10541620113346660 0.00144888973236084
v -0.08891378402709960 0.10502797176334941 0.00144888973236084
v -0.08924999999999998 0.10522208644840801 0.00150000095367432
v -0.09149999999999998 0.10998522617313945 0.00250000095367432
v -0.09081186294555663 0.10958792926762187 0.00353553485870361
v -0.09299999999999999 0.10738715030644023 0.00250000095367432
v -0.09231186294555663 0.10698985340092265 0.00353553485870361
v -0.08991506195068358 0.10907016231510723 0.00433012771606445
v -0.09141506195068358 0.10647208644840801 0.00433012771606445
v -0.08887071990966795 0.10846721126530254 0.00482962989807129
v -0.09037071990966795 0.10586913349125469 0.00482962989807129
v -0.08924999999999998 0.10522208644840801 0.00500000095367432
v -0.04649999999999999 0.13490381063911996 0.00000000095367432
v -0.04949999999999999 0.13140381051991068 0.00000000095367432
v -0.04649999999999999 0.13140381051991068 0.00000000095367432
v -0.04949999999999999 0.13135269929859719 0.00038822937011719
v -0.04649999999999999 0.13135269929859719 0.00038822937011719
v -0.04349999999999999 0.13490381063911996 0.00000000095367432
v -0.04349999999999999 0.13140381051991068 0.00000000095367432
v -0.04300099945068358 0.13140381051991068 0.00000000095367432
v -0.04349999999999999 0.13135269929859719 0.00038822937011719
v -0.04300099945068358 0.13135269929859719 0.00038822937011719
v -0.04949999999999999 0.12840381051991068 0.00000000095367432
v -0.04649999999999999 0.12840381051991068 0.00000000095367432
v -0.04949999999999999 0.12845492174122417 0.00038822937011719
v -0.04649999999999999 0.12845492174122417 0.00038822937011719
v -0.04349999999999999 0.12840381051991068 0.00000000095367432
v -0.04300099945068358 0.12840381051991068 0.00000000095367432
v -0.04349999999999999 0.12845492174122417 0.00038822937011719
v -0.04300099945068358 0.12845492174122417 0.00038822937011719
v -0.04949999999999999 0.13120284893009745 0.00075000095367432
v -0.04649999999999999 0.13120284893009745 0.00075000095367432
v -0.04949999999999999 0.13096447088215432 0.00106066131591797
v -0.04649999999999999 0.13096447088215432 0.00106066131591797
v -0.04349999999999999 0.13120284893009745 0.00075000095367432
v -0.04300099945068358 0.13120284893009745 0.00075000095367432
v -0.04349999999999999 0.13096447088215432 0.00106066131591797
v -0.04300099945068358 0.13096447088215432 0.00106066131591797
v -0.04949999999999999 0.12860477258656108 0.00075000095367432
v -0.04649999999999999 0.12860477258656108 0.00075000095367432
v -0.04949999999999999 0.12884315063450419 0.00106066131591797
v -0.04649999999999999 0.12884315063450419 0.00106066131591797
v -0.04349999999999999 0.12860477258656108 0.00075000095367432
v -0.04300099945068358 0.12860477258656108 0.00075000095367432
v -0.04349999999999999 0.12884315063450419 0.00106066131591797
v -0.04300099945068358 0.12884315063450419 0.00106066131591797
v -0.04949999999999999 0.12490381099674784 0.00000000095367432
v -0.04649999999999999 0.12490381099674784 0.00000000095367432
v -0.04949999999999999 0.12040381099674784 0.00000000095367432
v -0.04649999999999999 0.12040381099674784 0.00000000095367432
v -0.04949999999999999 0.12035269977543436 0.00038822937011719
v -0.04649999999999999 0.12035269977543436 0.00038822937011719
v -0.04949999999999999 0.11745492221806131 0.00038822937011719
v -0.04649999999999999 0.11745492221806131 0.00038822937011719
v -0.04349999999999999 0.12040381099674784 0.00000000095367432
v -0.04300099945068358 0.12040381099674784 0.00000000095367432
v -0.04349999999999999 0.12035269977543436 0.00038822937011719
v -0.04300099945068358 0.12035269977543436 0.00038822937011719
v -0.04349999999999999 0.11745492221806131 0.00038822937011719
v -0.04300099945068358 0.11745492221806131 0.00038822937011719
v -0.04949999999999999 0.12020284893009744 0.00075000095367432
v -0.04649999999999999 0.12020284893009744 0.00075000095367432
v -0.04949999999999999 0.11760477306339823 0.00075000095367432
v -0.04649999999999999 0.11760477306339823 0.00075000095367432
v -0.04949999999999999 0.11996447040531717 0.00106066131591797
v -0.04649999999999999 0.11996447040531717 0.00106066131591797
v -0.04949999999999999 0.11784314968082987 0.00106066131591797
v -0.04649999999999999 0.11784314968082987 0.00106066131591797
v -0.04349999999999999 0.12020284893009744 0.00075000095367432
v -0.04300099945068358 0.12020284893009744 0.00075000095367432
v -0.04349999999999999 0.11760477306339823 0.00075000095367432
v -0.04300099945068358 0.11760477306339823 0.00075000095367432
v -0.04349999999999999 0.11996447040531717 0.00106066131591797
v -0.04300099945068358 0.11996447040531717 0.00106066131591797
v -0.04349999999999999 0.11784314968082987 0.00106066131591797
v -0.04300099945068358 0.11784314968082987 0.00106066131591797
v -0.04649999999999999 0.13473343970272622 0.00129409599304199
v -0.04949999999999999 0.13065381051991068 0.00129903888702393
v -0.04649999999999999 0.13065381051991068 0.00129903888702393
v -0.04349999999999999 0.13473343970272622 0.00129409599304199
v -0.04349999999999999 0.13065381051991068 0.00129903888702393
v -0.04300099945068358 0.13065381051991068 0.00129903888702393
v -0.04949999999999999 0.12915381051991068 0.00129903888702393
v -0.04949999999999999 0.13029203941319070 0.00144888973236084
v -0.04949999999999999 0.12951558210346781 0.00144888973236084
v -0.04949999999999999 0.12990381051991068 0.00150000095367432
v -0.04649999999999999 0.12915381051991068 0.00129903888702393
v -0.04649999999999999 0.13029203941319070 0.00144888973236084
v -0.04649999999999999 0.12951558210346781 0.00144888973236084
v -0.04649999999999999 0.12990381051991068 0.00150000095367432
v -0.04349999999999999 0.12915381051991068 0.00129903888702393
v -0.04300099945068358 0.12915381051991068 0.00129903888702393
v -0.04349999999999999 0.13029203941319070 0.00144888973236084
v -0.04300099945068358 0.13029203941319070 0.00144888973236084
v -0.04349999999999999 0.12951558210346781 0.00144888973236084
v -0.04300099945068358 0.12951558210346781 0.00144888973236084
v -0.04349999999999999 0.12990381051991068 0.00150000095367432
v -0.04300099945068358 0.12990381051991068 0.00150000095367432
v -0.04949999999999999 0.12473343994114482 0.00129409599304199
v -0.04649999999999999 0.12473343994114482 0.00129409599304199
v -0.04949999999999999 0.11965381099674784 0.00129903888702393
v -0.04649999999999999 0.11965381099674784 0.00129903888702393
v -0.04949999999999999 0.11815381099674784 0.00129903888702393
v -0.04949999999999999 0.11929203845951640 0.00144888973236084
v -0.04949999999999999 0.11851558162663064 0.00144888973236084
v -0.04949999999999999 0.11890381099674784 0.00150000095367432
v -0.04649999999999999 0.11815381099674784 0.00129903888702393
v -0.04649999999999999 0.11929203845951640 0.00144888973236084
v -0.04649999999999999 0.11851558162663064 0.00144888973236084
v -0.04649999999999999 0.11890381099674784 0.00150000095367432
v -0.04349999999999999 0.11965381099674784 0.00129903888702393
v -0.04300099945068358 0.11965381099674784 0.00129903888702393
v -0.04349999999999999 0.11815381099674784 0.00129903888702393
v -0.04300099945068358 0.11815381099674784 0.00129903888702393
v -0.04349999999999999 0.11929203845951640 0.00144888973236084
v -0.04300099945068358 0.11929203845951640 0.00144888973236084
v -0.04349999999999999 0.11851558162663064 0.00144888973236084
v -0.04300099945068358 0.11851558162663064 0.00144888973236084
v -0.04349999999999999 0.11890381099674784 0.00150000095367432
v -0.04300099945068358 0.11890381099674784 0.00150000095367432
v -0.08645096206665037 0.10707016231510723 0.00000000095367432
v -0.08795096206665037 0.10447208644840801 0.00000000095367432
v -0.08649522399902343 0.10709571887943828 0.00038822937011719
v -0.08799522399902343 0.10449764301273906 0.00038822937011719
v -0.08662499999999999 0.10717064334843242 0.00075000095367432
v -0.08812499999999998 0.10457256748173320 0.00075000095367432
v -0.08866856002807616 0.10835049297306622 0.00106066131591797
v -0.08683143997192382 0.10728983356449688 0.00106066131591797
v -0.08833143997192382 0.10469175579044902 0.00106066131591797
v -0.08839952087402342 0.10819516231510723 0.00129903888702393
v -0.08710047912597654 0.10744516231510723 0.00129903888702393
v -0.08808621597290038 0.10801427700016582 0.00144888973236084
v -0.08741378402709959 0.10762604763004864 0.00144888973236084
v -0.08774999999999998 0.10782016231510723 0.00150000095367432
v -0.08860047912597654 0.10484708644840801 0.00129903888702393
v -0.04949999999999999 0.11740381099674783 0.00000000095367432
v -0.04649999999999999 0.11740381099674783 0.00000000095367432
v -0.04349999999999999 0.11740381099674783 0.00000000095367432
v -0.04300099945068358 0.11740381099674783 0.00000000095367432
v -0.04649999999999999 0.13423393763992869 0.00250000095367432
v -0.04349999999999999 0.13423393763992869 0.00250000095367432
v -0.04649999999999999 0.13343934442493999 0.00353553485870361
v -0.04349999999999999 0.13343934442493999 0.00353553485870361
v -0.04949999999999999 0.12423393775913798 0.00250000095367432
v -0.04649999999999999 0.12423393775913798 0.00250000095367432
v -0.04949999999999999 0.12343934490177713 0.00353553485870361
v -0.04649999999999999 0.12343934490177713 0.00353553485870361
v -0.04649999999999999 0.13240381051991068 0.00433012771606445
v -0.04349999999999999 0.13240381051991068 0.00433012771606445
v -0.04649999999999999 0.13119790603611550 0.00482962989807129
v -0.04349999999999999 0.13119790603611550 0.00482962989807129
v -0.04649999999999999 0.12990381051991068 0.00500000095367432
v -0.04349999999999999 0.12990381051991068 0.00500000095367432
v -0.04949999999999999 0.12240381099674784 0.00433012771606445
v -0.04649999999999999 0.12240381099674784 0.00433012771606445
v -0.04949999999999999 0.12119790603611552 0.00482962989807129
v -0.04949999999999999 0.11990381099674784 0.00500000095367432
v -0.04649999999999999 0.12119790603611552 0.00482962989807129
v -0.04649999999999999 0.11990381099674784 0.00500000095367432
v -0.08774999999999998 0.10782016231510723 0.00500000095367432
v -0.08645096206665037 0.10707016231510723 0.00500000095367432
v -0.07617121887207030 0.10687538196537578 0.00500000095367432
v -0.07657958984374999 0.10655705120060527 0.00500000095367432
v -0.07689255523681639 0.10614455463383281 0.00500000095367432
v -0.07708914184570312 0.10566553928349101 0.00500000095367432
v -0.07715616607666015 0.10515211154911602 0.00500000095367432
v -0.08474666595458984 0.10262208797428692 0.00500000095367432
v -0.08371113586425780 0.10182749416325176 0.00500000095367432
v -0.08291654205322264 0.10079196025822246 0.00500000095367432
v -0.07715616607666015 0.10370381023380840 0.00500000095367432
v -0.07708802032470702 0.10318617107365215 0.00500000095367432
v -0.07688822174072264 0.10270381023380840 0.00500000095367432
v -0.07657038116455077 0.10228959514591777 0.00500000095367432
v -0.07615616607666015 0.10197175838444317 0.00500000095367432
v -0.07569481658935545 0.10707820941898906 0.00500000095367432
v -0.07567380523681640 0.10177195980045879 0.00500000095367432
v -0.07515616607666015 0.10170381023380839 0.00500000095367432
v -0.05203865051269530 0.11369385578129373 0.00500000095367432
v -0.05158448791503905 0.11376597263310038 0.00500000095367432
v -0.05112585449218748 0.11373244907353007 0.00500000095367432
v -0.05068700408935545 0.11359506084415995 0.00500000095367432
v -0.04949999999999999 0.11740381099674783 0.00500000095367432
v -0.05029113769531249 0.11336107112858378 0.00500000095367432
v -0.04995917510986327 0.11304284717533671 0.00500000095367432
v -0.04970867156982420 0.11265721561405741 0.00500000095367432
v -0.04955286407470702 0.11222456027958476 0.00500000095367432
v -0.04949999999999999 0.11176775791142068 0.00500000095367432
v -0.05149999999999999 0.10170381023380838 0.00500000095367432
v -0.05049999999999999 0.10197175838444315 0.00500000095367432
v -0.05098236083984373 0.10177195980045878 0.00500000095367432
v -0.04949999999999999 0.10370381023380838 0.00500000095367432
v -0.04956814575195311 0.10318617107365213 0.00500000095367432
v -0.04976795196533202 0.10270381023380838 0.00500000095367432
v -0.05008578491210936 0.10228959514591776 0.00500000095367432
v -0.04349999999999999 0.10170381023380838 0.00500000095367432
v -0.11673012542724608 0.06762510921452129 0.00000000095367432
v -0.11658258056640623 0.06753992702457988 0.00129409599304199
v -0.10823012542724608 0.08234754039738262 0.00000000095367432
v -0.10165735626220702 0.08086215068790996 0.00020666456222534
v -0.10170077896118163 0.08088722469303691 0.00022621345520020
v -0.10173778533935546 0.08090858699772442 0.00025735187530518
v -0.10176591873168944 0.08092482997868145 0.00029801416397095
v -0.10454320144653319 0.08021889354679668 0.00000000095367432
v -0.10330376434326170 0.07950330593082988 0.00000666475296021
v -0.10325679779052734 0.07947619106266582 0.00000000095367432
v -0.10334719085693359 0.07952837612125957 0.00002621364593506
v -0.10338419723510740 0.07954974224064433 0.00005735158920288
v -0.10341233062744139 0.07956598522160137 0.00009801435470581
v -0.10342972183227538 0.07957602931950176 0.00014550542831421
v -0.10343522262573240 0.07957920314762676 0.00019667577743530
v -0.10342846679687499 0.07957530452702129 0.00024813318252563
v -0.10340990447998046 0.07956458522770489 0.00029646492004395
v -0.10178331375122070 0.08093487407658184 0.00034550523757935
v -0.10178881454467772 0.08093804790470684 0.00039667606353760
v -0.10178205871582030 0.08093414928410136 0.00044813299179077
v -0.10176349258422851 0.08092342998478497 0.00049646472930908
v -0.10173434829711912 0.08090660335514629 0.00053846693038940
v -0.10169655990600585 0.08088478710148418 0.00057135391235352
v -0.10436739730834960 0.08011739208195293 0.00034186649322510
v -0.10441347122192382 0.08014399578068340 0.00035000848770142
v -0.10432186508178709 0.08009110500309551 0.00034746742248535
v -0.10445703124999998 0.08016914226505840 0.00037135410308838
v -0.10427989578247070 0.08006687404606426 0.00036643981933594
v -0.10338076019287108 0.07954775859806622 0.00033846664428711
v -0.10334297180175780 0.07952594234440410 0.00037135410308838
v -0.10424426651000976 0.08004630519840801 0.00039752626419067
v -0.10421734619140624 0.08003076030705059 0.00043866539001465
v -0.10420091629028319 0.08002127696964824 0.00048712873458862
v -0.10419606399536131 0.08001847316715800 0.00053970384597778
v -0.10372967529296874 0.07974920513126933 0.00053667831420898
v -0.10377399063110350 0.07977479030582989 0.00054303073883057
v -0.10368511199951171 0.07972347499821270 0.00054447937011719
v -0.10420311355590819 0.08002254726383770 0.00059290456771851
v -0.10381511688232421 0.07979853679630840 0.00056311464309692
v -0.10385033416748046 0.07981886531803692 0.00059559917449951
v -0.10364325332641601 0.07969930889103496 0.00056591653823853
v -0.10360688018798826 0.07967830898258770 0.00059956836700439
v -0.11273012542724609 0.07455331279728496 0.00000000095367432
v -0.10816434097290038 0.08230956127140605 0.00086824178695679
v -0.10384060287475584 0.08212264873478496 0.00088827657699585
v -0.10388667297363280 0.08214924861881817 0.00089641857147217
v -0.10379507064819335 0.08209636165592754 0.00089387750625610
v -0.10393023300170898 0.08217439891789043 0.00091776418685913
v -0.10375309753417968 0.08207213069889630 0.00091284990310669
v -0.10422159957885740 0.08003321697208965 0.00064320325851440
v -0.10387730026245116 0.07983443691227519 0.00063833045959473
v -0.10389422988891600 0.07984421016666973 0.00068847417831421
v -0.10357839965820312 0.07966186763737285 0.00064320325851440
v -0.10390000152587889 0.07984754039738262 0.00074270677566528
v -0.10371747207641600 0.08205156185124005 0.00094393634796143
v -0.10369055175781249 0.08203601695988262 0.00098507547378540
v -0.10367411804199217 0.08202652980778301 0.00103353929519653
v -0.10366926956176757 0.08202372981999004 0.00108611440658569
v -0.10367631912231444 0.08202780010197246 0.00113931465148926
v -0.10369480514526366 0.08203847362492168 0.00118961334228516
v -0.10161038589477538 0.08083503581974590 0.00020000076293945
v -0.09874668884277342 0.07918167736027325 0.00020000076293945
v -0.09956987380981444 0.07734754039738262 0.00000000095367432
v -0.09881665420532225 0.07922207118961895 0.00089910268783569
v -0.09963565826416014 0.07738552333805644 0.00086824178695679
v -0.11423012542724609 0.07195523693058574 0.00000000095367432
v -0.10406987380981444 0.06955331661198223 0.00000000095367432
v -0.10255646896362304 0.08138125469181622 0.00128308868408203
v -0.10251190567016601 0.08135552837345683 0.00129088973999023
v -0.10260078430175780 0.08140683986637676 0.00128944063186646
v -0.10264191436767577 0.08143058635685528 0.00130952501296997
v -0.10267712783813475 0.08145091869328105 0.00134200954437256
v -0.10270409393310545 0.08146648647282208 0.00138474035263062
v -0.10247005081176756 0.08133136226627910 0.00131232690811157
v -0.10243367385864256 0.08131035854313456 0.00134597826004028
v -0.10240519332885741 0.08129391719791973 0.00138961315155029
v -0.10272102355957030 0.08147625972721660 0.00143488454818726
v -0.10272679519653319 0.08147959377262676 0.00148911714553833
v -0.10796898651123046 0.08219677211735332 0.00171010160446167
v -0.11258258056640624 0.07446812679264629 0.00129409599304199
v -0.10656506347656249 0.08023151638004863 0.00200000095367432
v -0.10706506347656249 0.07936549236271465 0.00200000095367432
v -0.10655030822753905 0.08022299816105449 0.00212941074371338
v -0.10705030822753905 0.07935697414372050 0.00212941074371338
v -0.10650704956054687 0.08019802333805645 0.00225000095367432
v -0.10700704956054687 0.07933199932072246 0.00225000095367432
v -0.10643823623657225 0.08015829326603496 0.00235355472564697
v -0.10693823623657225 0.07929226924870098 0.00235355472564697
v -0.10684855651855467 0.07924049236271465 0.00243301391601563
v -0.10674412155151367 0.07918019725773418 0.00248296356201172
v -0.10634855651855468 0.08010651638004863 0.00243301391601563
v -0.10624412155151366 0.08004622127506816 0.00248296356201172
v -0.10223493576049804 0.07773151638004863 0.00200000095367432
v -0.10273493576049804 0.07686549236271464 0.00200000095367432
v -0.10224969100952147 0.07774003459904277 0.00212941074371338
v -0.10274969100952147 0.07687401058170878 0.00212941074371338
v -0.10229294967651366 0.07776500942204082 0.00225000095367432
v -0.10279294967651366 0.07689898540470684 0.00225000095367432
v -0.10236176300048827 0.07780473949406230 0.00235355472564697
v -0.10245144271850584 0.07785651638004863 0.00243301391601563
v -0.10255587768554686 0.07791681148502910 0.00248296356201172
v -0.10295144271850584 0.07699049236271464 0.00243301391601563
v -0.10305587768554686 0.07705078746769511 0.00248296356201172
v -0.10286176300048827 0.07693871547672831 0.00235355472564697
v -0.09897439575195312 0.07931314327213848 0.00157887697219849
v -0.09983101272583006 0.07749831249210919 0.00171010160446167
v -0.09921652221679686 0.07945293666813458 0.00222471141815186
v -0.11408258056640624 0.07187005092594707 0.00129409599304199
v -0.10421741867065429 0.06963849880192363 0.00129409599304199
v -0.11056506347656249 0.07330331279728496 0.00200000095367432
v -0.11055030822753906 0.07329479457829081 0.00212941074371338
v -0.11206506347656249 0.07070524074528300 0.00200000095367432
v -0.11205030822753904 0.07069671871159160 0.00212941074371338
v -0.11050704956054687 0.07326981975529277 0.00225000095367432
v -0.11043823623657226 0.07323008968327128 0.00235355472564697
v -0.11034855651855467 0.07317831279728496 0.00243301391601563
v -0.11024412155151365 0.07311801769230450 0.00248296356201172
v -0.11200704956054686 0.07067174007389629 0.00225000095367432
v -0.11193823623657226 0.07063201381657207 0.00235355472564697
v -0.11184855651855467 0.07058024074528300 0.00243301391601563
v -0.11174412155151366 0.07051994564030253 0.00248296356201172
v -0.10623493576049803 0.07080331661198223 0.00200000095367432
v -0.10624969100952147 0.07081183101627911 0.00212941074371338
v -0.10629294967651366 0.07083680965397442 0.00225000095367432
v -0.10655587768554686 0.07098861171696269 0.00248296356201172
v -0.10645144271850585 0.07092831661198222 0.00243301391601563
v -0.10636176300048827 0.07087653591129864 0.00235355472564697
v -0.10805587768554686 0.06839053585026347 0.00248296356201172
v -0.10773493576049803 0.06820524074528300 0.00200000095367432
v -0.10774969100952148 0.06821375514957988 0.00212941074371338
v -0.10779294967651366 0.06823873378727520 0.00225000095367432
v -0.10786176300048828 0.06827846004459942 0.00235355472564697
v -0.10795144271850585 0.06833024074528300 0.00243301391601563
v -0.10641027069091796 0.08360624935124004 0.00257112216949463
v -0.10604695892333983 0.08339649059269512 0.00313616657257080
v -0.10561599731445312 0.08314767696354473 0.00363379573822021
v -0.10512665557861327 0.08286515285465801 0.00405331325531006
v -0.11615000152587890 0.06729017116520489 0.00250000095367432
v -0.11546186065673827 0.06689287807438457 0.00353553485870361
v -0.11456506347656249 0.06637510921452129 0.00433012771606445
v -0.10765000152587889 0.08201260616276347 0.00250000095367432
v -0.10613204956054687 0.07998151638004863 0.00250000095367432
v -0.10663204956054687 0.07911549236271465 0.00250000095367432
v -0.11215000152587890 0.07421837856266582 0.00250000095367432
v -0.10810710525512694 0.07449247219059550 0.00250000095367432
v -0.10826602554321288 0.07428536464665020 0.00250000095367432
v -0.10836592483520506 0.07404418422672832 0.00250000095367432
v -0.10840000152587889 0.07378536464665020 0.00250000095367432
v -0.10660710525512694 0.07709054805729473 0.00250000095367432
v -0.10640000152587889 0.07724946453068340 0.00250000095367432
v -0.10615881729125975 0.07734936763737285 0.00250000095367432
v -0.10590000152587889 0.07738344051334942 0.00250000095367432
v -0.10564118194580077 0.07734936763737285 0.00250000095367432
v -0.10540000152587889 0.07724946453068340 0.00250000095367432
v -0.10519289398193359 0.07709054805729473 0.00250000095367432
v -0.10676602554321288 0.07688344051334942 0.00250000095367432
v -0.10503397369384765 0.07688344051334942 0.00250000095367432
v -0.10493407440185545 0.07664226009342753 0.00250000095367432
v -0.10490000152587889 0.07638344051334942 0.00250000095367432
v -0.10493407440185545 0.07612462093327128 0.00250000095367432
v -0.10503397369384765 0.07588344051334941 0.00250000095367432
v -0.10266794967651366 0.07798151638004863 0.00250000095367432
v -0.10316794967651366 0.07711549236271464 0.00250000095367432
v -0.10765881729125976 0.07475129177067363 0.00250000095367432
v -0.10790000152587889 0.07465138866398419 0.00250000095367432
v -0.10740000152587889 0.07478536464665020 0.00250000095367432
v -0.10714118194580077 0.07475129177067363 0.00250000095367432
v -0.10690000152587889 0.07465138866398419 0.00250000095367432
v -0.10669289398193359 0.07449247219059550 0.00250000095367432
v -0.10653397369384765 0.07428536464665020 0.00250000095367432
v -0.10643407440185546 0.07404418422672832 0.00250000095367432
v -0.10640000152587889 0.07378536464665020 0.00250000095367432
v -0.10721707153320312 0.08176265193913067 0.00321393871307373
v -0.11146186065673827 0.07382108165714825 0.00353553485870361
v -0.10015000152587890 0.07768247844669902 0.00250000095367432
v -0.10058293151855467 0.07793243267033184 0.00321393871307373
v -0.11365000152587890 0.07162030269596660 0.00250000095367432
v -0.11013204956054687 0.07305331279728496 0.00250000095367432
v -0.10836592483520506 0.07352654506657207 0.00250000095367432
v -0.10826602554321288 0.07328536464665020 0.00250000095367432
v -0.10810710525512694 0.07307825710270488 0.00250000095367432
v -0.10976602554321288 0.07168728877995098 0.00250000095367432
v -0.10926602554321288 0.07255331279728496 0.00250000095367432
v -0.11163204956054687 0.07045524074528300 0.00250000095367432
v -0.10986592483520506 0.07144610836002910 0.00250000095367432
v -0.10990000152587889 0.07118728877995098 0.00250000095367432
v -0.10986592483520506 0.07092846919987285 0.00250000095367432
v -0.10976602554321288 0.07068728877995098 0.00250000095367432
v -0.10960710525512694 0.07048018123600566 0.00250000095367432
v -0.10803397369384764 0.07068728877995098 0.00250000095367432
v -0.10819289398193359 0.07048018123600566 0.00250000095367432
v -0.10940000152587889 0.07032126094791973 0.00250000095367432
v -0.10915881729125976 0.07022136165592754 0.00250000095367432
v -0.10890000152587889 0.07018728877995098 0.00250000095367432
v -0.10864118194580077 0.07022136165592754 0.00250000095367432
v -0.10840000152587889 0.07032126094791973 0.00250000095367432
v -0.10643407440185546 0.07352654506657207 0.00250000095367432
v -0.10653397369384765 0.07328536464665020 0.00250000095367432
v -0.10790000152587889 0.07291934062931621 0.00250000095367432
v -0.10765881729125976 0.07281943752262676 0.00250000095367432
v -0.10740000152587889 0.07278536464665020 0.00250000095367432
v -0.10690000152587889 0.07291934062931621 0.00250000095367432
v -0.10669289398193359 0.07307825710270488 0.00250000095367432
v -0.10714118194580077 0.07281943752262676 0.00250000095367432
v -0.10753397369384765 0.07155331661198222 0.00250000095367432
v -0.10666794967651366 0.07105331661198222 0.00250000095367432
v -0.10465000152587889 0.06988824703190410 0.00250000095367432
v -0.10816794967651366 0.06845524074528300 0.00250000095367432
v -0.11296186065673827 0.07122300197575175 0.00353553485870361
v -0.10533813858032226 0.07028554775211894 0.00353553485870361
v -0.10668335342407226 0.08145451213810527 0.00383022308349609
v -0.10606506347656249 0.08109754039738262 0.00433012771606445
v -0.10173493576049804 0.07859754039738262 0.00433012771606445
v -0.10538098907470701 0.08070259334538067 0.00469846439361572
v -0.10272679519653319 0.08147959377262676 0.00479583263397217
v -0.10212135696411132 0.08113004161808575 0.00471504211425781
v -0.10465192031860350 0.08028166439030254 0.00492403984069824
v -0.10241901016235351 0.07899249126408184 0.00469846439361572
v -0.10390000152587889 0.07984754039738262 0.00500000095367432
v -0.10314808273315429 0.07941342021915997 0.00492403984069824
v -0.10826602554321288 0.07428536464665020 0.00489898014068604
v -0.10815325927734373 0.07444267894718730 0.00490285968780518
v -0.10834587860107421 0.07410904933903301 0.00490285968780518
v -0.10839151000976562 0.07391539623234356 0.00491394042968750
v -0.10839738082885741 0.07371679927799785 0.00493069744110107
v -0.10800836563110350 0.07457902004215801 0.00491394042968750
v -0.10783930969238280 0.07468340541813458 0.00493069744110107
v -0.10765884017944334 0.07475128414127910 0.00494974613189697
v -0.10746860122680663 0.07478274013493144 0.00496871852874756
v -0.10726998901367187 0.07477687694523417 0.00498529815673828
v -0.10707632064819335 0.07473124553654277 0.00499619865417480
v -0.10690000152587889 0.07465138866398419 0.00500000095367432
v -0.10674268341064452 0.07453861858341777 0.00499619865417480
v -0.10660633087158201 0.07439371349308574 0.00498529815673828
v -0.10643407058715819 0.07404416133854473 0.00494974613189697
v -0.10650194549560546 0.07422464229557597 0.00496871852874756
v -0.10640261840820311 0.07385393001530254 0.00493069744110107
v -0.10111664962768553 0.07824057247135723 0.00383022308349609
v -0.10097334289550780 0.08046723796818341 0.00425331306457520
v -0.10153265380859373 0.08079015590641582 0.00453289794921875
v -0.11056506347656249 0.07330331279728496 0.00433012771606445
v -0.11206506347656249 0.07070524074528300 0.00433012771606445
v -0.10623493576049803 0.07080331661198223 0.00433012771606445
v -0.10952071762084960 0.07270036174748028 0.00482962989807129
v -0.10836593246459959 0.07352656414005840 0.00494974613189697
v -0.10829805374145507 0.07334608699772441 0.00496871852874756
v -0.10819366836547850 0.07317701580021464 0.00498529815673828
v -0.10805731582641601 0.07303211070988262 0.00499619865417480
v -0.10840000152587889 0.07205331279728495 0.00500000095367432
v -0.11102071762084960 0.07010228206608379 0.00482962989807129
v -0.10990000152587889 0.06945524074528300 0.00500000095367432
v -0.10645412063598632 0.07346167995426739 0.00490285968780518
v -0.10653397369384765 0.07328536464665020 0.00489898014068604
v -0.10664673995971678 0.07312805034611308 0.00490285968780518
v -0.10679163360595702 0.07299170543644512 0.00491394042968750
v -0.10790000152587889 0.07291934062931621 0.00500000095367432
v -0.10772367858886718 0.07283948375675761 0.00499619865417480
v -0.10733139801025389 0.07278798534367167 0.00496871852874756
v -0.10753001022338866 0.07279385234806621 0.00498529815673828
v -0.10696068954467772 0.07288732387516582 0.00493069744110107
v -0.10714115905761717 0.07281944515202129 0.00494974613189697
v -0.10640848922729491 0.07365533306095684 0.00491394042968750
v -0.10727928161621092 0.07140626766178691 0.00482962989807129
v -0.11352071762084960 0.06577215816471660 0.00482962989807129
v -0.11240000152587890 0.06512510921452129 0.00500000095367432
v -0.10539666748046873 0.06685523464176739 0.00500000095367432
v -0.10419076156616210 0.06635573818180644 0.00500000095367432
v -0.10289666748046873 0.06618536617252910 0.00500000095367432
v -0.09856653976440428 0.06868536617252910 0.00500000095367432
v -0.09936113357543944 0.06764982845280254 0.00500000095367432
v -0.10039666748046874 0.06685523464176739 0.00500000095367432
v -0.10160257339477538 0.06635573818180644 0.00500000095367432
v -0.08241703796386718 0.09958605434391582 0.00500000095367432
v -0.08241703796386718 0.09699786617252910 0.00500000095367432
v -0.08291654205322264 0.09579196025822247 0.00500000095367432
v -0.08224666595458983 0.09829196025822245 0.00500000095367432
v -0.07678052520751952 0.09468395473454082 0.00500000095367432
v -0.07629816436767577 0.09488375713322246 0.00500000095367432
v -0.07719473266601561 0.09436611797306621 0.00500000095367432
v -0.07751257324218749 0.09395190669987286 0.00500000095367432
v -0.07578052520751952 0.09495190669987286 0.00500000095367432
v -0.07249999999999998 0.09495190669987286 0.00500000095367432
v -0.07198236083984373 0.09488375713322246 0.00500000095367432
v -0.07149999999999999 0.09468395473454082 0.00500000095367432
v -0.07108578491210936 0.09436611797306621 0.00500000095367432
v -0.07076795196533202 0.09395190669987286 0.00500000095367432
v -0.07056814575195311 0.09346954204533184 0.00500000095367432
v -0.07049999999999999 0.09295190669987285 0.00500000095367432
v -0.06749999999999999 0.09495190669987286 0.00500000095367432
v -0.07049999999999999 0.08183393718693339 0.00500000095367432
v -0.07053038787841795 0.08148663951847637 0.00500000095367432
v -0.07062061309814452 0.08114989711735332 0.00500000095367432
v -0.07076795196533202 0.08083393718693339 0.00500000095367432
v -0.07301763916015623 0.06976578762028300 0.00500000095367432
v -0.07349999999999998 0.06956598903629864 0.00500000095367432
v -0.07249999999999998 0.06983394100163066 0.00500000095367432
v -0.07198236083984373 0.06976578762028300 0.00500000095367432
v -0.07149999999999999 0.06956598903629864 0.00500000095367432
v -0.07391421508789062 0.06924814846012675 0.00500000095367432
v -0.07423204803466796 0.06883394100163066 0.00500000095367432
v -0.07108578491210936 0.06924814846012675 0.00500000095367432
v -0.07076795196533202 0.06883394100163066 0.00500000095367432
v -0.07056814575195311 0.06835157253239238 0.00500000095367432
v -0.07049999999999999 0.06783394100163066 0.00500000095367432
v -0.02699999999999999 0.13119790603611550 -0.00482962810993195
v -0.02699999999999999 0.12990381051991068 -0.00499999904632568
v -0.02699999999999999 0.13240381051991068 -0.00433012604713440
v -0.02399999999999999 0.13087299205753886 -0.00487240386009216
v -0.02399999999999999 0.13119790603611550 -0.00482962810993195
v -0.02399999999999999 0.12990381051991068 -0.00499999904632568
v -0.02399999999999999 0.12890084602329813 -0.00499999904632568
v -0.02399999999999999 0.12842335893604837 -0.00488039469718933
v -0.02399999999999999 0.12795212509129131 -0.00471178460121155
v -0.02399999999999999 0.12749968673679909 -0.00449779736995697
v -0.02399999999999999 0.13240381051991068 -0.00433012604713440
v -0.02399999999999999 0.13074103309605203 -0.00420900154113770
v -0.02399999999999999 0.12707040264103495 -0.00424049401283264
v -0.02399999999999999 0.12666840507481181 -0.00394235229492187
v -0.02399999999999999 0.12170381023380838 -0.00499999904632568
v -0.02699999999999999 0.13343934442493999 -0.00353553295135498
v -0.02399999999999999 0.13343934442493999 -0.00353553295135498
v -0.02399999999999999 0.13024670364353738 -0.00348145031929016
v -0.02399999999999999 0.12629756595585429 -0.00360624361038208
v -0.02399999999999999 0.12596145679447734 -0.00323540472984314
v -0.02399999999999999 0.12566331531498515 -0.00283340716362000
v 0.00019999694824220 0.13119790603611550 -0.00482962810993195
v 0.00019999694824220 0.12990381051991068 -0.00499999904632568
v 0.00019999694824220 0.13240381051991068 -0.00433012604713440
v 0.00519999694824220 0.13119790603611550 -0.00482962810993195
v 0.00949290466308595 0.13061093236897073 -0.00494974434375763
v 0.00964193725585939 0.13073328449223123 -0.00493069553375244
v 0.00981684875488283 0.13082749893162332 -0.00491393828392029
v 0.01000738525390626 0.13088480808231912 -0.00490285813808441
v 0.01058314514160158 0.13082749893162332 -0.00491393828392029
v 0.01039262390136720 0.13088480808231912 -0.00490285813808441
v 0.01019999694824220 0.13090381051991068 -0.00489897847175598
v 0.00819999694824220 0.13119790603611550 -0.00482962810993195
v 0.01090708923339845 0.13061093236897073 -0.00494974434375763
v 0.01075807189941408 0.13073328449223123 -0.00493069553375244
v 0.00519999694824220 0.12990381051991068 -0.00499999904632568
v 0.00819999694824220 0.12990381051991068 -0.00499999904632568
v 0.00927632141113283 0.13028697492573343 -0.00498529589176178
v 0.00937054443359376 0.13046191074345195 -0.00496871685981751
v 0.00921900939941408 0.13009643699619852 -0.00499619674682617
v 0.00919999694824220 0.12990381051991068 -0.00499999904632568
v 0.00921900939941408 0.12971118404362283 -0.00499619674682617
v 0.00927632141113283 0.12952064611408792 -0.00498529589176178
v 0.00937054443359376 0.12934571029636943 -0.00496871685981751
v 0.00949290466308595 0.12919668914768778 -0.00494974434375763
v 0.00964193725585939 0.12907433702442728 -0.00493069553375244
v 0.00981684875488283 0.12898012210819804 -0.00491393828392029
v 0.01000738525390626 0.12892281295750224 -0.00490285813808441
v 0.01058314514160158 0.12898012210819804 -0.00491393828392029
v 0.01039262390136720 0.12892281295750224 -0.00490285813808441
v 0.01019999694824220 0.12890381051991068 -0.00489897847175598
v 0.00819999694824220 0.12860971548054301 -0.00482962810993195
v 0.01112368774414064 0.13028697492573343 -0.00498529589176178
v 0.01102944946289064 0.13046191074345195 -0.00496871685981751
v 0.01118099975585939 0.13009643699619852 -0.00499619674682617
v 0.01119999694824220 0.12990381051991068 -0.00499999904632568
v 0.01118099975585939 0.12971118404362283 -0.00499619674682617
v 0.01112368774414064 0.12952064611408792 -0.00498529589176178
v 0.01102944946289064 0.12934571029636943 -0.00496871685981751
v 0.01090708923339845 0.12919668914768778 -0.00494974434375763
v 0.01075807189941408 0.12907433702442728 -0.00493069553375244
v 0.00519999694824220 0.13240381051991068 -0.00433012604713440
v 0.00819999694824220 0.13240381051991068 -0.00433012604713440
v 0.00819999694824220 0.12740381099674783 -0.00433012604713440
v 0.00019999694824220 0.12170381023380838 -0.00499999904632568
v 0.00519999694824220 0.12470381023380839 -0.00499999904632568
v 0.00537037658691408 0.12340971519444072 -0.00499999904632568
v 0.00586987304687501 0.12220381023380839 -0.00499999904632568
v 0.00666445922851564 0.12116827632877909 -0.00499999904632568
v 0.00769999694824220 0.12037368347141825 -0.00499999904632568
v 0.00890589904785158 0.11987418128941141 -0.00499999904632568
v 0.01019999694824220 0.11970381023380838 -0.00499999904632568
v 0.00019999694824220 0.13343934442493999 -0.00353553295135498
v 0.00519999694824220 0.13343934442493999 -0.00353553295135498
v 0.00819999694824220 0.13343934442493999 -0.00353553295135498
v 0.00819999694824220 0.12636827709171855 -0.00353553295135498
v -0.03199999999999999 0.11610380985233866 -0.00499999904632568
v -0.02699999999999999 0.11610380985233866 -0.00499999904632568
v -0.02999999999999999 0.11410380985233866 -0.00499999904632568
v -0.03199999999999999 0.10170381023380838 -0.00499999904632568
v -0.02999999999999999 0.10170381023380838 -0.00499999904632568
v -0.03199999999999999 0.10868026782963358 -0.00289777636528015
v -0.03199999999999999 0.10940381099674784 -0.00259807515144348
v -0.02999999999999999 0.10868026782963358 -0.00289777636528015
v -0.02999999999999999 0.10940381099674784 -0.00259807515144348
v -0.03199999999999999 0.10790381099674784 -0.00299999904632568
v -0.03199999999999999 0.10712735416386210 -0.00289777636528015
v -0.03199999999999999 0.10640381099674784 -0.00259807515144348
v -0.02999999999999999 0.10790381099674784 -0.00299999904632568
v -0.02999999999999999 0.10712735416386210 -0.00289777636528015
v -0.02999999999999999 0.10640381099674784 -0.00259807515144348
v 0.00019999694824220 0.11410380985233866 -0.00499999904632568
v 0.00071763610839845 0.11403566219303690 -0.00499999904632568
v 0.00119999694824220 0.11383586170170390 -0.00499999904632568
v 0.00161421203613283 0.11351802494022928 -0.00499999904632568
v 0.00193205261230470 0.11310380985233866 -0.00499999904632568
v 0.00546795654296876 0.11310380985233866 -0.00499999904632568
v 0.00619999694824220 0.11383586170170390 -0.00499999904632568
v 0.00668235778808595 0.11403566219303690 -0.00499999904632568
v 0.00719999694824220 0.11410380985233866 -0.00499999904632568
v 0.00578578186035157 0.11351802494022928 -0.00499999904632568
v 0.00213185119628907 0.11262144901249491 -0.00499999904632568
v 0.00219999694824220 0.11210380985233866 -0.00499999904632568
v 0.00526814270019533 0.11262144901249491 -0.00499999904632568
v 0.00519999694824220 0.11210380985233866 -0.00499999904632568
v 0.00019999694824220 0.10170381023380838 -0.00499999904632568
v 0.00071763610839845 0.10177195980045878 -0.00499999904632568
v 0.00219999694824220 0.10370381023380838 -0.00499999904632568
v 0.00213185119628907 0.10318617107365213 -0.00499999904632568
v 0.00193205261230470 0.10270381023380838 -0.00499999904632568
v 0.00161421203613282 0.10228959514591776 -0.00499999904632568
v 0.00519999694824220 0.10370381023380838 -0.00499999904632568
v 0.00526814270019532 0.10318617107365213 -0.00499999904632568
v 0.00546795654296876 0.10270381023380838 -0.00499999904632568
v 0.00578578186035157 0.10228959514591776 -0.00499999904632568
v 0.00119999694824220 0.10197175838444315 -0.00499999904632568
v 0.00619999694824220 0.10197175838444315 -0.00499999904632568
v 0.00668235778808595 0.10177195980045878 -0.00499999904632568
v 0.00719999694824220 0.10170381023380838 -0.00499999904632568
v -0.02699999999999999 0.13423393763992869 -0.00249999904632568
v -0.03299900054931639 0.13065381051991068 -0.00129903697967529
v -0.02699999999999999 0.13473343970272622 -0.00129409408569336
v -0.02699999999999999 0.13065381051991068 -0.00129903697967529
v -0.03299900054931639 0.12990381051991068 -0.00149999904632568
v -0.03299900054931639 0.13029203941319070 -0.00144888782501221
v -0.03299900054931639 0.12951558210346781 -0.00144888782501221
v -0.03299900054931639 0.12915381051991068 -0.00129903697967529
v -0.02699999999999999 0.12990381051991068 -0.00149999904632568
v -0.02699999999999999 0.13029203941319070 -0.00144888782501221
v -0.02699999999999999 0.12951558210346781 -0.00144888782501221
v -0.02699999999999999 0.12915381051991068 -0.00129903697967529
v -0.02399999999999999 0.13423393763992869 -0.00249999904632568
v -0.02399999999999999 0.13473343970272622 -0.00129409408569336
v -0.03299900054931639 0.11965381099674784 -0.00129903697967529
v -0.03299900054931639 0.11890381099674784 -0.00149999904632568
v -0.03299900054931639 0.11929203845951640 -0.00144888782501221
v -0.03299900054931639 0.11851558162663064 -0.00144888782501221
v -0.03299900054931639 0.11815381099674784 -0.00129903697967529
v -0.02699999999999999 0.11965381099674784 -0.00129903697967529
v -0.02699999999999999 0.11890381099674784 -0.00149999904632568
v -0.02699999999999999 0.11929203845951640 -0.00144888782501221
v -0.02699999999999999 0.11851558162663064 -0.00144888782501221
v -0.02699999999999999 0.11815381099674784 -0.00129903697967529
v -0.02399999999999999 0.12540601207707011 -0.00240412235260010
v -0.02399999999999999 0.12519202472660623 -0.00195168447494507
v -0.02399999999999999 0.12502341510746562 -0.00148045063018799
v -0.03299900054931639 0.13096447088215432 -0.00106065940856934
v -0.03299900054931639 0.13120284893009745 -0.00074999904632568
v -0.02699999999999999 0.13096447088215432 -0.00106065940856934
v -0.02699999999999999 0.13120284893009745 -0.00074999904632568
v -0.03299900054931639 0.12884315063450419 -0.00106065940856934
v -0.03299900054931639 0.12860477258656108 -0.00074999904632568
v -0.02699999999999999 0.12884315063450419 -0.00106065940856934
v -0.02699999999999999 0.12860477258656108 -0.00074999904632568
v -0.03299900054931639 0.13135269929859719 -0.00038822746276855
v -0.02699999999999999 0.13135269929859719 -0.00038822746276855
v -0.03299900054931639 0.12845492174122417 -0.00038822746276855
v -0.02699999999999999 0.12845492174122417 -0.00038822746276855
v -0.03299900054931639 0.11996447040531717 -0.00106065940856934
v -0.03299900054931639 0.11784314968082987 -0.00106065940856934
v -0.03299900054931639 0.12020284893009744 -0.00074999904632568
v -0.03299900054931639 0.11760477306339823 -0.00074999904632568
v -0.02699999999999999 0.11996447040531717 -0.00106065940856934
v -0.02699999999999999 0.11784314968082987 -0.00106065940856934
v -0.02699999999999999 0.12020284893009744 -0.00074999904632568
v -0.02699999999999999 0.11760477306339823 -0.00074999904632568
v -0.03299900054931639 0.12035269977543436 -0.00038822746276855
v -0.03299900054931639 0.11745492221806131 -0.00038822746276855
v -0.02699999999999999 0.12035269977543436 -0.00038822746276855
v -0.02699999999999999 0.11745492221806131 -0.00038822746276855
v -0.02399999999999999 0.12490180541966044 -0.00099495983123779
v -0.02399999999999999 0.12482836868259989 -0.00049988651275635
v 0.00019999694824220 0.13423393763992869 -0.00249999904632568
v 0.00019999694824220 0.13473343970272622 -0.00129409408569336
v 0.00519999694824220 0.13423393763992869 -0.00249999904632568
v 0.00519999694824220 0.13190381051991068 -0.00249999904632568
v 0.00519999694824220 0.13203322007153118 -0.00248296189308167
v 0.00519999694824220 0.13215381051991068 -0.00243301177024841
v 0.00519999694824220 0.13225736405346475 -0.00235355234146118
v 0.00649288940429689 0.13061091758701884 -0.00249999904632568
v 0.00694117736816408 0.13086973621342265 -0.00249999904632568
v 0.00719999694824220 0.13090381051991068 -0.00249999904632568
v 0.00669999694824220 0.13076983596775613 -0.00249999904632568
v 0.00519999694824220 0.13233682324383342 -0.00224999904632568
v 0.00519999694824220 0.13238677360508525 -0.00212940859794617
v 0.00519999694824220 0.13240381051991068 -0.00199999904632568
v 0.00819999694824220 0.13423393763992869 -0.00249999904632568
v 0.00819999694824220 0.13190381051991068 -0.00249999904632568
v 0.00819999694824220 0.13203322007153118 -0.00248296189308167
v 0.00819999694824220 0.13215381051991068 -0.00243301177024841
v 0.00819999694824220 0.13225736405346475 -0.00235355234146118
v 0.00819999694824220 0.13090381051991068 -0.00249999904632568
v 0.00969999694824220 0.13076983596775613 -0.00249999904632568
v 0.00949288940429689 0.13061091758701884 -0.00249999904632568
v 0.00994117736816408 0.13086973621342265 -0.00249999904632568
v 0.01019999694824220 0.13090381051991068 -0.00249999904632568
v 0.01045881652832033 0.13086973621342265 -0.00249999904632568
v 0.00819999694824220 0.13233682324383342 -0.00224999904632568
v 0.01069999694824220 0.13076983596775613 -0.00249999904632568
v 0.01090710449218751 0.13061091758701884 -0.00249999904632568
v 0.01319999694824220 0.13090381051991068 -0.00249999904632568
v 0.01345881652832033 0.13086973621342265 -0.00249999904632568
v 0.01369999694824220 0.13076983596775613 -0.00249999904632568
v 0.00819999694824220 0.13238677360508525 -0.00212940859794617
v 0.00819999694824220 0.13240381051991068 -0.00199999904632568
v 0.00633396911621095 0.13040381051991068 -0.00249999904632568
v 0.00623406982421876 0.13016262962315164 -0.00249999904632568
v 0.00619999694824220 0.12990381051991068 -0.00249999904632568
v 0.00623406982421876 0.12964499141666971 -0.00249999904632568
v 0.00633396911621095 0.12940381051991068 -0.00249999904632568
v 0.00649288940429689 0.12919670392963969 -0.00249999904632568
v 0.00669999694824220 0.12903778507206523 -0.00249999904632568
v 0.00694117736816408 0.12893788482639873 -0.00249999904632568
v 0.00719999694824220 0.12890381051991068 -0.00249999904632568
v 0.00519999694824220 0.12790381051991068 -0.00249999904632568
v 0.00519999694824220 0.12777440120670877 -0.00248296189308167
v 0.00519999694824220 0.12765381099674783 -0.00243301177024841
v 0.00519999694824220 0.12755025722477517 -0.00235355234146118
v 0.00519999694824220 0.12747079803440653 -0.00224999904632568
v 0.00519999694824220 0.12742084743473611 -0.00212940859794617
v 0.00519999694824220 0.12740381099674783 -0.00199999904632568
v 0.00933396911621095 0.13040381051991068 -0.00249999904632568
v 0.00923406982421876 0.13016262962315164 -0.00249999904632568
v 0.00919999694824220 0.12990381051991068 -0.00249999904632568
v 0.00923406982421876 0.12964499141666971 -0.00249999904632568
v 0.00819999694824220 0.12890381051991068 -0.00249999904632568
v 0.00933396911621095 0.12940381051991068 -0.00249999904632568
v 0.00949288940429689 0.12919670392963969 -0.00249999904632568
v 0.00969999694824220 0.12903778507206523 -0.00249999904632568
v 0.00994117736816408 0.12893788482639873 -0.00249999904632568
v 0.01019999694824220 0.12890381051991068 -0.00249999904632568
v 0.01045881652832033 0.12893788482639873 -0.00249999904632568
v 0.01106602478027345 0.13040381051991068 -0.00249999904632568
v 0.01116592407226564 0.13016262962315164 -0.00249999904632568
v 0.01119999694824220 0.12990381051991068 -0.00249999904632568
v 0.01116592407226564 0.12964499141666971 -0.00249999904632568
v 0.01090710449218751 0.12919670392963969 -0.00249999904632568
v 0.01106602478027345 0.12940381051991068 -0.00249999904632568
v 0.01069999694824220 0.12903778507206523 -0.00249999904632568
v 0.01319999694824220 0.12890381051991068 -0.00249999904632568
v 0.01369999694824220 0.12903778507206523 -0.00249999904632568
v 0.01345881652832033 0.12893788482639873 -0.00249999904632568
v 0.00819999694824220 0.12790381051991068 -0.00249999904632568
v 0.00819999694824220 0.12777440120670877 -0.00248296189308167
v 0.00819999694824220 0.12765381099674783 -0.00243301177024841
v 0.00819999694824220 0.12755025722477517 -0.00235355234146118
v 0.00819999694824220 0.12747079803440653 -0.00224999904632568
v 0.00819999694824220 0.12742084743473611 -0.00212940859794617
v 0.00819999694824220 0.12740381099674783 -0.00199999904632568
v 0.00519999694824220 0.13473343970272622 -0.00129409408569336
v 0.00819999694824220 0.13473343970272622 -0.00129409408569336
v 0.00819999694824220 0.12557368328068338 -0.00249999904632568
v 0.00819999694824220 0.12507418109867655 -0.00129409408569336
v -0.03199999999999999 0.11002513172123514 -0.00212131929397583
v -0.02999999999999999 0.11002513172123514 -0.00212131929397583
v -0.03199999999999999 0.11050188686344706 -0.00149999904632568
v -0.02999999999999999 0.11050188686344706 -0.00149999904632568
v -0.03199999999999999 0.10578249027226054 -0.00212131929397583
v -0.02999999999999999 0.10578249027226054 -0.00212131929397583
v -0.03199999999999999 0.10530573513004862 -0.00149999904632568
v -0.02999999999999999 0.10530573513004862 -0.00149999904632568
v -0.03199999999999999 0.11225381137821756 -0.00064999914169312
v -0.03199999999999999 0.11242204334232889 -0.00062785100936890
v -0.03199999999999999 0.11208557750675760 -0.00062785100936890
v -0.03199999999999999 0.11080158855412088 -0.00077645635604858
v -0.02999999999999999 0.11225381137821756 -0.00064999914169312
v -0.02999999999999999 0.11242204334232889 -0.00062785100936890
v -0.02999999999999999 0.11208557750675760 -0.00062785100936890
v -0.02999999999999999 0.11080158855412088 -0.00077645635604858
v -0.03199999999999999 0.11257881023380839 -0.00056291532516479
v -0.03199999999999999 0.11192881061527811 -0.00056291532516479
v -0.03199999999999999 0.11271343090031229 -0.00045961856842041
v -0.03199999999999999 0.11281672718021951 -0.00032499885559082
v -0.03199999999999999 0.11179419185612284 -0.00045961856842041
v -0.03199999999999999 0.11169089366886698 -0.00032499885559082
v -0.03199999999999999 0.11288166286442362 -0.00016823148727417
v -0.03199999999999999 0.11162595798466288 -0.00016823148727417
v -0.02999999999999999 0.11257881023380839 -0.00056291532516479
v -0.02999999999999999 0.11192881061527811 -0.00056291532516479
v -0.02999999999999999 0.11271343090031229 -0.00045961856842041
v -0.02999999999999999 0.11281672718021951 -0.00032499885559082
v -0.02999999999999999 0.11179419185612284 -0.00045961856842041
v -0.02999999999999999 0.11169089366886698 -0.00032499885559082
v -0.02999999999999999 0.11288166286442362 -0.00016823148727417
v -0.02999999999999999 0.11162595798466288 -0.00016823148727417
v -0.03199999999999999 0.10500603343937479 -0.00077645635604858
v -0.02999999999999999 0.10500603343937479 -0.00077645635604858
v -0.03199999999999999 0.10355380870792948 -0.00064999914169312
v -0.03199999999999999 0.10372204448673807 -0.00062785100936890
v -0.03199999999999999 0.10338557674381815 -0.00062785100936890
v -0.02999999999999999 0.10355380870792948 -0.00064999914169312
v -0.02999999999999999 0.10372204448673807 -0.00062785100936890
v -0.02999999999999999 0.10338557674381815 -0.00062785100936890
v -0.03199999999999999 0.10387881137821757 -0.00056291532516479
v -0.03199999999999999 0.10322881175968729 -0.00056291532516479
v -0.03199999999999999 0.10401343013737284 -0.00045961856842041
v -0.03199999999999999 0.10411672641728006 -0.00032499885559082
v -0.03199999999999999 0.10309419109318338 -0.00045961856842041
v -0.03199999999999999 0.10299089290592753 -0.00032499885559082
v -0.03199999999999999 0.10418166210148416 -0.00016823148727417
v -0.03199999999999999 0.10292595912907206 -0.00016823148727417
v -0.02999999999999999 0.10387881137821757 -0.00056291532516479
v -0.02999999999999999 0.10322881175968729 -0.00056291532516479
v -0.02999999999999999 0.10401343013737284 -0.00045961856842041
v -0.02999999999999999 0.10411672641728006 -0.00032499885559082
v -0.02999999999999999 0.10309419109318338 -0.00045961856842041
v -0.02999999999999999 0.10299089290592753 -0.00032499885559082
v -0.02999999999999999 0.10418166210148416 -0.00016823148727417
v -0.02999999999999999 0.10292595912907206 -0.00016823148727417
v 0.01719999694824220 0.13077205135319314 -0.00492403781414032
v 0.01719999694824220 0.13161391117069804 -0.00469846212863922
v 0.01919999694824220 0.13080291225407206 -0.00471504044532776
v 0.01919999694824220 0.13148268653843484 -0.00453289544582367
v 0.01719999694824220 0.12990381051991068 -0.00499999904632568
v 0.01719999694824220 0.12903556968662822 -0.00492403781414032
v 0.01919999694824220 0.13010381080601296 -0.00479583048820496
v 0.01719999694824220 0.12819370986912332 -0.00469846212863922
v 0.01719999694824220 0.13240381051991068 -0.00433012604713440
v 0.01919999694824220 0.13212852122280680 -0.00425331091880798
v 0.01719999694824220 0.13311774875614726 -0.00383022117614746
v 0.01719999694824220 0.12740381099674783 -0.00433012604713440
v 0.01919999694824220 0.12733268978092752 -0.00405331099033356
v 0.01719999694824220 0.12668987228367412 -0.00383022117614746
v 0.01719999694824220 0.13373403288815103 -0.00321393704414368
v 0.01919999694824220 0.12676764537785135 -0.00363379383087158
v 0.01919999694824220 0.12627001525852763 -0.00313616466522217
v 0.01719999694824220 0.12607358886692607 -0.00321393704414368
v 0.01919999694824220 0.12585049869511208 -0.00257111978530884
v 0.04650000000000001 0.13119790603611550 -0.00482962810993195
v 0.04950000000000002 0.13119790603611550 -0.00482962810993195
v 0.04650000000000001 0.12990381051991068 -0.00499999904632568
v 0.04950000000000002 0.12990381051991068 -0.00499999904632568
v 0.04650000000000001 0.13240381051991068 -0.00433012604713440
v 0.04950000000000002 0.13240381051991068 -0.00433012604713440
v 0.04650000000000001 0.12470381023380839 -0.00499999904632568
v 0.04633656311035158 0.12343587543461405 -0.00499999904632568
v 0.04585693359375002 0.12225083114597880 -0.00499999904632568
v 0.04166235351562501 0.11970644618961893 -0.00499999904632568
v 0.04166691589355470 0.11970381023380838 -0.00499999904632568
v 0.04509246826171877 0.12122615005467020 -0.00499999904632568
v 0.04409315490722658 0.12042882110569560 -0.00499999904632568
v 0.04292431640625002 0.11991096832249247 -0.00499999904632568
v 0.04650000000000001 0.13343934442493999 -0.00353553295135498
v 0.04950000000000002 0.13343934442493999 -0.00353553295135498
v 0.02638710021972658 0.11410380985233866 -0.00499999904632568
v 0.02690473937988283 0.11403566219303690 -0.00499999904632568
v 0.02738710021972658 0.11383586170170390 -0.00499999904632568
v 0.02780131530761720 0.11351802494022928 -0.00499999904632568
v 0.02811915588378908 0.11310380985233866 -0.00499999904632568
v 0.03482807922363283 0.11672401096317850 -0.00499999904632568
v 0.02831895446777345 0.11262144901249491 -0.00499999904632568
v 0.02838710021972658 0.11210380985233866 -0.00499999904632568
v 0.02811915588378907 0.11110380985233866 -0.00499999904632568
v 0.02831895446777345 0.11158617259953105 -0.00499999904632568
v 0.02326940917968751 0.10270381023380838 -0.00499999904632568
v 0.02295158386230470 0.10228959514591776 -0.00499999904632568
v 0.02153736877441407 0.10170381023380838 -0.00499999904632568
v 0.02253736877441407 0.10197175838444315 -0.00499999904632568
v 0.02205500793457032 0.10177195980045878 -0.00499999904632568
v 0.02907807922363282 0.10676471759769998 -0.00499999904632568
v 0.02807807922363282 0.10503266765568338 -0.00499999904632568
v 0.03314840698242189 0.10441471912357889 -0.00259807515144348
v 0.03250689697265626 0.10247569133732401 -0.00279651498794556
v 0.03444744873046877 0.10366471721623026 -0.00299999904632568
v 0.03377500915527346 0.10405294658634745 -0.00289777636528015
v 0.03511987304687501 0.10327648784611307 -0.00289777636528015
v 0.03316577148437502 0.10209529354069315 -0.00298231577873230
v 0.03384382629394533 0.10170381023380838 -0.00296487641334534
v 0.03574647521972658 0.10291471721623026 -0.00259807515144348
v 0.03449488830566408 0.10132792522404276 -0.00274538564682007
v 0.04950000000000002 0.11518137790653787 -0.00499999904632568
v 0.05208975219726564 0.11022208644840799 -0.00499999904632568
v 0.05358975219726564 0.11282016231510722 -0.00499999904632568
v 0.05471046447753908 0.11217311527226054 -0.00482962810993195
v 0.05321046447753908 0.10957503940556132 -0.00482962810993195
v 0.05575480651855470 0.11157016231510722 -0.00433012604713440
v 0.05425480651855470 0.10897208644840800 -0.00433012604713440
v 0.06075000000000001 0.10522208644840798 -0.00499999904632568
v 0.06187071228027345 0.10457503940556130 -0.00482962810993195
v 0.05925000000000002 0.10262401058170877 -0.00499999904632568
v 0.06037071228027345 0.10197696163151344 -0.00482962810993195
v 0.06291506958007814 0.10397208644840798 -0.00433012604713440
v 0.06141506958007814 0.10137401058170876 -0.00433012604713440
v 0.05665161132812502 0.11105239536259257 -0.00353553295135498
v 0.05515161132812502 0.10845431949589335 -0.00353553295135498
v 0.06381185913085939 0.10345432140324197 -0.00353553295135498
v 0.06231185913085939 0.10085624172184549 -0.00353553295135498
v 0.01719999694824220 0.13423393763992869 -0.00249999904632568
v 0.01919999694824220 0.13415712251160228 -0.00222470974922180
v 0.01519999694824220 0.13190381051991068 -0.00249999904632568
v 0.01519999694824220 0.13203322007153118 -0.00248296189308167
v 0.01519999694824220 0.13215381051991068 -0.00243301177024841
v 0.01519999694824220 0.13225736405346475 -0.00235355234146118
v 0.01619999694824220 0.13190381051991068 -0.00249999904632568
v 0.01619999694824220 0.13203322007153118 -0.00248296189308167
v 0.01619999694824220 0.13215381051991068 -0.00243301177024841
v 0.01619999694824220 0.13225736405346475 -0.00235355234146118
v 0.01390710449218751 0.13061091758701884 -0.00249999904632568
v 0.01519999694824220 0.13233682324383342 -0.00224999904632568
v 0.01619999694824220 0.13233682324383342 -0.00224999904632568
v 0.01519999694824220 0.13238677360508525 -0.00212940859794617
v 0.01619999694824220 0.13238677360508525 -0.00212940859794617
v 0.01519999694824220 0.13240381051991068 -0.00199999904632568
v 0.01619999694824220 0.13240381051991068 -0.00199999904632568
v 0.01406602478027345 0.13040381051991068 -0.00249999904632568
v 0.01416592407226564 0.13016262962315164 -0.00249999904632568
v 0.01419999694824220 0.12990381051991068 -0.00249999904632568
v 0.01416592407226564 0.12964499141666971 -0.00249999904632568
v 0.01406602478027345 0.12940381051991068 -0.00249999904632568
v 0.01390710449218751 0.12919670392963969 -0.00249999904632568
v 0.01519999694824220 0.12790381051991068 -0.00249999904632568
v 0.01519999694824220 0.12777440120670877 -0.00248296189308167
v 0.01519999694824220 0.12765381099674783 -0.00243301177024841
v 0.01519999694824220 0.12755025722477517 -0.00235355234146118
v 0.01619999694824220 0.12790381051991068 -0.00249999904632568
v 0.01619999694824220 0.12777440120670877 -0.00248296189308167
v 0.01619999694824220 0.12765381099674783 -0.00243301177024841
v 0.01619999694824220 0.12755025722477517 -0.00235355234146118
v 0.01519999694824220 0.12747079803440653 -0.00224999904632568
v 0.01619999694824220 0.12747079803440653 -0.00224999904632568
v 0.01519999694824220 0.12742084743473611 -0.00212940859794617
v 0.01619999694824220 0.12742084743473611 -0.00212940859794617
v 0.01519999694824220 0.12740381099674783 -0.00199999904632568
v 0.01619999694824220 0.12740381099674783 -0.00199999904632568
v 0.01719999694824220 0.13460227372143352 -0.00171009969711304
v 0.01919999694824220 0.13443670715782724 -0.00157887506484985
v 0.01919999694824220 0.13010381080601296 -0.00148911523818970
v 0.01919999694824220 0.13011047412846172 -0.00143488264083862
v 0.01919999694824220 0.13047516347858987 -0.00138961124420166
v 0.01919999694824220 0.13013002302143656 -0.00138473844528198
v 0.01919999694824220 0.13044227649662576 -0.00134597635269165
v 0.01919999694824220 0.13016116144154155 -0.00134200763702393
v 0.01919999694824220 0.13040027429554546 -0.00131232500076294
v 0.01919999694824220 0.13035194255802712 -0.00129088783264160
v 0.01919999694824220 0.13020182373020731 -0.00130952310562134
v 0.01919999694824220 0.13024931480381571 -0.00128943872451782
v 0.01919999694824220 0.13030048562977395 -0.00128308677673340
v 0.01719999694824220 0.12557368328068338 -0.00249999904632568
v 0.01719999694824220 0.12520534755680643 -0.00171009969711304
v 0.01719999694824220 0.13482784940693460 -0.00086823987960815
v 0.01919999694824220 0.13461885215733133 -0.00089910078048706
v 0.01919999694824220 0.12898604728672586 -0.00118961143493652
v 0.01919999694824220 0.12900739290211283 -0.00113931274414062
v 0.01919999694824220 0.12901553489658915 -0.00108611202239990
v 0.01919999694824220 0.12900993396732890 -0.00103353691101074
v 0.01919999694824220 0.12899096157047832 -0.00098507356643677
v 0.01919999694824220 0.12895987512562357 -0.00094393444061279
v 0.01919999694824220 0.12891873647663676 -0.00091284799575806
v 0.01919999694824220 0.12871419813129983 -0.00091776227951050
v 0.01919999694824220 0.12887027265522563 -0.00089387559890747
v 0.01919999694824220 0.12876449682209573 -0.00089641666412354
v 0.01919999694824220 0.12881769754383646 -0.00088827466964722
v 0.01719999694824220 0.12990381051991068 -0.00074270486831665
v 0.01719999694824220 0.13027516366932473 -0.00064320135116577
v 0.01719999694824220 0.12991047431919656 -0.00068847227096558
v 0.01719999694824220 0.12993002321217142 -0.00063832807540894
v 0.01719999694824220 0.12953245784733378 -0.00064320135116577
v 0.01919999694824220 0.13129342271778666 -0.00057135200500488
v 0.01919999694824220 0.13124978782627664 -0.00053846502304077
v 0.01919999694824220 0.13121613647434793 -0.00049646282196045
v 0.01719999694824220 0.13054701282475076 -0.00037135171890259
v 0.01919999694824220 0.13119469930622660 -0.00044813108444214
v 0.01919999694824220 0.13118689825031840 -0.00039667367935181
v 0.01919999694824220 0.13119325019810282 -0.00034550333023071
v 0.01919999694824220 0.13469964208099924 -0.00019999885559082
v 0.01919999694824220 0.13121333457920634 -0.00029801225662231
v 0.01919999694824220 0.13124581911060892 -0.00025734949111938
v 0.01919999694824220 0.13139292671177469 -0.00019999885559082
v 0.01919999694824220 0.13128854991886699 -0.00022621154785156
v 0.01919999694824220 0.13133869411442362 -0.00020666265487671
v 0.01719999694824220 0.13054214002583109 -0.00002621173858643
v 0.01719999694824220 0.13059228422138774 -0.00000666236877441
v 0.01719999694824220 0.13024227668736063 -0.00059956645965576
v 0.01719999694824220 0.13020027448628030 -0.00056591463088989
v 0.01719999694824220 0.13000182392094217 -0.00056311273574829
v 0.01719999694824220 0.12996116115543924 -0.00059559726715088
v 0.01719999694824220 0.12955380298588359 -0.00059290266036987
v 0.01719999694824220 0.13015194274876199 -0.00054447746276855
v 0.01719999694824220 0.13004931499455058 -0.00054302883148193
v 0.01719999694824220 0.13010048534367166 -0.00053667640686035
v 0.01719999694824220 0.12956194545719707 -0.00053970193862915
v 0.01719999694824220 0.12955634452793680 -0.00048712682723999
v 0.01719999694824220 0.12953737165424906 -0.00043866300582886
v 0.01719999694824220 0.12950628520939433 -0.00039752435684204
v 0.01719999694824220 0.13050337793324077 -0.00033846473693848
v 0.01719999694824220 0.12946514656040750 -0.00036643791198730
v 0.01719999694824220 0.12926060869190775 -0.00037135171890259
v 0.01719999694824220 0.12941668273899637 -0.00034746503829956
v 0.01719999694824220 0.12936410762760722 -0.00034186458587646
v 0.01719999694824220 0.12931090690586650 -0.00035000658035278
v 0.01719999694824220 0.13046972610447488 -0.00029646301269531
v 0.01719999694824220 0.13044828941319070 -0.00024813079833984
v 0.01719999694824220 0.13044048788044535 -0.00019667387008667
v 0.01719999694824220 0.13044684030506692 -0.00014550352096558
v 0.01719999694824220 0.13046692420933328 -0.00009801244735718
v 0.01719999694824220 0.13049940874073587 -0.00005734968185425
v 0.01719999694824220 0.12497977210972391 -0.00086823987960815
v 0.04650000000000001 0.13423393763992869 -0.00249999904632568
v 0.04950000000000002 0.13423393763992869 -0.00249999904632568
v 0.04650000000000001 0.13473343970272622 -0.00129409408569336
v 0.04950000000000002 0.13473343970272622 -0.00129409408569336
v 0.04650000000000001 0.13065381051991068 -0.00129903697967529
v 0.04950000000000002 0.13065381051991068 -0.00129903697967529
v 0.04650000000000001 0.12990381051991068 -0.00149999904632568
v 0.04650000000000001 0.13029203941319070 -0.00144888782501221
v 0.04650000000000001 0.12951558210346781 -0.00144888782501221
v 0.04650000000000001 0.12915381051991068 -0.00129903697967529
v 0.04950000000000002 0.12990381051991068 -0.00149999904632568
v 0.04950000000000002 0.13029203941319070 -0.00144888782501221
v 0.04950000000000002 0.12951558210346781 -0.00144888782501221
v 0.04950000000000002 0.12915381051991068 -0.00129903697967529
v 0.04650000000000001 0.13096447088215432 -0.00106065940856934
v 0.04950000000000002 0.13096447088215432 -0.00106065940856934
v 0.04650000000000001 0.13120284893009745 -0.00074999904632568
v 0.04950000000000002 0.13120284893009745 -0.00074999904632568
v 0.04650000000000001 0.12884315063450419 -0.00106065940856934
v 0.04950000000000002 0.12884315063450419 -0.00106065940856934
v 0.04650000000000001 0.12860477258656108 -0.00074999904632568
v 0.04950000000000002 0.12860477258656108 -0.00074999904632568
v 0.04650000000000001 0.13135269929859719 -0.00038822746276855
v 0.04950000000000002 0.13135269929859719 -0.00038822746276855
v 0.04650000000000001 0.12845492174122417 -0.00038822746276855
v 0.04950000000000002 0.12845492174122417 -0.00038822746276855
v 0.03261032104492189 0.10472537853214822 -0.00212131929397583
v 0.03191212463378908 0.10281908275578104 -0.00242013645172119
v 0.03142198181152345 0.10310206844303690 -0.00187882947921753
v 0.03507455444335939 0.10099325038883768 -0.00233880138397217
v 0.03628456115722658 0.10260405971500956 -0.00212131929397583
v 0.03219744873046877 0.10496375705692851 -0.00149999904632568
v 0.03554333496093751 0.10072259761784159 -0.00177283143997192
v 0.03669744873046876 0.10236567928288065 -0.00149999904632568
v 0.03053453063964845 0.10592383434269510 -0.00062785100936890
v 0.03068023681640626 0.10583971836063943 -0.00064999914169312
v 0.03082592773437501 0.10575560237858378 -0.00062785100936890
v 0.03193789672851564 0.10511360790226541 -0.00077645635604858
v 0.03106986999511720 0.10330536128971658 -0.00120948314666748
v 0.02968023681640626 0.10410766651127421 -0.00064999914169312
v 0.02953453063964845 0.10419178440067850 -0.00062785100936890
v 0.02982592773437501 0.10402355052921854 -0.00062785100936890
v 0.03586929321289064 0.10053441097233377 -0.00108604621887207
v 0.03695698547363283 0.10221583034489237 -0.00077645635604858
v 0.03810527038574221 0.10155286647770487 -0.00063761043548584
v 0.03825192260742189 0.10146820308659159 -0.00064857339859009
v 0.02928219604492189 0.10433747722599589 -0.00045961856842041
v 0.02919273376464845 0.10438912631962381 -0.00032499885559082
v 0.03039877319335939 0.10600221874210916 -0.00056291532516479
v 0.03096168518066407 0.10567721797916971 -0.00056291532516479
v 0.03028219604492189 0.10606952716801249 -0.00045961856842041
v 0.03107827758789064 0.10560990764591777 -0.00045961856842041
v 0.03019273376464845 0.10612117626164042 -0.00032499885559082
v 0.03116772460937501 0.10555826045963847 -0.00032499885559082
v 0.02913648986816407 0.10442159320805156 -0.00016823148727417
v 0.03013648986816407 0.10615364505741678 -0.00016823148727417
v 0.03122396850585939 0.10552579166386210 -0.00016823148727417
v 0.02939877319335939 0.10427016689274393 -0.00056291532516479
v 0.02996168518066407 0.10394516803715312 -0.00056291532516479
v 0.03007827758789064 0.10387785770390116 -0.00045961856842041
v 0.03087977600097657 0.10341510631535135 -0.00045771265029907
v 0.03016772460937501 0.10382620861027322 -0.00032499885559082
v 0.03022396850585939 0.10379374172184549 -0.00016823148727417
v 0.03603019714355470 0.10044150783512674 -0.00032524824142456
v 0.03796607971191408 0.10163323070499979 -0.00058319568634033
v 0.03839602661132814 0.10138500453922830 -0.00061533689498901
v 0.03784382629394533 0.10170381023380838 -0.00048903656005859
v 0.03852777099609377 0.10130894329044901 -0.00054016590118408
v 0.03774685668945314 0.10175980236027322 -0.00036155080795288
v 0.03863816833496096 0.10124519969914042 -0.00042818355560303
v 0.03681660461425783 0.09998747875187479 -0.00045961856842041
v 0.03672715759277345 0.10003912593815409 -0.00032499885559082
v 0.03768174743652345 0.10179738857243144 -0.00020942544937134
v 0.03871971130371095 0.10119811870548807 -0.00028702163696289
v 0.03667091369628907 0.10007159282658182 -0.00016823148727417
v 0.03765296936035158 0.10181400539372050 -0.00004302835464478
v 0.03876684570312502 0.10117091228458963 -0.00012629890441895
v 0.05207420349121095 0.11369516231510722 -0.00129903697967529
v 0.05088751220703126 0.11091620113346659 -0.00144888782501221
v 0.05057420349121095 0.11109708644840799 -0.00129903697967529
v 0.05122372436523439 0.11072208644840799 -0.00149999904632568
v 0.05155993652343752 0.11052797176334940 -0.00144888782501221
v 0.05187324523925783 0.11034708644840799 -0.00129903697967529
v 0.05733975219726564 0.11065509845707498 -0.00249999904632568
v 0.05272372436523439 0.11332016231510722 -0.00149999904632568
v 0.05238751220703126 0.11351427700016581 -0.00144888782501221
v 0.05305993652343752 0.11312604763004862 -0.00144888782501221
v 0.05337324523925783 0.11294516231510722 -0.00129903697967529
v 0.05777232360839845 0.11040534831974588 -0.00129409408569336
v 0.04882470703125002 0.10806686260197244 -0.00129903697967529
v 0.04972372436523439 0.10812401058170877 -0.00149999904632568
v 0.04947422790527346 0.10769186069462382 -0.00149999904632568
v 0.04938751220703127 0.10831812526676737 -0.00144888782501221
v 0.04913801574707033 0.10788597347233378 -0.00144888782501221
v 0.05005993652343751 0.10792989589665018 -0.00144888782501221
v 0.04981044006347658 0.10749774791691386 -0.00144888782501221
v 0.04907420349121095 0.10849901058170877 -0.00129903697967529
v 0.05037324523925783 0.10774901058170877 -0.00129903697967529
v 0.05012374877929689 0.10731686069462382 -0.00129903697967529
v 0.05583975219726564 0.10805702259037576 -0.00249999904632568
v 0.06450000000000002 0.10305702449772439 -0.00249999904632568
v 0.06300000000000001 0.10045894863102517 -0.00249999904632568
v 0.05627232360839846 0.10780727245304667 -0.00129409408569336
v 0.06160047912597658 0.10819516231510720 -0.00129903697967529
v 0.06225000000000001 0.10782016231510720 -0.00149999904632568
v 0.06191378784179689 0.10801427700016579 -0.00144888782501221
v 0.06258621215820315 0.10762604763004860 -0.00144888782501221
v 0.06289952087402345 0.10744516231510720 -0.00129903697967529
v 0.06041378784179689 0.10541620113346657 -0.00144888782501221
v 0.06075000000000001 0.10522208644840798 -0.00149999904632568
v 0.06108621215820314 0.10502797176334938 -0.00144888782501221
v 0.06010047912597657 0.10559708644840798 -0.00129903697967529
v 0.06139952087402345 0.10484708644840798 -0.00129903697967529
v 0.05866429138183595 0.10238597728703103 -0.00144888782501221
v 0.05860047912597658 0.10299901058170877 -0.00129903697967529
v 0.05835098266601564 0.10256686260197244 -0.00129903697967529
v 0.05925000000000002 0.10262401058170877 -0.00149999904632568
v 0.05900050354003908 0.10219186260197244 -0.00149999904632568
v 0.05891378784179689 0.10281812526676735 -0.00144888782501221
v 0.05958621215820314 0.10242989589665016 -0.00144888782501221
v 0.05989952087402346 0.10224901058170877 -0.00129903697967529
v 0.06493258666992190 0.10280727245304665 -0.00129409408569336
v 0.05933671569824221 0.10199774791691384 -0.00144888782501221
v 0.05965002441406252 0.10181686260197244 -0.00129903697967529
v 0.06343258666992189 0.10020919658634743 -0.00129409408569336
v 0.05180516052246095 0.11385049297306619 -0.00106065940856934
v 0.05159872436523439 0.11396968128178202 -0.00074999904632568
v 0.05030516052246095 0.11125241710636698 -0.00106065940856934
v 0.05214227294921876 0.11019175579044901 -0.00106065940856934
v 0.05009872436523439 0.11137160541508280 -0.00074999904632568
v 0.04859872436523439 0.10877352954838358 -0.00074999904632568
v 0.05146894836425783 0.11404460765812480 -0.00038822746276855
v 0.04996894836425782 0.11144653179142558 -0.00038822746276855
v 0.04846894836425783 0.10884845401737772 -0.00038822746276855
v 0.05364227294921876 0.11278983356449686 -0.00106065940856934
v 0.05384872436523439 0.11267064334843241 -0.00074999904632568
v 0.05234872436523439 0.11007256748173319 -0.00074999904632568
v 0.05397850036621096 0.11259571887943827 -0.00038822746276855
v 0.05247850036621095 0.10999764301273905 -0.00038822746276855
v 0.04880516052246095 0.10865434123966776 -0.00106065940856934
v 0.04855566406250002 0.10822219325993143 -0.00106065940856934
v 0.04855525207519533 0.10822243167851053 -0.00106003856658936
v 0.05064227294921877 0.10759367992374980 -0.00106065940856934
v 0.05039277648925783 0.10716153575871074 -0.00106065940856934
v 0.04834922790527345 0.10834137966129861 -0.00074999904632568
v 0.05059881591796876 0.10704258014652811 -0.00075061893463135
v 0.05059922790527345 0.10704234172794901 -0.00074999904632568
v 0.05084872436523439 0.10747449161503397 -0.00074999904632568
v 0.04821945190429689 0.10841630603764139 -0.00038822746276855
v 0.05097850036621095 0.10739956523869119 -0.00038822746276855
v 0.05072874450683595 0.10696756412479960 -0.00038894796371460
v 0.05072900390625001 0.10696741535160624 -0.00038822746276855
v 0.06133143615722658 0.10835049297306619 -0.00106065940856934
v 0.06316856384277346 0.10728983356449685 -0.00106065940856934
v 0.05983143615722658 0.10575241710636696 -0.00106065940856934
v 0.06166856384277345 0.10469175579044900 -0.00106065940856934
v 0.06112500000000001 0.10846968128178200 -0.00074999904632568
v 0.06337500000000001 0.10717064334843239 -0.00074999904632568
v 0.05962500000000002 0.10587160541508278 -0.00074999904632568
v 0.06187500000000001 0.10457256748173317 -0.00074999904632568
v 0.05833143615722658 0.10315434123966774 -0.00106065940856934
v 0.05808193969726564 0.10272219325993141 -0.00106065940856934
v 0.05808152770996095 0.10272243358585915 -0.00106003665924072
v 0.05812500000000002 0.10327352764103494 -0.00074999904632568
v 0.05787550354003908 0.10284138347599589 -0.00074999904632568
v 0.05787524414062502 0.10284153224918924 -0.00074927663803101
v 0.06016856384277345 0.10209367992374978 -0.00106065940856934
v 0.05991906738281252 0.10166153194401345 -0.00106065940856934
v 0.06012509155273439 0.10154258205387673 -0.00075061941146851
v 0.06012550354003908 0.10154234554264627 -0.00074999904632568
v 0.06037500000000002 0.10197448970768533 -0.00074999904632568
v 0.06099522399902346 0.10854460765812478 -0.00038822746276855
v 0.06350477600097658 0.10709571887943825 -0.00038822746276855
v 0.05949522399902345 0.10594653179142556 -0.00038822746276855
v 0.06200477600097658 0.10449764301273903 -0.00038822746276855
v 0.05799522399902345 0.10334845592472636 -0.00038822746276855
v 0.05774572753906251 0.10291630794499003 -0.00038822746276855
v 0.06025527954101564 0.10146741725895486 -0.00038822746276855
v 0.06050477600097658 0.10189956523869119 -0.00038822746276855
v 0.06029945373535158 0.10144191219303689 -0.00000077390670776
v -0.00749999999999999 0.09495190669987284 -0.00499999904632568
v -0.00349999999999999 0.09468395473454080 -0.00499999904632568
v -0.00301763916015624 0.09488375713322245 -0.00499999904632568
v -0.00249999999999999 0.09495190669987284 -0.00499999904632568
v -0.00391421508789061 0.09436611797306620 -0.00499999904632568
v -0.00423205566406249 0.09395190669987284 -0.00499999904632568
v -0.00443185424804686 0.09346954204533182 -0.00499999904632568
v -0.00449999999999999 0.09295190669987284 -0.00499999904632568
v 0.01297808837890626 0.07887869884464822 -0.00499999904632568
v 0.01277828979492188 0.07839633800480447 -0.00499999904632568
v 0.01271012878417970 0.07787869884464822 -0.00499999904632568
v 0.01277828979492188 0.07736106349918924 -0.00499999904632568
v 0.01297808837890626 0.07687869884464822 -0.00499999904632568
v 0.01329591369628907 0.07646448757145487 -0.00499999904632568
v 0.01371012878417970 0.07614665080998026 -0.00499999904632568
v 0.01069248962402345 0.07374837352726542 -0.00499999904632568
v 0.01121012878417970 0.07381652309391580 -0.00499999904632568
v 0.01172776794433595 0.07374837352726542 -0.00499999904632568
v 0.01021012878417970 0.07354857494328104 -0.00499999904632568
v 0.00979591369628907 0.07323073436710917 -0.00499999904632568
v 0.00947808837890626 0.07281652309391580 -0.00499999904632568
v 0.01221012878417970 0.07354857494328104 -0.00499999904632568
v 0.01532974243164064 0.09495190669987284 -0.00499999904632568
v 0.01584738159179689 0.09488375713322245 -0.00499999904632568
v 0.01632974243164064 0.09468395473454080 -0.00499999904632568
v 0.01674395751953126 0.09436611797306620 -0.00499999904632568
v 0.01706179809570314 0.09395190669987284 -0.00499999904632568
v 0.01726159667968751 0.09346954204533182 -0.00499999904632568
v 0.01732974243164064 0.09295190669987284 -0.00499999904632568
v 0.01726159667968751 0.09243426753971659 -0.00499999904632568
v 0.01706179809570314 0.09195190669987284 -0.00499999904632568
v 0.03881680297851564 0.09883266689274393 -0.00499999904632568
v 0.03904884338378907 0.09523459102604472 -0.00499999904632568
v 0.04154884338378908 0.09956471874210916 -0.00499999904632568
v 0.04239859008789063 0.08983651592228495 -0.00499999904632568
v 0.05100000000000001 0.08833458950016580 -0.00499999904632568
v 0.05212071228027344 0.08768754436466776 -0.00482962810993195
v 0.04835687255859376 0.08639650585148416 -0.00492622065544128
v 0.04835687255859376 0.08639650203678691 -0.00492622065544128
v 0.04865269470214845 0.08622570278141581 -0.00499999904632568
v 0.04865269470214845 0.08622570659611307 -0.00499999904632568
v 0.04794421386718751 0.08663475276920878 -0.00477311921119690
v 0.04794421386718751 0.08663474895451151 -0.00477311921119690
v 0.04921618652343751 0.08590037395451151 -0.00499999904632568
v 0.04950000000000001 0.08573651744816385 -0.00499999904632568
v 0.04964114379882813 0.08565502407047830 -0.00497854173183441
v 0.04998583984375001 0.08545601512882792 -0.00492614257335663
v 0.05062071228027345 0.08508946849796854 -0.00482962810993195
v 0.05059524536132813 0.08510417034123026 -0.00483349943161011
v 0.05088291931152344 0.08493808223698221 -0.00470421600341797
v 0.04765339660644532 0.08680265285465799 -0.00462754523754120
v 0.05054010009765626 0.08513601161930644 -0.00459012818336487
v 0.05107929992675782 0.08482470561955058 -0.00461029112339020
v 0.04699681091308595 0.08718173076603494 -0.00419438505172730
v 0.04681126403808594 0.08728885890934550 -0.00404610097408295
v 0.04681126403808594 0.08728885509464823 -0.00404610097408295
v 0.05166506958007813 0.08448651363346658 -0.00433012604713440
v 0.05218086242675782 0.08418871547672831 -0.00387310934066772
v 0.05316506958007813 0.08708458950016580 -0.00433012604713440
v 0.04648075866699219 0.08747967388126933 -0.00372230577468872
v 0.04637303161621095 0.08754187252018533 -0.00359377503395081
v 0.04615750122070313 0.08766630413029276 -0.00333091783523560
v 0.05165133666992188 0.08449443675968729 -0.00346663522720337
v 0.04582427978515625 0.08785868694279277 -0.00281735014915466
v 0.04572297668457032 0.08791717769596659 -0.00263592600822449
v 0.04567500305175782 0.08794488002750955 -0.00254999899864197
v 0.04567500305175782 0.08794488002750955 -0.00254999899864197
v 0.04591737365722657 0.08780494548771464 -0.00298153853416443
v 0.04590988159179688 0.08780927516911112 -0.00297063517570496
v 0.04590988159179688 0.08780927135441385 -0.00297063517570496
v 0.04697265625000001 0.08719567348454081 -0.00255929088592529
v 0.05069682312011720 0.08504553081486307 -0.00305006146430969
v 0.04930035400390625 0.08585178234074198 -0.00289126038551331
v 0.05007815551757813 0.08540270854923807 -0.00286320781707764
v 0.05058569335937501 0.08510968639347635 -0.00262964510917664
v 0.05406185913085938 0.08656682445499979 -0.00353553295135498
v 0.05233670043945313 0.08409874584171854 -0.00373503279685974
v 0.05256185913085938 0.08396875240299784 -0.00353553295135498
v 0.05264852905273439 0.08391871501896464 -0.00340511202812195
v 0.05290592956542969 0.08377010204289041 -0.00301776504516602
v 0.05316333007812501 0.08362148906681620 -0.00263041424751282
v 0.01948474121093751 0.06934857418034159 -0.00499999904632568
v 0.02098474121093751 0.07194665004704080 -0.00499999904632568
v 0.02146711730957032 0.07174685146305643 -0.00499999904632568
v 0.02339895629882813 0.07226448680851541 -0.00499999904632568
v 0.02198474121093751 0.07167869808170878 -0.00499999904632568
v 0.02250238037109376 0.07174685146305643 -0.00499999904632568
v 0.02298474121093751 0.07194665004704080 -0.00499999904632568
v 0.02371679687500001 0.07267870189640604 -0.00499999904632568
v 0.01989895629882813 0.06903073360416971 -0.00499999904632568
v 0.02021679687500001 0.06861652614567362 -0.00499999904632568
v 0.02041659545898438 0.06813415767643534 -0.00499999904632568
v 0.02048474121093751 0.06761652614567362 -0.00499999904632568
v 0.02041659545898438 0.06709888698551737 -0.00499999904632568
v 0.02021679687500001 0.06661652614567362 -0.00499999904632568
v 0.03029859924316407 0.06887870265934549 -0.00499999904632568
v 0.03721464538574220 0.09975766612980448 -0.00064999914169312
v 0.03706895446777345 0.09984178401920878 -0.00062785100936890
v 0.03736035156250001 0.09967355205509745 -0.00062785100936890
v 0.03693319702148439 0.09992016841862283 -0.00056291532516479
v 0.03749610900878908 0.09959516765568338 -0.00056291532516479
v 0.03761268615722658 0.09952785732243143 -0.00045961856842041
v 0.03770214843750001 0.09947621013615214 -0.00032499885559082
v 0.03775839233398439 0.09944374324772440 -0.00016823148727417
v 0.04413700866699220 0.09922398998234354 -0.00144888782501221
v 0.04447322082519533 0.09902987529728495 -0.00149999904632568
v 0.04480943298339845 0.09883576442692361 -0.00144888782501221
v 0.04382369995117189 0.09940487911198222 -0.00129903697967529
v 0.04512274169921877 0.09865487529728495 -0.00129903697967529
v 0.04147372436523438 0.09383458950016581 -0.00149999904632568
v 0.04113751220703126 0.09402870418522440 -0.00144888782501221
v 0.04180993652343751 0.09364047862980449 -0.00144888782501221
v 0.04082420349121094 0.09420958950016581 -0.00129903697967529
v 0.04212324523925782 0.09345958950016581 -0.00129903697967529
v 0.05366328430175782 0.09372398998234355 -0.00144888782501221
v 0.05399949645996095 0.09352987911198221 -0.00149999904632568
v 0.05334997558593751 0.09390487911198221 -0.00129903697967529
v 0.05433570861816407 0.09333576442692362 -0.00144888782501221
v 0.05464901733398438 0.09315487529728494 -0.00129903697967529
v 0.04563073730468751 0.08797043086979471 -0.00245050621032715
v 0.04555494689941407 0.08801419307682597 -0.00228011441230774
v 0.04547695922851563 0.08805921794865214 -0.00210480475425720
v 0.04916175842285157 0.08593179943058572 -0.00236562323570251
v 0.05073835754394532 0.08502154399845682 -0.00247673439979553
v 0.04862828063964845 0.08623980190250956 -0.00204112362861633
v 0.04970924377441407 0.08561570598576151 -0.00212166881561279
v 0.04971939086914063 0.08560984661076151 -0.00192428016662598
v 0.05084628295898438 0.08495923473332011 -0.00194501733779907
v 0.04531767272949219 0.08815118648502909 -0.00163934040069580
v 0.04531767272949219 0.08815118267033183 -0.00163934040069580
v 0.05100000000000001 0.08833458950016580 -0.00149999904632568
v 0.05066378784179688 0.08852870418522440 -0.00144888782501221
v 0.05133621215820313 0.08814047862980448 -0.00144888782501221
v 0.05035047912597657 0.08870958950016580 -0.00129903697967529
v 0.05164952087402345 0.08795958950016580 -0.00129903697967529
v 0.04857615661621095 0.08626989604923807 -0.00171549606323242
v 0.05058131408691407 0.08511221935246073 -0.00174239873886108
v 0.05089685058593751 0.08493004085514627 -0.00183920764923096
v 0.05030874633789063 0.08526957942936503 -0.00161750555038452
v 0.05095713806152345 0.08489523555729471 -0.00157588529586792
v 0.05194180297851563 0.08432673885319315 -0.00183498907089233
v 0.05151750183105470 0.08457171108219706 -0.00178757095336914
v 0.04890702819824220 0.08607886363957010 -0.00138843011856079
v 0.04897929382324220 0.08603714229557596 -0.00136064910888672
v 0.04892913818359376 0.08606609966251932 -0.00133665990829468
v 0.04765771484375001 0.08680015804264628 -0.00126008033752441
v 0.04889494323730469 0.08608583690617166 -0.00132030725479126
v 0.04915016174316407 0.08593849803898417 -0.00150762605667114
v 0.04939749145507814 0.08579569484684549 -0.00148441648483276
v 0.04929008483886720 0.08585770656559549 -0.00146808862686157
v 0.04916378784179688 0.08593062831852519 -0.00144888782501221
v 0.04911203002929689 0.08596050502750956 -0.00142413568496704
v 0.05077722167968751 0.08499910594914041 -0.00154217767715454
v 0.05005499267578126 0.08541608669254862 -0.00134424686431885
v 0.05014952087402345 0.08536151363346658 -0.00129903697967529
v 0.05475000000000001 0.08616952754948222 -0.00249999904632568
v 0.05325000000000001 0.08357145168278299 -0.00249999904632568
v 0.05329670715332032 0.08354448558781229 -0.00236979103088379
v 0.05343336486816407 0.08346559001896464 -0.00198885583877563
v 0.05352008056640626 0.08341552593205057 -0.00174711561203003
v 0.05518258666992188 0.08591977550480448 -0.00129409408569336
v 0.05368258666992189 0.08332169963810526 -0.00129409408569336
v 0.04355465698242189 0.09956020976994119 -0.00106065940856934
v 0.04539176940917970 0.09849955226872049 -0.00106065940856934
v 0.04334822082519533 0.09967939617130839 -0.00074999904632568
v 0.04559822082519533 0.09838035823795878 -0.00074999904632568
v 0.04055516052246094 0.09436492015812480 -0.00106065940856934
v 0.04239227294921876 0.09330426265690409 -0.00106065940856934
v 0.04034872436523438 0.09448411037418925 -0.00074999904632568
v 0.04259872436523438 0.09318507244083964 -0.00074999904632568
v 0.04321844482421876 0.09975432064030253 -0.00038822746276855
v 0.04572799682617189 0.09830542995426737 -0.00038822746276855
v 0.04572801208496095 0.09830542613957011 -0.00038816261291504
v 0.04317419433593751 0.09977987529728495 -0.00000006389617920
v 0.04021894836425782 0.09455903484318338 -0.00038822746276855
v 0.04272850036621095 0.09311014797184550 -0.00038822746276855
v 0.05308093261718751 0.09406020976994120 -0.00106065940856934
v 0.05491806030273438 0.09299954463932596 -0.00106065940856934
v 0.05287449645996094 0.09417939617130838 -0.00074999904632568
v 0.05512449645996095 0.09288035823795877 -0.00074999904632568
v 0.05274472045898438 0.09425432064030252 -0.00038822746276855
v 0.05525427246093751 0.09280543376896463 -0.00038822746276855
v 0.05525428771972657 0.09280542613957010 -0.00038816261291504
v 0.05270046997070314 0.09427987529728495 -0.00000006389617920
v 0.04519865417480470 0.08821990062687479 -0.00115808773040771
v 0.04512106323242188 0.08826470043156229 -0.00066568279266357
v 0.04512106323242188 0.08826469661686502 -0.00066568279266357
v 0.04729728698730470 0.08700824977848612 -0.00115243148803711
v 0.05008143615722657 0.08886492015812479 -0.00106065940856934
v 0.05191856384277344 0.08780426265690409 -0.00106065940856934
v 0.04987500000000001 0.08898411037418924 -0.00074999904632568
v 0.05212500000000001 0.08768507244083963 -0.00074999904632568
v 0.04764117431640626 0.08680970622990214 -0.00123921251296997
v 0.05025059509277344 0.08530316020939432 -0.00120948648452759
v 0.05035101318359376 0.08524518444035135 -0.00112051057815552
v 0.05135226440429688 0.08466710903141580 -0.00123484373092651
v 0.05111213684082032 0.08480575038883768 -0.00115757417678833
v 0.05041856384277345 0.08520618679020486 -0.00106065940856934
v 0.05044456481933594 0.08519117214176737 -0.00102153491973877
v 0.04840333557128907 0.08636967327091775 -0.00079264068603516
v 0.04837500000000001 0.08638603450749002 -0.00074999904632568
v 0.05052177429199219 0.08514658977482401 -0.00090532970428467
v 0.05059899902343751 0.08510200740788065 -0.00078912353515625
v 0.05062500000000001 0.08508699657414041 -0.00074999904632568
v 0.05126644897460939 0.08471666194889628 -0.00076769065856934
v 0.05065757751464844 0.08506818248722635 -0.00065916728973389
v 0.05145942687988282 0.08460524227116190 -0.00089848470687866
v 0.04508563232421876 0.08828515102360331 -0.00016686630249023
v 0.04974522399902345 0.08905903484318338 -0.00038822746276855
v 0.05225477600097657 0.08761014797184549 -0.00038822746276855
v 0.04832624816894532 0.08641417934391581 -0.00061409235000610
v 0.04830184936523439 0.08642826702091776 -0.00054607152938843
v 0.05070602416992188 0.08504021694157206 -0.00052413368225098
v 0.05075477600097657 0.08501207210514627 -0.00038822746276855
v 0.05151921081542970 0.08457072307560526 -0.00038494443893433
v 0.05077140808105469 0.08500247051212870 -0.00024238157272339
v 0.05078793334960938 0.08499292995426737 -0.00009747314453125
v 0.05324848937988282 0.08357232524845683 -0.00115978431701660
v 0.05324848937988282 0.08357232524845683 -0.00115978527069092
v 0.05373800659179688 0.08328970195744120 -0.00080794048309326
v 0.05379228210449220 0.08325836421940409 -0.00033196449279785
v 0.05379373168945313 0.08325752498600565 -0.00031916809082031
v 0.05268696594238282 0.08389651729557596 -0.00014430952072144
v -0.03299900054931639 0.13140381051991068 0.00000000095367432
v -0.03299900054931639 0.13135269929859719 0.00038822937011719
v -0.02699999999999999 0.13490381063911996 0.00000000095367432
v -0.02699999999999999 0.13140381051991068 0.00000000095367432
v -0.02699999999999999 0.13135269929859719 0.00038822937011719
v -0.03299900054931639 0.12840381051991068 0.00000000095367432
v -0.03299900054931639 0.12845492174122417 0.00038822937011719
v -0.02699999999999999 0.12840381051991068 0.00000000095367432
v -0.02699999999999999 0.12845492174122417 0.00038822937011719
v -0.03299900054931639 0.13120284893009745 0.00075000095367432
v -0.03299900054931639 0.13096447088215432 0.00106066131591797
v -0.02699999999999999 0.13120284893009745 0.00075000095367432
v -0.02699999999999999 0.13096447088215432 0.00106066131591797
v -0.03299900054931639 0.12860477258656108 0.00075000095367432
v -0.03299900054931639 0.12884315063450419 0.00106066131591797
v -0.02699999999999999 0.12860477258656108 0.00075000095367432
v -0.02699999999999999 0.12884315063450419 0.00106066131591797
v -0.02399999999999999 0.13490381063911996 0.00000000095367432
v -0.02399999999999999 0.12990381051991068 0.00000000095367432
v -0.03299900054931639 0.12040381099674784 0.00000000095367432
v -0.03299900054931639 0.12035269977543436 0.00038822937011719
v -0.03299900054931639 0.11745492221806131 0.00038822937011719
v -0.02699999999999999 0.12040381099674784 0.00000000095367432
v -0.02699999999999999 0.12035269977543436 0.00038822937011719
v -0.02699999999999999 0.11745492221806131 0.00038822937011719
v -0.03299900054931639 0.12020284893009744 0.00075000095367432
v -0.03299900054931639 0.11760477306339823 0.00075000095367432
v -0.03299900054931639 0.11996447040531717 0.00106066131591797
v -0.03299900054931639 0.11784314968082987 0.00106066131591797
v -0.02699999999999999 0.12020284893009744 0.00075000095367432
v -0.02699999999999999 0.11760477306339823 0.00075000095367432
v -0.02699999999999999 0.11996447040531717 0.00106066131591797
v -0.02699999999999999 0.11784314968082987 0.00106066131591797
v -0.02399999999999999 0.12480381061527811 0.00000000095367432
v -0.02399999999999999 0.12482836868259989 0.00049988842010498
v -0.02399999999999999 0.12490180541966044 0.00099496173858643
v -0.03299900054931639 0.13065381051991068 0.00129903888702393
v -0.02699999999999999 0.13473343970272622 0.00129409599304199
v -0.02699999999999999 0.13065381051991068 0.00129903888702393
v -0.03299900054931639 0.12915381051991068 0.00129903888702393
v -0.03299900054931639 0.13029203941319070 0.00144888973236084
v -0.03299900054931639 0.12951558210346781 0.00144888973236084
v -0.03299900054931639 0.12990381051991068 0.00150000095367432
v -0.02699999999999999 0.12915381051991068 0.00129903888702393
v -0.02699999999999999 0.13029203941319070 0.00144888973236084
v -0.02699999999999999 0.12951558210346781 0.00144888973236084
v -0.02699999999999999 0.12990381051991068 0.00150000095367432
v -0.02399999999999999 0.13473343970272622 0.00129409599304199
v -0.02399999999999999 0.12990381051991068 0.00150000095367432
v -0.03299900054931639 0.11965381099674784 0.00129903888702393
v -0.03299900054931639 0.11815381099674784 0.00129903888702393
v -0.03299900054931639 0.11929203845951640 0.00144888973236084
v -0.03299900054931639 0.11851558162663064 0.00144888973236084
v -0.03299900054931639 0.11890381099674784 0.00150000095367432
v -0.02699999999999999 0.11965381099674784 0.00129903888702393
v -0.02699999999999999 0.11815381099674784 0.00129903888702393
v -0.02699999999999999 0.11929203845951640 0.00144888973236084
v -0.02699999999999999 0.11851558162663064 0.00144888973236084
v -0.02699999999999999 0.11890381099674784 0.00150000095367432
v -0.02399999999999999 0.12502341510746562 0.00148045301437378
v -0.02399999999999999 0.12519202472660623 0.00195168638229370
v -0.02399999999999999 0.12540601207707011 0.00240412425994873
v 0.00019999694824220 0.13490381063911996 0.00000000095367432
v 0.00519999694824220 0.13490381063911996 0.00000000095367432
v 0.00819999694824220 0.13490381063911996 0.00000000095367432
v 0.00819999694824220 0.12490381099674784 0.00000000095367432
v 0.00019999694824220 0.13473343970272622 0.00129409599304199
v 0.00519999694824220 0.13473343970272622 0.00129409599304199
v 0.00819999694824220 0.13473343970272622 0.00129409599304199
v 0.00519999694824220 0.13240381051991068 0.00200000095367432
v 0.00519999694824220 0.13238677360508525 0.00212941074371338
v 0.00519999694824220 0.13233682324383342 0.00225000095367432
v 0.00519999694824220 0.13225736405346475 0.00235355472564697
v 0.00519999694824220 0.13215381051991068 0.00243301391601563
v 0.00519999694824220 0.13203322007153118 0.00248296356201172
v 0.00819999694824220 0.13240381051991068 0.00200000095367432
v 0.00819999694824220 0.13238677360508525 0.00212941074371338
v 0.00819999694824220 0.13233682324383342 0.00225000095367432
v 0.00819999694824220 0.13225736405346475 0.00235355472564697
v 0.00819999694824220 0.13215381051991068 0.00243301391601563
v 0.00819999694824220 0.13203322007153118 0.00248296356201172
v 0.00519999694824220 0.12740381099674783 0.00200000095367432
v 0.00519999694824220 0.12742084743473611 0.00212941074371338
v 0.00519999694824220 0.12747079803440653 0.00225000095367432
v 0.00519999694824220 0.12755025722477517 0.00235355472564697
v 0.00519999694824220 0.12765381099674783 0.00243301391601563
v 0.00519999694824220 0.12777440120670877 0.00248296356201172
v 0.00819999694824220 0.12740381099674783 0.00200000095367432
v 0.00819999694824220 0.12742084743473611 0.00212941074371338
v 0.00819999694824220 0.12747079803440653 0.00225000095367432
v 0.00819999694824220 0.12755025722477517 0.00235355472564697
v 0.00819999694824220 0.12765381099674783 0.00243301391601563
v 0.00819999694824220 0.12777440120670877 0.00248296356201172
v 0.00819999694824220 0.12507418109867655 0.00129409599304199
v -0.03299900054931639 0.11740381099674783 0.00000000095367432
v -0.02699999999999999 0.11740381099674783 0.00000000095367432
v -0.03199999999999999 0.11290381099674784 0.00000000095367432
v -0.03199999999999999 0.11160380985233866 0.00000000095367432
v -0.03199999999999999 0.11090381099674784 0.00000000095367432
v -0.03199999999999999 0.11288166286442362 0.00016823339462280
v -0.03199999999999999 0.11162595798466288 0.00016823339462280
v -0.03199999999999999 0.11281672718021951 0.00032500076293945
v -0.03199999999999999 0.11271343090031229 0.00045962047576904
v -0.03199999999999999 0.11169089366886698 0.00032500076293945
v -0.03199999999999999 0.11179419185612284 0.00045962047576904
v -0.03199999999999999 0.11257881023380839 0.00056291770935059
v -0.03199999999999999 0.11192881061527811 0.00056291770935059
v -0.02999999999999999 0.11290381099674784 0.00000000095367432
v -0.02999999999999999 0.11160380985233866 0.00000000095367432
v -0.02999999999999999 0.11090381099674784 0.00000000095367432
v -0.02999999999999999 0.11288166286442362 0.00016823339462280
v -0.02999999999999999 0.11162595798466288 0.00016823339462280
v -0.02999999999999999 0.11281672718021951 0.00032500076293945
v -0.02999999999999999 0.11271343090031229 0.00045962047576904
v -0.02999999999999999 0.11169089366886698 0.00032500076293945
v -0.02999999999999999 0.11179419185612284 0.00045962047576904
v -0.02999999999999999 0.11257881023380839 0.00056291770935059
v -0.02999999999999999 0.11192881061527811 0.00056291770935059
v -0.03199999999999999 0.11242204334232889 0.00062785291671753
v -0.03199999999999999 0.11225381137821756 0.00065000104904175
v -0.03199999999999999 0.11208557750675760 0.00062785291671753
v -0.03199999999999999 0.11080158855412088 0.00077645826339722
v -0.02999999999999999 0.11242204334232889 0.00062785291671753
v -0.02999999999999999 0.11225381137821756 0.00065000104904175
v -0.02999999999999999 0.11208557750675760 0.00062785291671753
v -0.02999999999999999 0.11080158855412088 0.00077645826339722
v -0.03199999999999999 0.10490381099674784 0.00000000095367432
v -0.02999999999999999 0.10490381099674784 0.00000000095367432
v -0.03199999999999999 0.10420381023380838 0.00000000095367432
v -0.03199999999999999 0.10290381099674784 0.00000000095367432
v -0.03199999999999999 0.10418166210148416 0.00016823339462280
v -0.03199999999999999 0.10292595912907206 0.00016823339462280
v -0.03199999999999999 0.10411672641728006 0.00032500076293945
v -0.03199999999999999 0.10401343013737284 0.00045962047576904
v -0.03199999999999999 0.10299089290592753 0.00032500076293945
v -0.03199999999999999 0.10309419109318338 0.00045962047576904
v -0.03199999999999999 0.10387881137821757 0.00056291770935059
v -0.03199999999999999 0.10322881175968729 0.00056291770935059
v -0.02999999999999999 0.10420381023380838 0.00000000095367432
v -0.02999999999999999 0.10290381099674784 0.00000000095367432
v -0.02999999999999999 0.10418166210148416 0.00016823339462280
v -0.02999999999999999 0.10292595912907206 0.00016823339462280
v -0.02999999999999999 0.10411672641728006 0.00032500076293945
v -0.02999999999999999 0.10401343013737284 0.00045962047576904
v -0.02999999999999999 0.10299089290592753 0.00032500076293945
v -0.02999999999999999 0.10309419109318338 0.00045962047576904
v -0.02999999999999999 0.10387881137821757 0.00056291770935059
v -0.02999999999999999 0.10322881175968729 0.00056291770935059
v -0.03199999999999999 0.10500603343937479 0.00077645826339722
v -0.02999999999999999 0.10500603343937479 0.00077645826339722
v -0.03199999999999999 0.10372204448673807 0.00062785291671753
v -0.03199999999999999 0.10355380870792948 0.00065000104904175
v -0.03199999999999999 0.10338557674381815 0.00062785291671753
v -0.02999999999999999 0.10372204448673807 0.00062785291671753
v -0.02999999999999999 0.10355380870792948 0.00065000104904175
v -0.02999999999999999 0.10338557674381815 0.00062785291671753
v -0.03199999999999999 0.11050188686344706 0.00150000095367432
v -0.02999999999999999 0.11050188686344706 0.00150000095367432
v -0.03199999999999999 0.11002513172123514 0.00212132167816162
v -0.02999999999999999 0.11002513172123514 0.00212132167816162
v -0.03199999999999999 0.10530573513004862 0.00150000095367432
v -0.02999999999999999 0.10530573513004862 0.00150000095367432
v -0.03199999999999999 0.10578249027226054 0.00212132167816162
v -0.02999999999999999 0.10578249027226054 0.00212132167816162
v -0.02699999999999999 0.13423393763992869 0.00250000095367432
v -0.02699999999999999 0.13343934442493999 0.00353553485870361
v -0.02399999999999999 0.13423393763992869 0.00250000095367432
v -0.02399999999999999 0.13051495792362772 0.00307244586944580
v -0.02399999999999999 0.13343934442493999 0.00353553485870361
v -0.02399999999999999 0.12629756595585429 0.00360624599456787
v -0.02399999999999999 0.12566331531498515 0.00283340930938721
v -0.02399999999999999 0.12596145679447734 0.00323540687561035
v -0.02699999999999999 0.13240381051991068 0.00433012771606445
v -0.02699999999999999 0.13119790603611550 0.00482962989807129
v -0.02699999999999999 0.12990381051991068 0.00500000095367432
v -0.02399999999999999 0.13240381051991068 0.00433012771606445
v -0.02399999999999999 0.12666840507481181 0.00394235420227051
v -0.02399999999999999 0.12707040264103495 0.00424049568176270
v -0.02399999999999999 0.13119790603611550 0.00482962989807129
v -0.02399999999999999 0.13087299205753886 0.00487240600585937
v -0.02399999999999999 0.12749968673679909 0.00449779987335205
v -0.02399999999999999 0.12990381051991068 0.00500000095367432
v -0.02399999999999999 0.12842335893604837 0.00488039684295654
v -0.02399999999999999 0.12890084697697246 0.00500000095367432
v -0.02399999999999999 0.12795212509129131 0.00471178627014160
v -0.02399999999999999 0.12170381023380838 0.00500000095367432
v 0.00019999694824220 0.13423393763992869 0.00250000095367432
v 0.00019999694824220 0.13343934442493999 0.00353553485870361
v 0.00519999694824220 0.13423393763992869 0.00250000095367432
v 0.00519999694824220 0.13190381051991068 0.00250000095367432
v 0.00649288940429689 0.13061091758701884 0.00250000095367432
v 0.00694117736816408 0.13086973621342265 0.00250000095367432
v 0.00719999694824220 0.13090381051991068 0.00250000095367432
v 0.00669999694824220 0.13076983596775613 0.00250000095367432
v 0.00819999694824220 0.13423393763992869 0.00250000095367432
v 0.00819999694824220 0.13190381051991068 0.00250000095367432
v 0.00819999694824220 0.13090381051991068 0.00250000095367432
v 0.00969999694824220 0.13076983596775613 0.00250000095367432
v 0.00949288940429689 0.13061091758701884 0.00250000095367432
v 0.00994117736816408 0.13086973621342265 0.00250000095367432
v 0.01019999694824220 0.13090381051991068 0.00250000095367432
v 0.01045881652832033 0.13086973621342265 0.00250000095367432
v 0.01069999694824220 0.13076983596775613 0.00250000095367432
v 0.01090710449218751 0.13061091758701884 0.00250000095367432
v 0.01319999694824220 0.13090381051991068 0.00250000095367432
v 0.01345881652832033 0.13086973621342265 0.00250000095367432
v 0.01369999694824220 0.13076983596775613 0.00250000095367432
v 0.00633396911621095 0.13040381051991068 0.00250000095367432
v 0.00623406982421876 0.13016262962315164 0.00250000095367432
v 0.00619999694824220 0.12990381051991068 0.00250000095367432
v 0.00623406982421876 0.12964499141666971 0.00250000095367432
v 0.00633396911621095 0.12940381051991068 0.00250000095367432
v 0.00649288940429689 0.12919670392963969 0.00250000095367432
v 0.00669999694824220 0.12903778507206523 0.00250000095367432
v 0.00694117736816408 0.12893788482639873 0.00250000095367432
v 0.00719999694824220 0.12890381051991068 0.00250000095367432
v 0.00519999694824220 0.12790381051991068 0.00250000095367432
v 0.00933396911621095 0.13040381051991068 0.00250000095367432
v 0.00923406982421876 0.13016262962315164 0.00250000095367432
v 0.00919999694824220 0.12990381051991068 0.00250000095367432
v 0.00923406982421876 0.12964499141666971 0.00250000095367432
v 0.00819999694824220 0.12890381051991068 0.00250000095367432
v 0.00933396911621095 0.12940381051991068 0.00250000095367432
v 0.00949288940429689 0.12919670392963969 0.00250000095367432
v 0.00969999694824220 0.12903778507206523 0.00250000095367432
v 0.00994117736816408 0.12893788482639873 0.00250000095367432
v 0.01019999694824220 0.12890381051991068 0.00250000095367432
v 0.01045881652832033 0.12893788482639873 0.00250000095367432
v 0.01106602478027345 0.13040381051991068 0.00250000095367432
v 0.01116592407226564 0.13016262962315164 0.00250000095367432
v 0.01119999694824220 0.12990381051991068 0.00250000095367432
v 0.01116592407226564 0.12964499141666971 0.00250000095367432
v 0.01090710449218751 0.12919670392963969 0.00250000095367432
v 0.01106602478027345 0.12940381051991068 0.00250000095367432
v 0.01069999694824220 0.12903778507206523 0.00250000095367432
v 0.01319999694824220 0.12890381051991068 0.00250000095367432
v 0.01369999694824220 0.12903778507206523 0.00250000095367432
v 0.01345881652832033 0.12893788482639873 0.00250000095367432
v 0.00819999694824220 0.12790381051991068 0.00250000095367432
v 0.00519999694824220 0.13343934442493999 0.00353553485870361
v 0.00819999694824220 0.13343934442493999 0.00353553485870361
v 0.00819999694824220 0.12636827709171855 0.00353553485870361
v 0.00819999694824220 0.12557368328068338 0.00250000095367432
v 0.00019999694824220 0.13240381051991068 0.00433012771606445
v 0.00019999694824220 0.13119790603611550 0.00482962989807129
v 0.00019999694824220 0.12990381051991068 0.00500000095367432
v 0.00519999694824220 0.13240381051991068 0.00433012771606445
v 0.00819999694824220 0.13240381051991068 0.00433012771606445
v 0.00819999694824220 0.12740381099674783 0.00433012771606445
v 0.00519999694824220 0.13119790603611550 0.00482962989807129
v 0.00819999694824220 0.13119790603611550 0.00482962989807129
v 0.00981684875488283 0.13082749893162332 0.00491394042968750
v 0.01000738525390626 0.13088480808231912 0.00490285968780518
v 0.01019999694824220 0.13090381051991068 0.00489898014068604
v 0.01039262390136720 0.13088480808231912 0.00490285968780518
v 0.01058314514160158 0.13082749893162332 0.00491394042968750
v 0.00964193725585939 0.13073328449223123 0.00493069744110107
v 0.00949290466308595 0.13061093236897073 0.00494974613189697
v 0.01075807189941408 0.13073328449223123 0.00493069744110107
v 0.01090708923339845 0.13061093236897073 0.00494974613189697
v 0.00519999694824220 0.12990381051991068 0.00500000095367432
v 0.00819999694824220 0.12860971548054301 0.00482962989807129
v 0.00819999694824220 0.12990381051991068 0.00500000095367432
v 0.00937054443359376 0.13046191074345195 0.00496871852874756
v 0.00927632141113283 0.13028697492573343 0.00498529815673828
v 0.00921900939941408 0.13009643699619852 0.00499619865417480
v 0.00919999694824220 0.12990381051991068 0.00500000095367432
v 0.00921900939941408 0.12971118404362283 0.00499619865417480
v 0.00927632141113283 0.12952064611408792 0.00498529815673828
v 0.00981684875488283 0.12898012210819804 0.00491394042968750
v 0.01000738525390626 0.12892281295750224 0.00490285968780518
v 0.01019999694824220 0.12890381051991068 0.00489898014068604
v 0.01039262390136720 0.12892281295750224 0.00490285968780518
v 0.01058314514160158 0.12898012210819804 0.00491394042968750
v 0.00949290466308595 0.12919668914768778 0.00494974613189697
v 0.00964193725585939 0.12907433702442728 0.00493069744110107
v 0.00937054443359376 0.12934571029636943 0.00496871852874756
v 0.01102944946289064 0.13046191074345195 0.00496871852874756
v 0.01112368774414064 0.13028697492573343 0.00498529815673828
v 0.01118099975585939 0.13009643699619852 0.00499619865417480
v 0.01119999694824220 0.12990381051991068 0.00500000095367432
v 0.01118099975585939 0.12971118404362283 0.00499619865417480
v 0.01112368774414064 0.12952064611408792 0.00498529815673828
v 0.01090708923339845 0.12919668914768778 0.00494974613189697
v 0.01075807189941408 0.12907433702442728 0.00493069744110107
v 0.01102944946289064 0.12934571029636943 0.00496871852874756
v 0.00019999694824220 0.12170381023380838 0.00500000095367432
v 0.00519999694824220 0.12470381023380839 0.00500000095367432
v 0.00537037658691408 0.12340971519444072 0.00500000095367432
v 0.00586987304687501 0.12220381023380839 0.00500000095367432
v 0.00666445922851564 0.12116827632877909 0.00500000095367432
v 0.00769999694824220 0.12037368347141825 0.00500000095367432
v 0.00890589904785158 0.11987418128941141 0.00500000095367432
v 0.01019999694824220 0.11970381023380838 0.00500000095367432
v -0.03199999999999999 0.10940381099674784 0.00259807682037354
v -0.03199999999999999 0.10868026782963358 0.00289777851104736
v -0.02999999999999999 0.10940381099674784 0.00259807682037354
v -0.02999999999999999 0.10868026782963358 0.00289777851104736
v -0.03199999999999999 0.10640381099674784 0.00259807682037354
v -0.03199999999999999 0.10712735416386210 0.00289777851104736
v -0.03199999999999999 0.10790381099674784 0.00300000095367432
v -0.02999999999999999 0.10640381099674784 0.00259807682037354
v -0.02999999999999999 0.10712735416386210 0.00289777851104736
v -0.02999999999999999 0.10790381099674784 0.00300000095367432
v -0.03199999999999999 0.11610380985233866 0.00500000095367432
v -0.02699999999999999 0.11610380985233866 0.00500000095367432
v -0.02999999999999999 0.11410380985233866 0.00500000095367432
v -0.03199999999999999 0.10170381023380838 0.00500000095367432
v -0.02999999999999999 0.10170381023380838 0.00500000095367432
v 0.00019999694824220 0.11410380985233866 0.00500000095367432
v 0.00071763610839845 0.11403566219303690 0.00500000095367432
v 0.00119999694824220 0.11383586170170390 0.00500000095367432
v 0.00161421203613283 0.11351802494022928 0.00500000095367432
v 0.00193205261230470 0.11310380985233866 0.00500000095367432
v 0.00546795654296876 0.11310380985233866 0.00500000095367432
v 0.00619999694824220 0.11383586170170390 0.00500000095367432
v 0.00668235778808595 0.11403566219303690 0.00500000095367432
v 0.00719999694824220 0.11410380985233866 0.00500000095367432
v 0.00578578186035157 0.11351802494022928 0.00500000095367432
v 0.00213185119628907 0.11262144901249491 0.00500000095367432
v 0.00219999694824220 0.11210380985233866 0.00500000095367432
v 0.00526814270019533 0.11262144901249491 0.00500000095367432
v 0.00519999694824220 0.11210380985233866 0.00500000095367432
v 0.00019999694824220 0.10170381023380838 0.00500000095367432
v 0.00071763610839845 0.10177195980045878 0.00500000095367432
v 0.00219999694824220 0.10370381023380838 0.00500000095367432
v 0.00213185119628907 0.10318617107365213 0.00500000095367432
v 0.00193205261230470 0.10270381023380838 0.00500000095367432
v 0.00161421203613282 0.10228959514591776 0.00500000095367432
v 0.00519999694824220 0.10370381023380838 0.00500000095367432
v 0.00526814270019532 0.10318617107365213 0.00500000095367432
v 0.00546795654296876 0.10270381023380838 0.00500000095367432
v 0.00578578186035157 0.10228959514591776 0.00500000095367432
v 0.00119999694824220 0.10197175838444315 0.00500000095367432
v 0.00619999694824220 0.10197175838444315 0.00500000095367432
v 0.00668235778808595 0.10177195980045878 0.00500000095367432
v 0.00719999694824220 0.10170381023380838 0.00500000095367432
v 0.01719999694824220 0.13490381063911996 0.00000000095367432
v 0.01719999694824220 0.13064651634190164 0.00000000095367432
v 0.01719999694824220 0.13054701282475076 0.00037135410308838
v 0.01719999694824220 0.12921533729527079 0.00000666475296021
v 0.01719999694824220 0.12926548149082742 0.00002621364593506
v 0.01719999694824220 0.12916110469791972 0.00000000095367432
v 0.01719999694824220 0.12930821229908548 0.00005735158920288
v 0.01719999694824220 0.12934069683048807 0.00009801435470581
v 0.01719999694824220 0.12936078121159159 0.00014550542831421
v 0.01719999694824220 0.12936713315937601 0.00019667577743530
v 0.01719999694824220 0.12935933210346781 0.00024813318252563
v 0.01719999694824220 0.12933789493534648 0.00029646492004395
v 0.01919999694824220 0.12841469480488382 0.00020000076293945
v 0.01919999694824220 0.12846892692539774 0.00020666456222534
v 0.01919999694824220 0.12851907112095437 0.00022621345520020
v 0.01919999694824220 0.12856180240604959 0.00025735187530518
v 0.01919999694824220 0.12859428646061502 0.00029801416397095
v 0.01719999694824220 0.13049671413395486 0.00035000848770142
v 0.01719999694824220 0.13044351388905132 0.00034186649322510
v 0.01719999694824220 0.13039093830082499 0.00034746742248535
v 0.01719999694824220 0.13034247495625101 0.00036643981933594
v 0.01719999694824220 0.13030133583042705 0.00039752626419067
v 0.01719999694824220 0.13027024938557230 0.00043866539001465
v 0.01719999694824220 0.12930424358341777 0.00033846664428711
v 0.01719999694824220 0.12926060869190775 0.00037135410308838
v 0.01919999694824220 0.12861437084171853 0.00034550523757935
v 0.01919999694824220 0.12862072278950296 0.00039667606353760
v 0.01919999694824220 0.12861292173359476 0.00044813299179077
v 0.01719999694824220 0.13025127698872171 0.00048712873458862
v 0.01719999694824220 0.13024567605946147 0.00053970384597778
v 0.01719999694824220 0.12975830604527078 0.00054303073883057
v 0.01719999694824220 0.12970713569614969 0.00053667831420898
v 0.01719999694824220 0.12965567876789652 0.00054447937011719
v 0.01719999694824220 0.13025381805393779 0.00059290456771851
v 0.01719999694824220 0.12980579711887918 0.00056311464309692
v 0.01719999694824220 0.12960734655354106 0.00056591653823853
v 0.01719999694824220 0.12984645988438212 0.00059559917449951
v 0.01719999694824220 0.12956534482929788 0.00059956836700439
v 0.01919999694824220 0.12859148504231058 0.00049646472930908
v 0.01919999694824220 0.12855783321354472 0.00053846693038940
v 0.01919999694824220 0.12851419832203470 0.00057135391235352
v 0.01719999694824220 0.13482784940693460 0.00086824178695679
v 0.01919999694824220 0.13109342290852152 0.00091776418685913
v 0.01919999694824220 0.13098992397282205 0.00088827657699585
v 0.01919999694824220 0.13104312421772563 0.00089641857147217
v 0.01919999694824220 0.13093734886143291 0.00089387750625610
v 0.01919999694824220 0.13088888504002177 0.00091284990310669
v 0.01919999694824220 0.13084774591419779 0.00094393634796143
v 0.01919999694824220 0.13081665946934307 0.00098507547378540
v 0.01919999694824220 0.13079768707249248 0.00103353929519653
v 0.01919999694824220 0.13079208614323221 0.00108611440658569
v 0.01919999694824220 0.13080022813770853 0.00113931465148926
v 0.01919999694824220 0.13082157375309550 0.00118961334228516
v 0.01719999694824220 0.13027516366932473 0.00064320325851440
v 0.01719999694824220 0.12987759830448709 0.00063833045959473
v 0.01719999694824220 0.12953245784733378 0.00064320325851440
v 0.01719999694824220 0.12989714719746195 0.00068847417831421
v 0.01719999694824220 0.12990381051991068 0.00074270677566528
v 0.01719999694824220 0.12490381099674784 0.00000000095367432
v 0.01919999694824220 0.12510797931644999 0.00020000076293945
v 0.01919999694824220 0.12518876888249003 0.00089910268783569
v 0.01719999694824220 0.12497977210972391 0.00086824178695679
v 0.01719999694824220 0.13460227372143352 0.00171010160446167
v 0.01919999694824220 0.12950713588688456 0.00128308868408203
v 0.01919999694824220 0.12955830623600564 0.00128944063186646
v 0.01919999694824220 0.12945567848179423 0.00129088973999023
v 0.01919999694824220 0.12960579730961405 0.00130952501296997
v 0.01919999694824220 0.12964646007511699 0.00134200954437256
v 0.01919999694824220 0.12967759801838480 0.00138474035263062
v 0.01919999694824220 0.12940734674427593 0.00131232690811157
v 0.01919999694824220 0.12936534454319559 0.00134597826004028
v 0.01919999694824220 0.12933245756123149 0.00138961315155029
v 0.01919999694824220 0.12969714691135967 0.00143488454818726
v 0.01919999694824220 0.12970381071064555 0.00148911714553833
v 0.01519999694824220 0.13240381051991068 0.00200000095367432
v 0.01619999694824220 0.13240381051991068 0.00200000095367432
v 0.01519999694824220 0.13238677360508525 0.00212941074371338
v 0.01619999694824220 0.13238677360508525 0.00212941074371338
v 0.01519999694824220 0.13233682324383342 0.00225000095367432
v 0.01619999694824220 0.13233682324383342 0.00225000095367432
v 0.01519999694824220 0.13225736405346475 0.00235355472564697
v 0.01519999694824220 0.13215381051991068 0.00243301391601563
v 0.01519999694824220 0.13203322007153118 0.00248296356201172
v 0.01619999694824220 0.13225736405346475 0.00235355472564697
v 0.01619999694824220 0.13215381051991068 0.00243301391601563
v 0.01619999694824220 0.13203322007153118 0.00248296356201172
v 0.01519999694824220 0.12740381099674783 0.00200000095367432
v 0.01619999694824220 0.12740381099674783 0.00200000095367432
v 0.01519999694824220 0.12742084743473611 0.00212941074371338
v 0.01619999694824220 0.12742084743473611 0.00212941074371338
v 0.01519999694824220 0.12747079803440653 0.00225000095367432
v 0.01619999694824220 0.12747079803440653 0.00225000095367432
v 0.01519999694824220 0.12755025722477517 0.00235355472564697
v 0.01519999694824220 0.12765381099674783 0.00243301391601563
v 0.01519999694824220 0.12777440120670877 0.00248296356201172
v 0.01619999694824220 0.12755025722477517 0.00235355472564697
v 0.01619999694824220 0.12765381099674783 0.00243301391601563
v 0.01619999694824220 0.12777440120670877 0.00248296356201172
v 0.01719999694824220 0.12520534755680643 0.00171010160446167
v 0.01919999694824220 0.12537091400120340 0.00157887697219849
v 0.01919999694824220 0.12565049888584695 0.00222471141815186
v 0.04650000000000001 0.13490381063911996 0.00000000095367432
v 0.04950000000000002 0.13490381063911996 0.00000000095367432
v 0.04650000000000001 0.13140381051991068 0.00000000095367432
v 0.04950000000000002 0.13140381051991068 0.00000000095367432
v 0.04650000000000001 0.13135269929859719 0.00038822937011719
v 0.04950000000000002 0.13135269929859719 0.00038822937011719
v 0.04650000000000001 0.12840381051991068 0.00000000095367432
v 0.04950000000000002 0.12840381051991068 0.00000000095367432
v 0.04650000000000001 0.12845492174122417 0.00038822937011719
v 0.04950000000000002 0.12845492174122417 0.00038822937011719
v 0.04650000000000001 0.13120284893009745 0.00075000095367432
v 0.04950000000000002 0.13120284893009745 0.00075000095367432
v 0.04650000000000001 0.13096447088215432 0.00106066131591797
v 0.04950000000000002 0.13096447088215432 0.00106066131591797
v 0.04650000000000001 0.12860477258656108 0.00075000095367432
v 0.04950000000000002 0.12860477258656108 0.00075000095367432
v 0.04650000000000001 0.12884315063450419 0.00106066131591797
v 0.04950000000000002 0.12884315063450419 0.00106066131591797
v 0.04650000000000001 0.13473343970272622 0.00129409599304199
v 0.04950000000000002 0.13473343970272622 0.00129409599304199
v 0.04650000000000001 0.13065381051991068 0.00129903888702393
v 0.04950000000000002 0.13065381051991068 0.00129903888702393
v 0.04650000000000001 0.12915381051991068 0.00129903888702393
v 0.04650000000000001 0.13029203941319070 0.00144888973236084
v 0.04650000000000001 0.12951558210346781 0.00144888973236084
v 0.04650000000000001 0.12990381051991068 0.00150000095367432
v 0.04950000000000002 0.12915381051991068 0.00129903888702393
v 0.04950000000000002 0.13029203941319070 0.00144888973236084
v 0.04950000000000002 0.12951558210346781 0.00144888973236084
v 0.04950000000000002 0.12990381051991068 0.00150000095367432
v 0.02911730957031251 0.10443266727421366 0.00000000095367432
v 0.02913648986816407 0.10442159320805156 0.00016823339462280
v 0.03011730957031251 0.10616471912357889 0.00000000095367432
v 0.03124314880371095 0.10551471759769998 0.00000000095367432
v 0.03184936523437501 0.10516471912357889 0.00000000095367432
v 0.03013648986816407 0.10615364505741678 0.00016823339462280
v 0.03122396850585939 0.10552579166386210 0.00016823339462280
v 0.02919273376464845 0.10438912631962381 0.00032500076293945
v 0.02928219604492189 0.10433747722599589 0.00045962047576904
v 0.03019273376464845 0.10612117626164042 0.00032500076293945
v 0.03116772460937501 0.10555826045963847 0.00032500076293945
v 0.03028219604492189 0.10606952716801249 0.00045962047576904
v 0.03107827758789064 0.10560990764591777 0.00045962047576904
v 0.03039877319335939 0.10600221874210916 0.00056291770935059
v 0.03096168518066407 0.10567721797916971 0.00056291770935059
v 0.03024314880371095 0.10378266765568339 0.00000000095367432
v 0.03022396850585939 0.10379374172184549 0.00016823339462280
v 0.02939877319335939 0.10427016689274393 0.00056291770935059
v 0.03016772460937501 0.10382620861027322 0.00032500076293945
v 0.03086468505859376 0.10342382671330057 0.00032525014877319
v 0.03007827758789064 0.10387785770390116 0.00045962047576904
v 0.02996168518066407 0.10394516803715312 0.00056291770935059
v 0.03704551696777345 0.10216471721623026 0.00000000095367432
v 0.03766246032714846 0.10180852367374979 0.00012630081176758
v 0.03877633666992189 0.10116543056461894 0.00004303073883057
v 0.03665173339843752 0.10008266689274394 0.00000000095367432
v 0.03770959472656252 0.10178131725285135 0.00028702354431152
v 0.03874754333496095 0.10118205120060526 0.00020942783355713
v 0.03667091369628907 0.10007159282658182 0.00016823339462280
v 0.03601510620117189 0.10045022823307596 0.00045771455764771
v 0.03779113769531252 0.10173423625919902 0.00042818593978882
v 0.03868244934082033 0.10121963359806620 0.00036155271530151
v 0.03672715759277345 0.10003912593815409 0.00032500076293945
v 0.03681660461425783 0.09998747875187479 0.00045962047576904
v 0.03790153503417970 0.10167049266789041 0.00054016780853271
v 0.03858546447753908 0.10127562572453104 0.00048903846740723
v 0.03803327941894533 0.10159443141911112 0.00061533880233765
v 0.03846322631835939 0.10134620525333964 0.00058319759368896
v 0.03053453063964845 0.10592383434269510 0.00062785291671753
v 0.03082592773437501 0.10575560237858378 0.00062785291671753
v 0.03068023681640626 0.10583971836063943 0.00065000104904175
v 0.03193789672851564 0.10511360790226541 0.00077645826339722
v 0.02953453063964845 0.10419178440067850 0.00062785291671753
v 0.02968023681640626 0.10410766651127421 0.00065000104904175
v 0.02982592773437501 0.10402355052921854 0.00062785291671753
v 0.03102558898925782 0.10333092357609354 0.00108604812622070
v 0.03695698547363283 0.10221583034489237 0.00077645826339722
v 0.03817738342285158 0.10151123287174783 0.00064857530593872
v 0.03832403564453127 0.10142656948063455 0.00063761234283447
v 0.03582501220703126 0.10055997325871073 0.00120948505401611
v 0.03219744873046877 0.10496375705692851 0.00150000095367432
v 0.03135154724121095 0.10314273693058573 0.00177283334732056
v 0.03669744873046876 0.10236567928288065 0.00150000095367432
v 0.03261032104492189 0.10472537853214822 0.00212132167816162
v 0.03182032775878908 0.10287208415958964 0.00233880329132080
v 0.03628456115722658 0.10260405971500956 0.00212132167816162
v 0.03547290039062501 0.10076326610539042 0.00187883138656616
v 0.03498275756835939 0.10104625179264627 0.00242013835906982
v 0.05142468261718752 0.11407016231510721 0.00000000095367432
v 0.05146894836425783 0.11404460765812480 0.00038822937011719
v 0.04992468261718751 0.11147208644840799 0.00000000095367432
v 0.04842468261718751 0.10887401058170877 0.00000000095367432
v 0.04996894836425782 0.11144653179142558 0.00038822937011719
v 0.04846894836425783 0.10884845401737772 0.00038822937011719
v 0.05159872436523439 0.11396968128178202 0.00075000095367432
v 0.05180516052246095 0.11385049297306619 0.00106066131591797
v 0.05009872436523439 0.11137160541508280 0.00075000095367432
v 0.04859872436523439 0.10877352954838358 0.00075000095367432
v 0.05030516052246095 0.11125241710636698 0.00106066131591797
v 0.05214227294921876 0.11019175579044901 0.00106066131591797
v 0.05402276611328127 0.11257016231510722 0.00000000095367432
v 0.05252276611328126 0.10997208644840799 0.00000000095367432
v 0.05791987609863283 0.11032016231510722 0.00000000095367432
v 0.05397850036621096 0.11259571887943827 0.00038822937011719
v 0.05247850036621095 0.10999764301273905 0.00038822937011719
v 0.05384872436523439 0.11267064334843241 0.00075000095367432
v 0.05234872436523439 0.11007256748173319 0.00075000095367432
v 0.05364227294921876 0.11278983356449686 0.00106066131591797
v 0.04817518615722658 0.10844186260197244 0.00000000095367432
v 0.05102276611328126 0.10737401058170877 0.00000000095367432
v 0.05077326965332033 0.10694185878727518 0.00000000095367432
v 0.04821945190429689 0.10841630603764139 0.00038822937011719
v 0.05097850036621095 0.10739956523869119 0.00038822937011719
v 0.05072900390625001 0.10696741535160624 0.00038822937011719
v 0.04834922790527345 0.10834137966129861 0.00075000095367432
v 0.04834963989257814 0.10834114315006815 0.00075061988830566
v 0.05059948730468752 0.10704219295475566 0.00074927902221680
v 0.05059922790527345 0.10704234172794901 0.00075000095367432
v 0.05084872436523439 0.10747449161503397 0.00075000095367432
v 0.04880516052246095 0.10865434123966776 0.00106066131591797
v 0.04855566406250002 0.10822219325993143 0.00106066131591797
v 0.05064227294921877 0.10759367992374980 0.00106066131591797
v 0.05039318847656252 0.10716129734013163 0.00106003904342651
v 0.05039277648925783 0.10716153575871074 0.00106066131591797
v 0.05641987609863282 0.10772208644840800 0.00000000095367432
v 0.06095095825195314 0.10857016231510720 0.00000000095367432
v 0.06354904174804689 0.10707016231510720 0.00000000095367432
v 0.05945095825195314 0.10597208644840798 0.00000000095367432
v 0.06204904174804689 0.10447208644840798 0.00000000095367432
v 0.06099522399902346 0.10854460765812478 0.00038822937011719
v 0.06350477600097658 0.10709571887943825 0.00038822937011719
v 0.05949522399902345 0.10594653179142556 0.00038822937011719
v 0.06200477600097658 0.10449764301273903 0.00038822937011719
v 0.05795095825195314 0.10337401058170878 0.00000000095367432
v 0.05770146179199220 0.10294186260197245 0.00000000095367432
v 0.05799522399902345 0.10334845592472636 0.00038822937011719
v 0.05774572753906251 0.10291630794499003 0.00038822937011719
v 0.05774598693847658 0.10291615917179667 0.00038895273208618
v 0.06508012390136721 0.10272208644840798 0.00000000095367432
v 0.06054904174804689 0.10187401058170877 0.00000000095367432
v 0.06029954528808595 0.10144186260197244 0.00000000095367432
v 0.06358012390136721 0.10012401058170876 0.00000000095367432
v 0.06025535583496095 0.10146736766789040 0.00038745546340942
v 0.06025527954101564 0.10146741725895486 0.00038822937011719
v 0.06050477600097658 0.10189956523869119 0.00038822937011719
v 0.06112500000000001 0.10846968128178200 0.00075000095367432
v 0.06337500000000001 0.10717064334843239 0.00075000095367432
v 0.05962500000000002 0.10587160541508278 0.00075000095367432
v 0.06187500000000001 0.10457256748173317 0.00075000095367432
v 0.06133143615722658 0.10835049297306619 0.00106066131591797
v 0.06316856384277346 0.10728983356449685 0.00106066131591797
v 0.05983143615722658 0.10575241710636696 0.00106066131591797
v 0.06166856384277345 0.10469175579044900 0.00106066131591797
v 0.05812500000000002 0.10327352764103494 0.00075000095367432
v 0.05787550354003908 0.10284138347599589 0.00075000095367432
v 0.05787591552734377 0.10284114315006815 0.00075062131881714
v 0.05833143615722658 0.10315434123966774 0.00106066131591797
v 0.05808193969726564 0.10272219325993141 0.00106066131591797
v 0.06012550354003908 0.10154234554264627 0.00075000095367432
v 0.06037500000000002 0.10197448970768533 0.00075000095367432
v 0.06016856384277345 0.10209367992374978 0.00106066131591797
v 0.05991947937011721 0.10166129161808571 0.00106004142761230
v 0.05991906738281252 0.10166153194401345 0.00106066131591797
v 0.05207420349121095 0.11369516231510722 0.00129903888702393
v 0.05057420349121095 0.11109708644840799 0.00129903888702393
v 0.05088751220703126 0.11091620113346659 0.00144888973236084
v 0.05187324523925783 0.11034708644840799 0.00129903888702393
v 0.05155993652343752 0.11052797176334940 0.00144888973236084
v 0.05122372436523439 0.11072208644840799 0.00150000095367432
v 0.05238751220703126 0.11351427700016581 0.00144888973236084
v 0.05305993652343752 0.11312604763004862 0.00144888973236084
v 0.05272372436523439 0.11332016231510722 0.00150000095367432
v 0.05337324523925783 0.11294516231510722 0.00129903888702393
v 0.05777232360839845 0.11040534831974588 0.00129409599304199
v 0.04882470703125002 0.10806686260197244 0.00129903888702393
v 0.04907420349121095 0.10849901058170877 0.00129903888702393
v 0.05037324523925783 0.10774901058170877 0.00129903888702393
v 0.05012374877929689 0.10731686069462382 0.00129903888702393
v 0.04938751220703127 0.10831812526676737 0.00144888973236084
v 0.04913801574707033 0.10788597347233378 0.00144888973236084
v 0.05005993652343751 0.10792989589665018 0.00144888973236084
v 0.04972372436523439 0.10812401058170877 0.00150000095367432
v 0.04947422790527346 0.10769186069462382 0.00150000095367432
v 0.04981044006347658 0.10749774791691386 0.00144888973236084
v 0.05627232360839846 0.10780727245304667 0.00129409599304199
v 0.06160047912597658 0.10819516231510720 0.00129903888702393
v 0.06289952087402345 0.10744516231510720 0.00129903888702393
v 0.06191378784179689 0.10801427700016579 0.00144888973236084
v 0.06258621215820315 0.10762604763004860 0.00144888973236084
v 0.06225000000000001 0.10782016231510720 0.00150000095367432
v 0.06010047912597657 0.10559708644840798 0.00129903888702393
v 0.06139952087402345 0.10484708644840798 0.00129903888702393
v 0.06041378784179689 0.10541620113346657 0.00144888973236084
v 0.06108621215820314 0.10502797176334938 0.00144888973236084
v 0.06075000000000001 0.10522208644840798 0.00150000095367432
v 0.05860047912597658 0.10299901058170877 0.00129903888702393
v 0.05835098266601564 0.10256686260197244 0.00129903888702393
v 0.05866429138183595 0.10238597728703103 0.00144888973236084
v 0.05989952087402346 0.10224901058170877 0.00129903888702393
v 0.05891378784179689 0.10281812526676735 0.00144888973236084
v 0.05958621215820314 0.10242989589665016 0.00144888973236084
v 0.05925000000000002 0.10262401058170877 0.00150000095367432
v 0.05900050354003908 0.10219186260197244 0.00150000095367432
v 0.06493258666992190 0.10280727245304665 0.00129409599304199
v 0.05965002441406252 0.10181686260197244 0.00129903888702393
v 0.05933671569824221 0.10199774791691384 0.00144888973236084
v 0.06343258666992189 0.10020919658634743 0.00129409599304199
v 0.01719999694824220 0.13423393763992869 0.00250000095367432
v 0.01919999694824220 0.13395712258312784 0.00257112216949463
v 0.01519999694824220 0.13190381051991068 0.00250000095367432
v 0.01619999694824220 0.13190381051991068 0.00250000095367432
v 0.01390710449218751 0.13061091758701884 0.00250000095367432
v 0.01406602478027345 0.13040381051991068 0.00250000095367432
v 0.01416592407226564 0.13016262962315164 0.00250000095367432
v 0.01419999694824220 0.12990381051991068 0.00250000095367432
v 0.01416592407226564 0.12964499141666971 0.00250000095367432
v 0.01406602478027345 0.12940381051991068 0.00250000095367432
v 0.01390710449218751 0.12919670392963969 0.00250000095367432
v 0.01519999694824220 0.12790381051991068 0.00250000095367432
v 0.01619999694824220 0.12790381051991068 0.00250000095367432
v 0.01719999694824220 0.13373403288815103 0.00321393871307373
v 0.01919999694824220 0.13353760554287517 0.00313616657257080
v 0.01919999694824220 0.13303997613880716 0.00363379573822021
v 0.01719999694824220 0.12557368328068338 0.00250000095367432
v 0.01719999694824220 0.12607358886692607 0.00321393871307373
v 0.01719999694824220 0.13311774875614726 0.00383022308349609
v 0.01919999694824220 0.13247493149731240 0.00405331325531006
v 0.01719999694824220 0.13240381051991068 0.00433012771606445
v 0.01719999694824220 0.12668987228367412 0.00383022308349609
v 0.01719999694824220 0.12740381099674783 0.00433012771606445
v 0.01919999694824220 0.12767909957859599 0.00425331306457520
v 0.01719999694824220 0.13161391117069804 0.00469846439361572
v 0.01719999694824220 0.13077205135319314 0.00492403984069824
v 0.01919999694824220 0.12832493450138652 0.00453289794921875
v 0.01919999694824220 0.12970381071064555 0.00479583263397217
v 0.01919999694824220 0.12900470926258648 0.00471504211425781
v 0.01719999694824220 0.12990381051991068 0.00500000095367432
v 0.01719999694824220 0.12903556968662822 0.00492403984069824
v 0.01719999694824220 0.12819370986912332 0.00469846439361572
v 0.04650000000000001 0.13423393763992869 0.00250000095367432
v 0.04950000000000002 0.13423393763992869 0.00250000095367432
v 0.04650000000000001 0.13343934442493999 0.00353553485870361
v 0.04950000000000002 0.13343934442493999 0.00353553485870361
v 0.04650000000000001 0.13240381051991068 0.00433012771606445
v 0.04950000000000002 0.13240381051991068 0.00433012771606445
v 0.04650000000000001 0.13119790603611550 0.00482962989807129
v 0.04950000000000002 0.13119790603611550 0.00482962989807129
v 0.04650000000000001 0.12990381051991068 0.00500000095367432
v 0.04950000000000002 0.12990381051991068 0.00500000095367432
v 0.04650000000000001 0.12470381023380839 0.00500000095367432
v 0.04633656311035158 0.12343587543461405 0.00500000095367432
v 0.04585693359375002 0.12225083114597880 0.00500000095367432
v 0.04166691589355470 0.11970381023380838 0.00500000095367432
v 0.04166235351562501 0.11970644618961893 0.00500000095367432
v 0.04509246826171877 0.12122615005467020 0.00500000095367432
v 0.04409315490722658 0.12042882110569560 0.00500000095367432
v 0.04292431640625002 0.11991096832249247 0.00500000095367432
v 0.03314840698242189 0.10441471912357889 0.00259807682037354
v 0.03239999389648439 0.10253740932438456 0.00274538803100586
v 0.03574647521972658 0.10291471721623026 0.00259807682037354
v 0.03438798522949221 0.10138964321110330 0.00279651737213135
v 0.03377500915527346 0.10405294658634745 0.00289777851104736
v 0.03511987304687501 0.10327648784611307 0.00289777851104736
v 0.03305105590820314 0.10216152431461893 0.00296487808227539
v 0.03444744873046877 0.10366471721623026 0.00300000095367432
v 0.03372911071777345 0.10177004100773417 0.00298231792449951
v 0.02638710021972658 0.11410380985233866 0.00500000095367432
v 0.02690473937988283 0.11403566219303690 0.00500000095367432
v 0.02738710021972658 0.11383586170170390 0.00500000095367432
v 0.02780131530761720 0.11351802494022928 0.00500000095367432
v 0.02811915588378908 0.11310380985233866 0.00500000095367432
v 0.03482807922363283 0.11672401096317850 0.00500000095367432
v 0.02831895446777345 0.11262144901249491 0.00500000095367432
v 0.02838710021972658 0.11210380985233866 0.00500000095367432
v 0.02811915588378907 0.11110380985233866 0.00500000095367432
v 0.02831895446777345 0.11158617259953105 0.00500000095367432
v 0.02326940917968751 0.10270381023380838 0.00500000095367432
v 0.02295158386230470 0.10228959514591776 0.00500000095367432
v 0.02153736877441407 0.10170381023380838 0.00500000095367432
v 0.02253736877441407 0.10197175838444315 0.00500000095367432
v 0.02205500793457032 0.10177195980045878 0.00500000095367432
v 0.02907807922363282 0.10676471759769998 0.00500000095367432
v 0.02807807922363282 0.10503266765568338 0.00500000095367432
v 0.05733975219726564 0.11065509845707498 0.00250000095367432
v 0.05665161132812502 0.11105239536259257 0.00353553485870361
v 0.05583975219726564 0.10805702259037576 0.00250000095367432
v 0.06450000000000002 0.10305702449772439 0.00250000095367432
v 0.06300000000000001 0.10045894863102517 0.00250000095367432
v 0.05515161132812502 0.10845431949589335 0.00353553485870361
v 0.06381185913085939 0.10345432140324197 0.00353553485870361
v 0.06231185913085939 0.10085624172184549 0.00353553485870361
v 0.04950000000000002 0.11518137790653787 0.00500000095367432
v 0.05208975219726564 0.11022208644840799 0.00500000095367432
v 0.05575480651855470 0.11157016231510722 0.00433012771606445
v 0.05425480651855470 0.10897208644840800 0.00433012771606445
v 0.05471046447753908 0.11217311527226054 0.00482962989807129
v 0.05358975219726564 0.11282016231510722 0.00500000095367432
v 0.05321046447753908 0.10957503940556132 0.00482962989807129
v 0.06291506958007814 0.10397208644840798 0.00433012771606445
v 0.06141506958007814 0.10137401058170876 0.00433012771606445
v 0.06187071228027345 0.10457503940556130 0.00482962989807129
v 0.06075000000000001 0.10522208644840798 0.00500000095367432
v 0.05925000000000002 0.10262401058170877 0.00500000095367432
v 0.06037071228027345 0.10197696163151344 0.00482962989807129
v -0.00749999999999999 0.09495190669987284 0.00500000095367432
v -0.00349999999999999 0.09468395473454080 0.00500000095367432
v -0.00301763916015624 0.09488375713322245 0.00500000095367432
v -0.00249999999999999 0.09495190669987284 0.00500000095367432
v -0.00391421508789061 0.09436611797306620 0.00500000095367432
v -0.00423205566406249 0.09395190669987284 0.00500000095367432
v -0.00443185424804686 0.09346954204533182 0.00500000095367432
v -0.00449999999999999 0.09295190669987284 0.00500000095367432
v 0.01297808837890626 0.07887869884464822 0.00500000095367432
v 0.01277828979492188 0.07839633800480447 0.00500000095367432
v 0.01271012878417970 0.07787869884464822 0.00500000095367432
v 0.01277828979492188 0.07736106349918924 0.00500000095367432
v 0.01297808837890626 0.07687869884464822 0.00500000095367432
v 0.01329591369628907 0.07646448757145487 0.00500000095367432
v 0.01371012878417970 0.07614665080998026 0.00500000095367432
v 0.01069248962402345 0.07374837352726542 0.00500000095367432
v 0.01121012878417970 0.07381652309391580 0.00500000095367432
v 0.01172776794433595 0.07374837352726542 0.00500000095367432
v 0.01021012878417970 0.07354857494328104 0.00500000095367432
v 0.00979591369628907 0.07323073436710917 0.00500000095367432
v 0.00947808837890626 0.07281652309391580 0.00500000095367432
v 0.01221012878417970 0.07354857494328104 0.00500000095367432
v 0.03777757263183595 0.09943266918156229 0.00000000095367432
v 0.03775839233398439 0.09944374324772440 0.00016823339462280
v 0.03770214843750001 0.09947621013615214 0.00032500076293945
v 0.03761268615722658 0.09952785732243143 0.00045962047576904
v 0.03693319702148439 0.09992016841862283 0.00056291770935059
v 0.03749610900878908 0.09959516765568338 0.00056291770935059
v 0.03706895446777345 0.09984178401920878 0.00062785291671753
v 0.03736035156250001 0.09967355205509745 0.00062785291671753
v 0.03721464538574220 0.09975766612980448 0.00065000104904175
v 0.04317417907714845 0.09977987911198222 0.00000000095367432
v 0.04577226257324220 0.09827987529728495 0.00000000095367432
v 0.04577226257324220 0.09827987911198222 0.00000006580352783
v 0.04321844482421876 0.09975432445499979 0.00038816452026367
v 0.04321844482421876 0.09975432064030253 0.00038822937011719
v 0.04572799682617189 0.09830542995426737 0.00038822937011719
v 0.04017468261718751 0.09458458950016581 0.00000000095367432
v 0.04277276611328126 0.09308458950016581 0.00000000095367432
v 0.04021894836425782 0.09455903484318338 0.00038822937011719
v 0.04272850036621095 0.09311014797184550 0.00038822937011719
v 0.04334822082519533 0.09967939617130839 0.00075000095367432
v 0.04559822082519533 0.09838035823795878 0.00075000095367432
v 0.04355465698242189 0.09956020976994119 0.00106066131591797
v 0.04539176940917970 0.09849955226872049 0.00106066131591797
v 0.04034872436523438 0.09448411037418925 0.00075000095367432
v 0.04259872436523438 0.09318507244083964 0.00075000095367432
v 0.04055516052246094 0.09436492015812480 0.00106066131591797
v 0.04239227294921876 0.09330426265690409 0.00106066131591797
v 0.05270045471191407 0.09427987911198221 0.00000000095367432
v 0.05529853820800782 0.09277987529728494 0.00000000095367432
v 0.05529853820800782 0.09277987911198221 0.00000006580352783
v 0.05274472045898438 0.09425432064030252 0.00038822937011719
v 0.05274472045898438 0.09425432445499979 0.00038816452026367
v 0.05525427246093751 0.09280543376896463 0.00038822937011719
v 0.05287449645996094 0.09417939617130838 0.00075000095367432
v 0.05512449645996095 0.09288035823795877 0.00075000095367432
v 0.05308093261718751 0.09406020976994120 0.00106066131591797
v 0.05491806030273438 0.09299954463932596 0.00106066131591797
v 0.04509272766113282 0.08828105403874002 0.00033355712890625
v 0.04510769653320313 0.08827241374943338 0.00048378753662109
v 0.04970095825195314 0.08908458950016580 0.00000000095367432
v 0.04974522399902345 0.08905903484318338 0.00038822937011719
v 0.04681889343261719 0.08728445293400369 0.00051113319396973
v 0.05225477600097657 0.08761014797184549 0.00038822937011719
v 0.04823629760742188 0.08646611263249003 0.00030996274948120
v 0.04950000000000001 0.08573651363346659 0.00000000095367432
v 0.05079904174804688 0.08498651363346658 0.00000000095367432
v 0.05079347229003907 0.08498973323795878 0.00004889535903931
v 0.05077690124511720 0.08499929286930644 0.00019411516189575
v 0.05131925964355469 0.08468616344425760 0.00027656316757202
v 0.05141839599609375 0.08462892772648417 0.00030445432662964
v 0.05176242065429688 0.08443030406925760 0.00000000095367432
v 0.05163729858398438 0.08450254299137674 0.00008079290390015
v 0.04824522399902344 0.08646095897648416 0.00038822937011719
v 0.04821806335449220 0.08647664119694315 0.00040965604782104
v 0.04817500305175782 0.08650150157902323 0.00040995550155640
v 0.04825134277343751 0.08645742275211893 0.00040530061721802
v 0.04831781005859376 0.08641905071232402 0.00059058332443237
v 0.05076034545898438 0.08500885250065408 0.00033933591842651
v 0.05075477600097657 0.08501207210514627 0.00038822937011719
v 0.05072219848632813 0.08503088237736307 0.00047906017303467
v 0.05067375183105469 0.08505884792301736 0.00061409378051758
v 0.04987500000000001 0.08898411037418924 0.00075000095367432
v 0.05212500000000001 0.08768507244083963 0.00075000095367432
v 0.05008143615722657 0.08886492015812479 0.00106066131591797
v 0.05191856384277344 0.08780426265690409 0.00106066131591797
v 0.04834242248535157 0.08640484477970682 0.00065917015075684
v 0.04837500000000001 0.08638603450749002 0.00075000095367432
v 0.04837500000000001 0.08638603450749002 0.00075000095367432
v 0.04840100097656251 0.08637102367374980 0.00078912591934204
v 0.04846395874023438 0.08633466960880838 0.00088388061523438
v 0.05062500000000001 0.08508699657414041 0.00075000095367432
v 0.05121170043945313 0.08474826671574198 0.00067093133926392
v 0.05054743957519532 0.08513176967594706 0.00086670780181885
v 0.05142248535156251 0.08462657024357401 0.00089191293716431
v 0.05047039794921876 0.08517625667545878 0.00098266267776489
v 0.05041856384277345 0.08520618679020486 0.00106066131591797
v 0.05038467407226564 0.08522574474308572 0.00109068441390991
v 0.05028404235839844 0.08528385021183572 0.00117985105514526
v 0.05229904174804689 0.08758458950016580 0.00000000095367432
v 0.05533012390136720 0.08583458950016580 0.00000000095367432
v 0.05383012390136720 0.08323651744816385 0.00000000095367432
v 0.05381153869628907 0.08324724437687479 0.00016298151016235
v 0.05375636291503907 0.08327910854313456 0.00064704799652100
v 0.05372106933593751 0.08329947521183573 0.00095649814605713
v 0.05309989929199219 0.08365811397526346 0.00119040775299072
v 0.04382369995117189 0.09940487911198222 0.00129903888702393
v 0.04512274169921877 0.09865487529728495 0.00129903888702393
v 0.04413700866699220 0.09922398998234354 0.00144888973236084
v 0.04480943298339845 0.09883576442692361 0.00144888973236084
v 0.04447322082519533 0.09902987529728495 0.00150000095367432
v 0.04082420349121094 0.09420958950016581 0.00129903888702393
v 0.04212324523925782 0.09345958950016581 0.00129903888702393
v 0.04113751220703126 0.09402870418522440 0.00144888973236084
v 0.04180993652343751 0.09364047862980449 0.00144888973236084
v 0.04147372436523438 0.09383458950016581 0.00150000095367432
v 0.05334997558593751 0.09390487911198221 0.00129903888702393
v 0.05366328430175782 0.09372398998234355 0.00144888973236084
v 0.05399949645996095 0.09352987911198221 0.00150000095367432
v 0.05464901733398438 0.09315487529728494 0.00129903888702393
v 0.05433570861816407 0.09333576442692362 0.00144888973236084
v 0.04522993469238282 0.08820183422062479 0.00129951810836792
v 0.04523376464843751 0.08819962551090800 0.00131997823715210
v 0.04536636352539063 0.08812307598087869 0.00179647636413574
v 0.04536636352539063 0.08812307216618143 0.00179647636413574
v 0.04703271484375001 0.08716100170109355 0.00140496253967285
v 0.05035047912597657 0.08870958950016580 0.00129903888702393
v 0.05164952087402345 0.08795958950016580 0.00129903888702393
v 0.05066378784179688 0.08852870418522440 0.00144888973236084
v 0.05133621215820313 0.08814047862980448 0.00144888973236084
v 0.05100000000000001 0.08833458950016580 0.00150000095367432
v 0.04657698059082032 0.08742411663029276 0.00170412063598633
v 0.04902458190917969 0.08601099254582011 0.00138231182098389
v 0.04904478454589845 0.08599933483097635 0.00154848337173462
v 0.05018341064453126 0.08534195186588846 0.00126901769638062
v 0.05014952087402345 0.08536151363346658 0.00129903888702393
v 0.05014952087402345 0.08536151363346658 0.00129903888702393
v 0.05014555358886719 0.08536380245182597 0.00130093526840210
v 0.04908512878417970 0.08597604228947245 0.00141126585006714
v 0.04916378784179688 0.08593062831852519 0.00144888973236084
v 0.04916378784179688 0.08593062831852519 0.00144888973236084
v 0.04920613098144532 0.08590617992374980 0.00145532655715942
v 0.04930239868164063 0.08585060359928690 0.00146996068954468
v 0.04938046264648438 0.08580552913639627 0.00148182916641235
v 0.04945765686035157 0.08576096202824197 0.00149356365203857
v 0.04950000000000001 0.08573651363346659 0.00150000095367432
v 0.04950000000000001 0.08573651363346659 0.00150000095367432
v 0.04951176452636719 0.08572971965763651 0.00149821233749390
v 0.05028378295898438 0.08528399517033182 0.00145541477203369
v 0.04952325439453126 0.08572308589909158 0.00156910467147827
v 0.05099958801269532 0.08487072231266581 0.00162831306457520
v 0.05108955383300782 0.08481878520939433 0.00160965490341187
v 0.05135658264160157 0.08466461803410136 0.00176658868789673
v 0.04553875732421876 0.08802353908512675 0.00225567340850830
v 0.04553875732421876 0.08802353908512675 0.00225567340850830
v 0.04555181884765626 0.08801599742863260 0.00228281116485596
v 0.04559217834472657 0.08799270107243143 0.00236666011810303
v 0.04911294555664063 0.08595998241398417 0.00191682577133179
v 0.05077961730957032 0.08499772884342753 0.00192560911178589
v 0.04922224426269532 0.08589688350651346 0.00206623935699463
v 0.05518258666992188 0.08591977550480448 0.00129409599304199
v 0.05368258666992189 0.08332169963810526 0.00129409599304199
v 0.05366081237792970 0.08333426906559549 0.00135479116439819
v 0.05238143920898438 0.08407292034123026 0.00150753211975098
v 0.05357397460937501 0.08338440944645487 0.00159686660766602
v 0.05341250610351563 0.08347762920353495 0.00204697895050049
v 0.05334611511230469 0.08351596309635721 0.00223208236694336
v 0.01532974243164064 0.09495190669987284 0.00500000095367432
v 0.01584738159179689 0.09488375713322245 0.00500000095367432
v 0.01632974243164064 0.09468395473454080 0.00500000095367432
v 0.01674395751953126 0.09436611797306620 0.00500000095367432
v 0.01706179809570314 0.09395190669987284 0.00500000095367432
v 0.01726159667968751 0.09346954204533182 0.00500000095367432
v 0.01732974243164064 0.09295190669987284 0.00500000095367432
v 0.01726159667968751 0.09243426753971659 0.00500000095367432
v 0.01706179809570314 0.09195190669987284 0.00500000095367432
v 0.03881680297851564 0.09883266689274393 0.00500000095367432
v 0.03904884338378907 0.09523459102604472 0.00500000095367432
v 0.04631704711914063 0.08757419445011698 0.00250339794158936
v 0.04616961669921876 0.08765930797550760 0.00283684444427490
v 0.04595741271972657 0.08778182460758768 0.00304036045074463
v 0.04599597167968751 0.08775956584904276 0.00310468387603760
v 0.04599597167968751 0.08775956584904276 0.00310468387603760
v 0.04928221130371094 0.08586224987003885 0.00269977092742920
v 0.05019082641601563 0.08533766414616190 0.00297706794738770
v 0.05019082641601563 0.08533766414616190 0.00297704410552979
v 0.04653234863281250 0.08744988872501933 0.00320949840545654
v 0.04621099853515626 0.08763542034123026 0.00339732933044434
v 0.04629962158203126 0.08758424999210916 0.00351229667663574
v 0.05203425598144532 0.08427336360905252 0.00313161849975586
v 0.05213679504394532 0.08421416332218729 0.00314145183563232
v 0.05206625366210938 0.08425488521549784 0.00315611934661865
v 0.05023150634765626 0.08531417705509745 0.00367330741882324
v 0.05178907775878907 0.08441491176579080 0.00344469165802002
v 0.05147796630859375 0.08459453823063455 0.00367289066314697
v 0.05475000000000001 0.08616952754948222 0.00250000095367432
v 0.05325000000000001 0.08357145168278299 0.00250000095367432
v 0.05287731933593751 0.08378661968205058 0.00306082725524902
v 0.05273463439941407 0.08386899806950174 0.00327553558349609
v 0.05406185913085938 0.08656682445499979 0.00353553485870361
v 0.05256185913085938 0.08396874858830057 0.00353553485870361
v 0.05250778198242188 0.08399996807072245 0.00358344841003418
v 0.04154884338378908 0.09956471874210916 0.00500000095367432
v 0.04658784484863282 0.08741784908268534 0.00383438396453857
v 0.04658784484863282 0.08741784908268534 0.00383438396453857
v 0.04692735290527345 0.08722183467838847 0.00414551925659180
v 0.04692735290527345 0.08722183467838847 0.00414551925659180
v 0.04933752441406251 0.08583031703922830 0.00407422542572022
v 0.05159013366699219 0.08452977992985330 0.00421206951141357
v 0.05166506958007813 0.08448651363346658 0.00433012771606445
v 0.05164533996582032 0.08449790431950174 0.00433956527709961
v 0.04239859008789063 0.08983651592228495 0.00500000095367432
v 0.04729164123535157 0.08701151515934549 0.00441673088073730
v 0.04729164123535157 0.08701151134464823 0.00441673088073730
v 0.05212071228027344 0.08768754436466776 0.00482962989807129
v 0.05100000000000001 0.08833458950016580 0.00500000095367432
v 0.04767718505859376 0.08678891994450175 0.00464540672302246
v 0.04767718505859376 0.08678891612980448 0.00464540672302246
v 0.05140286254882814 0.08463789989445292 0.00445553874969482
v 0.05101306152343751 0.08486295558903299 0.00464197826385498
v 0.04808029174804689 0.08655618526432596 0.00482934474945068
v 0.04808029174804689 0.08655618526432596 0.00482934474945068
v 0.04849707031250001 0.08631555797550761 0.00496677398681641
v 0.04849707031250001 0.08631555797550761 0.00496677398681641
v 0.04865521240234376 0.08622424938175760 0.00500000095367432
v 0.04865521240234376 0.08622425319645487 0.00500000095367432
v 0.04892993164062501 0.08606564571354472 0.00500000095367432
v 0.05062071228027345 0.08508946849796854 0.00482962989807129
v 0.05070561218261720 0.08504044582340800 0.00478901958465576
v 0.04927821350097657 0.08586456157658182 0.00500000095367432
v 0.04950000000000001 0.08573651363346659 0.00500000095367432
v 0.05046644592285157 0.08517853023502908 0.00485308074951172
v 0.05019970703125001 0.08533254482243144 0.00489363288879395
v 0.04978138732910157 0.08557406093571268 0.00495722579956055
v 0.04957394409179688 0.08569381954166971 0.00498875904083252
v 0.05316506958007813 0.08708458950016580 0.00433012771606445
v 0.01948474121093751 0.06934857418034159 0.00500000095367432
v 0.02098474121093751 0.07194665004704080 0.00500000095367432
v 0.02146711730957032 0.07174685146305643 0.00500000095367432
v 0.02339895629882813 0.07226448680851541 0.00500000095367432
v 0.02198474121093751 0.07167869808170878 0.00500000095367432
v 0.02250238037109376 0.07174685146305643 0.00500000095367432
v 0.02298474121093751 0.07194665004704080 0.00500000095367432
v 0.02371679687500001 0.07267870189640604 0.00500000095367432
v 0.01989895629882813 0.06903073360416971 0.00500000095367432
v 0.02021679687500001 0.06861652614567362 0.00500000095367432
v 0.02041659545898438 0.06813415767643534 0.00500000095367432
v 0.02048474121093751 0.06761652614567362 0.00500000095367432
v 0.02041659545898438 0.06709888698551737 0.00500000095367432
v 0.02021679687500001 0.06661652614567362 0.00500000095367432
v 0.03029859924316407 0.06887870265934549 0.00500000095367432
v -0.10529859161376953 0.06102511074040019 -0.00499999904632568
v -0.09521679687500000 0.06328728725407207 -0.00499999904632568
v -0.09541659927368164 0.06280492641422832 -0.00499999904632568
v -0.09548474884033203 0.06228728725407207 -0.00499999904632568
v -0.09541659927368164 0.06176964809391582 -0.00499999904632568
v -0.09521679687500000 0.06128728725407207 -0.00499999904632568
v -0.09489896011352539 0.06087307216618144 -0.00499999904632568
v -0.09871679687500000 0.05722510768864238 -0.00499999904632568
v -0.09798474884033204 0.05795716335270489 -0.00499999904632568
v -0.09750238418579102 0.05815696193668926 -0.00499999904632568
v -0.09698474884033204 0.05822510768864238 -0.00499999904632568
v -0.09839896011352539 0.05763932277653301 -0.00499999904632568
v -0.09646710968017579 0.05815696193668926 -0.00499999904632568
v -0.09598474884033203 0.05795716335270489 -0.00499999904632568
v -0.09448474884033203 0.06055523921940410 -0.00499999904632568
v -0.12816506385803222 0.04281921627018535 -0.00433012604713440
v -0.12450000000000000 0.04416729213688457 -0.00499999904632568
v -0.12562071990966797 0.04481434108707989 -0.00482962810993195
v -0.12352704238891601 0.04360555507633770 -0.00496866118907928
v -0.12335686683654785 0.04350730373356426 -0.00492622065544128
v -0.12332163810729981 0.04348696376774395 -0.00491315066814423
v -0.12600000000000000 0.04156921627018535 -0.00499999904632568
v -0.12712071990966797 0.04221626522038066 -0.00482962810993195
v -0.11739859008789062 0.04006729366276347 -0.00499999904632568
v -0.12666506385803222 0.04541729213688457 -0.00433012604713440
v -0.12221485137939453 0.04284796382877910 -0.00436120820045471
v -0.12216766738891602 0.04282071926090801 -0.00433093011379242
v -0.12209133529663087 0.04277665187809550 -0.00426992750167847
v -0.11654885101318360 0.03033909084293926 -0.00499999904632568
v -0.12756186294555663 0.04593506099674785 -0.00353553295135498
v -0.12906186294555663 0.04333698513004863 -0.00353553295135498
v -0.12796925544738769 0.04617027523014629 -0.00292247390747070
v -0.12816333580017089 0.04628232051823223 -0.00263041710853577
v -0.12119025611877442 0.04225641109440410 -0.00337570333480835
v -0.12117932701110840 0.04225010158512676 -0.00336266255378723
v -0.12117097663879395 0.04224527980778301 -0.00335051441192627
v -0.12431455421447754 0.04406022884342754 -0.00304131674766541
v -0.12411659240722657 0.04394593288395488 -0.00268152594566345
v -0.11404885101318360 0.03466922237370098 -0.00499999904632568
v -0.11381679916381836 0.03107114650700176 -0.00499999904632568
v -0.09206180191040039 0.03795190669987285 -0.00499999904632568
v -0.09226160049438477 0.03746954586002910 -0.00499999904632568
v -0.09232975006103515 0.03695190669987285 -0.00499999904632568
v -0.09226160049438477 0.03643426753971660 -0.00499999904632568
v -0.09206180191040039 0.03595190669987285 -0.00499999904632568
v -0.09174396133422852 0.03553769161198223 -0.00499999904632568
v -0.09132975006103516 0.03521985103581035 -0.00499999904632568
v -0.09084738922119141 0.03502005245182598 -0.00499999904632568
v -0.09032975006103516 0.03495190669987285 -0.00499999904632568
v -0.12825000190734864 0.04633236171696269 -0.00249999904632568
v -0.12831821441650390 0.04637174465153301 -0.00230983734130859
v -0.12975000000000000 0.04373428585026348 -0.00249999904632568
v -0.12858923339843750 0.04652821590397441 -0.00155431795120239
v -0.12868258285522460 0.04658210994694317 -0.00129409408569336
v -0.13018258094787599 0.04398403408024394 -0.00129409408569336
v -0.12669124221801759 0.04543241359684551 -0.00189621925354004
v -0.12400576782226563 0.04388194515202129 -0.00218386292457581
v -0.12399940490722657 0.04387827541325176 -0.00214760398864746
v -0.12205416107177734 0.04275519039127910 -0.00247676587104797
v -0.12240608406066895 0.04295836879704082 -0.00212039351463318
v -0.12158611679077148 0.04248496486637676 -0.00202212595939636
v -0.12230170631408692 0.04289811183903301 -0.00187602996826172
v -0.12653052139282228 0.04533961727116191 -0.00179910898208618
v -0.12398473930358887 0.04386980678532207 -0.00158079957962036
v -0.12582171630859376 0.04493039180729472 -0.00142942953109741
v -0.12454234313964845 0.04419173671696269 -0.00149356222152710
v -0.12557014465332031 0.04478514339420879 -0.00140904140472412
v -0.12491487693786621 0.04440682460758769 -0.00141126441955566
v -0.12466810798645020 0.04426435329411113 -0.00147444343566895
v -0.12479387283325195 0.04433696224186504 -0.00145532464981079
v -0.12483621597290040 0.04436140682194317 -0.00144888782501221
v -0.12483621597290040 0.04436140682194317 -0.00144888782501221
v -0.12450000000000000 0.04416729213688457 -0.00149999904632568
v -0.12440937614440918 0.04411496974918926 -0.00148622274398804
v -0.12441558456420898 0.04411855556461895 -0.00148716640472412
v -0.12503182029724122 0.04447433711979473 -0.00135533142089844
v -0.12530188179016113 0.04463025905582988 -0.00129213666915894
v -0.12514951896667481 0.04454229213688457 -0.00129903697967529
v -0.12518804168701173 0.04456453182194316 -0.00126490449905396
v -0.12374328613281250 0.04373040248844707 -0.00140514945983887
v -0.12392832756042481 0.04383723690006816 -0.00133856868743896
v -0.12392540168762207 0.04383555080387676 -0.00133487081527710
v -0.12377994346618652 0.04375156642887676 -0.00133708047866821
v -0.12340425300598144 0.04353466274235332 -0.00135090351104736
v -0.12385048103332520 0.04379229213688457 -0.00129903697967529
v -0.12382812118530273 0.04377938320133769 -0.00127922487258911
v -0.12366880226135255 0.04368740322086895 -0.00125081539154053
v -0.12229916000366212 0.04289663936588848 -0.00182107686996460
v -0.12184390068054199 0.04263379909489239 -0.00177073097229004
v -0.12170704650878907 0.04255478145573223 -0.00160152959823608
v -0.12600000000000000 0.04156921627018535 -0.00149999904632568
v -0.12633621597290040 0.04176333095524395 -0.00144888782501221
v -0.12566378402709960 0.04137510158512676 -0.00144888782501221
v -0.12664951896667481 0.04194421627018535 -0.00129903697967529
v -0.12535048103332519 0.04119421627018535 -0.00129903697967529
v -0.12160010910034180 0.04249304439518535 -0.00151718664169312
v -0.12933571434020996 0.03656804897282207 -0.00144888782501221
v -0.12964901733398437 0.03674893428776348 -0.00129903697967529
v -0.12899949836730956 0.03637393428776348 -0.00149999904632568
v -0.12866328239440919 0.03617981960270488 -0.00144888782501221
v -0.12834997940063478 0.03599893428776348 -0.00129903697967529
v -0.11647372055053712 0.03606921627018535 -0.00149999904632568
v -0.11680993652343750 0.03626333095524394 -0.00144888782501221
v -0.11613750457763672 0.03587510158512676 -0.00144888782501221
v -0.11712324142456054 0.03644421627018535 -0.00129903697967529
v -0.11582419967651368 0.03569421627018535 -0.00129903697967529
v -0.11947321891784668 0.03087393428776347 -0.00149999904632568
v -0.11980943489074708 0.03106804897282207 -0.00144888782501221
v -0.11913700294494629 0.03067981960270488 -0.00144888782501221
v -0.12012273788452149 0.03124893428776348 -0.00129903697967529
v -0.11882369995117188 0.03049893428776347 -0.00129903697967529
v -0.12870987892150879 0.04659787227604473 -0.00105466556549072
v -0.12731842422485351 0.04579451229069317 -0.00053730869293213
v -0.12879164505004884 0.04664507534000957 -0.00033751773834229
v -0.12879308319091798 0.04664590694401348 -0.00032491254806519
v -0.12879409599304201 0.04664649440739238 -0.00031601619720459
v -0.12792256736755372 0.04614331294987285 -0.00011456823348999
v -0.12721978569030762 0.04573756648991192 -0.00103379011154175
v -0.12629571533203127 0.04520405055973614 -0.00078041410446167
v -0.12578759574890136 0.04491068508122051 -0.00077893257141113
v -0.12575618362426758 0.04489255001041972 -0.00071531391143799
v -0.12691855812072755 0.04209955074284160 -0.00106065940856934
v -0.12508144187927248 0.04103888942692363 -0.00106065940856934
v -0.12712500000000002 0.04221873714420879 -0.00074999904632568
v -0.12487500000000000 0.04091970302555645 -0.00074999904632568
v -0.12296009254455567 0.04327823116276348 -0.00060359334945679
v -0.12292087173461914 0.04325557949040020 -0.00042516088485718
v -0.12579533576965332 0.04491515590641582 -0.00003247737884521
v -0.12305602264404297 0.04333361293766582 -0.00021951150894165
v -0.12321718978881836 0.04342666103336894 -0.00014233160018921
v -0.12320653533935547 0.04342051174137676 -0.00004889345169067
v -0.12725477409362793 0.04229366542790020 -0.00038822746276855
v -0.12474522590637208 0.04084477474186504 -0.00038822746276855
v -0.12991805839538575 0.03690426113102520 -0.00106065940856934
v -0.12808094215393068 0.03584360744450175 -0.00106065940856934
v -0.13012449836730958 0.03702345516178691 -0.00074999904632568
v -0.12787450027465821 0.03572441341374004 -0.00074999904632568
v -0.13025427436828613 0.03709837581608379 -0.00038822746276855
v -0.12774472618103028 0.03564949275944317 -0.00038822746276855
v -0.11739228057861328 0.03659955074284160 -0.00106065940856934
v -0.11555516052246094 0.03553888942692363 -0.00106065940856934
v -0.11759872055053711 0.03671873714420879 -0.00074999904632568
v -0.11534872055053712 0.03541970302555644 -0.00074999904632568
v -0.12039177894592286 0.03140426113102519 -0.00106065940856934
v -0.12039181327819824 0.03140428401920879 -0.00106060743331909
v -0.11855466270446778 0.03034360744450176 -0.00106065940856934
v -0.12059821891784668 0.03152345516178692 -0.00074999904632568
v -0.12059824180603028 0.03152346279118144 -0.00074993848800659
v -0.11834825515747070 0.03022443630192363 -0.00075005054473877
v -0.11834822082519532 0.03022441341374004 -0.00074999904632568
v -0.11772849655151367 0.03679366542790020 -0.00038822746276855
v -0.11521894454956055 0.03534477474186504 -0.00038822746276855
v -0.12072799491882324 0.03159837581608379 -0.00038822746276855
v -0.12072800254821778 0.03159838344547832 -0.00038816261291504
v -0.11821846771240235 0.03014950038883769 -0.00038828802108765
v -0.11821844673156738 0.03014949275944316 -0.00038822746276855
v -0.11817418861389160 0.03012393428776348 -0.00000006389617920
v -0.11221465301513672 0.03014614345524394 -0.00064999914169312
v -0.11236034393310547 0.03023025752995098 -0.00062785100936890
v -0.11206895828247071 0.03006202938053692 -0.00062785100936890
v -0.11249610900878906 0.03030864192936504 -0.00056291532516479
v -0.11193319320678712 0.02998364498112285 -0.00056291532516479
v -0.11261269378662110 0.03037595607731426 -0.00045961856842041
v -0.11270215225219726 0.03042759944889629 -0.00032499885559082
v -0.11275838851928711 0.03046007015202129 -0.00016823148727417
v -0.08721013259887696 0.05635523464176739 -0.00499999904632568
v -0.08447808074951171 0.05708729030582987 -0.00499999904632568
v -0.08479592132568360 0.05667307521793925 -0.00499999904632568
v -0.08521013641357422 0.05635523464176737 -0.00499999904632568
v -0.08672777175903321 0.05615543605778300 -0.00499999904632568
v -0.08621013259887696 0.05608729030582987 -0.00499999904632568
v -0.08569249725341797 0.05615543605778300 -0.00499999904632568
v -0.08871013259887696 0.05375715877506816 -0.00499999904632568
v -0.08829592132568359 0.05343932582829082 -0.00499999904632568
v -0.08797808456420898 0.05302511074040019 -0.00499999904632568
v -0.08777828216552734 0.05254274990055645 -0.00499999904632568
v -0.08771013259887696 0.05202511074040019 -0.00499999904632568
v -0.08777828216552734 0.05150747158024394 -0.00499999904632568
v -0.08797808456420898 0.05102511074040020 -0.00499999904632568
v -0.07050000000000001 0.03695190669987285 -0.00499999904632568
v -0.07056814575195312 0.03643426753971660 -0.00499999904632568
v -0.07076795196533203 0.03595190669987285 -0.00499999904632568
v -0.07108578491210937 0.03553769161198222 -0.00499999904632568
v -0.07250000000000000 0.03495190669987285 -0.00499999904632568
v -0.07198236083984375 0.03502005245182597 -0.00499999904632568
v -0.07150000000000001 0.03521985103581034 -0.00499999904632568
v -0.06750000000000000 0.03495190669987285 -0.00499999904632568
v -0.13537071895599365 0.02792684413883770 -0.00482962810993195
v -0.13425000000000001 0.02727980281803692 -0.00499999904632568
v -0.13575000000000001 0.02468172695133770 -0.00499999904632568
v -0.13687071895599365 0.02532876827213848 -0.00482962810993195
v -0.13641506385803223 0.02852980281803692 -0.00433012604713440
v -0.13791506385803223 0.02593172695133770 -0.00433012604713440
v -0.12821046447753906 0.02032876827213848 -0.00482962810993195
v -0.12858974647521973 0.01708365108463848 -0.00499999904632568
v -0.12971046447753906 0.01773069240543926 -0.00482962810993195
v -0.12925481033325195 0.02093172695133769 -0.00433012604713440
v -0.13075481033325195 0.01833365108463848 -0.00433012604713440
v -0.12708974647521973 0.01968172695133770 -0.00499999904632568
v -0.12450000000000000 0.01472242977116191 -0.00499999904632568
v -0.13731186199188233 0.02904756404850567 -0.00353553295135498
v -0.13881186199188233 0.02644948818180645 -0.00353553295135498
v -0.13015160751342775 0.02144948818180644 -0.00353553295135498
v -0.13165160751342775 0.01885141231510723 -0.00353553295135498
v -0.10307808303833008 0.02487114192936504 -0.00499999904632568
v -0.10407808303833008 0.02313909389469707 -0.00499999904632568
v -0.09705500411987304 0.02813185359928691 -0.00499999904632568
v -0.09753736495971679 0.02793204738590800 -0.00499999904632568
v -0.09653736495971679 0.02819999935124003 -0.00499999904632568
v -0.09795158004760743 0.02761421443913066 -0.00499999904632568
v -0.09826941680908204 0.02719999935124004 -0.00499999904632568
v -0.10331895828247070 0.01831763698551738 -0.00499999904632568
v -0.10311915969848633 0.01879999782536113 -0.00499999904632568
v -0.10338710784912110 0.01779999782536113 -0.00499999904632568
v -0.10331895828247070 0.01728235866520488 -0.00499999904632568
v -0.10982808303833008 0.01317979671452129 -0.00499999904632568
v -0.10311915969848633 0.01679999782536113 -0.00499999904632568
v -0.10280131912231445 0.01638578273747051 -0.00499999904632568
v -0.10238710784912110 0.01606794979069316 -0.00499999904632568
v -0.10190474700927735 0.01586815120670879 -0.00499999904632568
v -0.10138710784912110 0.01579999782536113 -0.00499999904632568
v -0.10844744110107422 0.02797114040348613 -0.00299999904632568
v -0.10911987304687500 0.02835936977360332 -0.00289777636528015
v -0.10944744110107422 0.02623909236881816 -0.00299999904632568
v -0.11011987304687500 0.02662732173893535 -0.00289777636528015
v -0.10877500915527344 0.02585086299870097 -0.00289777636528015
v -0.10974647903442383 0.02872114040348613 -0.00259807515144348
v -0.11074647903442383 0.02698909236881816 -0.00259807515144348
v -0.10777500915527344 0.02758291103336894 -0.00289777636528015
v -0.10714840316772462 0.02722114040348613 -0.00259807515144348
v -0.10814840316772462 0.02548909236881816 -0.00259807515144348
v -0.11792431259155274 0.00999284603092754 -0.00499999904632568
v -0.11909315681457520 0.00947499324772441 -0.00499999904632568
v -0.12009247589111328 0.00867766048405254 -0.00499999904632568
v -0.11666691970825195 0.01019999935124004 -0.00499999904632568
v -0.11666235351562500 0.01019736721012676 -0.00499999904632568
v -0.12085693550109863 0.00765297939274394 -0.00499999904632568
v -0.12133656311035157 0.00646793605778301 -0.00499999904632568
v -0.12150000000000000 0.00520000698063457 -0.00499999904632568
v -0.12450000000000000 -0.00000000522639668 -0.00499999904632568
v -0.12150000000000000 -0.00000000522639668 -0.00499999904632568
v -0.12450000000000000 -0.00129408786799824 -0.00482962810993195
v -0.12150000000000000 -0.00129408786799824 -0.00482962810993195
v -0.12450000000000000 -0.00250000522639668 -0.00433012604713440
v -0.12150000000000000 -0.00250000522639668 -0.00433012604713440
v -0.12450000000000000 -0.00353552768733418 -0.00353553295135498
v -0.12150000000000000 -0.00353552768733418 -0.00353553295135498
v -0.09220000076293945 0.00171010829899394 -0.00469846212863922
v -0.09220000076293945 0.00086823513004863 -0.00492403781414032
v -0.09220000076293945 -0.00000000522639668 -0.00499999904632568
v -0.09420000076293945 -0.00020000217463887 -0.00479583048820496
v -0.09220000076293945 -0.00086824558284200 -0.00492403781414032
v -0.09420000076293945 -0.00089909885432637 -0.00471504044532776
v -0.09220000076293945 -0.00171010349299825 -0.00469846212863922
v -0.09420000076293945 -0.00157887790706075 -0.00453289544582367
v -0.09220000076293945 0.00249999477360332 -0.00433012604713440
v -0.09420000076293945 0.00257111598942363 -0.00405331099033356
v -0.09220000076293945 0.00321393825504863 -0.00383022117614746
v -0.09420000076293945 -0.00222470615413106 -0.00425331091880798
v -0.09220000076293945 -0.00250000522639668 -0.00433012604713440
v -0.09220000076293945 -0.00321393344905293 -0.00383022117614746
v -0.09220000076293945 0.00383022548649394 -0.00321393704414368
v -0.09420000076293945 0.00405330898258769 -0.00257111978530884
v -0.09420000076293945 0.00313616420719707 -0.00363379383087158
v -0.09420000076293945 0.00363379909489238 -0.00313616466522217
v -0.09220000076293945 -0.00383022068049825 -0.00321393704414368
v -0.13800000000000001 0.02944486476872051 -0.00249999904632568
v -0.13950000000000001 0.02684678890202129 -0.00249999904632568
v -0.13083974647521973 0.02184678890202129 -0.00249999904632568
v -0.13843258190155031 0.02969461299870098 -0.00129409408569336
v -0.13433671379089357 0.02790606166813457 -0.00144888782501221
v -0.13465002059936523 0.02808694698307598 -0.00129903697967529
v -0.13993258190155031 0.02709653713200176 -0.00129409408569336
v -0.13400050163269042 0.02771194698307598 -0.00149999904632568
v -0.13425000000000001 0.02727980281803692 -0.00149999904632568
v -0.13458621597290038 0.02747391750309551 -0.00144888782501221
v -0.13391378402709961 0.02708568813297832 -0.00144888782501221
v -0.13489951896667482 0.02765480281803692 -0.00129903697967529
v -0.13366428565979005 0.02751783229801739 -0.00144888782501221
v -0.13335098266601564 0.02733694698307598 -0.00129903697967529
v -0.13360048103332520 0.02690480281803692 -0.00129903697967529
v -0.13575000000000001 0.02468172695133770 -0.00149999904632568
v -0.13608621597290038 0.02487584163639629 -0.00144888782501221
v -0.13541378402709961 0.02448761226627911 -0.00144888782501221
v -0.13639951896667482 0.02505672695133770 -0.00129903697967529
v -0.13510048103332520 0.02430672695133770 -0.00129903697967529
v -0.13725000000000001 0.02208365108463848 -0.00149999904632568
v -0.13758621597290038 0.02227776576969707 -0.00144888782501221
v -0.13691378402709961 0.02188953639957988 -0.00144888782501221
v -0.13789951896667479 0.02245865108463848 -0.00129903697967529
v -0.13660048103332520 0.02170865108463848 -0.00129903697967529
v -0.13127232742309572 0.02209653713200176 -0.00129409408569336
v -0.12481043434143067 0.02240606166813457 -0.00144888782501221
v -0.12447422218322754 0.02221194698307597 -0.00149999904632568
v -0.12472372055053711 0.02177980281803691 -0.00149999904632568
v -0.12505993652343750 0.02197391750309551 -0.00144888782501221
v -0.12413800621032715 0.02201783229801738 -0.00144888782501221
v -0.12438750457763673 0.02158568813297832 -0.00144888782501221
v -0.12512374114990235 0.02258694698307597 -0.00129903697967529
v -0.12537323951721191 0.02215480281803691 -0.00129903697967529
v -0.12407420158386230 0.02140480281803691 -0.00129903697967529
v -0.12382470321655274 0.02183694698307597 -0.00129903697967529
v -0.13233974647521973 0.01924871303532207 -0.00249999904632568
v -0.13277232742309569 0.01949846126530254 -0.00129409408569336
v -0.12837323951721191 0.01695865108463847 -0.00129903697967529
v -0.12772372055053710 0.01658365108463847 -0.00149999904632568
v -0.12805993652343750 0.01677776576969707 -0.00144888782501221
v -0.12738750457763673 0.01638953639957988 -0.00144888782501221
v -0.12622372055053710 0.01918172695133770 -0.00149999904632568
v -0.12655993652343750 0.01937584163639629 -0.00144888782501221
v -0.12687323951721191 0.01955672695133770 -0.00129903697967529
v -0.12588750457763673 0.01898761226627910 -0.00144888782501221
v -0.12557420158386232 0.01880672695133770 -0.00129903697967529
v -0.12707420158386232 0.01620865108463847 -0.00129903697967529
v -0.13491905879974367 0.02824228145573223 -0.00106065940856934
v -0.13516855907440187 0.02781012966129864 -0.00106065940856934
v -0.13537500000000000 0.02792931606266582 -0.00074999904632568
v -0.13512549877166749 0.02836146785709942 -0.00074999904632568
v -0.13308194160461426 0.02718162013981426 -0.00106065940856934
v -0.13333144187927246 0.02674946834538067 -0.00106065940856934
v -0.13287549972534179 0.02706242610905254 -0.00074999904632568
v -0.13312499999999999 0.02663028194401348 -0.00074999904632568
v -0.13666855907440187 0.02521205379459942 -0.00106065940856934
v -0.13483144092559815 0.02415139247868145 -0.00106065940856934
v -0.13816855907440187 0.02261397792790020 -0.00106065940856934
v -0.13633144092559815 0.02155331661198223 -0.00106065940856934
v -0.13687500000000000 0.02533124019596661 -0.00074999904632568
v -0.13462499999999999 0.02403220607731426 -0.00074999904632568
v -0.13837500000000000 0.02273316432926738 -0.00074999904632568
v -0.13612500000000000 0.02143413021061504 -0.00074999904632568
v -0.13550477409362793 0.02800424434635723 -0.00038822746276855
v -0.13525527477264404 0.02843638851139629 -0.00038822746276855
v -0.13274572563171386 0.02698750545475567 -0.00038822746276855
v -0.13299522590637208 0.02655535366032207 -0.00038822746276855
v -0.13700477409362793 0.02540616847965801 -0.00038822746276855
v -0.13449522590637208 0.02395727779362285 -0.00038822746276855
v -0.13850477409362794 0.02280809261295879 -0.00038822746276855
v -0.13599522590637209 0.02135920192692364 -0.00038822746276855
v -0.12539277839660645 0.02274227382633769 -0.00106065940856934
v -0.12564227867126465 0.02231012966129863 -0.00106065940856934
v -0.12355566215515137 0.02168162013981426 -0.00106065940856934
v -0.12380516242980957 0.02124946834538066 -0.00106065940856934
v -0.12584872055053711 0.02242931606266582 -0.00074999904632568
v -0.12559922027587891 0.02286146785709941 -0.00074999904632568
v -0.12334922027587891 0.02156242610905254 -0.00074999904632568
v -0.12572899436950685 0.02293638851139629 -0.00038822746276855
v -0.12597849464416505 0.02250424434635723 -0.00038822746276855
v -0.12321944618225097 0.02148750545475566 -0.00038822746276855
v -0.12864227867126465 0.01711397792790019 -0.00106065940856934
v -0.12734872055053711 0.01983124019596660 -0.00074999904632568
v -0.12884872055053712 0.01723316432926738 -0.00074999904632568
v -0.12747849464416505 0.01990616847965801 -0.00038822746276855
v -0.12897849464416505 0.01730809261295879 -0.00038822746276855
v -0.12714227867126465 0.01971205379459941 -0.00106065940856934
v -0.12530516242980957 0.01865139247868144 -0.00106065940856934
v -0.12359872055053711 0.02113028194401348 -0.00074999904632568
v -0.12509872055053711 0.01853220607731426 -0.00074999904632568
v -0.12680516242980958 0.01605331661198223 -0.00106065940856934
v -0.12659872055053711 0.01593413021061504 -0.00074999904632568
v -0.12346894645690919 0.02105535366032207 -0.00038822746276855
v -0.12496894645690919 0.01845727779362285 -0.00038822746276855
v -0.12646894645690918 0.01585920192692363 -0.00038822746276855
v -0.11028455734252930 0.02903180171940410 -0.00212131929397583
v -0.11128455734252930 0.02729975368473613 -0.00212131929397583
v -0.10661032485961915 0.02691048671696269 -0.00212131929397583
v -0.10761032485961915 0.02517843105290020 -0.00212131929397583
v -0.11069744110107423 0.02927018215153301 -0.00149999904632568
v -0.11169744110107423 0.02753813411686504 -0.00149999904632568
v -0.10619744110107422 0.02667210628483379 -0.00149999904632568
v -0.10719744110107422 0.02494005062077129 -0.00149999904632568
v -0.11336034393310547 0.02849820949528301 -0.00062785100936890
v -0.11321465301513672 0.02841409542057598 -0.00064999914169312
v -0.11306895828247071 0.02832997371647441 -0.00062785100936890
v -0.11095698928833007 0.02942003108952129 -0.00077645635604858
v -0.11195698928833007 0.02768798305485332 -0.00077645635604858
v -0.10593789291381836 0.02652225734684551 -0.00077645635604858
v -0.10482592391967774 0.02588025905582988 -0.00062785100936890
v -0.10468022918701173 0.02579614498112285 -0.00064999914169312
v -0.10453453826904296 0.02571202327702129 -0.00062785100936890
v -0.10693789291381836 0.02479020168278301 -0.00077645635604858
v -0.10568022918701173 0.02406408931706035 -0.00064999914169312
v -0.10582592391967774 0.02414821102116191 -0.00062785100936890
v -0.10553453826904297 0.02397997524235332 -0.00062785100936890
v -0.11349610900878906 0.02857659389469707 -0.00056291532516479
v -0.11293319320678712 0.02825158931706035 -0.00056291532516479
v -0.11181660842895508 0.02991633083317363 -0.00045961856842041
v -0.11172714996337890 0.02986468746159160 -0.00032499885559082
v -0.11361269378662110 0.02864390041325176 -0.00045961856842041
v -0.11370215225219726 0.02869555141422832 -0.00032499885559082
v -0.11281660842895508 0.02818428279850566 -0.00045961856842041
v -0.11272714996337890 0.02813263179752910 -0.00032499885559082
v -0.11167091751098633 0.02983221675846660 -0.00016823148727417
v -0.11375838851928712 0.02872802211735332 -0.00016823148727417
v -0.11267091751098633 0.02810016872379863 -0.00016823148727417
v -0.10496168899536133 0.02595864345524394 -0.00056291532516479
v -0.10507827377319336 0.02602594997379863 -0.00045961856842041
v -0.10516773223876953 0.02607760097477519 -0.00032499885559082
v -0.10439877319335937 0.02563364650700176 -0.00056291532516479
v -0.10522396469116212 0.02611007167790020 -0.00016823148727417
v -0.10596168899536133 0.02422659542057598 -0.00056291532516479
v -0.10539877319335937 0.02390159084293926 -0.00056291532516479
v -0.10607827377319336 0.02429390193913066 -0.00045961856842041
v -0.10528218841552735 0.02383428432438457 -0.00045961856842041
v -0.10616773223876953 0.02434555294010723 -0.00032499885559082
v -0.10519272994995117 0.02378263332340801 -0.00032499885559082
v -0.10428218841552735 0.02556633235905254 -0.00045961856842041
v -0.10419272994995117 0.02551468135807598 -0.00032499885559082
v -0.10622396469116212 0.02437801601383769 -0.00016823148727417
v -0.10513649368286133 0.02375017024967754 -0.00016823148727417
v -0.10413649368286133 0.02548221828434551 -0.00016823148727417
v -0.12450000000000000 -0.00433012912776387 -0.00249999904632568
v -0.12150000000000000 -0.00433012912776387 -0.00249999904632568
v -0.12450000000000000 -0.00000000522639668 -0.00149999904632568
v -0.12450000000000000 0.00038822414372051 -0.00144888782501221
v -0.12450000000000000 -0.00038823459651387 -0.00144888782501221
v -0.12450000000000000 0.00074999477360332 -0.00129903697967529
v -0.12150000000000000 -0.00000000522639668 -0.00149999904632568
v -0.12150000000000000 0.00038822414372051 -0.00144888782501221
v -0.12150000000000000 -0.00038823459651387 -0.00144888782501221
v -0.12150000000000000 0.00074999477360332 -0.00129903697967529
v -0.12450000000000000 -0.00075000522639668 -0.00129903697967529
v -0.12150000000000000 -0.00075000522639668 -0.00129903697967529
v -0.12450000000000000 -0.00482962558772481 -0.00129409408569336
v -0.12150000000000000 -0.00482962558772481 -0.00129409408569336
v -0.12450000000000000 0.00106066371891582 -0.00106065940856934
v -0.12150000000000000 0.00106066371891582 -0.00106065940856934
v -0.12450000000000000 0.00129903652165020 -0.00074999904632568
v -0.12150000000000000 0.00129903652165019 -0.00074999904632568
v -0.12450000000000000 -0.00106065891292012 -0.00106065940856934
v -0.12150000000000000 -0.00106065891292012 -0.00106065940856934
v -0.12450000000000000 -0.00129903171565449 -0.00074999904632568
v -0.12150000000000000 -0.00129903171565449 -0.00074999904632568
v -0.12450000000000000 0.00144889308903301 -0.00038822746276855
v -0.12150000000000000 0.00144889308903301 -0.00038822746276855
v -0.12450000000000000 -0.00144888828303730 -0.00038822746276855
v -0.12150000000000000 -0.00144888828303731 -0.00038822746276855
v -0.09220000076293945 0.00433013393375957 -0.00249999904632568
v -0.09220000076293945 0.00469846584293925 -0.00171009969711304
v -0.09120000076293945 0.00212940456364238 -0.00248296189308167
v -0.09120000076293945 0.00224999477360332 -0.00243301177024841
v -0.09120000076293945 0.00199999477360332 -0.00249999904632568
v -0.09120000076293945 0.00235355617497050 -0.00235355234146118
v -0.09020000076293945 0.00212940456364238 -0.00248296189308167
v -0.09020000076293945 0.00224999477360332 -0.00243301177024841
v -0.09020000076293945 0.00199999477360332 -0.00249999904632568
v -0.09020000076293945 0.00235355617497050 -0.00235355234146118
v -0.09120000076293945 0.00243300868961894 -0.00224999904632568
v -0.09020000076293945 0.00243300868961894 -0.00224999904632568
v -0.08890710830688477 0.00070710231754863 -0.00249999904632568
v -0.08906602478027344 0.00049999477360332 -0.00249999904632568
v -0.08916592407226563 0.00025881435368144 -0.00249999904632568
v -0.08920000076293945 -0.00000000522639668 -0.00249999904632568
v -0.08916592407226563 -0.00025882480647481 -0.00249999904632568
v -0.08906602478027344 -0.00050000522639668 -0.00249999904632568
v -0.09120000076293945 0.00248296596500957 -0.00212940859794617
v -0.09020000076293945 0.00248296596500957 -0.00212940859794617
v -0.09120000076293945 0.00249999477360332 -0.00199999904632568
v -0.09020000076293945 0.00249999477360332 -0.00199999904632568
v -0.08890710830688477 -0.00070711277034200 -0.00249999904632568
v -0.09120000076293945 -0.00200000522639668 -0.00249999904632568
v -0.09120000076293945 -0.00212941501643575 -0.00248296189308167
v -0.09120000076293945 -0.00225000522639668 -0.00243301177024841
v -0.09120000076293945 -0.00235355136897481 -0.00235355234146118
v -0.09020000076293945 -0.00200000522639668 -0.00249999904632568
v -0.09020000076293945 -0.00212941501643575 -0.00248296189308167
v -0.09020000076293945 -0.00225000522639668 -0.00243301177024841
v -0.09020000076293945 -0.00235355136897481 -0.00235355234146118
v -0.09120000076293945 -0.00243301914241231 -0.00224999904632568
v -0.09020000076293945 -0.00243301914241231 -0.00224999904632568
v -0.09220000076293945 -0.00433012912776387 -0.00249999904632568
v -0.09420000076293945 -0.00425331638362325 -0.00222470974922180
v -0.09120000076293945 -0.00248296115901387 -0.00212940859794617
v -0.09020000076293945 -0.00248296115901387 -0.00212940859794617
v -0.09120000076293945 -0.00250000522639668 -0.00199999904632568
v -0.09020000076293945 -0.00250000522639668 -0.00199999904632568
v -0.09420000076293945 -0.00020000217463887 -0.00148911523818970
v -0.09420000076293945 -0.00020667026545918 -0.00143488264083862
v -0.09420000076293945 -0.00022621677424825 -0.00138473844528198
v -0.09420000076293945 -0.00057135532405293 -0.00138961124420166
v -0.09420000076293945 -0.00025734470393575 -0.00134200763702393
v -0.09420000076293945 -0.00053847263362325 -0.00134597635269165
v -0.09420000076293945 -0.00029800937678731 -0.00130952310562134
v -0.09420000076293945 -0.00034550998713887 -0.00128943872451782
v -0.09420000076293945 -0.00049646518733418 -0.00131232500076294
v -0.09420000076293945 -0.00044812534358418 -0.00129088783264160
v -0.09420000076293945 -0.00039667270686543 -0.00128308677673340
v -0.09420000076293945 -0.00453290317561543 -0.00157887506484985
v -0.09220000076293945 -0.00469846103694356 -0.00171009969711304
v -0.09220000076293945 0.00492403652165019 -0.00086823987960815
v -0.09420000076293945 0.00091776515934550 -0.00118961143493652
v -0.09420000076293945 0.00089641811344707 -0.00113931274414062
v -0.09420000076293945 0.00088826992008769 -0.00108611202239990
v -0.09420000076293945 0.00089386989567363 -0.00103353691101074
v -0.09420000076293945 0.00091285182926738 -0.00098507356643677
v -0.09420000076293945 0.00094393398258769 -0.00094393444061279
v -0.09420000076293945 0.00118961574528300 -0.00091776227951050
v -0.09420000076293945 0.00113930751774394 -0.00089641666412354
v -0.09420000076293945 0.00103353359196269 -0.00089387559890747
v -0.09420000076293945 0.00108611537907207 -0.00088827466964722
v -0.09420000076293945 0.00098507167790019 -0.00091284799575806
v -0.09220000076293945 -0.00000000522639668 -0.00074270486831665
v -0.09220000076293945 -0.00000665805842793 -0.00068847227096558
v -0.09220000076293945 0.00037134792301738 -0.00064320135116577
v -0.09220000076293945 -0.00002621982600606 -0.00063832807540894
v -0.09220000076293945 -0.00037135837581075 -0.00064320135116577
v -0.09420000076293945 -0.00471504734065450 -0.00089910078048706
v -0.09220000076293945 -0.00492403171565450 -0.00086823987960815
v -0.09220000076293945 0.00035000087711894 -0.00059290266036987
v -0.09220000076293945 -0.00005734775569356 -0.00059559726715088
v -0.09220000076293945 -0.00033846042659200 -0.00059956645965576
v -0.09220000076293945 -0.00009801242854512 -0.00056311273574829
v -0.09220000076293945 -0.00029646823909200 -0.00056591463088989
v -0.09220000076293945 0.00034186794254863 -0.00053970193862915
v -0.09220000076293945 0.00034746791813457 -0.00048712682723999
v -0.09220000076293945 -0.00014549778010762 -0.00054302883148193
v -0.09220000076293945 -0.00019667575862325 -0.00053667640686035
v -0.09220000076293945 -0.00024812839534200 -0.00054447746276855
v -0.09220000076293945 0.00064319850895488 -0.00037135171890259
v -0.09220000076293945 0.00059290554020488 -0.00035000658035278
v -0.09220000076293945 0.00048713161442363 -0.00034746503829956
v -0.09220000076293945 0.00053969814274394 -0.00034186458587646
v -0.09220000076293945 0.00036643459293925 -0.00043866300582886
v -0.09220000076293945 0.00039753200504863 -0.00039752435684204
v -0.09220000076293945 0.00043866970036113 -0.00036643791198730
v -0.09220000076293945 -0.00059956882502950 -0.00033846473693848
v -0.09220000076293945 -0.00056590793635762 -0.00029646301269531
v -0.09220000076293945 -0.00054448459651387 -0.00024813079833984
v -0.09220000076293945 -0.00053667209651387 -0.00019667387008667
v -0.09220000076293945 -0.00054303501155293 -0.00014550352096558
v -0.09220000076293945 -0.00056311557795918 -0.00009801244735718
v -0.09220000076293945 -0.00059560153987325 -0.00005734968185425
v -0.09420000076293945 -0.00138960788752950 -0.00057135200500488
v -0.09420000076293945 -0.00134598300959981 -0.00053846502304077
v -0.09420000076293945 -0.00131232212092793 -0.00049646282196045
v -0.09420000076293945 -0.00129088352229512 -0.00044813108444214
v -0.09420000076293945 -0.00128308628108418 -0.00039667367935181
v -0.09420000076293945 -0.00128943393733418 -0.00034550333023071
v -0.09220000076293945 -0.00064320896174825 -0.00037135171890259
v -0.09420000076293945 -0.00130952976252950 -0.00029801225662231
v -0.09420000076293945 -0.00134201572444356 -0.00025734949111938
v -0.09420000076293945 -0.00138474033381856 -0.00022621154785156
v -0.09420000076293945 -0.00143488071467793 -0.00020666265487671
v -0.09420000076293945 -0.00148911045100606 -0.00019999885559082
v -0.09220000076293945 -0.00063832614924825 -0.00002621173858643
v -0.09220000076293945 -0.00068846653010762 -0.00000666236877441
v -0.09420000076293945 -0.00479582736995137 -0.00019999885559082
v -0.08219999694824219 0.02819999935124003 -0.00499999904632568
v -0.08168236541748047 0.02813185359928691 -0.00499999904632568
v -0.08119999694824219 0.02793204738590800 -0.00499999904632568
v -0.07619999694824219 0.02793204738590800 -0.00499999904632568
v -0.08078578948974610 0.02761421443913066 -0.00499999904632568
v -0.08046794891357421 0.02719999935124004 -0.00499999904632568
v -0.08026815032958985 0.02671763851139628 -0.00499999904632568
v -0.08019999694824219 0.02619999935124004 -0.00499999904632568
v -0.07661421203613282 0.02761421443913066 -0.00499999904632568
v -0.07693205261230469 0.02719999935124004 -0.00499999904632568
v -0.07713185119628907 0.02671763851139628 -0.00499999904632568
v -0.07719999694824219 0.02619999935124004 -0.00499999904632568
v -0.07571763610839843 0.02813185359928691 -0.00499999904632568
v -0.07519999694824218 0.02819999935124003 -0.00499999904632568
v -0.08019999694824219 0.01779999782536113 -0.00499999904632568
v -0.08026815032958985 0.01728235866520488 -0.00499999904632568
v -0.07719999694824219 0.01779999782536113 -0.00499999904632568
v -0.07713185119628907 0.01728235866520488 -0.00499999904632568
v -0.08078578948974610 0.01638578273747050 -0.00499999904632568
v -0.08219999694824219 0.01579999782536113 -0.00499999904632568
v -0.08168236541748047 0.01586815120670879 -0.00499999904632568
v -0.08119999694824219 0.01606794979069316 -0.00499999904632568
v -0.08046794891357421 0.01679999782536113 -0.00499999904632568
v -0.07693205261230469 0.01679999782536113 -0.00499999904632568
v -0.07661421203613282 0.01638578273747050 -0.00499999904632568
v -0.07619999694824219 0.01606794979069316 -0.00499999904632568
v -0.07571763610839843 0.01586815120670878 -0.00499999904632568
v -0.07519999694824218 0.01579999782536113 -0.00499999904632568
v -0.04500000000000000 0.02819999935124003 -0.00499999904632568
v -0.04300000000000000 0.02819999935124003 -0.00499999904632568
v -0.04500000000000000 0.01579999782536112 -0.00499999904632568
v -0.04800000000000000 0.01379999782536112 -0.00499999904632568
v -0.04300000000000000 0.01379999782536112 -0.00499999904632568
v -0.04500000000000000 0.02200000240299784 -0.00299999904632568
v -0.04500000000000000 0.02277645351383769 -0.00289777636528015
v -0.04500000000000000 0.02350000240299784 -0.00259807515144348
v -0.04300000000000000 0.02200000240299784 -0.00299999904632568
v -0.04300000000000000 0.02277645351383768 -0.00289777636528015
v -0.04300000000000000 0.02350000240299784 -0.00259807515144348
v -0.04500000000000000 0.02122354366276347 -0.00289777636528015
v -0.04500000000000000 0.02050000240299784 -0.00259807515144348
v -0.04300000000000000 0.02122354366276347 -0.00289777636528015
v -0.04300000000000000 0.02050000240299784 -0.00259807515144348
v -0.08519999694824219 0.01019999935124003 -0.00499999904632568
v -0.08390590667724609 0.01002962734196269 -0.00499999904632568
v -0.08269999694824219 0.00953012325260722 -0.00499999904632568
v -0.08166446685791016 0.00873553707096660 -0.00499999904632568
v -0.08086987304687500 0.00770000698063456 -0.00499999904632568
v -0.08037036895751953 0.00649408962223613 -0.00499999904632568
v -0.08019999694824219 0.00520000698063456 -0.00499999904632568
v -0.07519999694824218 0.00819999935124003 -0.00499999904632568
v -0.08602945327758789 0.00055810024235332 -0.00496871685981751
v -0.08575807189941406 0.00082947780582988 -0.00493069553375244
v -0.08590708923339845 0.00070711757633769 -0.00494974434375763
v -0.08612368011474610 0.00038315822575175 -0.00498529589176178
v -0.08618099594116212 0.00019262172672832 -0.00499619674682617
v -0.08620000076293946 -0.00000000522639668 -0.00499999904632568
v -0.08618099594116212 -0.00019263217952168 -0.00499619674682617
v -0.08612368011474610 -0.00038316867854512 -0.00498529589176178
v -0.08602945327758789 -0.00055809543635762 -0.00496871685981751
v -0.08437054443359375 0.00055810024235332 -0.00496871685981751
v -0.08464192962646484 0.00082947780582988 -0.00493069553375244
v -0.08449290466308594 0.00070711757633769 -0.00494974434375763
v -0.08558314514160156 0.00092368556950175 -0.00491393828392029
v -0.08539261627197266 0.00098099758122050 -0.00490285813808441
v -0.08519999694824219 0.00099999477360332 -0.00489897847175598
v -0.08500737762451172 0.00098099758122050 -0.00490285813808441
v -0.08481685638427734 0.00092368556950175 -0.00491393828392029
v -0.08427632141113281 0.00038315822575175 -0.00498529589176178
v -0.08421900177001954 0.00019262172672832 -0.00499619674682617
v -0.08419999694824219 -0.00000000522639668 -0.00499999904632568
v -0.08421900177001954 -0.00019263217952168 -0.00499619674682617
v -0.08427632141113281 -0.00038316867854512 -0.00498529589176178
v -0.08437054443359375 -0.00055809543635762 -0.00496871685981751
v -0.08319999694824219 -0.00000000522639668 -0.00499999904632568
v -0.08319999694824219 0.00129409267399394 -0.00482962810993195
v -0.08019999694824219 -0.00000000522639669 -0.00499999904632568
v -0.08590708923339845 -0.00070712802913106 -0.00494974434375763
v -0.08575807189941406 -0.00082947299983418 -0.00493069553375244
v -0.08449290466308594 -0.00070712802913106 -0.00494974434375763
v -0.08464192962646484 -0.00082947299983418 -0.00493069553375244
v -0.08558314514160156 -0.00092368076350606 -0.00491393828392029
v -0.08539261627197266 -0.00098099277522481 -0.00490285813808441
v -0.08519999694824219 -0.00100000522639668 -0.00489897847175598
v -0.08500737762451172 -0.00098099277522481 -0.00490285813808441
v -0.08481685638427734 -0.00092368076350606 -0.00491393828392029
v -0.08319999694824219 -0.00129408786799825 -0.00482962810993195
v -0.08019999694824219 -0.00129408786799825 -0.00482962810993195
v -0.08319999694824219 0.00249999477360332 -0.00433012604713440
v -0.08319999694824219 -0.00250000522639668 -0.00433012604713440
v -0.08019999694824219 -0.00250000522639669 -0.00433012604713440
v -0.07519999694824218 -0.00000000522639669 -0.00499999904632568
v -0.07519999694824218 -0.00129408786799825 -0.00482962810993195
v -0.07519999694824218 -0.00250000522639669 -0.00433012604713440
v -0.08319999694824219 0.00353553249332988 -0.00353553295135498
v -0.08319999694824219 -0.00353552768733418 -0.00353553295135498
v -0.08019999694824219 -0.00353552768733419 -0.00353553295135498
v -0.07519999694824218 -0.00353552768733419 -0.00353553295135498
v -0.05100000000000000 0.00819999935124003 -0.00499999904632568
v -0.05100000000000000 0.00195168544743144 -0.00471178460121155
v -0.05100000000000000 0.00100297023747050 -0.00499999904632568
v -0.05100000000000000 0.00148044826481425 -0.00488039469718933
v -0.05100000000000000 -0.00000000522639669 -0.00499999904632568
v -0.05100000000000000 0.00240412380192362 -0.00449779736995697
v -0.05100000000000000 -0.00096918247249044 -0.00487240397930145
v -0.05100000000000000 -0.00129408786799825 -0.00482962810993195
v -0.05100000000000000 0.00283341457340800 -0.00424049401283264
v -0.05100000000000000 0.00323540737125956 -0.00394235229492187
v -0.05100000000000000 -0.00250000522639669 -0.00433012604713440
v -0.04800000000000000 -0.00000000522639669 -0.00499999904632568
v -0.04800000000000000 -0.00129408786799825 -0.00482962810993195
v -0.04800000000000000 -0.00250000522639669 -0.00433012604713440
v -0.05100000000000000 0.00394234706852519 -0.00323540472984314
v -0.05100000000000000 0.00424048854801737 -0.00283340716362000
v -0.05100000000000000 0.00360624172184550 -0.00360624361038208
v -0.05100000000000000 -0.00353552768733419 -0.00353553295135498
v -0.05100000000000000 -0.00053516147639669 -0.00269043231010437
v -0.04800000000000000 -0.00353552768733419 -0.00353553295135498
v -0.04500000000000000 0.02412131740543925 -0.00212131929397583
v -0.04300000000000000 0.02412131740543925 -0.00212131929397583
v -0.04500000000000000 0.02459807826969706 -0.00149999904632568
v -0.04300000000000000 0.02459807826969706 -0.00149999904632568
v -0.04500000000000000 0.01987867977116190 -0.00212131929397583
v -0.04300000000000000 0.01987867977116190 -0.00212131929397583
v -0.04500000000000000 0.01940192653629862 -0.00149999904632568
v -0.04300000000000000 0.01940192653629862 -0.00149999904632568
v -0.04500000000000000 0.02651822902653300 -0.00062785100936890
v -0.04500000000000000 0.02635000087711894 -0.00064999914169312
v -0.04500000000000000 0.02618176509831035 -0.00062785100936890
v -0.04300000000000000 0.02651822902653300 -0.00062785100936890
v -0.04300000000000000 0.02635000087711893 -0.00064999914169312
v -0.04300000000000000 0.02618176509831034 -0.00062785100936890
v -0.04500000000000000 0.02489777614567363 -0.00077645635604858
v -0.04300000000000000 0.02489777614567362 -0.00077645635604858
v -0.04500000000000000 0.02667499782536113 -0.00056291532516479
v -0.04500000000000000 0.02602499629948222 -0.00056291532516479
v -0.04500000000000000 0.02680961849186503 -0.00045961856842041
v -0.04500000000000000 0.02691291286442362 -0.00032499885559082
v -0.04500000000000000 0.02589038326237285 -0.00045961856842041
v -0.04500000000000000 0.02578708126041972 -0.00032499885559082
v -0.04500000000000000 0.02697785427067362 -0.00016823148727417
v -0.04500000000000000 0.02572214748356425 -0.00016823148727417
v -0.04300000000000000 0.02667499782536112 -0.00056291532516479
v -0.04300000000000000 0.02602499629948221 -0.00056291532516479
v -0.04300000000000000 0.02680961849186503 -0.00045961856842041
v -0.04300000000000000 0.02691291286442362 -0.00032499885559082
v -0.04300000000000000 0.02589038326237284 -0.00045961856842041
v -0.04300000000000000 0.02578708126041972 -0.00032499885559082
v -0.04300000000000000 0.02697785427067362 -0.00016823148727417
v -0.04300000000000000 0.02572214748356424 -0.00016823148727417
v -0.04500000000000000 0.01910222103092753 -0.00077645635604858
v -0.04500000000000000 0.01781823207829081 -0.00062785100936890
v -0.04500000000000000 0.01764999629948222 -0.00064999914169312
v -0.04500000000000000 0.01748176815006816 -0.00062785100936890
v -0.04300000000000000 0.01910222103092753 -0.00077645635604858
v -0.04300000000000000 0.01781823207829081 -0.00062785100936890
v -0.04300000000000000 0.01764999629948221 -0.00064999914169312
v -0.04300000000000000 0.01748176815006815 -0.00062785100936890
v -0.04500000000000000 0.01797500087711894 -0.00056291532516479
v -0.04500000000000000 0.01732499935124003 -0.00056291532516479
v -0.04500000000000000 0.01810962154362284 -0.00045961856842041
v -0.04500000000000000 0.01821291591618144 -0.00032499885559082
v -0.04500000000000000 0.01719037868473612 -0.00045961856842041
v -0.04500000000000000 0.01708708431217753 -0.00032499885559082
v -0.04500000000000000 0.01827784969303691 -0.00016823148727417
v -0.04500000000000000 0.01702215053532206 -0.00016823148727417
v -0.04300000000000000 0.01797500087711893 -0.00056291532516479
v -0.04300000000000000 0.01732499935124003 -0.00056291532516479
v -0.04300000000000000 0.01810962154362284 -0.00045961856842041
v -0.04300000000000000 0.01821291591618143 -0.00032499885559082
v -0.04300000000000000 0.01719037868473612 -0.00045961856842041
v -0.04300000000000000 0.01708708431217753 -0.00032499885559082
v -0.04300000000000000 0.01827784969303690 -0.00016823148727417
v -0.04300000000000000 0.01702215053532206 -0.00016823148727417
v -0.08319999694824219 0.00433013393375957 -0.00249999904632568
v -0.08319999694824219 0.00482963039372050 -0.00129409408569336
v -0.08319999694824219 0.00212940456364238 -0.00248296189308167
v -0.08319999694824219 0.00224999477360332 -0.00243301177024841
v -0.08319999694824219 0.00199999477360332 -0.00249999904632568
v -0.08319999694824219 0.00235355617497050 -0.00235355234146118
v -0.08319999694824219 0.00243300868961894 -0.00224999904632568
v -0.08845882034301758 0.00096592189762675 -0.00249999904632568
v -0.08870000076293945 0.00086602260563457 -0.00249999904632568
v -0.08820000076293945 0.00099999477360332 -0.00249999904632568
v -0.08569999694824219 0.00086602260563457 -0.00249999904632568
v -0.08606602478027343 0.00049999477360332 -0.00249999904632568
v -0.08590710449218750 0.00070710231754863 -0.00249999904632568
v -0.08616592407226563 0.00025881435368144 -0.00249999904632568
v -0.08620000076293946 -0.00000000522639668 -0.00249999904632568
v -0.08616592407226563 -0.00025882480647481 -0.00249999904632568
v -0.08606602478027343 -0.00050000522639668 -0.00249999904632568
v -0.08545881652832031 0.00096592189762675 -0.00249999904632568
v -0.08519999694824219 0.00099999477360332 -0.00249999904632568
v -0.08494117736816406 0.00096592189762675 -0.00249999904632568
v -0.08469999694824219 0.00086602260563457 -0.00249999904632568
v -0.08449288940429688 0.00070710231754863 -0.00249999904632568
v -0.08433397674560547 0.00049999477360332 -0.00249999904632568
v -0.08319999694824219 0.00099999477360332 -0.00249999904632568
v -0.08423407745361328 0.00025881435368144 -0.00249999904632568
v -0.08419999694824219 -0.00000000522639668 -0.00249999904632568
v -0.08423407745361328 -0.00025882480647481 -0.00249999904632568
v -0.08433397674560547 -0.00050000522639668 -0.00249999904632568
v -0.08319999694824219 0.00248296596500957 -0.00212940859794617
v -0.08319999694824219 0.00249999477360332 -0.00199999904632568
v -0.08019999694824219 0.00212940456364238 -0.00248296189308167
v -0.08019999694824219 0.00224999477360332 -0.00243301177024841
v -0.08019999694824219 0.00199999477360331 -0.00249999904632568
v -0.08019999694824219 0.00235355617497050 -0.00235355234146118
v -0.08019999694824219 0.00243300868961894 -0.00224999904632568
v -0.08219999694824219 0.00099999477360332 -0.00249999904632568
v -0.08194117736816406 0.00096592189762675 -0.00249999904632568
v -0.08169999694824219 0.00086602260563456 -0.00249999904632568
v -0.08149288940429687 0.00070710231754863 -0.00249999904632568
v -0.08133397674560547 0.00049999477360332 -0.00249999904632568
v -0.08123407745361329 0.00025881435368144 -0.00249999904632568
v -0.08119999694824219 -0.00000000522639669 -0.00249999904632568
v -0.08123407745361329 -0.00025882480647481 -0.00249999904632568
v -0.08133397674560547 -0.00050000522639669 -0.00249999904632568
v -0.08019999694824219 0.00248296596500957 -0.00212940859794617
v -0.08019999694824219 0.00249999477360331 -0.00199999904632568
v -0.08870000076293945 -0.00086601779963887 -0.00249999904632568
v -0.08845882034301758 -0.00096593235042012 -0.00249999904632568
v -0.08820000076293945 -0.00100000522639668 -0.00249999904632568
v -0.08590710449218750 -0.00070711277034200 -0.00249999904632568
v -0.08569999694824219 -0.00086601779963887 -0.00249999904632568
v -0.08545881652832031 -0.00096593235042012 -0.00249999904632568
v -0.08519999694824219 -0.00100000522639668 -0.00249999904632568
v -0.08494117736816406 -0.00096593235042012 -0.00249999904632568
v -0.08449288940429688 -0.00070711277034200 -0.00249999904632568
v -0.08469999694824219 -0.00086601779963887 -0.00249999904632568
v -0.08319999694824219 -0.00100000522639668 -0.00249999904632568
v -0.08319999694824219 -0.00200000522639668 -0.00249999904632568
v -0.08319999694824219 -0.00212941501643575 -0.00248296189308167
v -0.08319999694824219 -0.00225000522639668 -0.00243301177024841
v -0.08319999694824219 -0.00235355136897481 -0.00235355234146118
v -0.08319999694824219 -0.00243301914241231 -0.00224999904632568
v -0.08319999694824219 -0.00433012912776387 -0.00249999904632568
v -0.08319999694824219 -0.00248296115901387 -0.00212940859794617
v -0.08319999694824219 -0.00250000522639668 -0.00199999904632568
v -0.08169999694824219 -0.00086601779963887 -0.00249999904632568
v -0.08219999694824219 -0.00100000522639669 -0.00249999904632568
v -0.08194117736816406 -0.00096593235042012 -0.00249999904632568
v -0.08149288940429687 -0.00070711277034200 -0.00249999904632568
v -0.08019999694824219 -0.00200000522639669 -0.00249999904632568
v -0.08019999694824219 -0.00212941501643575 -0.00248296189308167
v -0.08019999694824219 -0.00225000522639669 -0.00243301177024841
v -0.08019999694824219 -0.00235355136897481 -0.00235355234146118
v -0.08019999694824219 -0.00243301914241231 -0.00224999904632568
v -0.08019999694824219 -0.00433012912776387 -0.00249999904632568
v -0.08019999694824219 -0.00248296115901387 -0.00212940859794617
v -0.08019999694824219 -0.00250000522639669 -0.00199999904632568
v -0.08319999694824219 -0.00482962558772481 -0.00129409408569336
v -0.08019999694824219 -0.00482962558772481 -0.00129409408569336
v -0.07519999694824218 -0.00433012912776387 -0.00249999904632568
v -0.07519999694824218 -0.00482962558772481 -0.00129409408569336
v -0.05100000000000000 0.00449779750797831 -0.00240412235260010
v -0.05100000000000000 0.00471178676579081 -0.00195168447494507
v -0.05100000000000000 0.00488039638493144 -0.00148045063018799
v -0.04800000000000000 0.01100000240299784 -0.00149999904632568
v -0.04800000000000000 0.01138823177311503 -0.00144888782501221
v -0.04800000000000000 0.01061177303288065 -0.00144888782501221
v -0.04800000000000000 0.01175000240299784 -0.00129903697967529
v -0.04800000000000000 0.01025000240299784 -0.00129903697967529
v -0.04200099945068359 0.01100000240299784 -0.00149999904632568
v -0.04200099945068359 0.01138823177311503 -0.00144888782501221
v -0.04200099945068359 0.01061177303288065 -0.00144888782501221
v -0.04200099945068359 0.01175000240299784 -0.00129903697967529
v -0.04200099945068359 0.01025000240299784 -0.00129903697967529
v -0.05100000000000000 -0.00433012912776388 -0.00249999904632568
v -0.05100000000000000 -0.00015920017268575 -0.00161642694473267
v -0.05100000000000000 -0.00000000522639669 -0.00149999904632568
v -0.05100000000000000 -0.00482962558772481 -0.00129409408569336
v -0.04800000000000000 -0.00433012912776388 -0.00249999904632568
v -0.04800000000000000 -0.00000000522639669 -0.00149999904632568
v -0.04800000000000000 0.00038822414372050 -0.00144888782501221
v -0.04800000000000000 -0.00038823459651388 -0.00144888782501221
v -0.04800000000000000 0.00074999477360331 -0.00129903697967529
v -0.04200099945068359 -0.00000000522639669 -0.00149999904632568
v -0.04200099945068359 0.00038822414372050 -0.00144888782501221
v -0.04200099945068359 -0.00038823459651388 -0.00144888782501221
v -0.04200099945068359 0.00074999477360331 -0.00129903697967529
v -0.04800000000000000 -0.00075000522639669 -0.00129903697967529
v -0.04800000000000000 -0.00482962558772481 -0.00129409408569336
v -0.04200099945068359 -0.00075000522639669 -0.00129903697967529
v -0.05100000000000000 0.00500200893375956 -0.00099495983123779
v -0.05100000000000000 0.00507544948551737 -0.00049988651275635
v -0.04800000000000000 0.01206066371891581 -0.00106065940856934
v -0.04800000000000000 0.00993934108707987 -0.00106065940856934
v -0.04800000000000000 0.01229903652165019 -0.00074999904632568
v -0.04800000000000000 0.00970096065495097 -0.00074999904632568
v -0.04200099945068359 0.01206066371891581 -0.00106065940856934
v -0.04200099945068359 0.00993934108707987 -0.00106065940856934
v -0.04200099945068359 0.01229903652165019 -0.00074999904632568
v -0.04200099945068359 0.00970096065495097 -0.00074999904632568
v -0.04800000000000000 0.01244888545963847 -0.00038822746276855
v -0.04800000000000000 0.00955111171696268 -0.00038822746276855
v -0.04200099945068359 0.01244888545963847 -0.00038822746276855
v -0.04200099945068359 0.00955111171696268 -0.00038822746276855
v -0.04800000000000000 0.00106066371891581 -0.00106065940856934
v -0.04800000000000000 0.00129903652165019 -0.00074999904632568
v -0.04200099945068359 0.00106066371891581 -0.00106065940856934
v -0.04200099945068359 0.00129903652165019 -0.00074999904632568
v -0.04800000000000000 -0.00106065891292013 -0.00106065940856934
v -0.04800000000000000 -0.00129903171565450 -0.00074999904632568
v -0.04200099945068359 -0.00106065891292013 -0.00106065940856934
v -0.04200099945068359 -0.00129903171565450 -0.00074999904632568
v -0.04800000000000000 0.00144889308903300 -0.00038822746276855
v -0.04200099945068359 0.00144889308903300 -0.00038822746276855
v -0.04800000000000000 -0.00144888828303731 -0.00038822746276855
v -0.04200099945068359 -0.00144888828303731 -0.00038822746276855
v -0.12883012771606445 0.04666729213688457 0.00000000095367432
v -0.13033012771606445 0.04406921627018535 0.00000000095367432
v -0.12729903793334962 0.04231921627018535 0.00000000095367432
v -0.12798079872131349 0.04617693569157207 0.00093716573715210
v -0.12868832206726075 0.04658542110416972 0.00124374628067017
v -0.12715582656860352 0.04570064022038067 0.00021136236190796
v -0.12579903793334962 0.04491729213688457 0.00000000095367432
v -0.12579346275329589 0.04491407253239238 0.00004889535903931
v -0.12578988647460937 0.04491201259586895 0.00008026266098022
v -0.12450000000000000 0.04416729213688457 0.00000000095367432
v -0.12320096206665039 0.04341729213688457 0.00000000095367432
v -0.12320096206665039 0.04341729213688457 0.00000000095367432
v -0.12321207427978516 0.04342370845768535 0.00009747505187988
v -0.12322330856323242 0.04343019344303691 0.00019600534439087
v -0.12303874015808106 0.04332363368961895 0.00027857828140259
v -0.12694948196411132 0.04558150722477519 0.00037236928939819
v -0.12310977745056152 0.04336464931461895 0.00043013763427734
v -0.12470096206665039 0.04081921627018535 0.00000000095367432
v -0.12725477409362793 0.04229366542790020 0.00038822937011719
v -0.12474522590637208 0.04084477474186504 0.00038822937011719
v -0.12606155776977540 0.04506885768864238 0.00081698942184448
v -0.12613880920410156 0.04511345912907207 0.00084143304824829
v -0.12605136680603027 0.04506297542545879 0.00082587289810181
v -0.12524055099487305 0.04459485103581035 0.00121838140487671
v -0.12371621513366700 0.04371477748844707 0.00118007516860962
v -0.12374941062927246 0.04373394252750957 0.00120948743820190
v -0.12712500000000002 0.04221873714420879 0.00075000095367432
v -0.12487500000000000 0.04091970302555645 0.00075000095367432
v -0.12691855812072755 0.04209955074284160 0.00106066131591797
v -0.12508144187927248 0.04103888942692363 0.00106066131591797
v -0.12216078186035156 0.04281674434635722 0.00101662206649780
v -0.13029853630065918 0.03712393428776348 0.00000000095367432
v -0.12770046043395997 0.03562393428776348 0.00000000095367432
v -0.13025427436828613 0.03709837581608379 0.00038822937011719
v -0.12774472618103028 0.03564949275944317 0.00038822937011719
v -0.13012449836730958 0.03702345516178691 0.00075000095367432
v -0.12787450027465821 0.03572441341374004 0.00075000095367432
v -0.12991805839538575 0.03690426113102520 0.00106066131591797
v -0.12808094215393068 0.03584360744450175 0.00106066131591797
v -0.11777275848388673 0.03681921627018535 0.00000000095367432
v -0.11517468261718750 0.03531921627018535 0.00000000095367432
v -0.11772849655151367 0.03679366542790020 0.00038822937011719
v -0.11521894454956055 0.03534477474186504 0.00038822937011719
v -0.12077225685119629 0.03162393428776348 0.00000000095367432
v -0.12077224922180176 0.03162392665836895 0.00000006580352783
v -0.11817418098449707 0.03012393428776348 0.00000000095367432
v -0.12072799491882324 0.03159837581608379 0.00038822937011719
v -0.12072797393798829 0.03159836818668926 0.00038828945159912
v -0.11821843910217285 0.03014948513004863 0.00038816452026367
v -0.11821844673156738 0.03014949275944316 0.00038822937011719
v -0.11759872055053711 0.03671873714420879 0.00075000095367432
v -0.11534872055053712 0.03541970302555644 0.00075000095367432
v -0.11739228057861328 0.03659955074284160 0.00106066131591797
v -0.11555516052246094 0.03553888942692363 0.00106066131591797
v -0.12059821891784668 0.03152345516178692 0.00075000095367432
v -0.12059818458557130 0.03152343227360332 0.00075005292892456
v -0.11834819984436036 0.03022440578434551 0.00074994087219238
v -0.11834822082519532 0.03022441341374004 0.00075000095367432
v -0.12039177894592286 0.03140426113102519 0.00106066131591797
v -0.11855462837219238 0.03034358455631816 0.00106060934066772
v -0.11855466270446778 0.03034360744450176 0.00106066131591797
v -0.12868258094787599 0.04658210994694317 0.00129409599304199
v -0.13018258094787599 0.04398403408024394 0.00129409599304199
v -0.12857397270202636 0.04651940395329082 0.00159686756134033
v -0.12842405891418457 0.04643285610172832 0.00201477527618408
v -0.12840171051025390 0.04641994716618145 0.00207707977294922
v -0.12518340110778808 0.04456185390446270 0.00126901674270630
v -0.12537820434570313 0.04467432643864238 0.00132155466079712
v -0.12514951896667481 0.04454229213688457 0.00129903888702393
v -0.12507085609436036 0.04449687435124004 0.00133666276931763
v -0.12495391464233399 0.04442936183903301 0.00139259529113770
v -0.12568114852905274 0.04484923030827129 0.00145619487762451
v -0.12599679565429689 0.04503147365543926 0.00151572418212891
v -0.12483621597290040 0.04436140682194317 0.00144888973236084
v -0.12470990943908691 0.04428848506901348 0.00146809053421021
v -0.12458441543579102 0.04421602870915019 0.00148716831207275
v -0.12445765686035157 0.04414284755680645 0.00149356412887573
v -0.12450000000000000 0.04416729213688457 0.00150000095367432
v -0.12442480659484864 0.04412388088200176 0.00148857021331787
v -0.12385048103332520 0.04379229213688457 0.00129903888702393
v -0.12385048103332520 0.04379229213688457 0.00129903936386108
v -0.12352431869506836 0.04360398342106426 0.00128466463088989
v -0.12391364669799805 0.04382876064274394 0.00132925033569336
v -0.12392879867553711 0.04383751155827129 0.00145569467544556
v -0.12647647094726563 0.04530841304752910 0.00181303024291992
v -0.12401151084899903 0.04388526393864238 0.00166166353225708
v -0.12664951896667481 0.04194421627018535 0.00129903888702393
v -0.12535048103332519 0.04119421627018535 0.00129903888702393
v -0.12633621597290040 0.04176333095524395 0.00144888973236084
v -0.12566378402709960 0.04137510158512676 0.00144888973236084
v -0.12600000000000000 0.04156921627018535 0.00150000095367432
v -0.12129493904113769 0.04231685115788066 0.00164245271682739
v -0.12196576690673828 0.04270415737125957 0.00181967830657959
v -0.12407138633728028 0.04391983272526347 0.00212259483337402
v -0.12271092605590821 0.04313437129948223 0.00195271492004395
v -0.12261091041564942 0.04307662441227519 0.00201008701324463
v -0.12212820625305176 0.04279793788883769 0.00198657560348511
v -0.12221640968322754 0.04284886409733379 0.00202333641052246
v -0.12142245864868165 0.04239047481510723 0.00213850975036621
v -0.12045067214965821 0.04182941677067363 0.00202105903625488
v -0.12083623313903809 0.04205201961491192 0.00228841972351074
v -0.12053875541687012 0.04188026668522441 0.00225567340850830
v -0.12055181694030762 0.04188781215641582 0.00228281307220459
v -0.12058936500549317 0.04190948726627910 0.00236082935333252
v -0.12964901733398437 0.03674893428776348 0.00129903888702393
v -0.12933571434020996 0.03656804897282207 0.00144888973236084
v -0.12834997940063478 0.03599893428776348 0.00129903888702393
v -0.12899949836730956 0.03637393428776348 0.00150000095367432
v -0.12866328239440919 0.03617981960270488 0.00144888973236084
v -0.11712324142456054 0.03644421627018535 0.00129903888702393
v -0.11582419967651368 0.03569421627018535 0.00129903888702393
v -0.11680993652343750 0.03626333095524394 0.00144888973236084
v -0.11613750457763672 0.03587510158512676 0.00144888973236084
v -0.11647372055053712 0.03606921627018535 0.00150000095367432
v -0.12012273788452149 0.03124893428776348 0.00129903888702393
v -0.11882369995117188 0.03049893428776347 0.00129903888702393
v -0.11980943489074708 0.03106804897282207 0.00144888973236084
v -0.11947321891784668 0.03087393428776347 0.00150000095367432
v -0.11913700294494629 0.03067981960270488 0.00144888973236084
v -0.11277756881713867 0.03047114040348613 0.00000000095367432
v -0.11275838851928711 0.03046007015202129 0.00016823339462280
v -0.11270215225219726 0.03042759944889629 0.00032500076293945
v -0.11261269378662110 0.03037595607731426 0.00045962047576904
v -0.11249610900878906 0.03030864192936504 0.00056291770935059
v -0.11193319320678712 0.02998364498112285 0.00056291770935059
v -0.11236034393310547 0.03023025752995098 0.00062785291671753
v -0.11206895828247071 0.03006202938053692 0.00062785291671753
v -0.11221465301513672 0.03014614345524394 0.00065000104904175
v -0.10529859161376953 0.06102511074040019 0.00500000095367432
v -0.09521679687500000 0.06328728725407207 0.00500000095367432
v -0.09541659927368164 0.06280492641422832 0.00500000095367432
v -0.09548474884033203 0.06228728725407207 0.00500000095367432
v -0.09541659927368164 0.06176964809391582 0.00500000095367432
v -0.09521679687500000 0.06128728725407207 0.00500000095367432
v -0.09489896011352539 0.06087307216618144 0.00500000095367432
v -0.09871679687500000 0.05722510768864238 0.00500000095367432
v -0.09798474884033204 0.05795716335270489 0.00500000095367432
v -0.09750238418579102 0.05815696193668926 0.00500000095367432
v -0.09698474884033204 0.05822510768864238 0.00500000095367432
v -0.09839896011352539 0.05763932277653301 0.00500000095367432
v -0.09646710968017579 0.05815696193668926 0.00500000095367432
v -0.09598474884033203 0.05795716335270489 0.00500000095367432
v -0.09448474884033203 0.06055523921940410 0.00500000095367432
v -0.12825000190734864 0.04633236171696269 0.00250000095367432
v -0.12975000000000000 0.04373428585026348 0.00250000095367432
v -0.12799148750305175 0.04618310787174785 0.00288902091979980
v -0.12790493583679199 0.04613313533756817 0.00301926708221436
v -0.12756186294555663 0.04593506099674785 0.00353553485870361
v -0.12906186294555663 0.04333698513004863 0.00353553485870361
v -0.12417580986022950 0.04398012020084941 0.00284341335296631
v -0.12433530044555664 0.04407220699284160 0.00326045036315918
v -0.12122573089599610 0.04227689601872051 0.00341737842559814
v -0.12127638816833497 0.04230613948795879 0.00348632144927979
v -0.12131265830993652 0.04232708217594707 0.00352685356140137
v -0.12816506385803222 0.04281921627018535 0.00433012771606445
v -0.12666506385803222 0.04541729213688457 0.00433012771606445
v -0.12562071990966797 0.04481434108707989 0.00482962989807129
v -0.12450000000000000 0.04416729213688457 0.00500000095367432
v -0.12712071990966797 0.04221626522038066 0.00482962989807129
v -0.12600000000000000 0.04156921627018535 0.00500000095367432
v -0.11739859008789062 0.04006729366276347 0.00500000095367432
v -0.11654885101318360 0.03033909084293926 0.00500000095367432
v -0.11404885101318360 0.03466922237370098 0.00500000095367432
v -0.11381679916381836 0.03107114650700176 0.00500000095367432
v -0.09206180191040039 0.03795190669987285 0.00500000095367432
v -0.09226160049438477 0.03746954586002910 0.00500000095367432
v -0.09232975006103515 0.03695190669987285 0.00500000095367432
v -0.09226160049438477 0.03643426753971660 0.00500000095367432
v -0.09206180191040039 0.03595190669987285 0.00500000095367432
v -0.09174396133422852 0.03553769161198223 0.00500000095367432
v -0.09132975006103516 0.03521985103581035 0.00500000095367432
v -0.09084738922119141 0.03502005245182598 0.00500000095367432
v -0.09032975006103516 0.03495190669987285 0.00500000095367432
v -0.08721013259887696 0.05635523464176739 0.00500000095367432
v -0.08447808074951171 0.05708729030582987 0.00500000095367432
v -0.08479592132568360 0.05667307521793925 0.00500000095367432
v -0.08521013641357422 0.05635523464176737 0.00500000095367432
v -0.08672777175903321 0.05615543605778300 0.00500000095367432
v -0.08621013259887696 0.05608729030582987 0.00500000095367432
v -0.08569249725341797 0.05615543605778300 0.00500000095367432
v -0.08871013259887696 0.05375715877506816 0.00500000095367432
v -0.08829592132568359 0.05343932582829082 0.00500000095367432
v -0.08797808456420898 0.05302511074040019 0.00500000095367432
v -0.08777828216552734 0.05254274990055645 0.00500000095367432
v -0.08771013259887696 0.05202511074040019 0.00500000095367432
v -0.08777828216552734 0.05150747158024394 0.00500000095367432
v -0.08797808456420898 0.05102511074040020 0.00500000095367432
v -0.07050000000000001 0.03695190669987285 0.00500000095367432
v -0.07056814575195312 0.03643426753971660 0.00500000095367432
v -0.07076795196533203 0.03595190669987285 0.00500000095367432
v -0.07108578491210937 0.03553769161198222 0.00500000095367432
v -0.07250000000000000 0.03495190669987285 0.00500000095367432
v -0.07198236083984375 0.03502005245182597 0.00500000095367432
v -0.07150000000000001 0.03521985103581034 0.00500000095367432
v -0.06750000000000000 0.03495190669987285 0.00500000095367432
v -0.13858012676239015 0.02977980281803692 0.00000000095367432
v -0.13529953956604004 0.02846194698307598 0.00000000095367432
v -0.13554903793334960 0.02802980281803692 0.00000000095367432
v -0.14008012676239015 0.02718172695133770 0.00000000095367432
v -0.13550477409362793 0.02800424434635723 0.00038822937011719
v -0.13525527477264404 0.02843638851139629 0.00038822937011719
v -0.13270146369934083 0.02696194698307598 0.00000000095367432
v -0.13295096206665039 0.02652980281803692 0.00000000095367432
v -0.13274572563171386 0.02698750545475567 0.00038822937011719
v -0.13299522590637208 0.02655535366032207 0.00038822937011719
v -0.13704903793334960 0.02543172695133770 0.00000000095367432
v -0.13445096206665039 0.02393172695133770 0.00000000095367432
v -0.13854903793334961 0.02283365108463848 0.00000000095367432
v -0.13595096206665039 0.02133365108463848 0.00000000095367432
v -0.13700477409362793 0.02540616847965801 0.00038822937011719
v -0.13449522590637208 0.02395727779362285 0.00038822937011719
v -0.13850477409362794 0.02280809261295879 0.00038822937011719
v -0.13599522590637209 0.02135920192692364 0.00038822937011719
v -0.13141987228393556 0.02218172695133770 0.00000000095367432
v -0.13537500000000000 0.02792931606266582 0.00075000095367432
v -0.13512549877166749 0.02836146785709942 0.00075000095367432
v -0.13491905879974367 0.02824228145573223 0.00106066131591797
v -0.13516855907440187 0.02781012966129864 0.00106066131591797
v -0.13287549972534179 0.02706242610905254 0.00075000095367432
v -0.13312499999999999 0.02663028194401348 0.00075000095367432
v -0.13308194160461426 0.02718162013981426 0.00106066131591797
v -0.13333144187927246 0.02674946834538067 0.00106066131591797
v -0.13687500000000000 0.02533124019596661 0.00075000095367432
v -0.13462499999999999 0.02403220607731426 0.00075000095367432
v -0.13837500000000000 0.02273316432926738 0.00075000095367432
v -0.13612500000000000 0.02143413021061504 0.00075000095367432
v -0.13666855907440187 0.02521205379459942 0.00106066131591797
v -0.13483144092559815 0.02415139247868145 0.00106066131591797
v -0.13816855907440187 0.02261397792790020 0.00106066131591797
v -0.13633144092559815 0.02155331661198223 0.00106066131591797
v -0.12577326011657716 0.02296194698307598 0.00000000095367432
v -0.12602275848388672 0.02252980281803691 0.00000000095367432
v -0.12317518424987793 0.02146194698307598 0.00000000095367432
v -0.12572899436950685 0.02293638851139629 0.00038822937011719
v -0.12597849464416505 0.02250424434635723 0.00038822937011719
v -0.12321944618225097 0.02148750545475566 0.00038822937011719
v -0.12584872055053711 0.02242931606266582 0.00075000095367432
v -0.12559922027587891 0.02286146785709941 0.00075000095367432
v -0.12334922027587891 0.02156242610905254 0.00075000095367432
v -0.12539277839660645 0.02274227382633769 0.00106066131591797
v -0.12564227867126465 0.02231012966129863 0.00106066131591797
v -0.12355566215515137 0.02168162013981426 0.00106066131591797
v -0.12380516242980957 0.02124946834538066 0.00106066131591797
v -0.13291987228393554 0.01958365108463848 0.00000000095367432
v -0.12752275848388672 0.01993172695133769 0.00000000095367432
v -0.12902275848388672 0.01733365108463848 0.00000000095367432
v -0.12747849464416505 0.01990616847965801 0.00038822937011719
v -0.12897849464416505 0.01730809261295879 0.00038822937011719
v -0.12734872055053711 0.01983124019596660 0.00075000095367432
v -0.12884872055053712 0.01723316432926738 0.00075000095367432
v -0.12864227867126465 0.01711397792790019 0.00106066131591797
v -0.12342468261718750 0.02102980281803691 0.00000000095367432
v -0.12492468261718750 0.01843172695133770 0.00000000095367432
v -0.12346894645690919 0.02105535366032207 0.00038822937011719
v -0.12496894645690919 0.01845727779362285 0.00038822937011719
v -0.12642468261718751 0.01583365108463848 0.00000000095367432
v -0.12646894645690918 0.01585920192692363 0.00038822937011719
v -0.12359872055053711 0.02113028194401348 0.00075000095367432
v -0.12509872055053711 0.01853220607731426 0.00075000095367432
v -0.12714227867126465 0.01971205379459941 0.00106066131591797
v -0.12530516242980957 0.01865139247868144 0.00106066131591797
v -0.12659872055053711 0.01593413021061504 0.00075000095367432
v -0.12680516242980958 0.01605331661198223 0.00106066131591797
v -0.13843258190155031 0.02969461299870098 0.00129409599304199
v -0.13465002059936523 0.02808694698307598 0.00129903888702393
v -0.13433671379089357 0.02790606166813457 0.00144888973236084
v -0.13993258190155031 0.02709653713200176 0.00129409599304199
v -0.13489951896667482 0.02765480281803692 0.00129903888702393
v -0.13458621597290038 0.02747391750309551 0.00144888973236084
v -0.13391378402709961 0.02708568813297832 0.00144888973236084
v -0.13400050163269042 0.02771194698307598 0.00150000095367432
v -0.13425000000000001 0.02727980281803692 0.00150000095367432
v -0.13335098266601564 0.02733694698307598 0.00129903888702393
v -0.13360048103332520 0.02690480281803692 0.00129903888702393
v -0.13366428565979005 0.02751783229801739 0.00144888973236084
v -0.13639951896667482 0.02505672695133770 0.00129903888702393
v -0.13510048103332520 0.02430672695133770 0.00129903888702393
v -0.13608621597290038 0.02487584163639629 0.00144888973236084
v -0.13575000000000001 0.02468172695133770 0.00150000095367432
v -0.13541378402709961 0.02448761226627911 0.00144888973236084
v -0.13789951896667479 0.02245865108463848 0.00129903888702393
v -0.13758621597290038 0.02227776576969707 0.00144888973236084
v -0.13691378402709961 0.02188953639957988 0.00144888973236084
v -0.13725000000000001 0.02208365108463848 0.00150000095367432
v -0.13660048103332520 0.02170865108463848 0.00129903888702393
v -0.13127232742309572 0.02209653713200176 0.00129409599304199
v -0.12512374114990235 0.02258694698307597 0.00129903888702393
v -0.12537323951721191 0.02215480281803691 0.00129903888702393
v -0.12407420158386230 0.02140480281803691 0.00129903888702393
v -0.12481043434143067 0.02240606166813457 0.00144888973236084
v -0.12505993652343750 0.02197391750309551 0.00144888973236084
v -0.12413800621032715 0.02201783229801738 0.00144888973236084
v -0.12438750457763673 0.02158568813297832 0.00144888973236084
v -0.12447422218322754 0.02221194698307597 0.00150000095367432
v -0.12472372055053711 0.02177980281803691 0.00150000095367432
v -0.12382470321655274 0.02183694698307597 0.00129903888702393
v -0.13277232742309569 0.01949846126530254 0.00129409599304199
v -0.12837323951721191 0.01695865108463847 0.00129903888702393
v -0.12805993652343750 0.01677776576969707 0.00144888973236084
v -0.12738750457763673 0.01638953639957988 0.00144888973236084
v -0.12772372055053710 0.01658365108463847 0.00150000095367432
v -0.12687323951721191 0.01955672695133770 0.00129903888702393
v -0.12655993652343750 0.01937584163639629 0.00144888973236084
v -0.12622372055053710 0.01918172695133770 0.00150000095367432
v -0.12557420158386232 0.01880672695133770 0.00129903888702393
v -0.12588750457763673 0.01898761226627910 0.00144888973236084
v -0.12707420158386232 0.01620865108463847 0.00129903888702393
v -0.11165173339843751 0.02982114650700176 0.00000000095367432
v -0.11377756881713867 0.02873909236881816 0.00000000095367432
v -0.11265173339843751 0.02808909084293926 0.00000000095367432
v -0.11167091751098633 0.02983221675846660 0.00016823339462280
v -0.11375838851928712 0.02872802211735332 0.00016823339462280
v -0.11267091751098633 0.02810016872379863 0.00016823339462280
v -0.11104551696777344 0.02947114040348613 0.00000000095367432
v -0.11204551696777344 0.02773909236881816 0.00000000095367432
v -0.11172714996337890 0.02986468746159160 0.00032500076293945
v -0.11181660842895508 0.02991633083317363 0.00045962047576904
v -0.11370215225219726 0.02869555141422832 0.00032500076293945
v -0.11361269378662110 0.02864390041325176 0.00045962047576904
v -0.11272714996337890 0.02813263179752910 0.00032500076293945
v -0.11281660842895508 0.02818428279850566 0.00045962047576904
v -0.11349610900878906 0.02857659389469707 0.00056291770935059
v -0.11293319320678712 0.02825158931706035 0.00056291770935059
v -0.10584936523437501 0.02647114040348613 0.00000000095367432
v -0.10524314880371094 0.02612114192936504 0.00000000095367432
v -0.10522396469116212 0.02611007167790020 0.00016823339462280
v -0.10516773223876953 0.02607760097477519 0.00032500076293945
v -0.10507827377319336 0.02602594997379863 0.00045962047576904
v -0.10496168899536133 0.02595864345524394 0.00056291770935059
v -0.10439877319335937 0.02563364650700176 0.00056291770935059
v -0.10684936523437501 0.02473909236881816 0.00000000095367432
v -0.10624314880371094 0.02438909389469707 0.00000000095367432
v -0.10511731338500976 0.02373909236881816 0.00000000095367432
v -0.10622396469116212 0.02437801601383769 0.00016823339462280
v -0.10513649368286133 0.02375017024967754 0.00016823339462280
v -0.10411731338500976 0.02547114040348613 0.00000000095367432
v -0.10413649368286133 0.02548221828434551 0.00016823339462280
v -0.10616773223876953 0.02434555294010723 0.00032500076293945
v -0.10519272994995117 0.02378263332340801 0.00032500076293945
v -0.10607827377319336 0.02429390193913066 0.00045962047576904
v -0.10528218841552735 0.02383428432438457 0.00045962047576904
v -0.10596168899536133 0.02422659542057598 0.00056291770935059
v -0.10539877319335937 0.02390159084293926 0.00056291770935059
v -0.10419272994995117 0.02551468135807598 0.00032500076293945
v -0.10428218841552735 0.02556633235905254 0.00045962047576904
v -0.11336034393310547 0.02849820949528301 0.00062785291671753
v -0.11321465301513672 0.02841409542057598 0.00065000104904175
v -0.11306895828247071 0.02832997371647441 0.00062785291671753
v -0.11095698928833007 0.02942003108952129 0.00077645826339722
v -0.11195698928833007 0.02768798305485332 0.00077645826339722
v -0.10482592391967774 0.02588025905582988 0.00062785291671753
v -0.10593789291381836 0.02652225734684551 0.00077645826339722
v -0.10453453826904296 0.02571202327702129 0.00062785291671753
v -0.10468022918701173 0.02579614498112285 0.00065000104904175
v -0.10693789291381836 0.02479020168278301 0.00077645826339722
v -0.10582592391967774 0.02414821102116191 0.00062785291671753
v -0.10568022918701173 0.02406408931706035 0.00065000104904175
v -0.10553453826904297 0.02397997524235332 0.00062785291671753
v -0.11069744110107423 0.02927018215153301 0.00150000095367432
v -0.11169744110107423 0.02753813411686504 0.00150000095367432
v -0.10619744110107422 0.02667210628483379 0.00150000095367432
v -0.10719744110107422 0.02494005062077129 0.00150000095367432
v -0.11028455734252930 0.02903180171940410 0.00212132167816162
v -0.11128455734252930 0.02729975368473613 0.00212132167816162
v -0.10661032485961915 0.02691048671696269 0.00212132167816162
v -0.10761032485961915 0.02517843105290020 0.00212132167816162
v -0.12450000000000000 0.00149999477360332 0.00000000095367432
v -0.12150000000000000 0.00149999477360332 0.00000000095367432
v -0.12450000000000000 0.00144889308903301 0.00038822937011719
v -0.12150000000000000 0.00144889308903301 0.00038822937011719
v -0.12450000000000000 -0.00150000522639668 0.00000000095367432
v -0.12150000000000000 -0.00150000522639668 0.00000000095367432
v -0.12450000000000000 -0.00500000522639668 0.00000000095367432
v -0.12150000000000000 -0.00500000522639668 0.00000000095367432
v -0.12450000000000000 -0.00144888828303730 0.00038822937011719
v -0.12150000000000000 -0.00144888828303731 0.00038822937011719
v -0.12450000000000000 0.00129903652165020 0.00075000095367432
v -0.12150000000000000 0.00129903652165019 0.00075000095367432
v -0.12450000000000000 0.00106066371891582 0.00106066131591797
v -0.12150000000000000 0.00106066371891582 0.00106066131591797
v -0.12450000000000000 -0.00129903171565449 0.00075000095367432
v -0.12150000000000000 -0.00129903171565449 0.00075000095367432
v -0.12450000000000000 -0.00106065891292012 0.00106066131591797
v -0.12150000000000000 -0.00106065891292012 0.00106066131591797
v -0.12450000000000000 0.00074999477360332 0.00129903888702393
v -0.12450000000000000 0.00038822414372051 0.00144888973236084
v -0.12450000000000000 -0.00038823459651387 0.00144888973236084
v -0.12450000000000000 -0.00000000522639668 0.00150000095367432
v -0.12150000000000000 0.00074999477360332 0.00129903888702393
v -0.12150000000000000 0.00038822414372051 0.00144888973236084
v -0.12150000000000000 -0.00038823459651387 0.00144888973236084
v -0.12150000000000000 -0.00000000522639668 0.00150000095367432
v -0.12450000000000000 -0.00075000522639668 0.00129903888702393
v -0.12150000000000000 -0.00075000522639668 0.00129903888702393
v -0.12450000000000000 -0.00482962558772481 0.00129409599304199
v -0.12150000000000000 -0.00482962558772481 0.00129409599304199
v -0.09220000076293945 0.00499999477360332 0.00000000095367432
v -0.09420000076293945 0.00479583217594707 0.00020000076293945
v -0.09220000076293945 0.00492403652165019 0.00086824178695679
v -0.09420000076293945 0.00471503688786113 0.00089910268783569
v -0.09220000076293945 0.00074270107243144 0.00000000095367432
v -0.09220000076293945 0.00068847133610332 0.00000666475296021
v -0.09220000076293945 0.00063833095524394 0.00002621364593506
v -0.09220000076293945 0.00059559108707988 0.00005735158920288
v -0.09220000076293945 0.00056312038395488 0.00009801435470581
v -0.09220000076293945 0.00054302455875957 0.00014550542831421
v -0.09420000076293945 0.00148911525700175 0.00020000076293945
v -0.09420000076293945 0.00143488552067363 0.00020666456222534
v -0.09420000076293945 0.00138474513981425 0.00022621345520020
v -0.09420000076293945 0.00134200527165019 0.00025735187530518
v -0.09420000076293945 0.00130951930973613 0.00029801416397095
v -0.09220000076293945 0.00053667690250957 0.00019667577743530
v -0.09220000076293945 0.00054447414372050 0.00024813318252563
v -0.09220000076293945 0.00056591274235332 0.00029646492004395
v -0.09420000076293945 0.00128943874332988 0.00034550523757935
v -0.09420000076293945 0.00128309108707988 0.00039667606353760
v -0.09420000076293945 0.00129088832829082 0.00044813299179077
v -0.09220000076293945 0.00059957363102519 0.00033846664428711
v -0.09220000076293945 0.00064319850895488 0.00037135410308838
v -0.09220000076293945 -0.00048712680842793 0.00034746742248535
v -0.09220000076293945 -0.00053970859553731 0.00034186649322510
v -0.09220000076293945 -0.00059290073420918 0.00035000848770142
v -0.09220000076293945 -0.00043866489436543 0.00036643981933594
v -0.09220000076293945 -0.00039752719905293 0.00039752626419067
v -0.09220000076293945 -0.00036644504573262 0.00043866539001465
v -0.09420000076293945 0.00131232692692363 0.00049646472930908
v -0.09420000076293945 0.00134597255680644 0.00053846693038940
v -0.09420000076293945 0.00138961269352519 0.00057135391235352
v -0.09220000076293945 0.00019668056461894 0.00053667831420898
v -0.09220000076293945 0.00024813320133769 0.00054447937011719
v -0.09220000076293945 0.00014550258610332 0.00054303073883057
v -0.09220000076293945 -0.00034746311213887 0.00048712873458862
v -0.09220000076293945 -0.00034186313655293 0.00053970384597778
v -0.09220000076293945 0.00029645778629863 0.00056591653823853
v -0.09220000076293945 0.00009801723454082 0.00056311464309692
v -0.09220000076293945 0.00033846523258769 0.00059956836700439
v -0.09220000076293945 0.00005735256168925 0.00059559917449951
v -0.09220000076293945 -0.00035001132991231 0.00059290456771851
v -0.09220000076293945 -0.00074271152522481 0.00000000095367432
v -0.09220000076293945 -0.00500000522639668 0.00000000095367432
v -0.09220000076293945 -0.00064320896174825 0.00037135410308838
v -0.09220000076293945 0.00037134792301738 0.00064320325851440
v -0.09220000076293945 0.00002620937321269 0.00063833045959473
v -0.09220000076293945 0.00000666286442363 0.00068847417831421
v -0.09220000076293945 -0.00037135837581075 0.00064320325851440
v -0.09220000076293945 -0.00000000522639668 0.00074270677566528
v -0.09420000076293945 -0.00103354404475606 0.00089387750625610
v -0.09420000076293945 -0.00108611057307637 0.00088827657699585
v -0.09420000076293945 -0.00113931797053731 0.00089641857147217
v -0.09420000076293945 -0.00098506687190450 0.00091284990310669
v -0.09420000076293945 -0.00118961093928731 0.00091776418685913
v -0.09220000076293945 -0.00492403171565450 0.00086824178695679
v -0.09420000076293945 -0.00094392917659200 0.00094393634796143
v -0.09420000076293945 -0.00091284702327168 0.00098507547378540
v -0.09420000076293945 -0.00089388034846700 0.00103353929519653
v -0.09420000076293945 -0.00088828037288106 0.00108611440658569
v -0.09420000076293945 -0.00089641330745137 0.00113931465148926
v -0.09420000076293945 -0.00091776035334981 0.00118961334228516
v -0.09420000076293945 0.00453289272282207 0.00157887697219849
v -0.09220000076293945 0.00469846584293925 0.00171010160446167
v -0.09420000076293945 0.00425330593082988 0.00222471141815186
v -0.09420000076293945 0.00049646999332988 0.00131232690811157
v -0.09420000076293945 0.00053846218082988 0.00134597826004028
v -0.09420000076293945 0.00057136013004863 0.00138961315155029
v -0.09420000076293945 0.00039667751286113 0.00128308868408203
v -0.09420000076293945 0.00044813014957988 0.00129088973999023
v -0.09420000076293945 0.00034549953434550 0.00128944063186646
v -0.09420000076293945 0.00029801418278300 0.00130952501296997
v -0.09420000076293945 0.00025734950993144 0.00134200954437256
v -0.09420000076293945 0.00022620632145488 0.00138474035263062
v -0.09420000076293945 0.00020665981266582 0.00143488454818726
v -0.09420000076293945 0.00020000698063457 0.00148911714553833
v -0.09220000076293945 -0.00469846103694356 0.00171010160446167
v -0.09120000076293945 0.00249999477360332 0.00200000095367432
v -0.09020000076293945 0.00249999477360332 0.00200000095367432
v -0.09120000076293945 0.00248296596500957 0.00212941074371338
v -0.09020000076293945 0.00248296596500957 0.00212941074371338
v -0.09120000076293945 0.00243300868961894 0.00225000095367432
v -0.09020000076293945 0.00243300868961894 0.00225000095367432
v -0.09120000076293945 0.00235355617497050 0.00235355472564697
v -0.09120000076293945 0.00224999477360332 0.00243301391601563
v -0.09120000076293945 0.00212940456364238 0.00248296356201172
v -0.09020000076293945 0.00235355617497050 0.00235355472564697
v -0.09020000076293945 0.00224999477360332 0.00243301391601563
v -0.09020000076293945 0.00212940456364238 0.00248296356201172
v -0.09120000076293945 -0.00250000522639668 0.00200000095367432
v -0.09020000076293945 -0.00250000522639668 0.00200000095367432
v -0.09120000076293945 -0.00248296115901387 0.00212941074371338
v -0.09020000076293945 -0.00248296115901387 0.00212941074371338
v -0.09120000076293945 -0.00243301914241231 0.00225000095367432
v -0.09020000076293945 -0.00243301914241231 0.00225000095367432
v -0.09120000076293945 -0.00235355136897481 0.00235355472564697
v -0.09120000076293945 -0.00225000522639668 0.00243301391601563
v -0.09120000076293945 -0.00212941501643575 0.00248296356201172
v -0.09020000076293945 -0.00235355136897481 0.00235355472564697
v -0.09020000076293945 -0.00225000522639668 0.00243301391601563
v -0.09020000076293945 -0.00212941501643575 0.00248296356201172
v -0.13800000000000001 0.02944486476872051 0.00250000095367432
v -0.13950000000000001 0.02684678890202129 0.00250000095367432
v -0.13083974647521973 0.02184678890202129 0.00250000095367432
v -0.13731186199188233 0.02904756404850567 0.00353553485870361
v -0.13881186199188233 0.02644948818180645 0.00353553485870361
v -0.13015160751342775 0.02144948818180644 0.00353553485870361
v -0.13233974647521973 0.01924871303532207 0.00250000095367432
v -0.13165160751342775 0.01885141231510723 0.00353553485870361
v -0.13641506385803223 0.02852980281803692 0.00433012771606445
v -0.13791506385803223 0.02593172695133770 0.00433012771606445
v -0.13537071895599365 0.02792684413883770 0.00482962989807129
v -0.13425000000000001 0.02727980281803692 0.00500000095367432
v -0.13687071895599365 0.02532876827213848 0.00482962989807129
v -0.13575000000000001 0.02468172695133770 0.00500000095367432
v -0.12925481033325195 0.02093172695133769 0.00433012771606445
v -0.13075481033325195 0.01833365108463848 0.00433012771606445
v -0.12821046447753906 0.02032876827213848 0.00482962989807129
v -0.12971046447753906 0.01773069240543926 0.00482962989807129
v -0.12858974647521973 0.01708365108463848 0.00500000095367432
v -0.12708974647521973 0.01968172695133770 0.00500000095367432
v -0.12450000000000000 0.01472242977116191 0.00500000095367432
v -0.10974647903442383 0.02872114040348613 0.00259807682037354
v -0.11074647903442383 0.02698909236881816 0.00259807682037354
v -0.10911987304687500 0.02835936977360332 0.00289777851104736
v -0.10844744110107422 0.02797114040348613 0.00300000095367432
v -0.11011987304687500 0.02662732173893535 0.00289777851104736
v -0.10877500915527344 0.02585086299870097 0.00289777851104736
v -0.10944744110107422 0.02623909236881816 0.00300000095367432
v -0.10714840316772462 0.02722114040348613 0.00259807682037354
v -0.10777500915527344 0.02758291103336894 0.00289777851104736
v -0.10814840316772462 0.02548909236881816 0.00259807682037354
v -0.10307808303833008 0.02487114192936504 0.00500000095367432
v -0.10407808303833008 0.02313909389469707 0.00500000095367432
v -0.09705500411987304 0.02813185359928691 0.00500000095367432
v -0.09753736495971679 0.02793204738590800 0.00500000095367432
v -0.09653736495971679 0.02819999935124003 0.00500000095367432
v -0.09795158004760743 0.02761421443913066 0.00500000095367432
v -0.09826941680908204 0.02719999935124004 0.00500000095367432
v -0.10331895828247070 0.01831763698551738 0.00500000095367432
v -0.10311915969848633 0.01879999782536113 0.00500000095367432
v -0.10338710784912110 0.01779999782536113 0.00500000095367432
v -0.10331895828247070 0.01728235866520488 0.00500000095367432
v -0.10982808303833008 0.01317979671452129 0.00500000095367432
v -0.10311915969848633 0.01679999782536113 0.00500000095367432
v -0.10280131912231445 0.01638578273747051 0.00500000095367432
v -0.10238710784912110 0.01606794979069316 0.00500000095367432
v -0.10190474700927735 0.01586815120670879 0.00500000095367432
v -0.10138710784912110 0.01579999782536113 0.00500000095367432
v -0.12450000000000000 -0.00433012912776387 0.00250000095367432
v -0.12150000000000000 -0.00433012912776387 0.00250000095367432
v -0.12450000000000000 -0.00353552768733418 0.00353553485870361
v -0.12150000000000000 -0.00353552768733418 0.00353553485870361
v -0.11792431259155274 0.00999284603092754 0.00500000095367432
v -0.11909315681457520 0.00947499324772441 0.00500000095367432
v -0.12009247589111328 0.00867766048405254 0.00500000095367432
v -0.11666691970825195 0.01019999935124004 0.00500000095367432
v -0.11666235351562500 0.01019736721012676 0.00500000095367432
v -0.12085693550109863 0.00765297939274394 0.00500000095367432
v -0.12133656311035157 0.00646793605778301 0.00500000095367432
v -0.12150000000000000 0.00520000698063457 0.00500000095367432
v -0.12450000000000000 -0.00250000522639668 0.00433012771606445
v -0.12150000000000000 -0.00250000522639668 0.00433012771606445
v -0.12450000000000000 -0.00000000522639668 0.00500000095367432
v -0.12150000000000000 -0.00000000522639668 0.00500000095367432
v -0.12450000000000000 -0.00129408786799824 0.00482962989807129
v -0.12150000000000000 -0.00129408786799824 0.00482962989807129
v -0.09220000076293945 0.00433013393375957 0.00250000095367432
v -0.09220000076293945 0.00383022548649394 0.00321393871307373
v -0.09120000076293945 0.00199999477360332 0.00250000095367432
v -0.09020000076293945 0.00199999477360332 0.00250000095367432
v -0.08890710830688477 0.00070710231754863 0.00250000095367432
v -0.08906602478027344 0.00049999477360332 0.00250000095367432
v -0.08916592407226563 0.00025881435368144 0.00250000095367432
v -0.08920000076293945 -0.00000000522639668 0.00250000095367432
v -0.08916592407226563 -0.00025882480647481 0.00250000095367432
v -0.08906602478027344 -0.00050000522639668 0.00250000095367432
v -0.08890710830688477 -0.00070711277034200 0.00250000095367432
v -0.09120000076293945 -0.00200000522639668 0.00250000095367432
v -0.09020000076293945 -0.00200000522639668 0.00250000095367432
v -0.09420000076293945 -0.00405331943538106 0.00257112216949463
v -0.09220000076293945 -0.00433012912776387 0.00250000095367432
v -0.09420000076293945 -0.00363379428889668 0.00313616657257080
v -0.09220000076293945 -0.00383022068049825 0.00321393871307373
v -0.09420000076293945 -0.00313615940120137 0.00363379573822021
v -0.09220000076293945 0.00321393825504863 0.00383022308349609
v -0.09420000076293945 0.00222471096012675 0.00425331306457520
v -0.09220000076293945 0.00249999477360332 0.00433012771606445
v -0.09420000076293945 -0.00257112644221700 0.00405331325531006
v -0.09220000076293945 -0.00321393344905293 0.00383022308349609
v -0.09220000076293945 -0.00250000522639668 0.00433012771606445
v -0.09420000076293945 0.00157888271305644 0.00453289794921875
v -0.09220000076293945 0.00171010829899394 0.00469846439361572
v -0.09420000076293945 0.00089910366032207 0.00471504211425781
v -0.09420000076293945 0.00020000698063457 0.00479583263397217
v -0.09220000076293945 0.00086823513004863 0.00492403984069824
v -0.09220000076293945 -0.00000000522639668 0.00500000095367432
v -0.09220000076293945 -0.00171010349299825 0.00469846439361572
v -0.09220000076293945 -0.00086824558284200 0.00492403984069824
v -0.04500000000000000 0.02700000240299785 0.00000000095367432
v -0.04500000000000000 0.02569999935124003 0.00000000095367432
v -0.04500000000000000 0.02697785427067362 0.00016823339462280
v -0.04500000000000000 0.02572214748356425 0.00016823339462280
v -0.04500000000000000 0.02691291286442362 0.00032500076293945
v -0.04500000000000000 0.02680961849186503 0.00045962047576904
v -0.04500000000000000 0.02578708126041972 0.00032500076293945
v -0.04500000000000000 0.02589038326237285 0.00045962047576904
v -0.04500000000000000 0.02667499782536113 0.00056291770935059
v -0.04500000000000000 0.02602499629948222 0.00056291770935059
v -0.04300000000000000 0.02700000240299784 0.00000000095367432
v -0.04300000000000000 0.02569999935124003 0.00000000095367432
v -0.04300000000000000 0.02697785427067362 0.00016823339462280
v -0.04300000000000000 0.02572214748356424 0.00016823339462280
v -0.04300000000000000 0.02691291286442362 0.00032500076293945
v -0.04300000000000000 0.02680961849186503 0.00045962047576904
v -0.04300000000000000 0.02578708126041972 0.00032500076293945
v -0.04300000000000000 0.02589038326237284 0.00045962047576904
v -0.04300000000000000 0.02667499782536112 0.00056291770935059
v -0.04300000000000000 0.02602499629948221 0.00056291770935059
v -0.04500000000000000 0.02500000240299784 0.00000000095367432
v -0.04300000000000000 0.02500000240299784 0.00000000095367432
v -0.04500000000000000 0.02651822902653300 0.00062785291671753
v -0.04500000000000000 0.02618176509831035 0.00062785291671753
v -0.04500000000000000 0.02635000087711894 0.00065000104904175
v -0.04300000000000000 0.02651822902653300 0.00062785291671753
v -0.04300000000000000 0.02618176509831034 0.00062785291671753
v -0.04300000000000000 0.02635000087711893 0.00065000104904175
v -0.04500000000000000 0.02489777614567363 0.00077645826339722
v -0.04300000000000000 0.02489777614567362 0.00077645826339722
v -0.04500000000000000 0.01900000240299785 0.00000000095367432
v -0.04500000000000000 0.01829999782536113 0.00000000095367432
v -0.04500000000000000 0.01700000240299784 0.00000000095367432
v -0.04500000000000000 0.01827784969303691 0.00016823339462280
v -0.04500000000000000 0.01702215053532206 0.00016823339462280
v -0.04500000000000000 0.01821291591618144 0.00032500076293945
v -0.04500000000000000 0.01810962154362284 0.00045962047576904
v -0.04500000000000000 0.01708708431217753 0.00032500076293945
v -0.04500000000000000 0.01719037868473612 0.00045962047576904
v -0.04500000000000000 0.01797500087711894 0.00056291770935059
v -0.04500000000000000 0.01732499935124003 0.00056291770935059
v -0.04300000000000000 0.01900000240299784 0.00000000095367432
v -0.04300000000000000 0.01829999782536112 0.00000000095367432
v -0.04300000000000000 0.01700000240299784 0.00000000095367432
v -0.04300000000000000 0.01827784969303690 0.00016823339462280
v -0.04300000000000000 0.01702215053532206 0.00016823339462280
v -0.04300000000000000 0.01821291591618143 0.00032500076293945
v -0.04300000000000000 0.01810962154362284 0.00045962047576904
v -0.04300000000000000 0.01708708431217753 0.00032500076293945
v -0.04300000000000000 0.01719037868473612 0.00045962047576904
v -0.04300000000000000 0.01797500087711893 0.00056291770935059
v -0.04300000000000000 0.01732499935124003 0.00056291770935059
v -0.04800000000000000 0.01250000240299784 0.00000000095367432
v -0.04200099945068359 0.01250000240299784 0.00000000095367432
v -0.04500000000000000 0.01910222103092753 0.00077645826339722
v -0.04500000000000000 0.01781823207829081 0.00062785291671753
v -0.04500000000000000 0.01748176815006816 0.00062785291671753
v -0.04500000000000000 0.01764999629948222 0.00065000104904175
v -0.04300000000000000 0.01910222103092753 0.00077645826339722
v -0.04300000000000000 0.01781823207829081 0.00062785291671753
v -0.04300000000000000 0.01748176815006815 0.00062785291671753
v -0.04300000000000000 0.01764999629948221 0.00065000104904175
v -0.04500000000000000 0.02459807826969706 0.00150000095367432
v -0.04300000000000000 0.02459807826969706 0.00150000095367432
v -0.04500000000000000 0.02412131740543925 0.00212132167816162
v -0.04300000000000000 0.02412131740543925 0.00212132167816162
v -0.04500000000000000 0.01940192653629862 0.00150000095367432
v -0.04300000000000000 0.01940192653629862 0.00150000095367432
v -0.04500000000000000 0.01987867977116190 0.00212132167816162
v -0.04300000000000000 0.01987867977116190 0.00212132167816162
v -0.08319999694824219 0.00499999477360331 0.00000000095367432
v -0.08319999694824219 -0.00500000522639669 0.00000000095367432
v -0.08019999694824219 -0.00500000522639669 0.00000000095367432
v -0.07519999694824218 -0.00500000522639669 0.00000000095367432
v -0.08319999694824219 0.00482963039372050 0.00129409599304199
v -0.08319999694824219 -0.00482962558772481 0.00129409599304199
v -0.08019999694824219 -0.00482962558772481 0.00129409599304199
v -0.08319999694824219 0.00249999477360332 0.00200000095367432
v -0.08319999694824219 0.00248296596500957 0.00212941074371338
v -0.08319999694824219 0.00243300868961894 0.00225000095367432
v -0.08319999694824219 0.00235355617497050 0.00235355472564697
v -0.08319999694824219 0.00224999477360332 0.00243301391601563
v -0.08319999694824219 0.00212940456364238 0.00248296356201172
v -0.08019999694824219 0.00249999477360331 0.00200000095367432
v -0.08019999694824219 0.00248296596500957 0.00212941074371338
v -0.08019999694824219 0.00243300868961894 0.00225000095367432
v -0.08019999694824219 0.00235355617497050 0.00235355472564697
v -0.08019999694824219 0.00224999477360332 0.00243301391601563
v -0.08019999694824219 0.00212940456364238 0.00248296356201172
v -0.08319999694824219 -0.00250000522639668 0.00200000095367432
v -0.08319999694824219 -0.00248296115901387 0.00212941074371338
v -0.08319999694824219 -0.00243301914241231 0.00225000095367432
v -0.08319999694824219 -0.00235355136897481 0.00235355472564697
v -0.08319999694824219 -0.00225000522639668 0.00243301391601563
v -0.08319999694824219 -0.00212941501643575 0.00248296356201172
v -0.08019999694824219 -0.00250000522639669 0.00200000095367432
v -0.08019999694824219 -0.00248296115901387 0.00212941074371338
v -0.08019999694824219 -0.00243301914241231 0.00225000095367432
v -0.08019999694824219 -0.00235355136897481 0.00235355472564697
v -0.08019999694824219 -0.00225000522639669 0.00243301391601563
v -0.08019999694824219 -0.00212941501643575 0.00248296356201172
v -0.07519999694824218 -0.00482962558772481 0.00129409599304199
v -0.05100000000000000 0.00510000087711894 0.00000000095367432
v -0.05100000000000000 0.00507544948551737 0.00049988842010498
v -0.05100000000000000 0.00500200893375956 0.00099496173858643
v -0.04800000000000000 0.00950000240299784 0.00000000095367432
v -0.04800000000000000 0.01244888545963847 0.00038822937011719
v -0.04800000000000000 0.00955111171696268 0.00038822937011719
v -0.04200099945068359 0.00950000240299784 0.00000000095367432
v -0.04200099945068359 0.01244888545963847 0.00038822937011719
v -0.04200099945068359 0.00955111171696268 0.00038822937011719
v -0.04800000000000000 0.01229903652165019 0.00075000095367432
v -0.04800000000000000 0.00970096065495097 0.00075000095367432
v -0.04800000000000000 0.01206066371891581 0.00106066131591797
v -0.04800000000000000 0.00993934108707987 0.00106066131591797
v -0.04200099945068359 0.01229903652165019 0.00075000095367432
v -0.04200099945068359 0.00970096065495097 0.00075000095367432
v -0.04200099945068359 0.01206066371891581 0.00106066131591797
v -0.04200099945068359 0.00993934108707987 0.00106066131591797
v -0.05100000000000000 -0.00000000522639669 0.00000000095367432
v -0.05100000000000000 -0.00500000522639669 0.00000000095367432
v -0.04800000000000000 0.00149999477360331 0.00000000095367432
v -0.04800000000000000 0.00144889308903300 0.00038822937011719
v -0.04200099945068359 0.00149999477360331 0.00000000095367432
v -0.04200099945068359 0.00144889308903300 0.00038822937011719
v -0.04800000000000000 -0.00150000522639669 0.00000000095367432
v -0.04800000000000000 -0.00500000522639669 0.00000000095367432
v -0.04800000000000000 -0.00144888828303731 0.00038822937011719
v -0.04200099945068359 -0.00150000522639669 0.00000000095367432
v -0.04200099945068359 -0.00144888828303731 0.00038822937011719
v -0.04800000000000000 0.00129903652165019 0.00075000095367432
v -0.04800000000000000 0.00106066371891581 0.00106066131591797
v -0.04200099945068359 0.00129903652165019 0.00075000095367432
v -0.04200099945068359 0.00106066371891581 0.00106066131591797
v -0.04800000000000000 -0.00129903171565450 0.00075000095367432
v -0.04800000000000000 -0.00106065891292013 0.00106066131591797
v -0.04200099945068359 -0.00129903171565450 0.00075000095367432
v -0.04200099945068359 -0.00106065891292013 0.00106066131591797
v -0.05100000000000000 0.00488039638493144 0.00148045301437378
v -0.05100000000000000 0.00471178676579081 0.00195168638229370
v -0.05100000000000000 0.00449779750797831 0.00240412425994873
v -0.04800000000000000 0.01175000240299784 0.00129903888702393
v -0.04800000000000000 0.01138823177311503 0.00144888973236084
v -0.04800000000000000 0.01061177303288065 0.00144888973236084
v -0.04800000000000000 0.01100000240299784 0.00150000095367432
v -0.04800000000000000 0.01025000240299784 0.00129903888702393
v -0.04200099945068359 0.01175000240299784 0.00129903888702393
v -0.04200099945068359 0.01138823177311503 0.00144888973236084
v -0.04200099945068359 0.01061177303288065 0.00144888973236084
v -0.04200099945068359 0.01100000240299784 0.00150000095367432
v -0.04200099945068359 0.01025000240299784 0.00129903888702393
v -0.05100000000000000 -0.00000000522639669 0.00150000095367432
v -0.05100000000000000 -0.00482962558772481 0.00129409599304199
v -0.04800000000000000 0.00074999477360331 0.00129903888702393
v -0.04800000000000000 0.00038822414372050 0.00144888973236084
v -0.04800000000000000 -0.00038823459651388 0.00144888973236084
v -0.04800000000000000 -0.00000000522639669 0.00150000095367432
v -0.04200099945068359 0.00074999477360331 0.00129903888702393
v -0.04200099945068359 0.00038822414372050 0.00144888973236084
v -0.04200099945068359 -0.00038823459651388 0.00144888973236084
v -0.04200099945068359 -0.00000000522639669 0.00150000095367432
v -0.04800000000000000 -0.00075000522639669 0.00129903888702393
v -0.04800000000000000 -0.00482962558772481 0.00129409599304199
v -0.04200099945068359 -0.00075000522639669 0.00129903888702393
v -0.08219999694824219 0.02819999935124003 0.00500000095367432
v -0.08168236541748047 0.02813185359928691 0.00500000095367432
v -0.08119999694824219 0.02793204738590800 0.00500000095367432
v -0.07619999694824219 0.02793204738590800 0.00500000095367432
v -0.08078578948974610 0.02761421443913066 0.00500000095367432
v -0.08046794891357421 0.02719999935124004 0.00500000095367432
v -0.08026815032958985 0.02671763851139628 0.00500000095367432
v -0.08019999694824219 0.02619999935124004 0.00500000095367432
v -0.07661421203613282 0.02761421443913066 0.00500000095367432
v -0.07693205261230469 0.02719999935124004 0.00500000095367432
v -0.07713185119628907 0.02671763851139628 0.00500000095367432
v -0.07719999694824219 0.02619999935124004 0.00500000095367432
v -0.07571763610839843 0.02813185359928691 0.00500000095367432
v -0.07519999694824218 0.02819999935124003 0.00500000095367432
v -0.08019999694824219 0.01779999782536113 0.00500000095367432
v -0.08026815032958985 0.01728235866520488 0.00500000095367432
v -0.07719999694824219 0.01779999782536113 0.00500000095367432
v -0.07713185119628907 0.01728235866520488 0.00500000095367432
v -0.08078578948974610 0.01638578273747050 0.00500000095367432
v -0.08219999694824219 0.01579999782536113 0.00500000095367432
v -0.08168236541748047 0.01586815120670879 0.00500000095367432
v -0.08119999694824219 0.01606794979069316 0.00500000095367432
v -0.08046794891357421 0.01679999782536113 0.00500000095367432
v -0.07693205261230469 0.01679999782536113 0.00500000095367432
v -0.07661421203613282 0.01638578273747050 0.00500000095367432
v -0.07619999694824219 0.01606794979069316 0.00500000095367432
v -0.07571763610839843 0.01586815120670878 0.00500000095367432
v -0.07519999694824218 0.01579999782536113 0.00500000095367432
v -0.04500000000000000 0.02350000240299784 0.00259807682037354
v -0.04500000000000000 0.02277645351383769 0.00289777851104736
v -0.04500000000000000 0.02200000240299784 0.00300000095367432
v -0.04300000000000000 0.02350000240299784 0.00259807682037354
v -0.04300000000000000 0.02277645351383768 0.00289777851104736
v -0.04300000000000000 0.02200000240299784 0.00300000095367432
v -0.04500000000000000 0.02050000240299784 0.00259807682037354
v -0.04500000000000000 0.02122354366276347 0.00289777851104736
v -0.04300000000000000 0.02050000240299784 0.00259807682037354
v -0.04300000000000000 0.02122354366276347 0.00289777851104736
v -0.04500000000000000 0.02819999935124003 0.00500000095367432
v -0.04300000000000000 0.02819999935124003 0.00500000095367432
v -0.04500000000000000 0.01579999782536112 0.00500000095367432
v -0.04800000000000000 0.01379999782536112 0.00500000095367432
v -0.04300000000000000 0.01379999782536112 0.00500000095367432
v -0.08319999694824219 0.00433013393375957 0.00250000095367432
v -0.08319999694824219 0.00199999477360332 0.00250000095367432
v -0.08845882034301758 0.00096592189762675 0.00250000095367432
v -0.08870000076293945 0.00086602260563457 0.00250000095367432
v -0.08820000076293945 0.00099999477360332 0.00250000095367432
v -0.08569999694824219 0.00086602260563457 0.00250000095367432
v -0.08606602478027343 0.00049999477360332 0.00250000095367432
v -0.08590710449218750 0.00070710231754863 0.00250000095367432
v -0.08616592407226563 0.00025881435368144 0.00250000095367432
v -0.08620000076293946 -0.00000000522639668 0.00250000095367432
v -0.08616592407226563 -0.00025882480647481 0.00250000095367432
v -0.08606602478027343 -0.00050000522639668 0.00250000095367432
v -0.08545881652832031 0.00096592189762675 0.00250000095367432
v -0.08519999694824219 0.00099999477360332 0.00250000095367432
v -0.08494117736816406 0.00096592189762675 0.00250000095367432
v -0.08469999694824219 0.00086602260563457 0.00250000095367432
v -0.08449288940429688 0.00070710231754863 0.00250000095367432
v -0.08433397674560547 0.00049999477360332 0.00250000095367432
v -0.08319999694824219 0.00099999477360332 0.00250000095367432
v -0.08423407745361328 0.00025881435368144 0.00250000095367432
v -0.08419999694824219 -0.00000000522639668 0.00250000095367432
v -0.08423407745361328 -0.00025882480647481 0.00250000095367432
v -0.08433397674560547 -0.00050000522639668 0.00250000095367432
v -0.08019999694824219 0.00199999477360331 0.00250000095367432
v -0.08219999694824219 0.00099999477360332 0.00250000095367432
v -0.08194117736816406 0.00096592189762675 0.00250000095367432
v -0.08169999694824219 0.00086602260563456 0.00250000095367432
v -0.08149288940429687 0.00070710231754863 0.00250000095367432
v -0.08133397674560547 0.00049999477360332 0.00250000095367432
v -0.08123407745361329 0.00025881435368144 0.00250000095367432
v -0.08119999694824219 -0.00000000522639669 0.00250000095367432
v -0.08123407745361329 -0.00025882480647481 0.00250000095367432
v -0.08133397674560547 -0.00050000522639669 0.00250000095367432
v -0.08870000076293945 -0.00086601779963887 0.00250000095367432
v -0.08845882034301758 -0.00096593235042012 0.00250000095367432
v -0.08820000076293945 -0.00100000522639668 0.00250000095367432
v -0.08590710449218750 -0.00070711277034200 0.00250000095367432
v -0.08569999694824219 -0.00086601779963887 0.00250000095367432
v -0.08545881652832031 -0.00096593235042012 0.00250000095367432
v -0.08519999694824219 -0.00100000522639668 0.00250000095367432
v -0.08494117736816406 -0.00096593235042012 0.00250000095367432
v -0.08449288940429688 -0.00070711277034200 0.00250000095367432
v -0.08469999694824219 -0.00086601779963887 0.00250000095367432
v -0.08319999694824219 -0.00100000522639668 0.00250000095367432
v -0.08319999694824219 -0.00200000522639668 0.00250000095367432
v -0.08319999694824219 -0.00433012912776387 0.00250000095367432
v -0.08169999694824219 -0.00086601779963887 0.00250000095367432
v -0.08219999694824219 -0.00100000522639669 0.00250000095367432
v -0.08194117736816406 -0.00096593235042012 0.00250000095367432
v -0.08149288940429687 -0.00070711277034200 0.00250000095367432
v -0.08019999694824219 -0.00200000522639669 0.00250000095367432
v -0.08019999694824219 -0.00433012912776387 0.00250000095367432
v -0.08319999694824219 0.00353553249332988 0.00353553485870361
v -0.08319999694824219 -0.00353552768733418 0.00353553485870361
v -0.08019999694824219 -0.00353552768733419 0.00353553485870361
v -0.07519999694824218 -0.00433012912776387 0.00250000095367432
v -0.07519999694824218 -0.00353552768733419 0.00353553485870361
v -0.08519999694824219 0.01019999935124003 0.00500000095367432
v -0.08390590667724609 0.01002962734196269 0.00500000095367432
v -0.08269999694824219 0.00953012325260722 0.00500000095367432
v -0.08166446685791016 0.00873553707096660 0.00500000095367432
v -0.08086987304687500 0.00770000698063456 0.00500000095367432
v -0.08037036895751953 0.00649408962223613 0.00500000095367432
v -0.08019999694824219 0.00520000698063456 0.00500000095367432
v -0.07519999694824218 0.00819999935124003 0.00500000095367432
v -0.08319999694824219 0.00249999477360332 0.00433012771606445
v -0.08319999694824219 -0.00250000522639668 0.00433012771606445
v -0.08019999694824219 -0.00250000522639669 0.00433012771606445
v -0.08575807189941406 0.00082947780582988 0.00493069744110107
v -0.08590708923339845 0.00070711757633769 0.00494974613189697
v -0.08602945327758789 0.00055810024235332 0.00496871852874756
v -0.08612368011474610 0.00038315822575175 0.00498529815673828
v -0.08618099594116212 0.00019262172672832 0.00499619865417480
v -0.08620000076293946 -0.00000000522639668 0.00500000095367432
v -0.08618099594116212 -0.00019263217952168 0.00499619865417480
v -0.08602945327758789 -0.00055809543635762 0.00496871852874756
v -0.08612368011474610 -0.00038316867854512 0.00498529815673828
v -0.08319999694824219 0.00129409267399394 0.00482962989807129
v -0.08519999694824219 0.00099999477360332 0.00489898014068604
v -0.08539261627197266 0.00098099758122050 0.00490285968780518
v -0.08558314514160156 0.00092368556950175 0.00491394042968750
v -0.08500737762451172 0.00098099758122050 0.00490285968780518
v -0.08481685638427734 0.00092368556950175 0.00491394042968750
v -0.08464192962646484 0.00082947780582988 0.00493069744110107
v -0.08449290466308594 0.00070711757633769 0.00494974613189697
v -0.08437054443359375 0.00055810024235332 0.00496871852874756
v -0.08427632141113281 0.00038315822575175 0.00498529815673828
v -0.08421900177001954 0.00019262172672832 0.00499619865417480
v -0.08419999694824219 -0.00000000522639668 0.00500000095367432
v -0.08421900177001954 -0.00019263217952168 0.00499619865417480
v -0.08437054443359375 -0.00055809543635762 0.00496871852874756
v -0.08427632141113281 -0.00038316867854512 0.00498529815673828
v -0.08319999694824219 -0.00000000522639668 0.00500000095367432
v -0.08019999694824219 -0.00000000522639669 0.00500000095367432
v -0.08575807189941406 -0.00082947299983418 0.00493069744110107
v -0.08590708923339845 -0.00070712802913106 0.00494974613189697
v -0.08319999694824219 -0.00129408786799825 0.00482962989807129
v -0.08519999694824219 -0.00100000522639668 0.00489898014068604
v -0.08539261627197266 -0.00098099277522481 0.00490285968780518
v -0.08558314514160156 -0.00092368076350606 0.00491394042968750
v -0.08500737762451172 -0.00098099277522481 0.00490285968780518
v -0.08481685638427734 -0.00092368076350606 0.00491394042968750
v -0.08464192962646484 -0.00082947299983418 0.00493069744110107
v -0.08449290466308594 -0.00070712802913106 0.00494974613189697
v -0.08019999694824219 -0.00129408786799825 0.00482962989807129
v -0.07519999694824218 -0.00250000522639669 0.00433012771606445
v -0.07519999694824218 -0.00000000522639669 0.00500000095367432
v -0.07519999694824218 -0.00129408786799825 0.00482962989807129
v -0.05100000000000000 0.00424048854801737 0.00283340930938721
v -0.05100000000000000 0.00394234706852519 0.00323540687561035
v -0.05100000000000000 -0.00061115024592794 0.00307244110107422
v -0.05100000000000000 -0.00433012912776388 0.00250000095367432
v -0.05100000000000000 0.00360624172184550 0.00360624599456787
v -0.05100000000000000 -0.00353552768733419 0.00353553485870361
v -0.04800000000000000 -0.00433012912776388 0.00250000095367432
v -0.04800000000000000 -0.00353552768733419 0.00353553485870361
v -0.05100000000000000 0.00819999935124003 0.00500000095367432
v -0.05100000000000000 0.00323540737125956 0.00394235420227051
v -0.05100000000000000 0.00283341457340800 0.00424049568176270
v -0.05100000000000000 -0.00250000522639669 0.00433012771606445
v -0.05100000000000000 0.00240412380192362 0.00449779987335205
v -0.05100000000000000 0.00195168544743144 0.00471178627014160
v -0.05100000000000000 0.00148044826481425 0.00488039684295654
v -0.05100000000000000 0.00100295497868144 0.00500000095367432
v -0.05100000000000000 -0.00000000522639669 0.00500000095367432
v -0.05100000000000000 -0.00129408786799825 0.00482962989807129
v -0.05100000000000000 -0.00096918247249044 0.00487240600585937
v -0.04800000000000000 -0.00250000522639669 0.00433012771606445
v -0.04800000000000000 -0.00000000522639669 0.00500000095367432
v -0.04800000000000000 -0.00129408786799825 0.00482962989807129
v -0.00449999999999999 0.06206987239811503 -0.00499999904632568
v -0.00443185424804687 0.06155223323795878 -0.00499999904632568
v -0.00423205566406249 0.06106987239811502 -0.00499999904632568
v -0.00391421508789062 0.06065565731022440 -0.00499999904632568
v -0.00076794433593749 0.06106987239811502 -0.00499999904632568
v -0.00108578491210937 0.06065565731022440 -0.00499999904632568
v -0.00349999999999999 0.06033782436344706 -0.00499999904632568
v -0.00301763916015624 0.06013801815006815 -0.00499999904632568
v -0.00249999999999999 0.06006987239811502 -0.00499999904632568
v -0.00149999999999999 0.06033782436344706 -0.00499999904632568
v -0.00198236083984374 0.06013801815006815 -0.00499999904632568
v -0.00423205566406249 0.04906987239811503 -0.00499999904632568
v -0.00437937927246093 0.04875391628239237 -0.00499999904632568
v -0.00446961975097656 0.04841717006657206 -0.00499999904632568
v -0.00449999999999999 0.04806987239811503 -0.00499999904632568
v -0.00750000000000000 0.03495190669987284 -0.00499999904632568
v -0.00450000000000000 0.03695190669987284 -0.00499999904632568
v -0.00443185424804687 0.03643426753971659 -0.00499999904632568
v -0.00423205566406250 0.03595190669987284 -0.00499999904632568
v -0.00391421508789062 0.03553769161198221 -0.00499999904632568
v -0.00350000000000000 0.03521985103581034 -0.00499999904632568
v -0.00301763916015625 0.03502005245182596 -0.00499999904632568
v -0.00250000000000000 0.03495190669987284 -0.00499999904632568
v 0.00078051757812500 0.03495190669987284 -0.00499999904632568
v 0.00251257324218750 0.03595190669987284 -0.00499999904632568
v 0.00219473266601563 0.03553769161198221 -0.00499999904632568
v 0.00129815673828125 0.03502005245182596 -0.00499999904632568
v 0.00178051757812500 0.03521985103581034 -0.00499999904632568
v 0.00724667358398438 0.03161184932682596 -0.00499999904632568
v 0.00791653442382813 0.03411184932682596 -0.00499999904632568
v 0.00741703796386719 0.03290594722721658 -0.00499999904632568
v 0.00741703796386719 0.03031775905582987 -0.00499999904632568
v 0.02660256958007813 0.06354807521793925 -0.00499999904632568
v 0.02539666748046876 0.06304857112858378 -0.00499999904632568
v 0.02436112976074219 0.06225397731754862 -0.00499999904632568
v 0.02356654357910157 0.06121844722721659 -0.00499999904632568
v 0.02789666748046876 0.06371844722721659 -0.00499999904632568
v 0.02919076538085938 0.06354807521793923 -0.00499999904632568
v 0.03039666748046876 0.06304857112858377 -0.00499999904632568
v 0.03739999389648439 0.06477869655582986 -0.00499999904632568
v 0.03852072143554688 0.06413165523502909 -0.00482962810993195
v 0.03227928161621094 0.05849754573795877 -0.00482962810993195
v 0.03140849304199220 0.05624847652409158 -0.00491393828392029
v 0.03214115905761720 0.05708436824772439 -0.00494974434375763
v 0.03196069335937501 0.05701648952457986 -0.00493069553375244
v 0.03253001403808595 0.05710995723698221 -0.00498529589176178
v 0.03233139038085938 0.05711582424137673 -0.00496871685981751
v 0.03272367858886720 0.05706432582829080 -0.00499619674682617
v 0.03289999389648438 0.05698446895573221 -0.00499999904632568
v 0.03179164123535157 0.05691210414860330 -0.00491393828392029
v 0.03164674377441407 0.05677575923893533 -0.00490285813808441
v 0.03153398132324219 0.05661844875309548 -0.00489897847175598
v 0.03145411682128907 0.05644213344547830 -0.00490285813808441
v 0.03489999389648438 0.06044857265446268 -0.00499999904632568
v 0.03602072143554688 0.05980152370426736 -0.00482962810993195
v 0.03339999389648438 0.05785049678776345 -0.00499999904632568
v 0.03305731201171876 0.05687169887516580 -0.00499619674682617
v 0.03319366455078126 0.05672679378483376 -0.00498529589176178
v 0.03329804992675782 0.05655772640202127 -0.00496871685981751
v 0.03336593627929688 0.05637724544499002 -0.00494974434375763
v 0.03452072143554688 0.05720344783756814 -0.00482962810993195
v 0.03123493957519532 0.05910049678776345 -0.00433012604713440
v 0.03706506347656251 0.05919857265446268 -0.00433012604713440
v 0.03556506347656251 0.05660049678776346 -0.00433012604713440
v 0.02611665344238282 0.05166324092838846 -0.00383022117614746
v 0.02567333984375001 0.04960978176090799 -0.00405331099033356
v 0.03140261840820313 0.05604988338444315 -0.00493069553375244
v 0.03150193786621094 0.05567917110416971 -0.00496871685981751
v 0.03143406677246095 0.05585964443180642 -0.00494974434375763
v 0.03160632324218750 0.05551009609196268 -0.00498529589176178
v 0.03174267578125001 0.05536519100163064 -0.00499619674682617
v 0.03189999389648438 0.05525242092106424 -0.00499999904632568
v 0.03207632446289063 0.05517256404850564 -0.00499619674682617
v 0.03226998901367188 0.05512693263981424 -0.00498529589176178
v 0.03246859741210938 0.05512106563541971 -0.00496871685981751
v 0.03265884399414063 0.05515252925846658 -0.00494974434375763
v 0.03283930969238282 0.05522040798161111 -0.00493069553375244
v 0.03300836181640626 0.05532478572819315 -0.00491393828392029
v 0.03339738464355470 0.05618701412174783 -0.00493069553375244
v 0.03339151000976563 0.05598841335270486 -0.00491393828392029
v 0.03334588623046876 0.05579476406071267 -0.00490285813808441
v 0.03315325927734376 0.05546113063786111 -0.00490285813808441
v 0.03326602172851563 0.05561844875309549 -0.00489897847175598
v 0.02814808654785157 0.05049038936588846 -0.00492403781414032
v 0.02889999389648438 0.05005626918766581 -0.00499999904632568
v 0.02741900634765626 0.05091131832096659 -0.00469846212863922
v 0.02965191650390626 0.04962214900944314 -0.00492403781414032
v 0.02807321166992188 0.04822421504948221 -0.00479583048820496
v 0.02867864990234376 0.04787466670963846 -0.00471504044532776
v 0.03038099670410157 0.04920122005436502 -0.00469846212863922
v 0.02926734924316407 0.04753477718327127 -0.00453289544582367
v 0.02673493957519532 0.05130626918766581 -0.00433012604713440
v 0.03106506347656251 0.04880626918766580 -0.00433012604713440
v 0.03168334960937501 0.04844929744694314 -0.00383022117614746
v 0.03033813476562501 0.05961826564762673 -0.00353553295135498
v 0.03796186828613282 0.05868080379459939 -0.00353553295135498
v 0.02558293151855470 0.05197137691471659 -0.00321393704414368
v 0.02518400573730470 0.04989229824040018 -0.00363379383087158
v 0.02475303649902345 0.05014111568424784 -0.00313616466522217
v 0.02438972473144532 0.05035087062809549 -0.00257111978530884
v 0.03646186828613282 0.05608272792790017 -0.00353553295135498
v 0.03221707153320313 0.04814115383122049 -0.00321393704414368
v 0.03956506347656251 0.06352869655582986 -0.00433012604713440
v 0.04046186828613282 0.06301093532536112 -0.00353553295135498
v 0.02982666015625000 0.04721186305973611 -0.00425331091880798
v 0.03295144653320313 0.06157357265446267 -0.00243301177024841
v 0.03286175537109376 0.06162535335514627 -0.00235355234146118
v 0.03279295349121095 0.06166507961247049 -0.00224999904632568
v 0.03274969482421876 0.06169005825016580 -0.00212940859794617
v 0.03273493957519532 0.06169857265446267 -0.00199999904632568
v 0.03316795349121095 0.06144857265446267 -0.00249999904632568
v 0.03305587768554688 0.06151327754948221 -0.00248296189308167
v 0.02964999389648438 0.06001555873844705 -0.00249999904632568
v 0.03136175537109376 0.05902727748844705 -0.00235355234146118
v 0.03145144653320314 0.05897549678776345 -0.00243301177024841
v 0.03155587768554689 0.05891520168278298 -0.00248296189308167
v 0.03166795349121095 0.05885049678776345 -0.00249999904632568
v 0.03129295349121095 0.05906700374577127 -0.00224999904632568
v 0.03253398132324219 0.05835049678776345 -0.00249999904632568
v 0.03214117431640626 0.05708436824772439 -0.00249999904632568
v 0.03169288635253907 0.05682555629704080 -0.00249999904632568
v 0.03189999389648438 0.05698446895573221 -0.00249999904632568
v 0.03239999389648438 0.05711844875309548 -0.00249999904632568
v 0.03265881347656251 0.05708436824772439 -0.00249999904632568
v 0.03289999389648438 0.05698446895573221 -0.00249999904632568
v 0.03153398132324219 0.05661844875309548 -0.00249999904632568
v 0.03143406677246095 0.05637726833317361 -0.00249999904632568
v 0.03124969482421876 0.05909197475407205 -0.00212940859794617
v 0.03123493957519532 0.05910049678776345 -0.00199999904632568
v 0.03339999389648438 0.05958254482243142 -0.00249999904632568
v 0.03364117431640626 0.05968245174381814 -0.00249999904632568
v 0.03389999389648438 0.05971652461979471 -0.00249999904632568
v 0.03415881347656251 0.05968245174381814 -0.00249999904632568
v 0.03439999389648438 0.05958254482243142 -0.00249999904632568
v 0.03319288635253907 0.05942363216374002 -0.00249999904632568
v 0.03303398132324219 0.05921652461979471 -0.00249999904632568
v 0.03460710144042969 0.05942363216374002 -0.00249999904632568
v 0.03476602172851563 0.05921652461979471 -0.00249999904632568
v 0.03486592102050782 0.05897534419987283 -0.00249999904632568
v 0.03489999389648438 0.05871652461979471 -0.00249999904632568
v 0.03486592102050782 0.05845770503971658 -0.00249999904632568
v 0.03663204956054688 0.05944857265446268 -0.00249999904632568
v 0.03674412536621095 0.05938386775944314 -0.00248296189308167
v 0.03684855651855470 0.05932357265446268 -0.00243301177024841
v 0.03693823242187501 0.05927179958317361 -0.00235355234146118
v 0.03700704956054688 0.05923206569645486 -0.00224999904632568
v 0.03426602172851563 0.05735049678776345 -0.00249999904632568
v 0.03476602172851563 0.05821652461979471 -0.00249999904632568
v 0.03310710144042969 0.05682555629704080 -0.00249999904632568
v 0.03326602172851563 0.05661844875309548 -0.00249999904632568
v 0.03336592102050782 0.05637726833317361 -0.00249999904632568
v 0.03513204956054689 0.05685049678776345 -0.00249999904632568
v 0.03524412536621094 0.05678579189274392 -0.00248296189308167
v 0.03534855651855470 0.05672549678776345 -0.00243301177024841
v 0.03543823242187501 0.05667372371647440 -0.00235355234146118
v 0.03550704956054689 0.05663398982975564 -0.00224999904632568
v 0.03864999389648438 0.05828351070377908 -0.00249999904632568
v 0.03705030822753907 0.05920709468815408 -0.00212940859794617
v 0.03706506347656251 0.05919857265446268 -0.00199999904632568
v 0.03555030822753907 0.05660901882145486 -0.00212940859794617
v 0.03556506347656251 0.05660049678776346 -0.00199999904632568
v 0.02921742248535157 0.06026531459782205 -0.00129409408569336
v 0.03908258056640626 0.05803376247379861 -0.00129409408569336
v 0.02514999389648438 0.05222133113834940 -0.00249999904632568
v 0.02483100891113282 0.05240549709293924 -0.00171009969711304
v 0.03139999389648438 0.05611844875309548 -0.00249999904632568
v 0.03143406677246095 0.05585962917301736 -0.00249999904632568
v 0.03153398132324219 0.05561844875309549 -0.00249999904632568
v 0.03169288635253907 0.05541134120915017 -0.00249999904632568
v 0.03189999389648438 0.05525242092106424 -0.00249999904632568
v 0.03214117431640626 0.05515252162907205 -0.00249999904632568
v 0.03239999389648438 0.05511844875309549 -0.00249999904632568
v 0.03289999389648438 0.05525242092106424 -0.00249999904632568
v 0.03265881347656251 0.05515252162907205 -0.00249999904632568
v 0.02786175537109376 0.05296509792301737 -0.00235355234146118
v 0.02805587768554688 0.05285302211735331 -0.00248296189308167
v 0.02816795349121095 0.05278831722233378 -0.00249999904632568
v 0.02795144653320313 0.05291331722233378 -0.00243301177024841
v 0.02755587768554688 0.05198700191471659 -0.00248296189308167
v 0.02766795349121095 0.05192229701969706 -0.00249999904632568
v 0.02745144653320313 0.05204729701969706 -0.00243301177024841
v 0.02736175537109376 0.05209907009098612 -0.00235355234146118
v 0.02779295349121095 0.05300482418034159 -0.00224999904632568
v 0.02729295349121095 0.05213879634831034 -0.00224999904632568
v 0.03003398132324219 0.05402037288639627 -0.00249999904632568
v 0.02993406677246094 0.05377919246647439 -0.00249999904632568
v 0.02989999389648438 0.05352037288639627 -0.00249999904632568
v 0.02993406677246094 0.05326155330631814 -0.00249999904632568
v 0.03003398132324219 0.05302037288639627 -0.00249999904632568
v 0.03176602172851564 0.05302037288639627 -0.00249999904632568
v 0.03019288635253907 0.05281326534245095 -0.00249999904632568
v 0.03039999389648438 0.05265434505436502 -0.00249999904632568
v 0.03064117431640626 0.05255444576237283 -0.00249999904632568
v 0.03089999389648438 0.05252037288639626 -0.00249999904632568
v 0.03115881347656251 0.05255444576237283 -0.00249999904632568
v 0.03139999389648438 0.05265434505436502 -0.00249999904632568
v 0.03160710144042970 0.05281326534245095 -0.00249999904632568
v 0.02774969482421876 0.05302980281803690 -0.00212940859794617
v 0.02724969482421876 0.05216377498600565 -0.00212940859794617
v 0.02773493957519532 0.05303831722233378 -0.00199999904632568
v 0.02723493957519532 0.05217229701969706 -0.00199999904632568
v 0.03339999389648438 0.05611844875309548 -0.00249999904632568
v 0.03336592102050782 0.05585962917301736 -0.00249999904632568
v 0.03326602172851563 0.05561844875309549 -0.00249999904632568
v 0.03310710144042969 0.05541134120915017 -0.00249999904632568
v 0.03714999389648439 0.05568543483707986 -0.00249999904632568
v 0.03163204956054688 0.05078831722233377 -0.00249999904632568
v 0.03113204956054688 0.04992229701969705 -0.00249999904632568
v 0.03124412536621094 0.04985759212467752 -0.00248296189308167
v 0.03134855651855469 0.04979729701969705 -0.00243301177024841
v 0.03174412536621095 0.05072361232731424 -0.00248296189308167
v 0.03184855651855469 0.05066331722233377 -0.00243301177024841
v 0.03193823242187501 0.05061154415104471 -0.00235355234146118
v 0.03143823242187501 0.04974551631901346 -0.00235355234146118
v 0.03200704956054688 0.05057181026432595 -0.00224999904632568
v 0.03150704956054688 0.04970579006168924 -0.00224999904632568
v 0.03264999389648438 0.04789120723698220 -0.00249999904632568
v 0.03205030822753907 0.05054683925602518 -0.00212940859794617
v 0.03155030822753907 0.04968081142399392 -0.00212940859794617
v 0.03206506347656251 0.05053831722233377 -0.00199999904632568
v 0.03156506347656251 0.04967229701969705 -0.00199999904632568
v 0.03758258056640626 0.05543567897770486 -0.00129409408569336
v 0.03296899414062501 0.04770703365299783 -0.00171009969711304
v 0.02807321166992188 0.04822421504948221 -0.00148911523818970
v 0.02807897949218751 0.04822088863346659 -0.00143488264083862
v 0.02809590148925782 0.04821110774967752 -0.00138473844528198
v 0.02812287902832032 0.04819554378483377 -0.00134200763702393
v 0.02815808105468751 0.04817521144840799 -0.00130952310562134
v 0.02819921875000001 0.04815146877262674 -0.00128943872451782
v 0.02839480590820313 0.04803853847477518 -0.00138961124420166
v 0.02836631774902345 0.04805498744938456 -0.00134597635269165
v 0.02832995605468751 0.04807598354313455 -0.00131232500076294
v 0.02828810119628907 0.04810015346500956 -0.00129088783264160
v 0.02824353027343751 0.04812587978336893 -0.00128308677673340
v 0.02463565063476563 0.05251829006168925 -0.00086823987960815
v 0.02710519409179688 0.04878309871647440 -0.00118961143493652
v 0.02712367248535157 0.04877242519352518 -0.00113931274414062
v 0.02713073730468751 0.04876835872624002 -0.00108611202239990
v 0.02712588500976563 0.04877115871403299 -0.00103353691101074
v 0.02710945129394532 0.04878064205143533 -0.00098507356643677
v 0.02708253479003907 0.04879618312809549 -0.00094393444061279
v 0.02889999389648438 0.05005626918766581 -0.00074270486831665
v 0.02857839965820313 0.05024194576237283 -0.00064320135116577
v 0.02890577697753907 0.05005293514225565 -0.00068847227096558
v 0.02892269897460938 0.05004316188786112 -0.00063832807540894
v 0.02922160339355469 0.04987059261295877 -0.00064320135116577
v 0.02686976623535157 0.04891902400944315 -0.00091776227951050
v 0.02704690551757813 0.04881675197575174 -0.00091284799575806
v 0.02691333007812501 0.04889387752506815 -0.00089641666412354
v 0.02700492858886720 0.04884098293278299 -0.00089387559890747
v 0.02695939636230470 0.04886727382633768 -0.00088827466964722
v 0.03316433715820313 0.04759424831364236 -0.00086823987960815
v 0.02859687805175782 0.05023127223942362 -0.00059290266036987
v 0.02894966125488282 0.05002759029362284 -0.00059559726715088
v 0.02898487854003907 0.05000725795719706 -0.00056311273574829
v 0.02919311523437501 0.04988703395817361 -0.00059956645965576
v 0.02915673828125001 0.04990803768131814 -0.00056591463088989
v 0.02860394287109376 0.05022719814274393 -0.00053970193862915
v 0.02859909057617188 0.05022999813053690 -0.00048712682723999
v 0.02911488342285157 0.04993219997379861 -0.00054447746276855
v 0.02902601623535157 0.04998351528141580 -0.00054302883148193
v 0.02907032775878907 0.04995793392155252 -0.00053667640686035
v 0.02858265686035157 0.05023948909733378 -0.00043866300582886
v 0.02855574035644532 0.05025503017399393 -0.00039752435684204
v 0.02834297180175782 0.05037787105534159 -0.00037135171890259
v 0.02852011108398438 0.05027559902165018 -0.00036643791198730
v 0.02838653564453126 0.05035271694157206 -0.00035000658035278
v 0.02847813415527345 0.05029982997868143 -0.00034746503829956
v 0.02843260192871095 0.05032612087223612 -0.00034186458587646
v 0.02945703125000001 0.04973466731999002 -0.00037135171890259
v 0.02941923522949219 0.04975648738834939 -0.00033846473693848
v 0.02910343933105469 0.04762941219303689 -0.00057135200500488
v 0.02906564331054688 0.04765123226139627 -0.00053846502304077
v 0.02903651428222657 0.04766805507633767 -0.00049646282196045
v 0.02901118469238282 0.04768267299625955 -0.00039667367935181
v 0.02901794433593750 0.04767877437565408 -0.00044813108444214
v 0.02901669311523438 0.04767949916813455 -0.00034550333023071
v 0.02939009094238282 0.04977331020329080 -0.00029646301269531
v 0.02937153625488282 0.04978402950260721 -0.00024813079833984
v 0.02936477661132813 0.04978792812321267 -0.00019667387008667
v 0.02937028503417970 0.04978475429508768 -0.00014550352096558
v 0.02938766479492188 0.04977471401188455 -0.00009801244735718
v 0.02941580200195313 0.04975847103092752 -0.00005734968185425
v 0.02945280456542970 0.04973710109684549 -0.00002621173858643
v 0.02949623107910157 0.04971203090641580 -0.00000666236877441
v 0.02903408813476563 0.04766945888493142 -0.00029801225662231
v 0.02906221008300782 0.04765321590397439 -0.00025734949111938
v 0.02909921264648438 0.04763184596989236 -0.00022621154785156
v 0.02914263916015625 0.04760677577946267 -0.00020666265487671
v 0.02918960571289063 0.04757966091129861 -0.00019999885559082
v 0.04114999389648438 0.06261363460514627 -0.00249999904632568
v 0.04158258056640626 0.06236388637516580 -0.00129409408569336
v 0.03158348083496094 0.04619755794499002 -0.00222470974922180
v 0.03182560729980469 0.04605777217838845 -0.00157887506484985
v 0.03198335266113281 0.04596670009586892 -0.00089910078048706
v 0.03205331420898438 0.04592630245182595 -0.00019999885559082
v -0.03150000000000000 0.02819999935124003 -0.00499999904632568
v -0.02491421508789062 0.02761421443913065 -0.00499999904632568
v -0.02523204803466797 0.02719999935124003 -0.00499999904632568
v -0.02543185424804687 0.02671763851139628 -0.00499999904632568
v -0.02550000000000000 0.02619999935124003 -0.00499999904632568
v -0.02401763916015625 0.02813185359928690 -0.00499999904632568
v -0.02450000000000000 0.02793204738590800 -0.00499999904632568
v -0.02350000000000000 0.02819999935124003 -0.00499999904632568
v -0.02550000000000000 0.01813605739567362 -0.00499999904632568
v -0.02544713592529297 0.01767924739811503 -0.00499999904632568
v -0.02529132843017578 0.01724659206364237 -0.00499999904632568
v -0.02504082489013671 0.01686096431706034 -0.00499999904632568
v -0.02470886230468750 0.01654274227116190 -0.00499999904632568
v -0.02550000000000000 0.01250000240299784 -0.00499999904632568
v -0.02431299591064453 0.01630874874088847 -0.00499999904632568
v -0.02387414550781250 0.01617135860416971 -0.00499999904632568
v -0.02341551208496093 0.01613784267399393 -0.00499999904632568
v -0.02296134948730469 0.01620995571110331 -0.00499999904632568
v 0.00015617370605469 0.02819999935124002 -0.00499999904632568
v 0.00067381286621094 0.02813185359928690 -0.00499999904632568
v 0.00069482421875000 0.02282560207340799 -0.00499999904632568
v 0.00115617370605469 0.02793204738590799 -0.00499999904632568
v 0.00157037353515625 0.02761421443913065 -0.00499999904632568
v 0.00188821411132813 0.02719999935124003 -0.00499999904632568
v 0.00208801269531250 0.02671763851139627 -0.00499999904632568
v 0.00215617370605469 0.02619999935124002 -0.00499999904632568
v 0.00791653442382813 0.02911184932682596 -0.00499999904632568
v 0.00871113586425782 0.02807631923649393 -0.00499999904632568
v 0.00974667358398438 0.02728172542545878 -0.00499999904632568
v 0.00215617370605469 0.02475170375797831 -0.00499999904632568
v 0.00208914184570313 0.02423826839420877 -0.00499999904632568
v 0.00189256286621094 0.02375925685856424 -0.00499999904632568
v 0.00157958984375000 0.02334675838444315 -0.00499999904632568
v 0.00117121887207032 0.02302842952702127 -0.00499999904632568
v 0.01145095825195313 0.02283365108463846 -0.00499999904632568
v 0.01275000000000000 0.02208365108463846 -0.00499999904632568
v -0.02850000000000000 0.01000000240299784 -0.00499999904632568
v -0.02850000000000000 0.00870590450260721 -0.00482962810993195
v -0.02550000000000000 0.01000000240299784 -0.00499999904632568
v -0.02550000000000000 0.00870590450260721 -0.00482962810993195
v -0.02850000000000000 0.00749999477360331 -0.00433012604713440
v -0.02550000000000000 0.00749999477360331 -0.00433012604713440
v -0.03150000000000000 -0.00000000522639669 -0.00499999904632568
v -0.02850000000000000 -0.00000000522639669 -0.00499999904632568
v -0.03150000000000000 -0.00129408786799825 -0.00482962810993195
v -0.02850000000000000 -0.00129408786799825 -0.00482962810993195
v -0.03150000000000000 -0.00250000522639669 -0.00433012604713440
v -0.02850000000000000 -0.00250000522639669 -0.00433012604713440
v -0.02850000000000000 0.00646447231266581 -0.00353553295135498
v -0.02550000000000000 0.00646447231266581 -0.00353553295135498
v -0.03150000000000000 -0.00353552768733419 -0.00353553295135498
v -0.02850000000000000 -0.00353552768733419 -0.00353553295135498
v 0.01360047912597657 0.02505672695133768 -0.00129903697967529
v 0.01275000000000000 0.02208365108463846 -0.00149999904632568
v 0.01241378784179688 0.02227776576969705 -0.00144888782501221
v 0.01308621215820313 0.02188953639957987 -0.00144888782501221
v 0.01210047912597657 0.02245865108463846 -0.00129903697967529
v 0.01339952087402344 0.02170865108463846 -0.00129903697967529
v 0.01333143615722657 0.02521205379459940 -0.00106065940856934
v 0.01183143615722656 0.02261397792790018 -0.00106065940856934
v 0.01366856384277344 0.02155331661198221 -0.00106065940856934
v 0.01312500000000000 0.02533124019596659 -0.00074999904632568
v 0.01162500000000000 0.02273316432926737 -0.00074999904632568
v 0.01299522399902344 0.02540616847965799 -0.00038822746276855
v 0.01149522399902344 0.02280809261295877 -0.00038822746276855
v -0.02850000000000000 0.00566987087223612 -0.00249999904632568
v -0.02550000000000000 0.00566987087223612 -0.00249999904632568
v -0.03199900054931640 0.01100000240299784 -0.00149999904632568
v -0.03150000000000000 0.01100000240299784 -0.00149999904632568
v -0.03199900054931640 0.01138823177311503 -0.00144888782501221
v -0.03150000000000000 0.01138823177311503 -0.00144888782501221
v -0.03199900054931640 0.01061177303288065 -0.00144888782501221
v -0.03150000000000000 0.01061177303288065 -0.00144888782501221
v -0.03199900054931640 0.01175000240299784 -0.00129903697967529
v -0.03150000000000000 0.01175000240299784 -0.00129903697967529
v -0.03199900054931640 0.01025000240299784 -0.00129903697967529
v -0.03150000000000000 0.01025000240299784 -0.00129903697967529
v -0.02850000000000000 0.01100000240299784 -0.00149999904632568
v -0.02850000000000000 0.01138823177311503 -0.00144888782501221
v -0.02850000000000000 0.01061177303288065 -0.00144888782501221
v -0.02850000000000000 0.01175000240299784 -0.00129903697967529
v -0.02550000000000000 0.01100000240299784 -0.00149999904632568
v -0.02550000000000000 0.01138823177311503 -0.00144888782501221
v -0.02550000000000000 0.01061177303288065 -0.00144888782501221
v -0.02550000000000000 0.01175000240299784 -0.00129903697967529
v -0.02850000000000000 0.01025000240299784 -0.00129903697967529
v -0.02550000000000000 0.01025000240299784 -0.00129903697967529
v -0.02850000000000000 0.00517037441227518 -0.00129409408569336
v -0.02550000000000000 0.00517037441227518 -0.00129409408569336
v -0.03150000000000000 -0.00433012912776388 -0.00249999904632568
v -0.02850000000000000 -0.00433012912776388 -0.00249999904632568
v -0.03199900054931640 -0.00000000522639669 -0.00149999904632568
v -0.03150000000000000 -0.00000000522639669 -0.00149999904632568
v -0.03199900054931640 0.00038822414372050 -0.00144888782501221
v -0.03150000000000000 0.00038822414372050 -0.00144888782501221
v -0.03199900054931640 -0.00038823459651388 -0.00144888782501221
v -0.03150000000000000 -0.00038823459651388 -0.00144888782501221
v -0.03199900054931640 0.00074999477360331 -0.00129903697967529
v -0.03150000000000000 0.00074999477360331 -0.00129903697967529
v -0.02850000000000000 -0.00000000522639669 -0.00149999904632568
v -0.02850000000000000 0.00038822414372050 -0.00144888782501221
v -0.02850000000000000 -0.00038823459651388 -0.00144888782501221
v -0.02850000000000000 0.00074999477360331 -0.00129903697967529
v -0.02550000000000000 -0.00000000522639669 -0.00149999904632568
v -0.02550000000000000 0.00038822414372050 -0.00144888782501221
v -0.02550000000000000 -0.00038823459651388 -0.00144888782501221
v -0.02550000000000000 0.00074999477360331 -0.00129903697967529
v -0.03199900054931640 -0.00075000522639669 -0.00129903697967529
v -0.03150000000000000 -0.00075000522639669 -0.00129903697967529
v -0.03150000000000000 -0.00482962558772482 -0.00129409408569336
v -0.02850000000000000 -0.00075000522639669 -0.00129903697967529
v -0.02550000000000000 -0.00075000522639669 -0.00129903697967529
v -0.02850000000000000 -0.00482962558772482 -0.00129409408569336
v -0.03199900054931640 0.01206066371891581 -0.00106065940856934
v -0.03150000000000000 0.01206066371891581 -0.00106065940856934
v -0.03199900054931640 0.00993934108707987 -0.00106065940856934
v -0.03150000000000000 0.00993934108707987 -0.00106065940856934
v -0.03199900054931640 0.01229903652165018 -0.00074999904632568
v -0.03150000000000000 0.01229903652165018 -0.00074999904632568
v -0.03199900054931640 0.00970096065495096 -0.00074999904632568
v -0.03150000000000000 0.00970096065495096 -0.00074999904632568
v -0.02850000000000000 0.01206066371891581 -0.00106065940856934
v -0.02550000000000000 0.01206066371891581 -0.00106065940856934
v -0.02850000000000000 0.00993934108707987 -0.00106065940856934
v -0.02550000000000000 0.00993934108707987 -0.00106065940856934
v -0.02850000000000000 0.01229903652165018 -0.00074999904632568
v -0.02550000000000000 0.01229903652165018 -0.00074999904632568
v -0.02850000000000000 0.00970096065495096 -0.00074999904632568
v -0.02550000000000000 0.00970096065495096 -0.00074999904632568
v -0.03199900054931640 0.01244888545963846 -0.00038822746276855
v -0.03150000000000000 0.01244888545963846 -0.00038822746276855
v -0.03199900054931640 0.00955111171696268 -0.00038822746276855
v -0.03150000000000000 0.00955111171696268 -0.00038822746276855
v -0.02850000000000000 0.01244888545963846 -0.00038822746276855
v -0.02550000000000000 0.01244888545963846 -0.00038822746276855
v -0.02850000000000000 0.00955111171696268 -0.00038822746276855
v -0.02550000000000000 0.00955111171696268 -0.00038822746276855
v -0.03199900054931640 0.00106066371891581 -0.00106065940856934
v -0.03150000000000000 0.00106066371891581 -0.00106065940856934
v -0.03199900054931640 0.00129903652165018 -0.00074999904632568
v -0.03150000000000000 0.00129903652165018 -0.00074999904632568
v -0.02850000000000000 0.00106066371891581 -0.00106065940856934
v -0.02550000000000000 0.00106066371891581 -0.00106065940856934
v -0.02850000000000000 0.00129903652165018 -0.00074999904632568
v -0.02550000000000000 0.00129903652165018 -0.00074999904632568
v -0.03199900054931640 -0.00106065891292013 -0.00106065940856934
v -0.03150000000000000 -0.00106065891292013 -0.00106065940856934
v -0.03199900054931640 -0.00129903171565450 -0.00074999904632568
v -0.03150000000000000 -0.00129903171565450 -0.00074999904632568
v -0.02850000000000000 -0.00106065891292013 -0.00106065940856934
v -0.02550000000000000 -0.00106065891292013 -0.00106065940856934
v -0.02850000000000000 -0.00129903171565450 -0.00074999904632568
v -0.02550000000000000 -0.00129903171565450 -0.00074999904632568
v -0.03199900054931640 0.00144889308903300 -0.00038822746276855
v -0.03150000000000000 0.00144889308903300 -0.00038822746276855
v -0.02850000000000000 0.00144889308903300 -0.00038822746276855
v -0.02550000000000000 0.00144889308903300 -0.00038822746276855
v -0.03199900054931640 -0.00144888828303732 -0.00038822746276855
v -0.03150000000000000 -0.00144888828303732 -0.00038822746276855
v -0.02850000000000000 -0.00144888828303732 -0.00038822746276855
v -0.02550000000000000 -0.00144888828303732 -0.00038822746276855
v 0.01425000000000000 0.02468172695133768 -0.00499999904632568
v 0.01537071228027344 0.02403467800114236 -0.00482962810993195
v 0.01387071228027344 0.02143660213444315 -0.00482962810993195
v 0.01641506958007813 0.02343172695133768 -0.00433012604713440
v 0.01491506958007813 0.02083365108463846 -0.00433012604713440
v 0.01731185913085938 0.02291395809147440 -0.00353553295135498
v 0.01581185913085938 0.02031588222477518 -0.00353553295135498
v 0.01800000000000001 0.02251665737125955 -0.00249999904632568
v 0.01425000000000000 0.02468172695133768 -0.00149999904632568
v 0.01391378784179688 0.02487584163639628 -0.00144888782501221
v 0.01458621215820313 0.02448761226627908 -0.00144888782501221
v 0.01489952087402344 0.02430672695133768 -0.00129903697967529
v 0.01843258666992188 0.02226690914127908 -0.00129409408569336
v 0.01650000000000000 0.01991858150456033 -0.00249999904632568
v 0.01693258666992188 0.01966883327457987 -0.00129409408569336
v 0.01516856384277344 0.02415139247868143 -0.00106065940856934
v 0.01537500000000000 0.02403220607731424 -0.00074999904632568
v 0.01387500000000000 0.02143413021061502 -0.00074999904632568
v 0.01550477600097656 0.02395727779362283 -0.00038822746276855
v 0.01400477600097656 0.02135920192692362 -0.00038822746276855
v -0.00449999999999999 0.06206987239811503 0.00500000095367432
v -0.00443185424804687 0.06155223323795878 0.00500000095367432
v -0.00423205566406249 0.06106987239811502 0.00500000095367432
v -0.00391421508789062 0.06065565731022440 0.00500000095367432
v -0.00076794433593749 0.06106987239811502 0.00500000095367432
v -0.00108578491210937 0.06065565731022440 0.00500000095367432
v -0.00349999999999999 0.06033782436344706 0.00500000095367432
v -0.00301763916015624 0.06013801815006815 0.00500000095367432
v -0.00249999999999999 0.06006987239811502 0.00500000095367432
v -0.00149999999999999 0.06033782436344706 0.00500000095367432
v -0.00198236083984374 0.06013801815006815 0.00500000095367432
v -0.00423205566406249 0.04906987239811503 0.00500000095367432
v -0.00437937927246093 0.04875391628239237 0.00500000095367432
v -0.00446961975097656 0.04841717006657206 0.00500000095367432
v -0.00449999999999999 0.04806987239811503 0.00500000095367432
v -0.00750000000000000 0.03495190669987284 0.00500000095367432
v -0.00450000000000000 0.03695190669987284 0.00500000095367432
v -0.00443185424804687 0.03643426753971659 0.00500000095367432
v -0.00423205566406250 0.03595190669987284 0.00500000095367432
v -0.00391421508789062 0.03553769161198221 0.00500000095367432
v -0.00350000000000000 0.03521985103581034 0.00500000095367432
v -0.00301763916015625 0.03502005245182596 0.00500000095367432
v -0.00250000000000000 0.03495190669987284 0.00500000095367432
v 0.00078051757812500 0.03495190669987284 0.00500000095367432
v 0.00251257324218750 0.03595190669987284 0.00500000095367432
v 0.00219473266601563 0.03553769161198221 0.00500000095367432
v 0.00129815673828125 0.03502005245182596 0.00500000095367432
v 0.00178051757812500 0.03521985103581034 0.00500000095367432
v 0.00724667358398438 0.03161184932682596 0.00500000095367432
v 0.00791653442382813 0.03411184932682596 0.00500000095367432
v 0.00741703796386719 0.03290594722721658 0.00500000095367432
v 0.00741703796386719 0.03031775905582987 0.00500000095367432
v 0.02906986999511720 0.06035049678776346 0.00000000095367432
v 0.03923013305664063 0.05794857265446268 0.00000000095367432
v 0.02456986999511719 0.05255626918766581 0.00000000095367432
v 0.02374668884277345 0.05072213222477518 0.00020000076293945
v 0.02661038208007813 0.04906877376530253 0.00020000076293945
v 0.02463565063476563 0.05251829006168925 0.00086824178695679
v 0.02381665039062501 0.05068173458073221 0.00089910268783569
v 0.03773013305664064 0.05535049678776346 0.00000000095367432
v 0.02825680541992188 0.05042762233707987 0.00000000095367432
v 0.02830377197265626 0.05040050746891581 0.00000666475296021
v 0.02834718322753907 0.05037542964909159 0.00002621364593506
v 0.02838420104980470 0.05035406734440408 0.00005735158920288
v 0.02954319763183594 0.04968491603825174 0.00000000095367432
v 0.02841232299804688 0.05033782436344705 0.00009801435470581
v 0.02842971801757813 0.05032778408024393 0.00014550542831421
v 0.02843522644042969 0.05032461025211893 0.00019667577743530
v 0.02842846679687501 0.05032850887272440 0.00024813318252563
v 0.02840989685058595 0.05033922817204080 0.00029646492004395
v 0.02665734863281251 0.04904165889713846 0.00020666456222534
v 0.02670077514648438 0.04901658870670877 0.00022621345520020
v 0.02673779296875001 0.04899521877262674 0.00025735187530518
v 0.02676591491699220 0.04897897579166971 0.00029801416397095
v 0.02838075256347657 0.05035605098698221 0.00033846664428711
v 0.02834297180175782 0.05037787105534159 0.00037135410308838
v 0.02932186889648438 0.04981270076725564 0.00034746742248535
v 0.02936740112304688 0.04978641750309549 0.00034186649322510
v 0.02941346740722657 0.04975981380436502 0.00035000848770142
v 0.02927989196777344 0.04983693935368142 0.00036643981933594
v 0.02945703125000001 0.04973466731999002 0.00037135410308838
v 0.02924426269531251 0.04985750820133767 0.00039752626419067
v 0.02921734619140626 0.04987304927799783 0.00043866539001465
v 0.02872967529296876 0.05015460445377909 0.00053667831420898
v 0.02868510437011720 0.05018033077213846 0.00054447937011719
v 0.02877398681640626 0.05012902309391581 0.00054303073883057
v 0.02920091247558594 0.04988253261540018 0.00048712873458862
v 0.02919606018066407 0.04988533260319315 0.00053970384597778
v 0.02864324951171876 0.05020450069401346 0.00056591653823853
v 0.02860687255859376 0.05022550441715799 0.00059956836700439
v 0.02881512451171876 0.05010527278874002 0.00056311464309692
v 0.02885032653808595 0.05008494045231424 0.00059559917449951
v 0.02920310974121094 0.04988126613590799 0.00059290456771851
v 0.02678330993652344 0.04896893550846659 0.00034550523757935
v 0.02678881835937501 0.04896576168034159 0.00039667606353760
v 0.02678205871582032 0.04896966030094706 0.00044813299179077
v 0.02676348876953126 0.04898037960026346 0.00049646472930908
v 0.02673434448242188 0.04899721004459940 0.00053846693038940
v 0.02669656372070313 0.04901902248356425 0.00057135391235352
v 0.03323013305664063 0.04755626918766580 0.00000000095367432
v 0.02857839965820313 0.05024194576237283 0.00064320325851440
v 0.02887730407714845 0.05006937648747049 0.00063833045959473
v 0.02889422607421876 0.05005960323307596 0.00068847417831421
v 0.02922160339355469 0.04987059261295877 0.00064320325851440
v 0.02889999389648438 0.05005626918766581 0.00074270677566528
v 0.02879507446289063 0.04780745174381815 0.00089387750625610
v 0.02884060668945313 0.04778116085026346 0.00088827657699585
v 0.02888667297363282 0.04775455715153299 0.00089641857147217
v 0.02875309753417969 0.04783168270084940 0.00091284990310669
v 0.02893023681640625 0.04772941066715800 0.00091776418685913
v 0.02871746826171875 0.04785225154850565 0.00094393634796143
v 0.02869055175781251 0.04786779262516581 0.00098507547378540
v 0.02867411804199219 0.04787727596256815 0.00103353929519653
v 0.02866926574707032 0.04788008357975565 0.00108611440658569
v 0.02867631530761719 0.04787600948307597 0.00113931465148926
v 0.02869480895996094 0.04786533596012674 0.00118961334228516
v 0.03316433715820313 0.04759424831364236 0.00086824178695679
v 0.02921742248535157 0.06026531459782205 0.00129409599304199
v 0.03908258056640626 0.05803376247379861 0.00129409599304199
v 0.03273493957519532 0.06169857265446267 0.00200000095367432
v 0.03274969482421876 0.06169005825016580 0.00212941074371338
v 0.03279295349121095 0.06166507961247049 0.00225000095367432
v 0.03286175537109376 0.06162535335514627 0.00235355472564697
v 0.03295144653320313 0.06157357265446267 0.00243301391601563
v 0.03305587768554688 0.06151327754948221 0.00248296356201172
v 0.03123493957519532 0.05910049678776345 0.00200000095367432
v 0.03124969482421876 0.05909197475407205 0.00212941074371338
v 0.03129295349121095 0.05906700374577127 0.00225000095367432
v 0.03136175537109376 0.05902727748844705 0.00235355472564697
v 0.03145144653320314 0.05897549678776345 0.00243301391601563
v 0.03155587768554689 0.05891520168278298 0.00248296356201172
v 0.03706506347656251 0.05919857265446268 0.00200000095367432
v 0.03705030822753907 0.05920709468815408 0.00212941074371338
v 0.03556506347656251 0.05660049678776346 0.00200000095367432
v 0.03555030822753907 0.05660901882145486 0.00212941074371338
v 0.03700704956054688 0.05923206569645486 0.00225000095367432
v 0.03693823242187501 0.05927179958317361 0.00235355472564697
v 0.03684855651855470 0.05932357265446268 0.00243301391601563
v 0.03674412536621095 0.05938386775944314 0.00248296356201172
v 0.03550704956054689 0.05663398982975564 0.00225000095367432
v 0.03543823242187501 0.05667372371647440 0.00235355472564697
v 0.03524412536621094 0.05678579189274392 0.00248296356201172
v 0.03534855651855470 0.05672549678776345 0.00243301391601563
v 0.02483100891113282 0.05240549709293924 0.00171010160446167
v 0.02397439575195313 0.05059066249821268 0.00157887697219849
v 0.02421652221679688 0.05045087673161112 0.00222471141815186
v 0.03758258056640626 0.05543567897770486 0.00129409599304199
v 0.02747004699707032 0.04857245113346659 0.00131232690811157
v 0.02740519714355470 0.04860989620182597 0.00138961315155029
v 0.02743367004394532 0.04859344722721659 0.00134597826004028
v 0.02755647277832032 0.04852255489323221 0.00128308868408203
v 0.02751190185546876 0.04854828121159159 0.00129088973999023
v 0.02760078430175782 0.04849697353336893 0.00128944063186646
v 0.02764190673828126 0.04847322322819315 0.00130952501296997
v 0.02767712402343751 0.04845289089176737 0.00134200954437256
v 0.02770410156250001 0.04843732692692362 0.00138474035263062
v 0.02772102355957032 0.04842754604313455 0.00143488454818726
v 0.02772679138183595 0.04842421962711893 0.00148911714553833
v 0.03296899414062501 0.04770703365299783 0.00171010160446167
v 0.02773493957519532 0.05303831722233378 0.00200000095367432
v 0.02723493957519532 0.05217229701969706 0.00200000095367432
v 0.02774969482421876 0.05302980281803690 0.00212941074371338
v 0.02724969482421876 0.05216377498600565 0.00212941074371338
v 0.02779295349121095 0.05300482418034159 0.00225000095367432
v 0.02729295349121095 0.05213879634831034 0.00225000095367432
v 0.02786175537109376 0.05296509792301737 0.00235355472564697
v 0.02736175537109376 0.05209907009098612 0.00235355472564697
v 0.02795144653320313 0.05291331722233378 0.00243301391601563
v 0.02805587768554688 0.05285302211735331 0.00248296356201172
v 0.02745144653320313 0.05204729701969706 0.00243301391601563
v 0.02755587768554688 0.05198700191471659 0.00248296356201172
v 0.03206506347656251 0.05053831722233377 0.00200000095367432
v 0.03156506347656251 0.04967229701969705 0.00200000095367432
v 0.03205030822753907 0.05054683925602518 0.00212941074371338
v 0.03155030822753907 0.04968081142399392 0.00212941074371338
v 0.03200704956054688 0.05057181026432595 0.00225000095367432
v 0.03150704956054688 0.04970579006168924 0.00225000095367432
v 0.03134855651855469 0.04979729701969705 0.00243301391601563
v 0.03124412536621094 0.04985759212467752 0.00248296356201172
v 0.03193823242187501 0.05061154415104471 0.00235355472564697
v 0.03143823242187501 0.04974551631901346 0.00235355472564697
v 0.03184855651855469 0.05066331722233377 0.00243301391601563
v 0.03174412536621095 0.05072361232731424 0.00248296356201172
v 0.04173013305664063 0.06227869655582986 0.00000000095367432
v 0.04158258056640626 0.06236388637516580 0.00129409599304199
v 0.03316795349121095 0.06144857265446267 0.00250000095367432
v 0.02964999389648438 0.06001555873844705 0.00250000095367432
v 0.03166795349121095 0.05885049678776345 0.00250000095367432
v 0.03253398132324219 0.05835049678776345 0.00250000095367432
v 0.03214117431640626 0.05708436824772439 0.00250000095367432
v 0.03169288635253907 0.05682555629704080 0.00250000095367432
v 0.03189999389648438 0.05698446895573221 0.00250000095367432
v 0.03239999389648438 0.05711844875309548 0.00250000095367432
v 0.03265881347656251 0.05708436824772439 0.00250000095367432
v 0.03289999389648438 0.05698446895573221 0.00250000095367432
v 0.03153398132324219 0.05661844875309548 0.00250000095367432
v 0.03143406677246095 0.05637726833317361 0.00250000095367432
v 0.03339999389648438 0.05958254482243142 0.00250000095367432
v 0.03364117431640626 0.05968245174381814 0.00250000095367432
v 0.03389999389648438 0.05971652461979471 0.00250000095367432
v 0.03415881347656251 0.05968245174381814 0.00250000095367432
v 0.03439999389648438 0.05958254482243142 0.00250000095367432
v 0.03319288635253907 0.05942363216374002 0.00250000095367432
v 0.03303398132324219 0.05921652461979471 0.00250000095367432
v 0.03460710144042969 0.05942363216374002 0.00250000095367432
v 0.03476602172851563 0.05921652461979471 0.00250000095367432
v 0.03486592102050782 0.05897534419987283 0.00250000095367432
v 0.03489999389648438 0.05871652461979471 0.00250000095367432
v 0.03486592102050782 0.05845770503971658 0.00250000095367432
v 0.03663204956054688 0.05944857265446268 0.00250000095367432
v 0.03426602172851563 0.05735049678776345 0.00250000095367432
v 0.03476602172851563 0.05821652461979471 0.00250000095367432
v 0.03310710144042969 0.05682555629704080 0.00250000095367432
v 0.03326602172851563 0.05661844875309548 0.00250000095367432
v 0.03336592102050782 0.05637726833317361 0.00250000095367432
v 0.03513204956054689 0.05685049678776345 0.00250000095367432
v 0.03864999389648438 0.05828351070377908 0.00250000095367432
v 0.03033813476562501 0.05961826564762673 0.00353553485870361
v 0.03796186828613282 0.05868080379459939 0.00353553485870361
v 0.02514999389648438 0.05222133113834940 0.00250000095367432
v 0.02558293151855470 0.05197137691471659 0.00321393871307373
v 0.03139999389648438 0.05611844875309548 0.00250000095367432
v 0.03143406677246095 0.05585962917301736 0.00250000095367432
v 0.03153398132324219 0.05561844875309549 0.00250000095367432
v 0.03169288635253907 0.05541134120915017 0.00250000095367432
v 0.03189999389648438 0.05525242092106424 0.00250000095367432
v 0.03214117431640626 0.05515252162907205 0.00250000095367432
v 0.03239999389648438 0.05511844875309549 0.00250000095367432
v 0.03289999389648438 0.05525242092106424 0.00250000095367432
v 0.03265881347656251 0.05515252162907205 0.00250000095367432
v 0.02816795349121095 0.05278831722233378 0.00250000095367432
v 0.02766795349121095 0.05192229701969706 0.00250000095367432
v 0.03003398132324219 0.05402037288639627 0.00250000095367432
v 0.02993406677246094 0.05377919246647439 0.00250000095367432
v 0.02989999389648438 0.05352037288639627 0.00250000095367432
v 0.02993406677246094 0.05326155330631814 0.00250000095367432
v 0.03003398132324219 0.05302037288639627 0.00250000095367432
v 0.03176602172851564 0.05302037288639627 0.00250000095367432
v 0.03019288635253907 0.05281326534245095 0.00250000095367432
v 0.03039999389648438 0.05265434505436502 0.00250000095367432
v 0.03064117431640626 0.05255444576237283 0.00250000095367432
v 0.03089999389648438 0.05252037288639626 0.00250000095367432
v 0.03115881347656251 0.05255444576237283 0.00250000095367432
v 0.03139999389648438 0.05265434505436502 0.00250000095367432
v 0.03160710144042970 0.05281326534245095 0.00250000095367432
v 0.03339999389648438 0.05611844875309548 0.00250000095367432
v 0.03336592102050782 0.05585962917301736 0.00250000095367432
v 0.03326602172851563 0.05561844875309549 0.00250000095367432
v 0.03310710144042969 0.05541134120915017 0.00250000095367432
v 0.03714999389648439 0.05568543483707986 0.00250000095367432
v 0.03163204956054688 0.05078831722233377 0.00250000095367432
v 0.03113204956054688 0.04992229701969705 0.00250000095367432
v 0.03264999389648438 0.04789120723698220 0.00250000095367432
v 0.03646186828613282 0.05608272792790017 0.00353553485870361
v 0.03221707153320313 0.04814115383122049 0.00321393871307373
v 0.02660256958007813 0.06354807521793925 0.00500000095367432
v 0.02539666748046876 0.06304857112858378 0.00500000095367432
v 0.02436112976074219 0.06225397731754862 0.00500000095367432
v 0.02356654357910157 0.06121844722721659 0.00500000095367432
v 0.03123493957519532 0.05910049678776345 0.00433012771606445
v 0.03706506347656251 0.05919857265446268 0.00433012771606445
v 0.03556506347656251 0.05660049678776346 0.00433012771606445
v 0.02789666748046876 0.06371844722721659 0.00500000095367432
v 0.02919076538085938 0.06354807521793923 0.00500000095367432
v 0.03039666748046876 0.06304857112858377 0.00500000095367432
v 0.03852072143554688 0.06413165523502909 0.00482962989807129
v 0.03739999389648439 0.06477869655582986 0.00500000095367432
v 0.03227928161621094 0.05849754573795877 0.00482962989807129
v 0.03140849304199220 0.05624847652409158 0.00491394042968750
v 0.03179164123535157 0.05691210414860330 0.00491394042968750
v 0.03164674377441407 0.05677575923893533 0.00490285968780518
v 0.03153398132324219 0.05661844875309548 0.00489898014068604
v 0.03145411682128907 0.05644213344547830 0.00490285968780518
v 0.03214115905761720 0.05708436824772439 0.00494974613189697
v 0.03196069335937501 0.05701648952457986 0.00493069744110107
v 0.03233139038085938 0.05711582424137673 0.00496871852874756
v 0.03253001403808595 0.05710995723698221 0.00498529815673828
v 0.03272367858886720 0.05706432582829080 0.00499619865417480
v 0.03289999389648438 0.05698446895573221 0.00500000095367432
v 0.03602072143554688 0.05980152370426736 0.00482962989807129
v 0.03489999389648438 0.06044857265446268 0.00500000095367432
v 0.03452072143554688 0.05720344783756814 0.00482962989807129
v 0.03339999389648438 0.05785049678776345 0.00500000095367432
v 0.03305731201171876 0.05687169887516580 0.00499619865417480
v 0.03336593627929688 0.05637724544499002 0.00494974613189697
v 0.03329804992675782 0.05655772640202127 0.00496871852874756
v 0.03319366455078126 0.05672679378483376 0.00498529815673828
v 0.02611665344238282 0.05166324092838846 0.00383022308349609
v 0.02597334289550782 0.04943657161686502 0.00425331306457520
v 0.02653265380859376 0.04911365749332987 0.00453289794921875
v 0.03168334960937501 0.04844929744694314 0.00383022308349609
v 0.02673493957519532 0.05130626918766581 0.00433012771606445
v 0.03106506347656251 0.04880626918766580 0.00433012771606445
v 0.03140261840820313 0.05604988338444315 0.00493069744110107
v 0.03300836181640626 0.05532478572819315 0.00491394042968750
v 0.03143406677246095 0.05585964443180642 0.00494974613189697
v 0.03150193786621094 0.05567917110416971 0.00496871852874756
v 0.03160632324218750 0.05551009609196268 0.00498529815673828
v 0.03174267578125001 0.05536519100163064 0.00499619865417480
v 0.03189999389648438 0.05525242092106424 0.00500000095367432
v 0.03207632446289063 0.05517256404850564 0.00499619865417480
v 0.03283930969238282 0.05522040798161111 0.00493069744110107
v 0.03265884399414063 0.05515252925846658 0.00494974613189697
v 0.03246859741210938 0.05512106563541971 0.00496871852874756
v 0.03226998901367188 0.05512693263981424 0.00498529815673828
v 0.03339151000976563 0.05598841335270486 0.00491394042968750
v 0.03334588623046876 0.05579476406071267 0.00490285968780518
v 0.03326602172851563 0.05561844875309549 0.00489898014068604
v 0.03315325927734376 0.05546113063786111 0.00490285968780518
v 0.03339738464355470 0.05618701412174783 0.00493069744110107
v 0.02741900634765626 0.05091131832096659 0.00469846439361572
v 0.02814808654785157 0.05049038936588846 0.00492403984069824
v 0.02889999389648438 0.05005626918766581 0.00500000095367432
v 0.02712135314941407 0.04877376796696268 0.00471504211425781
v 0.02772679138183595 0.04842421962711893 0.00479583263397217
v 0.02965191650390626 0.04962214900944314 0.00492403984069824
v 0.03038099670410157 0.04920122005436502 0.00469846439361572
v 0.04114999389648438 0.06261363460514627 0.00250000095367432
v 0.04046186828613282 0.06301093532536112 0.00353553485870361
v 0.03956506347656251 0.06352869655582986 0.00433012771606445
v 0.03141027832031251 0.04629756404850564 0.00257112216949463
v 0.03104695129394532 0.04650731899235330 0.00313616657257080
v 0.03061599731445313 0.04675613643620095 0.00363379573822021
v 0.03012666320800782 0.04703866054508767 0.00405331325531006
v -0.03199900054931640 0.01250000240299784 0.00000000095367432
v -0.03150000000000000 0.01250000240299784 0.00000000095367432
v -0.02850000000000000 0.01250000240299784 0.00000000095367432
v -0.02550000000000000 0.01250000240299784 0.00000000095367432
v 0.01295095825195313 0.02543172695133768 0.00000000095367432
v 0.01145095825195313 0.02283365108463846 0.00000000095367432
v 0.01299522399902344 0.02540616847965799 0.00038822937011719
v 0.01149522399902344 0.02280809261295877 0.00038822937011719
v 0.01312500000000000 0.02533124019596659 0.00075000095367432
v 0.01162500000000000 0.02273316432926737 0.00075000095367432
v 0.01333143615722657 0.02521205379459940 0.00106066131591797
v 0.01183143615722656 0.02261397792790018 0.00106066131591797
v 0.01366856384277344 0.02155331661198221 0.00106066131591797
v 0.01360047912597657 0.02505672695133768 0.00129903888702393
v 0.01210047912597657 0.02245865108463846 0.00129903888702393
v 0.01339952087402344 0.02170865108463846 0.00129903888702393
v 0.01241378784179688 0.02227776576969705 0.00144888973236084
v 0.01308621215820313 0.02188953639957987 0.00144888973236084
v 0.01275000000000000 0.02208365108463846 0.00150000095367432
v -0.03199900054931640 0.00950000240299784 0.00000000095367432
v -0.03150000000000000 0.00950000240299784 0.00000000095367432
v -0.03199900054931640 0.01244888545963846 0.00038822937011719
v -0.03150000000000000 0.01244888545963846 0.00038822937011719
v -0.03199900054931640 0.00955111171696268 0.00038822937011719
v -0.03150000000000000 0.00955111171696268 0.00038822937011719
v -0.02850000000000000 0.00950000240299784 0.00000000095367432
v -0.02550000000000000 0.00950000240299784 0.00000000095367432
v -0.02850000000000000 0.01244888545963846 0.00038822937011719
v -0.02550000000000000 0.01244888545963846 0.00038822937011719
v -0.02850000000000000 0.00955111171696268 0.00038822937011719
v -0.02550000000000000 0.00955111171696268 0.00038822937011719
v -0.02850000000000000 0.00499999477360331 0.00000000095367432
v -0.02550000000000000 0.00499999477360331 0.00000000095367432
v -0.03199900054931640 0.01229903652165018 0.00075000095367432
v -0.03150000000000000 0.01229903652165018 0.00075000095367432
v -0.03199900054931640 0.00970096065495096 0.00075000095367432
v -0.03150000000000000 0.00970096065495096 0.00075000095367432
v -0.03199900054931640 0.01206066371891581 0.00106066131591797
v -0.03150000000000000 0.01206066371891581 0.00106066131591797
v -0.03199900054931640 0.00993934108707987 0.00106066131591797
v -0.03150000000000000 0.00993934108707987 0.00106066131591797
v -0.02850000000000000 0.01229903652165018 0.00075000095367432
v -0.02550000000000000 0.01229903652165018 0.00075000095367432
v -0.02850000000000000 0.00970096065495096 0.00075000095367432
v -0.02550000000000000 0.00970096065495096 0.00075000095367432
v -0.02850000000000000 0.01206066371891581 0.00106066131591797
v -0.02550000000000000 0.01206066371891581 0.00106066131591797
v -0.02850000000000000 0.00993934108707987 0.00106066131591797
v -0.02550000000000000 0.00993934108707987 0.00106066131591797
v -0.03199900054931640 0.00149999477360331 0.00000000095367432
v -0.03150000000000000 0.00149999477360331 0.00000000095367432
v -0.03199900054931640 0.00144889308903300 0.00038822937011719
v -0.03150000000000000 0.00144889308903300 0.00038822937011719
v -0.02850000000000000 0.00149999477360331 0.00000000095367432
v -0.02550000000000000 0.00149999477360331 0.00000000095367432
v -0.02850000000000000 0.00144889308903300 0.00038822937011719
v -0.02550000000000000 0.00144889308903300 0.00038822937011719
v -0.03199900054931640 -0.00150000522639669 0.00000000095367432
v -0.03150000000000000 -0.00150000522639669 0.00000000095367432
v -0.03150000000000000 -0.00500000522639669 0.00000000095367432
v -0.03199900054931640 -0.00144888828303732 0.00038822937011719
v -0.03150000000000000 -0.00144888828303732 0.00038822937011719
v -0.02850000000000000 -0.00150000522639669 0.00000000095367432
v -0.02550000000000000 -0.00150000522639669 0.00000000095367432
v -0.02850000000000000 -0.00500000522639669 0.00000000095367432
v -0.02850000000000000 -0.00144888828303732 0.00038822937011719
v -0.02550000000000000 -0.00144888828303732 0.00038822937011719
v -0.03199900054931640 0.00129903652165018 0.00075000095367432
v -0.03150000000000000 0.00129903652165018 0.00075000095367432
v -0.03199900054931640 0.00106066371891581 0.00106066131591797
v -0.03150000000000000 0.00106066371891581 0.00106066131591797
v -0.02850000000000000 0.00129903652165018 0.00075000095367432
v -0.02550000000000000 0.00129903652165018 0.00075000095367432
v -0.02850000000000000 0.00106066371891581 0.00106066131591797
v -0.02550000000000000 0.00106066371891581 0.00106066131591797
v -0.03199900054931640 -0.00129903171565450 0.00075000095367432
v -0.03150000000000000 -0.00129903171565450 0.00075000095367432
v -0.03199900054931640 -0.00106065891292013 0.00106066131591797
v -0.03150000000000000 -0.00106065891292013 0.00106066131591797
v -0.02850000000000000 -0.00129903171565450 0.00075000095367432
v -0.02550000000000000 -0.00129903171565450 0.00075000095367432
v -0.02850000000000000 -0.00106065891292013 0.00106066131591797
v -0.02550000000000000 -0.00106065891292013 0.00106066131591797
v -0.03199900054931640 0.01175000240299784 0.00129903888702393
v -0.03150000000000000 0.01175000240299784 0.00129903888702393
v -0.03199900054931640 0.01138823177311503 0.00144888973236084
v -0.03150000000000000 0.01138823177311503 0.00144888973236084
v -0.03199900054931640 0.01061177303288065 0.00144888973236084
v -0.03150000000000000 0.01061177303288065 0.00144888973236084
v -0.03199900054931640 0.01100000240299784 0.00150000095367432
v -0.03150000000000000 0.01100000240299784 0.00150000095367432
v -0.03199900054931640 0.01025000240299784 0.00129903888702393
v -0.03150000000000000 0.01025000240299784 0.00129903888702393
v -0.02850000000000000 0.01175000240299784 0.00129903888702393
v -0.02850000000000000 0.01138823177311503 0.00144888973236084
v -0.02850000000000000 0.01061177303288065 0.00144888973236084
v -0.02850000000000000 0.01100000240299784 0.00150000095367432
v -0.02550000000000000 0.01175000240299784 0.00129903888702393
v -0.02550000000000000 0.01138823177311503 0.00144888973236084
v -0.02550000000000000 0.01061177303288065 0.00144888973236084
v -0.02550000000000000 0.01100000240299784 0.00150000095367432
v -0.02850000000000000 0.01025000240299784 0.00129903888702393
v -0.02550000000000000 0.01025000240299784 0.00129903888702393
v -0.02850000000000000 0.00517037441227518 0.00129409599304199
v -0.02550000000000000 0.00517037441227518 0.00129409599304199
v -0.03199900054931640 0.00074999477360331 0.00129903888702393
v -0.03150000000000000 0.00074999477360331 0.00129903888702393
v -0.03199900054931640 0.00038822414372050 0.00144888973236084
v -0.03150000000000000 0.00038822414372050 0.00144888973236084
v -0.03199900054931640 -0.00038823459651388 0.00144888973236084
v -0.03150000000000000 -0.00038823459651388 0.00144888973236084
v -0.03199900054931640 -0.00000000522639669 0.00150000095367432
v -0.03150000000000000 -0.00000000522639669 0.00150000095367432
v -0.02850000000000000 0.00074999477360331 0.00129903888702393
v -0.02850000000000000 0.00038822414372050 0.00144888973236084
v -0.02850000000000000 -0.00038823459651388 0.00144888973236084
v -0.02850000000000000 -0.00000000522639669 0.00150000095367432
v -0.02550000000000000 0.00074999477360331 0.00129903888702393
v -0.02550000000000000 0.00038822414372050 0.00144888973236084
v -0.02550000000000000 -0.00038823459651388 0.00144888973236084
v -0.02550000000000000 -0.00000000522639669 0.00150000095367432
v -0.03199900054931640 -0.00075000522639669 0.00129903888702393
v -0.03150000000000000 -0.00075000522639669 0.00129903888702393
v -0.03150000000000000 -0.00482962558772482 0.00129409599304199
v -0.02850000000000000 -0.00075000522639669 0.00129903888702393
v -0.02550000000000000 -0.00075000522639669 0.00129903888702393
v -0.02850000000000000 -0.00482962558772482 0.00129409599304199
v -0.03150000000000000 0.02819999935124003 0.00500000095367432
v -0.02491421508789062 0.02761421443913065 0.00500000095367432
v -0.02523204803466797 0.02719999935124003 0.00500000095367432
v -0.02543185424804687 0.02671763851139628 0.00500000095367432
v -0.02550000000000000 0.02619999935124003 0.00500000095367432
v -0.02401763916015625 0.02813185359928690 0.00500000095367432
v -0.02450000000000000 0.02793204738590800 0.00500000095367432
v -0.02350000000000000 0.02819999935124003 0.00500000095367432
v -0.02550000000000000 0.01813605739567362 0.00500000095367432
v -0.02544713592529297 0.01767924739811503 0.00500000095367432
v -0.02529132843017578 0.01724659206364237 0.00500000095367432
v -0.02504082489013671 0.01686096431706034 0.00500000095367432
v -0.02470886230468750 0.01654274227116190 0.00500000095367432
v -0.02550000000000000 0.01250000240299784 0.00500000095367432
v -0.02431299591064453 0.01630874874088847 0.00500000095367432
v -0.02387414550781250 0.01617135860416971 0.00500000095367432
v -0.02341551208496093 0.01613784267399393 0.00500000095367432
v -0.02296134948730469 0.01620995571110331 0.00500000095367432
v 0.00015617370605469 0.02819999935124002 0.00500000095367432
v 0.00067381286621094 0.02813185359928690 0.00500000095367432
v 0.00069482421875000 0.02282560207340799 0.00500000095367432
v 0.00115617370605469 0.02793204738590799 0.00500000095367432
v 0.00157037353515625 0.02761421443913065 0.00500000095367432
v 0.00188821411132813 0.02719999935124003 0.00500000095367432
v 0.00208801269531250 0.02671763851139627 0.00500000095367432
v 0.00215617370605469 0.02619999935124002 0.00500000095367432
v 0.00791653442382813 0.02911184932682596 0.00500000095367432
v 0.00871113586425782 0.02807631923649393 0.00500000095367432
v 0.00974667358398438 0.02728172542545878 0.00500000095367432
v 0.00215617370605469 0.02475170375797831 0.00500000095367432
v 0.00208914184570313 0.02423826839420877 0.00500000095367432
v 0.00189256286621094 0.02375925685856424 0.00500000095367432
v 0.00157958984375000 0.02334675838444315 0.00500000095367432
v 0.00117121887207032 0.02302842952702127 0.00500000095367432
v 0.01145095825195313 0.02283365108463846 0.00500000095367432
v 0.01275000000000000 0.02208365108463846 0.00500000095367432
v -0.02850000000000000 0.00566987087223612 0.00250000095367432
v -0.02550000000000000 0.00566987087223612 0.00250000095367432
v -0.02850000000000000 0.00646447231266581 0.00353553485870361
v -0.02550000000000000 0.00646447231266581 0.00353553485870361
v -0.03150000000000000 -0.00433012912776388 0.00250000095367432
v -0.02850000000000000 -0.00433012912776388 0.00250000095367432
v -0.03150000000000000 -0.00353552768733419 0.00353553485870361
v -0.02850000000000000 -0.00353552768733419 0.00353553485870361
v -0.02850000000000000 0.00749999477360331 0.00433012771606445
v -0.02550000000000000 0.00749999477360331 0.00433012771606445
v -0.02850000000000000 0.00870590450260721 0.00482962989807129
v -0.02850000000000000 0.01000000240299784 0.00500000095367432
v -0.02550000000000000 0.00870590450260721 0.00482962989807129
v -0.02550000000000000 0.01000000240299784 0.00500000095367432
v -0.03150000000000000 -0.00250000522639669 0.00433012771606445
v -0.02850000000000000 -0.00250000522639669 0.00433012771606445
v -0.03150000000000000 -0.00000000522639669 0.00500000095367432
v -0.02850000000000000 -0.00000000522639669 0.00500000095367432
v -0.03150000000000000 -0.00129408786799825 0.00482962989807129
v -0.02850000000000000 -0.00129408786799825 0.00482962989807129
v 0.01554904174804688 0.02393172695133768 0.00000000095367432
v 0.01404904174804688 0.02133365108463846 0.00000000095367432
v 0.01858012390136719 0.02218172695133768 0.00000000095367432
v 0.01550477600097656 0.02395727779362283 0.00038822937011719
v 0.01400477600097656 0.02135920192692362 0.00038822937011719
v 0.01537500000000000 0.02403220607731424 0.00075000095367432
v 0.01387500000000000 0.02143413021061502 0.00075000095367432
v 0.01516856384277344 0.02415139247868143 0.00106066131591797
v 0.01708012390136719 0.01958365108463846 0.00000000095367432
v 0.01489952087402344 0.02430672695133768 0.00129903888702393
v 0.01391378784179688 0.02487584163639628 0.00144888973236084
v 0.01425000000000000 0.02468172695133768 0.00150000095367432
v 0.01458621215820313 0.02448761226627908 0.00144888973236084
v 0.01843258666992188 0.02226690914127908 0.00129409599304199
v 0.01693258666992188 0.01966883327457987 0.00129409599304199
v 0.01800000000000001 0.02251665737125955 0.00250000095367432
v 0.01731185913085938 0.02291395809147440 0.00353553485870361
v 0.01650000000000000 0.01991858150456033 0.00250000095367432
v 0.01581185913085938 0.02031588222477518 0.00353553485870361
v 0.01641506958007813 0.02343172695133768 0.00433012771606445
v 0.01537071228027344 0.02403467800114236 0.00482962989807129
v 0.01425000000000000 0.02468172695133768 0.00500000095367432
v 0.01387071228027344 0.02143660213444315 0.00482962989807129
v 0.01491506958007813 0.02083365108463846 0.00433012771606445
f 2 3 4
f 1 2 4
f 1 4 5
f 1 5 6
f 5 7 6
f 3 13 4
f 6 7 8
f 1 6 17
f 4 12 5
f 1 175 2
f 7 10 8
f 5 15 7
f 4 13 12
f 3 14 13
f 3 174 14
f 8 10 9
f 6 8 19
f 6 19 17
f 8 9 480
f 7 16 10
f 5 12 15
f 1 17 175
f 7 15 16
f 9 10 11
f 10 18 11
f 15 170 172
f 10 16 18
f 12 13 169
f 12 170 15
f 8 480 19
f 9 11 478
f 9 478 480
f 15 172 16
f 16 172 175
f 16 175 18
f 17 18 175
f 17 20 18
f 11 18 20
f 11 20 479
f 11 479 478
f 17 19 20
f 19 481 20
f 19 480 481
f 20 481 479
f 21 22 23
f 21 26 22
f 21 25 26
f 22 26 24
f 22 24 23
f 23 24 29
f 25 34 26
f 25 33 34
f 21 23 85
f 23 30 32
f 23 29 30
f 28 31 32
f 27 28 30
f 27 30 29
f 27 29 59
f 28 32 30
f 23 32 36
f 31 36 32
f 31 35 36
f 27 59 103
f 21 85 25
f 33 74 34
f 24 26 93
f 33 73 74
f 25 86 33
f 26 34 93
f 34 74 89
f 23 98 88
f 23 87 85
f 23 88 87
f 24 93 115
f 23 36 98
f 35 98 36
f 27 101 28
f 28 149 31
f 35 97 98
f 31 161 35
f 24 115 113
f 27 104 101
f 27 103 104
f 59 105 103
f 59 106 105
f 38 59 52
f 2 37 3
f 3 37 38
f 3 38 44
f 38 43 44
f 38 39 40
f 38 52 39
f 38 40 41
f 38 41 42
f 38 42 43
f 43 47 44
f 44 47 45
f 45 47 48
f 45 48 49
f 45 49 46
f 46 50 446
f 46 49 50
f 50 51 446
f 51 53 446
f 2 170 37
f 37 171 38
f 3 44 174
f 37 170 169
f 37 169 171
f 2 172 170
f 38 171 173
f 56 59 57
f 55 59 56
f 57 59 58
f 52 59 55
f 29 62 59
f 24 72 29
f 58 59 60
f 59 61 60
f 59 62 61
f 29 63 62
f 29 64 63
f 29 72 64
f 24 113 72
f 64 72 68
f 68 72 69
f 69 72 70
f 70 72 71
f 66 71 72
f 65 67 72
f 66 72 67
f 38 625 59
f 72 113 117
f 72 117 119
f 33 77 73
f 25 85 86
f 73 78 74
f 33 86 77
f 34 89 93
f 73 75 78
f 73 122 75
f 73 77 122
f 76 77 82
f 74 78 79
f 74 79 91
f 74 91 89
f 79 80 92
f 88 98 130
f 81 82 86
f 81 86 85
f 81 85 83
f 83 85 87
f 77 86 82
f 83 87 84
f 84 87 88
f 90 91 92
f 89 91 90
f 89 90 94
f 89 94 93
f 79 92 91
f 93 94 96
f 93 96 95
f 97 100 98
f 35 161 97
f 28 101 145
f 28 145 149
f 59 147 106
f 59 151 147
f 59 163 151
f 97 99 100
f 98 100 130
f 97 538 99
f 93 95 115
f 95 111 115
f 31 149 161
f 59 625 163
f 104 107 108
f 103 107 104
f 103 105 109
f 103 109 107
f 101 104 108
f 101 108 102
f 105 106 110
f 105 110 109
f 107 109 108
f 102 108 109
f 102 109 110
f 114 115 116
f 113 115 114
f 113 114 118
f 113 118 117
f 111 116 115
f 111 112 116
f 117 118 120
f 117 120 119
f 76 122 77
f 76 121 122
f 121 124 122
f 75 122 124
f 75 507 78
f 121 123 124
f 123 138 124
f 75 124 138
f 78 125 79
f 79 125 80
f 80 125 126
f 80 128 92
f 78 127 125
f 80 126 128
f 125 127 126
f 78 139 127
f 126 127 128
f 127 139 128
f 84 88 129
f 88 130 129
f 129 130 131
f 100 132 130
f 130 132 131
f 131 132 141
f 100 142 132
f 90 92 128
f 90 128 94
f 94 128 96
f 95 96 134
f 95 134 133
f 96 128 134
f 133 134 136
f 128 136 134
f 133 136 135
f 128 144 136
f 135 136 144
f 75 138 502
f 75 502 507
f 123 137 138
f 76 567 121
f 121 522 123
f 137 504 138
f 123 520 137
f 137 503 504
f 138 504 502
f 78 507 139
f 128 139 140
f 139 508 140
f 139 507 508
f 140 508 509
f 81 575 82
f 81 83 574
f 83 84 572
f 132 142 141
f 76 82 573
f 84 129 530
f 129 131 528
f 131 141 514
f 141 142 512
f 142 513 512
f 142 537 513
f 135 144 143
f 128 517 144
f 143 144 517
f 128 140 533
f 128 519 517
f 143 517 516
f 99 537 100
f 95 133 111
f 133 135 153
f 111 133 153
f 135 143 157
f 135 157 153
f 101 102 145
f 102 146 145
f 97 161 538
f 145 146 149
f 106 148 110
f 106 147 148
f 147 152 148
f 102 110 146
f 110 148 146
f 146 148 150
f 146 150 149
f 149 150 161
f 147 151 152
f 151 164 152
f 148 152 150
f 150 152 162
f 111 153 112
f 112 153 154
f 153 157 154
f 119 120 156
f 119 156 155
f 155 156 160
f 154 157 158
f 157 165 158
f 112 559 116
f 155 160 159
f 114 116 559
f 114 559 118
f 118 559 120
f 159 160 168
f 99 536 537
f 100 537 142
f 99 538 536
f 143 165 157
f 143 516 165
f 165 516 544
f 150 162 161
f 151 163 164
f 152 164 162
f 161 162 538
f 162 539 538
f 163 626 164
f 163 625 626
f 162 164 539
f 164 626 539
f 158 165 166
f 112 154 559
f 154 158 559
f 120 559 156
f 159 168 167
f 156 559 160
f 165 544 166
f 166 544 545
f 158 166 559
f 167 168 628
f 167 628 627
f 160 563 168
f 38 610 625
f 52 55 664
f 2 175 172
f 38 173 176
f 38 176 178
f 38 178 180
f 44 177 174
f 44 179 177
f 44 181 179
f 38 180 610
f 12 169 170
f 13 171 169
f 14 173 171
f 13 14 171
f 14 174 173
f 39 651 40
f 41 653 42
f 40 652 41
f 42 654 43
f 44 611 181
f 44 45 657
f 45 46 658
f 46 446 957
f 43 659 47
f 47 659 48
f 48 660 49
f 49 661 50
f 50 662 51
f 51 663 53
f 39 52 664
f 53 665 54
f 173 174 176
f 174 177 176
f 176 177 178
f 177 179 178
f 178 179 180
f 179 181 180
f 180 181 610
f 181 611 610
f 55 56 668
f 56 57 668
f 57 58 669
f 58 60 670
f 72 119 155
f 72 155 159
f 72 159 167
f 60 61 672
f 61 62 673
f 62 63 674
f 63 64 676
f 64 68 676
f 72 167 627
f 54 677 65
f 65 677 67
f 66 678 71
f 66 67 679
f 68 69 681
f 69 70 682
f 70 71 683
f 72 684 1068
f 184 235 259
f 184 259 332
f 235 260 259
f 186 188 189
f 185 187 186
f 186 187 188
f 186 189 198
f 185 186 194
f 182 192 185
f 182 185 210
f 185 192 187
f 185 240 210
f 195 196 220
f 185 220 240
f 186 201 208
f 186 198 199
f 186 199 200
f 186 200 201
f 186 208 194
f 189 202 198
f 189 203 202
f 189 204 203
f 189 205 204
f 190 206 205
f 190 207 206
f 185 194 195
f 185 195 220
f 189 190 205
f 190 191 229
f 190 209 207
f 190 233 209
f 190 229 233
f 191 230 229
f 191 234 230
f 191 211 242
f 191 242 234
f 210 240 212
f 188 318 189
f 194 208 277
f 194 278 195
f 196 279 197
f 193 197 280
f 195 278 196
f 212 240 248
f 198 306 199
f 198 202 307
f 202 203 308
f 203 204 308
f 204 205 309
f 205 206 310
f 200 304 201
f 201 305 208
f 199 304 200
f 206 207 311
f 207 209 311
f 209 233 312
f 211 214 242
f 243 453 2884
f 211 213 214
f 213 249 214
f 215 219 216
f 215 218 219
f 218 223 219
f 216 219 220
f 193 220 197
f 193 217 220
f 216 220 217
f 196 197 220
f 219 223 224
f 230 234 231
f 219 224 225
f 219 225 226
f 219 226 234
f 226 228 234
f 227 234 228
f 227 232 234
f 231 234 232
f 221 235 222
f 221 237 235
f 222 235 236
f 183 236 235
f 222 236 241
f 183 241 236
f 215 216 338
f 215 339 218
f 193 337 217
f 216 217 337
f 219 341 220
f 183 253 241
f 221 222 343
f 220 335 240
f 222 241 343
f 223 366 224
f 218 366 223
f 224 367 225
f 225 368 226
f 229 364 233
f 229 230 365
f 230 231 365
f 227 369 232
f 231 232 370
f 226 371 228
f 227 228 371
f 219 234 372
f 214 254 242
f 234 242 373
f 183 235 184
f 183 184 253
f 221 382 237
f 245 2884 246
f 243 2884 244
f 244 2884 245
f 212 248 247
f 187 318 188
f 187 192 318
f 189 402 190
f 190 402 191
f 182 320 192
f 182 210 320
f 191 406 211
f 194 277 278
f 196 278 279
f 197 279 280
f 214 251 254
f 199 306 304
f 198 307 306
f 201 304 305
f 208 305 277
f 202 308 307
f 204 309 308
f 205 310 309
f 206 311 310
f 209 312 311
f 247 276 261
f 210 212 403
f 212 247 403
f 247 248 276
f 248 342 276
f 251 330 378
f 214 249 250
f 214 250 251
f 211 391 213
f 213 391 249
f 250 252 251
f 251 252 330
f 249 398 250
f 241 253 344
f 240 333 248
f 216 337 338
f 215 338 339
f 193 280 337
f 219 372 341
f 220 341 335
f 184 332 253
f 221 343 381
f 229 365 364
f 231 370 365
f 218 339 366
f 224 366 367
f 225 367 368
f 226 368 371
f 232 369 370
f 227 371 369
f 233 364 312
f 242 254 375
f 234 373 372
f 221 381 382
f 237 382 383
f 237 383 384
f 237 384 385
f 237 385 386
f 240 335 334
f 240 334 333
f 241 344 343
f 253 345 344
f 248 333 336
f 248 336 342
f 253 332 347
f 253 346 345
f 253 347 346
f 251 378 254
f 242 374 373
f 242 375 374
f 254 376 375
f 254 377 376
f 254 378 377
f 237 386 387
f 255 261 317
f 255 317 256
f 255 407 261
f 255 256 407
f 256 317 390
f 256 390 257
f 256 257 407
f 257 390 258
f 257 435 407
f 258 390 687
f 257 258 435
f 258 687 435
f 259 388 332
f 235 685 260
f 259 260 388
f 260 750 388
f 260 685 750
f 261 276 317
f 192 320 318
f 189 318 402
f 263 266 268
f 262 266 263
f 262 269 267
f 262 263 269
f 263 265 269
f 264 265 268
f 263 268 265
f 265 271 269
f 266 267 268
f 262 267 266
f 264 268 267
f 264 267 270
f 267 269 297
f 264 270 271
f 264 271 265
f 269 271 273
f 270 273 271
f 269 273 275
f 267 272 270
f 267 294 274
f 267 274 272
f 267 297 294
f 247 261 425
f 210 403 320
f 270 272 273
f 272 274 275
f 272 275 273
f 211 406 391
f 191 402 406
f 276 361 329
f 282 288 283
f 281 288 282
f 283 288 307
f 284 307 285
f 283 307 284
f 286 308 287
f 285 308 286
f 287 309 289
f 290 293 291
f 289 309 290
f 291 293 292
f 294 295 296
f 294 297 295
f 295 298 296
f 294 296 300
f 295 297 298
f 296 298 299
f 296 299 300
f 294 300 302
f 299 301 300
f 294 302 313
f 300 301 302
f 297 316 298
f 301 303 302
f 294 313 315
f 302 303 313
f 298 316 299
f 299 316 301
f 301 316 303
f 288 304 306
f 277 305 288
f 288 305 304
f 288 306 307
f 285 307 308
f 277 288 278
f 287 308 309
f 290 309 293
f 293 309 310
f 293 310 311
f 293 311 312
f 293 312 364
f 293 364 365
f 303 314 313
f 314 316 315
f 313 314 315
f 303 316 314
f 317 329 390
f 247 425 403
f 318 320 319
f 320 321 322
f 320 327 326
f 320 322 323
f 320 328 327
f 320 323 324
f 320 324 328
f 319 320 325
f 320 326 325
f 330 398 427
f 276 329 317
f 250 398 252
f 249 391 398
f 252 398 330
f 330 331 378
f 330 427 331
f 331 445 389
f 243 953 448
f 342 346 347
f 278 341 279
f 279 341 280
f 280 341 337
f 337 341 338
f 338 341 339
f 339 341 366
f 334 335 343
f 333 334 344
f 335 341 340
f 335 340 348
f 335 348 343
f 333 345 336
f 341 372 366
f 276 342 360
f 276 360 361
f 336 346 342
f 342 347 360
f 333 344 345
f 336 345 346
f 332 362 347
f 332 363 362
f 334 343 344
f 343 348 349
f 343 349 350
f 343 350 351
f 343 351 352
f 343 352 355
f 343 355 381
f 355 356 381
f 356 357 381
f 357 358 381
f 354 381 359
f 358 359 381
f 347 362 360
f 361 362 363
f 360 362 361
f 332 388 363
f 365 370 372
f 366 372 367
f 367 372 368
f 368 372 371
f 369 372 370
f 369 371 372
f 353 372 373
f 353 373 354
f 354 373 381
f 373 374 382
f 374 375 383
f 375 376 384
f 377 378 379
f 378 380 379
f 376 377 385
f 377 379 386
f 379 380 387
f 378 389 380
f 373 382 381
f 374 383 382
f 375 384 383
f 376 385 384
f 377 386 385
f 379 387 386
f 331 389 378
f 237 387 813
f 237 950 238
f 238 951 239
f 239 952 246
f 453 3868 2884
f 243 244 954
f 244 245 955
f 245 246 956
f 261 407 425
f 318 319 402
f 319 325 404
f 320 403 321
f 325 326 405
f 391 392 393
f 391 393 394
f 321 413 322
f 326 327 415
f 322 414 323
f 327 328 416
f 323 418 324
f 324 420 328
f 319 404 402
f 391 394 395
f 391 395 396
f 391 396 397
f 391 397 399
f 391 399 401
f 391 400 398
f 391 401 400
f 391 406 392
f 392 417 393
f 269 766 297
f 325 405 404
f 321 403 413
f 322 413 414
f 326 415 405
f 327 416 415
f 323 414 418
f 324 418 420
f 328 420 419
f 328 419 416
f 393 421 394
f 394 422 395
f 395 423 396
f 396 428 397
f 397 429 399
f 399 430 401
f 400 401 431
f 398 400 427
f 269 275 766
f 274 294 765
f 274 765 275
f 392 406 417
f 294 315 765
f 402 404 406
f 404 405 417
f 404 417 406
f 393 417 421
f 394 421 422
f 395 422 423
f 329 361 727
f 329 727 390
f 281 282 834
f 281 833 288
f 282 283 835
f 283 284 836
f 284 285 837
f 285 286 838
f 286 287 839
f 287 289 841
f 289 290 842
f 290 291 843
f 291 292 844
f 292 293 845
f 297 827 316
f 315 316 778
f 278 288 830
f 293 365 845
f 390 727 687
f 407 408 425
f 407 435 408
f 408 435 409
f 408 409 426
f 409 410 437
f 409 435 410
f 410 435 411
f 411 435 412
f 410 411 438
f 411 412 439
f 408 426 425
f 409 437 426
f 410 438 437
f 405 415 421
f 405 421 417
f 415 416 422
f 403 425 413
f 413 426 414
f 414 437 418
f 415 422 421
f 416 419 423
f 416 423 422
f 396 423 424
f 396 424 428
f 397 428 429
f 400 431 427
f 399 429 430
f 401 430 431
f 413 425 426
f 418 438 420
f 419 420 439
f 414 426 437
f 419 424 423
f 418 437 438
f 420 438 439
f 419 440 424
f 427 694 445
f 435 687 692
f 412 435 432
f 432 435 433
f 412 432 441
f 433 435 434
f 434 435 436
f 432 433 442
f 433 434 443
f 411 439 438
f 412 440 439
f 412 441 440
f 434 436 444
f 435 692 436
f 432 442 441
f 433 443 442
f 434 444 443
f 436 692 444
f 419 439 440
f 427 431 694
f 430 693 431
f 424 698 428
f 428 697 429
f 429 696 430
f 424 440 698
f 431 693 694
f 430 695 693
f 430 696 695
f 429 697 696
f 428 698 697
f 331 427 445
f 445 694 747
f 445 747 751
f 363 388 750
f 361 363 796
f 278 867 341
f 340 866 348
f 340 341 866
f 348 869 349
f 349 870 350
f 350 871 351
f 351 872 352
f 352 873 355
f 353 354 875
f 355 876 356
f 356 877 357
f 357 878 358
f 358 879 359
f 354 359 880
f 380 389 751
f 365 372 882
f 389 445 751
f 353 889 372
f 380 806 387
f 53 449 446
f 53 454 449
f 447 449 451
f 447 452 448
f 449 454 451
f 448 452 453
f 447 450 452
f 447 451 450
f 53 54 454
f 54 455 454
f 54 456 455
f 54 462 456
f 54 65 462
f 456 462 457
f 457 462 458
f 458 462 459
f 459 462 460
f 460 462 461
f 243 448 453
f 461 462 463
f 462 464 463
f 65 72 462
f 72 1068 462
f 462 477 464
f 464 476 465
f 465 475 466
f 466 473 3049
f 466 472 473
f 466 469 467
f 466 467 468
f 466 468 472
f 466 470 469
f 466 471 470
f 466 474 471
f 466 475 474
f 465 476 475
f 464 477 476
f 462 3069 477
f 447 448 959
f 446 449 960
f 447 958 449
f 450 961 452
f 450 451 962
f 452 963 453
f 451 454 965
f 454 455 965
f 455 456 967
f 456 457 968
f 457 458 969
f 458 459 970
f 459 460 971
f 460 461 972
f 461 463 972
f 462 1666 973
f 463 464 975
f 464 465 975
f 465 466 977
f 466 3049 977
f 468 979 472
f 467 978 468
f 467 469 980
f 469 470 981
f 470 471 982
f 471 474 985
f 472 983 473
f 474 475 986
f 475 476 987
f 476 477 988
f 478 479 487
f 478 487 480
f 480 493 482
f 479 481 483
f 480 483 481
f 480 482 483
f 479 483 488
f 482 485 483
f 479 488 487
f 482 484 485
f 484 486 485
f 483 485 488
f 484 616 486
f 486 616 489
f 489 616 619
f 480 487 493
f 482 494 484
f 487 488 493
f 482 493 494
f 485 495 488
f 489 619 490
f 485 486 495
f 490 621 492
f 488 495 493
f 484 497 616
f 486 489 496
f 486 496 495
f 489 490 498
f 493 495 494
f 484 494 497
f 490 492 500
f 491 624 501
f 491 501 492
f 489 498 496
f 494 495 496
f 497 499 616
f 490 500 498
f 494 496 497
f 492 501 500
f 496 498 497
f 497 498 499
f 498 500 499
f 499 500 649
f 500 501 649
f 137 505 503
f 503 506 504
f 137 520 505
f 503 505 506
f 502 504 506
f 502 569 507
f 502 506 566
f 123 522 520
f 121 567 522
f 76 573 567
f 505 521 506
f 507 510 508
f 508 510 509
f 509 510 511
f 507 569 510
f 510 524 511
f 141 512 514
f 131 514 528
f 512 513 514
f 129 528 530
f 513 515 514
f 513 537 515
f 84 530 572
f 83 572 574
f 82 575 573
f 81 574 575
f 514 515 528
f 140 509 533
f 128 533 519
f 516 517 519
f 516 519 518
f 509 511 533
f 518 519 533
f 502 566 569
f 505 520 521
f 520 523 521
f 506 521 566
f 520 522 523
f 522 568 523
f 522 567 568
f 521 523 566
f 511 524 525
f 510 569 524
f 524 526 525
f 524 569 526
f 525 526 527
f 525 527 585
f 526 569 570
f 526 570 527
f 527 570 571
f 515 529 528
f 528 529 530
f 515 589 529
f 529 531 530
f 530 531 572
f 531 576 572
f 529 589 531
f 511 525 533
f 518 533 532
f 525 535 533
f 532 533 535
f 525 581 535
f 532 535 534
f 525 585 581
f 534 535 581
f 534 581 580
f 536 589 537
f 515 537 589
f 536 538 588
f 516 518 546
f 516 546 544
f 518 558 546
f 538 539 540
f 539 541 540
f 543 626 625
f 542 543 625
f 539 626 541
f 541 626 543
f 540 541 550
f 542 553 543
f 541 543 551
f 544 546 545
f 166 545 559
f 545 546 547
f 549 627 628
f 168 563 628
f 548 627 549
f 545 547 559
f 546 558 547
f 160 559 563
f 549 628 563
f 548 549 561
f 536 588 589
f 518 532 558
f 532 562 558
f 532 534 562
f 534 580 600
f 534 600 562
f 541 551 550
f 550 551 554
f 542 552 553
f 552 557 553
f 543 553 551
f 551 553 555
f 538 540 633
f 551 555 554
f 554 555 590
f 555 591 590
f 552 556 557
f 556 596 557
f 556 592 596
f 553 557 555
f 555 557 591
f 557 596 591
f 547 558 559
f 558 562 559
f 548 561 560
f 549 563 561
f 560 561 565
f 559 562 563
f 562 600 563
f 563 600 601
f 561 563 565
f 560 565 564
f 563 601 565
f 564 565 603
f 564 603 602
f 567 577 568
f 566 630 569
f 523 629 566
f 523 568 629
f 570 582 571
f 569 630 570
f 570 630 582
f 582 630 586
f 567 573 577
f 572 576 574
f 574 576 578
f 573 575 579
f 573 579 577
f 574 578 575
f 575 578 579
f 531 634 576
f 527 571 587
f 571 582 583
f 527 587 585
f 580 581 585
f 580 585 584
f 582 586 583
f 583 586 587
f 571 583 587
f 584 587 586
f 584 585 587
f 566 629 630
f 568 577 631
f 568 631 629
f 577 579 637
f 584 586 632
f 538 633 588
f 588 634 589
f 531 589 634
f 580 584 604
f 580 604 600
f 590 591 593
f 591 597 593
f 592 594 598
f 592 598 596
f 593 597 595
f 594 595 599
f 595 597 599
f 594 599 598
f 591 596 597
f 596 598 597
f 597 598 599
f 540 550 643
f 542 625 671
f 565 601 605
f 600 604 601
f 601 604 605
f 565 605 603
f 602 603 607
f 602 607 606
f 604 608 605
f 605 608 609
f 606 609 608
f 606 607 609
f 603 605 609
f 603 609 607
f 588 633 634
f 540 635 633
f 542 671 552
f 550 554 645
f 554 590 645
f 552 671 556
f 556 671 592
f 610 611 612
f 611 613 612
f 612 613 614
f 44 656 611
f 613 615 614
f 614 615 617
f 615 618 617
f 617 618 620
f 618 624 620
f 490 619 621
f 620 624 622
f 492 621 623
f 491 623 622
f 491 622 624
f 491 492 623
f 610 612 650
f 39 664 651
f 40 651 652
f 41 652 653
f 42 653 654
f 43 654 655
f 43 655 659
f 611 656 613
f 44 657 656
f 45 658 657
f 46 957 658
f 48 659 660
f 49 660 661
f 50 661 662
f 51 662 663
f 612 614 650
f 614 617 650
f 499 619 616
f 617 620 650
f 613 656 615
f 615 656 618
f 618 656 624
f 53 663 665
f 54 665 666
f 54 666 677
f 72 627 684
f 610 671 625
f 55 668 667
f 57 669 668
f 58 670 669
f 60 672 670
f 55 667 664
f 61 673 672
f 62 674 673
f 63 675 674
f 63 676 675
f 548 684 627
f 548 560 684
f 560 564 684
f 564 602 684
f 67 677 679
f 66 679 678
f 68 680 676
f 68 681 680
f 69 682 681
f 70 683 682
f 71 678 683
f 629 632 630
f 577 637 631
f 586 630 632
f 584 632 638
f 576 641 578
f 578 641 579
f 576 634 641
f 584 642 604
f 629 631 632
f 579 639 637
f 584 638 642
f 540 643 635
f 633 636 634
f 604 642 608
f 590 593 646
f 593 595 646
f 592 671 594
f 594 671 595
f 633 635 636
f 634 636 641
f 550 645 643
f 590 646 645
f 631 638 632
f 631 637 638
f 579 641 639
f 637 640 638
f 637 639 640
f 639 642 640
f 638 640 642
f 639 641 642
f 641 648 642
f 635 644 636
f 636 644 641
f 635 643 644
f 595 671 646
f 643 647 644
f 641 644 647
f 641 647 648
f 643 645 647
f 645 648 647
f 645 646 648
f 646 671 648
f 610 650 671
f 499 621 619
f 621 649 623
f 622 623 649
f 620 622 650
f 650 664 671
f 499 649 621
f 622 649 650
f 501 624 656
f 501 650 649
f 501 656 650
f 650 656 655
f 650 652 651
f 650 651 664
f 650 653 652
f 650 654 653
f 650 655 654
f 655 656 659
f 656 657 659
f 657 660 659
f 657 661 660
f 657 658 661
f 658 957 662
f 658 662 661
f 662 957 663
f 663 957 665
f 602 606 684
f 606 608 684
f 668 669 671
f 667 668 671
f 669 670 671
f 664 667 671
f 608 642 684
f 648 671 674
f 642 648 684
f 670 672 671
f 671 672 673
f 671 673 674
f 648 674 675
f 648 675 676
f 648 676 684
f 676 680 684
f 680 681 684
f 681 682 684
f 682 683 684
f 678 684 683
f 677 684 679
f 678 679 684
f 732 825 818
f 732 820 744
f 732 818 819
f 685 792 750
f 685 686 792
f 686 861 792
f 686 822 861
f 685 949 686
f 687 727 728
f 687 728 692
f 688 745 694
f 688 693 689
f 688 689 745
f 689 690 745
f 689 695 690
f 690 696 691
f 690 691 745
f 691 702 745
f 691 697 702
f 440 441 712
f 441 442 710
f 443 444 708
f 444 692 709
f 442 443 708
f 440 715 698
f 688 694 693
f 690 695 696
f 689 693 695
f 691 696 697
f 444 709 708
f 442 708 710
f 440 712 715
f 441 710 712
f 692 711 709
f 698 720 699
f 697 698 702
f 698 699 702
f 699 700 703
f 692 728 711
f 702 703 745
f 703 704 745
f 704 705 745
f 699 703 702
f 700 704 703
f 705 706 745
f 706 707 745
f 701 705 704
f 705 713 706
f 709 711 730
f 708 709 729
f 708 731 710
f 710 733 712
f 712 739 715
f 715 739 716
f 706 714 707
f 698 715 720
f 699 719 700
f 700 721 701
f 715 716 720
f 699 720 719
f 701 725 713
f 713 726 714
f 700 719 721
f 700 701 704
f 701 713 705
f 706 713 714
f 716 717 723
f 717 718 724
f 716 723 720
f 701 721 725
f 713 725 726
f 714 726 737
f 718 722 735
f 717 724 723
f 718 735 724
f 361 794 727
f 709 730 729
f 711 732 730
f 708 729 731
f 710 731 733
f 712 733 739
f 716 740 717
f 717 741 718
f 718 742 722
f 716 739 740
f 717 740 741
f 718 741 742
f 722 743 734
f 719 752 721
f 719 720 754
f 720 723 754
f 721 753 725
f 723 724 755
f 724 735 756
f 735 736 757
f 275 765 766
f 297 766 827
f 315 826 765
f 722 734 736
f 722 736 735
f 734 738 736
f 725 758 726
f 726 759 737
f 315 777 826
f 711 728 763
f 729 744 731
f 729 730 744
f 730 732 744
f 731 744 733
f 733 744 739
f 722 742 743
f 734 743 744
f 739 744 740
f 740 744 741
f 736 738 761
f 723 755 754
f 721 752 753
f 719 754 752
f 724 756 755
f 725 753 758
f 726 758 759
f 741 744 742
f 742 744 743
f 735 757 756
f 736 761 757
f 737 759 760
f 738 762 761
f 707 714 859
f 727 764 728
f 278 830 867
f 727 794 764
f 281 834 833
f 282 835 834
f 283 836 835
f 284 837 836
f 285 838 837
f 286 839 838
f 287 841 839
f 288 833 840
f 288 840 830
f 289 842 841
f 290 843 842
f 291 844 843
f 292 845 844
f 315 778 777
f 316 847 778
f 365 882 845
f 316 827 847
f 694 745 747
f 745 746 747
f 707 748 745
f 745 748 746
f 747 749 751
f 746 749 747
f 746 748 749
f 707 789 748
f 748 789 749
f 363 750 796
f 380 751 806
f 235 949 685
f 361 796 794
f 348 866 869
f 341 867 866
f 349 869 870
f 350 870 871
f 351 871 872
f 352 872 873
f 353 875 874
f 354 880 875
f 355 873 876
f 356 876 877
f 357 877 878
f 359 879 880
f 358 878 879
f 750 792 796
f 372 889 882
f 749 793 751
f 353 874 889
f 751 793 806
f 387 806 813
f 237 813 950
f 728 764 763
f 711 825 732
f 711 763 825
f 752 754 760
f 754 755 760
f 755 756 760
f 756 757 760
f 757 761 760
f 752 760 753
f 753 760 758
f 758 760 759
f 760 761 762
f 714 737 860
f 763 764 828
f 763 828 825
f 734 744 896
f 765 767 768
f 765 768 766
f 765 769 767
f 767 770 768
f 734 898 738
f 737 760 897
f 738 903 762
f 760 762 924
f 765 771 769
f 767 769 770
f 765 775 771
f 766 768 827
f 769 771 772
f 769 772 770
f 768 770 827
f 765 776 775
f 765 826 776
f 771 775 773
f 771 773 772
f 770 772 827
f 774 775 776
f 773 775 774
f 772 773 827
f 774 776 827
f 773 774 827
f 776 826 827
f 777 846 826
f 764 794 828
f 778 780 779
f 777 778 779
f 777 779 781
f 779 780 781
f 778 782 780
f 777 781 783
f 777 783 784
f 780 782 781
f 777 784 785
f 777 785 846
f 781 782 783
f 778 847 787
f 782 788 783
f 778 788 782
f 778 786 788
f 778 787 786
f 783 788 784
f 784 788 786
f 784 786 785
f 785 787 846
f 785 786 787
f 787 847 846
f 707 791 789
f 707 859 791
f 789 791 790
f 749 789 790
f 749 790 793
f 714 860 859
f 790 791 859
f 790 859 891
f 790 891 793
f 238 950 951
f 239 951 952
f 246 952 956
f 795 796 797
f 794 796 795
f 795 797 798
f 792 861 796
f 797 802 798
f 799 802 803
f 794 795 828
f 795 798 828
f 798 802 799
f 799 803 800
f 800 804 801
f 801 805 862
f 796 861 797
f 797 861 802
f 800 803 804
f 801 804 805
f 805 868 862
f 793 891 806
f 806 807 814
f 806 891 807
f 807 891 808
f 807 808 815
f 808 811 816
f 810 817 811
f 809 890 892
f 809 812 810
f 806 814 813
f 807 815 814
f 808 816 815
f 811 817 816
f 810 812 817
f 809 892 812
f 243 954 953
f 244 955 954
f 245 956 955
f 732 819 820
f 818 825 857
f 818 857 819
f 744 820 821
f 819 895 820
f 820 895 821
f 686 949 822
f 822 823 893
f 822 949 823
f 825 828 857
f 826 846 827
f 827 846 847
f 737 922 860
f 737 897 922
f 798 858 828
f 828 858 857
f 834 835 840
f 833 834 840
f 835 851 840
f 836 837 851
f 835 836 851
f 838 839 852
f 837 838 852
f 839 841 853
f 842 843 845
f 841 842 853
f 843 844 845
f 840 850 848
f 840 848 849
f 829 840 849
f 840 851 850
f 837 852 851
f 829 830 840
f 839 853 852
f 842 845 853
f 845 854 853
f 845 855 854
f 845 856 855
f 845 881 856
f 845 882 881
f 859 860 891
f 857 858 895
f 744 821 896
f 734 896 898
f 819 857 895
f 760 924 923
f 760 923 897
f 738 898 901
f 762 900 924
f 762 899 900
f 738 901 903
f 829 906 830
f 830 907 831
f 831 908 832
f 848 911 849
f 829 849 910
f 848 850 913
f 850 851 914
f 851 852 915
f 852 853 917
f 853 854 918
f 854 855 920
f 855 856 921
f 860 922 894
f 830 831 867
f 831 832 867
f 832 863 867
f 863 864 867
f 864 865 867
f 865 883 867
f 862 866 867
f 862 869 866
f 862 868 869
f 867 883 889
f 798 799 858
f 799 800 858
f 802 861 893
f 802 893 803
f 803 893 804
f 868 870 869
f 868 871 870
f 868 872 871
f 868 873 872
f 868 876 873
f 868 892 876
f 876 892 877
f 877 892 878
f 878 892 879
f 875 880 892
f 879 892 880
f 800 801 925
f 801 862 925
f 804 893 805
f 822 893 861
f 805 926 868
f 882 889 887
f 883 884 889
f 884 885 889
f 885 888 889
f 886 887 889
f 886 889 888
f 874 890 889
f 874 875 890
f 875 892 890
f 808 894 811
f 810 811 894
f 808 891 894
f 860 894 891
f 809 927 890
f 809 810 927
f 813 814 950
f 862 867 928
f 800 925 858
f 832 909 863
f 863 930 864
f 864 931 865
f 867 889 933
f 868 935 892
f 805 893 926
f 881 882 936
f 882 887 938
f 865 932 883
f 883 941 884
f 884 943 885
f 885 942 888
f 886 939 887
f 886 888 944
f 856 881 946
f 889 890 947
f 810 894 927
f 812 892 935
f 814 815 950
f 815 816 950
f 816 817 950
f 812 950 817
f 762 903 899
f 821 895 896
f 895 925 896
f 858 925 895
f 830 906 905
f 829 910 906
f 830 905 907
f 831 907 908
f 832 908 909
f 849 911 910
f 848 912 911
f 848 913 912
f 855 921 919
f 855 919 920
f 850 914 913
f 851 915 914
f 852 916 915
f 852 917 916
f 854 920 918
f 853 918 917
f 856 946 921
f 897 927 922
f 900 902 924
f 896 925 898
f 897 923 902
f 902 923 924
f 899 904 900
f 898 906 901
f 901 914 903
f 900 904 902
f 899 903 904
f 898 925 928
f 905 928 907
f 897 902 927
f 902 947 927
f 898 905 906
f 898 928 905
f 901 906 910
f 901 910 911
f 901 911 912
f 901 912 913
f 901 913 914
f 903 914 915
f 903 916 917
f 903 915 916
f 903 917 918
f 904 920 919
f 904 918 920
f 902 904 936
f 903 918 904
f 902 936 937
f 902 937 947
f 904 946 936
f 904 919 921
f 904 921 946
f 953 3868 964
f 862 928 925
f 868 926 934
f 823 926 893
f 863 909 929
f 863 929 930
f 864 930 931
f 865 931 932
f 867 933 928
f 868 934 935
f 894 922 927
f 890 927 947
f 882 937 936
f 882 938 937
f 881 936 946
f 886 944 939
f 887 939 938
f 888 945 944
f 888 942 945
f 883 940 941
f 883 932 940
f 884 941 943
f 885 943 942
f 889 947 933
f 823 824 926
f 823 949 824
f 812 935 950
f 907 928 908
f 908 928 909
f 909 928 929
f 928 930 929
f 928 933 930
f 930 933 931
f 931 933 932
f 932 933 940
f 937 938 947
f 933 941 940
f 942 947 945
f 938 939 947
f 939 944 947
f 944 945 947
f 933 947 942
f 933 943 941
f 933 942 943
f 824 934 926
f 824 948 934
f 934 948 935
f 935 949 950
f 824 949 948
f 935 948 949
f 955 956 3868
f 953 954 3868
f 954 955 3868
f 447 959 958
f 446 960 957
f 449 958 960
f 452 961 963
f 450 962 961
f 451 965 962
f 453 963 964
f 455 966 965
f 455 967 966
f 456 968 967
f 457 969 968
f 458 970 969
f 459 971 970
f 460 972 971
f 448 953 959
f 453 964 3868
f 463 974 972
f 463 975 974
f 465 976 975
f 465 977 976
f 462 973 3933
f 977 3049 3913
f 472 979 983
f 468 978 979
f 467 980 978
f 469 981 980
f 470 982 981
f 471 985 982
f 473 983 984
f 474 986 985
f 475 987 986
f 476 988 987
f 665 957 960
f 665 960 965
f 958 962 960
f 958 959 963
f 960 962 965
f 959 964 963
f 958 963 961
f 958 961 962
f 665 965 666
f 666 965 966
f 666 966 967
f 666 967 973
f 666 973 677
f 967 968 973
f 968 969 973
f 969 970 973
f 970 971 973
f 971 972 973
f 953 964 959
f 972 974 973
f 973 974 975
f 677 973 684
f 684 973 2196
f 973 975 988
f 975 976 987
f 976 977 986
f 977 3913 984
f 977 984 983
f 977 978 980
f 977 979 978
f 977 983 979
f 977 980 981
f 977 981 982
f 977 982 985
f 977 985 986
f 976 986 987
f 975 987 988
f 973 988 3933
f 989 993 990
f 990 993 992
f 989 999 993
f 989 991 999
f 990 992 994
f 990 994 995
f 990 995 1003
f 991 1005 999
f 991 1004 1005
f 989 990 1116
f 992 1000 994
f 1003 995 996
f 994 1000 1006
f 990 1003 1066
f 990 1066 1129
f 1003 996 997
f 1003 997 998
f 1003 998 1001
f 1003 1001 1002
f 1003 1002 1007
f 1003 1007 1008
f 989 1116 991
f 1004 1120 1005
f 1004 1108 1120
f 991 1116 1004
f 990 1118 1116
f 990 1119 1118
f 990 1127 1119
f 990 1129 1127
f 1066 1128 1129
f 1066 1130 1128
f 1066 1131 1130
f 1003 1008 1009
f 1003 1009 1132
f 1003 1132 1133
f 1003 1133 1134
f 1010 1011 1012
f 1011 1061 1012
f 1010 1013 1011
f 1010 1050 1013
f 1010 1012 1050
f 1014 1021 1015
f 1015 1021 1016
f 1014 1027 1021
f 1016 1021 1017
f 1017 1021 1020
f 1022 1023 1298
f 1018 1298 1023
f 1022 1298 1042
f 1018 1019 1298
f 1020 1021 1299
f 1019 1020 1299
f 1021 1051 1299
f 1011 1013 1024
f 1011 1024 1054
f 1025 1027 1026
f 1025 1026 1028
f 1021 1027 1025
f 1025 1028 1029
f 1025 1029 1030
f 1025 1030 1031
f 1025 1031 1032
f 1025 1032 1040
f 1032 1033 1040
f 1033 1034 1040
f 1034 1035 1040
f 1035 1036 1040
f 1036 1039 1040
f 1041 1302 1043
f 1041 1042 1298
f 1043 1302 1044
f 1044 1302 1045
f 1045 1302 1046
f 1048 1303 1049
f 1037 1049 1303
f 1046 1303 1047
f 1047 1303 1048
f 1037 1303 1038
f 1039 1305 1040
f 1038 1305 1039
f 1040 1305 1052
f 1012 1062 1050
f 1013 1164 1024
f 1012 1061 1062
f 1013 1050 1164
f 1021 1025 1180
f 1014 1182 1027
f 1014 1015 1182
f 1015 1016 1181
f 1016 1017 1183
f 1018 1185 1019
f 1017 1020 1184
f 1019 1184 1020
f 1022 1042 1188
f 1022 1188 1023
f 1018 1023 1187
f 1051 1063 1308
f 1021 1176 1051
f 1024 1204 1054
f 1026 1027 1210
f 1026 1211 1028
f 1028 1212 1029
f 1029 1212 1030
f 1030 1213 1031
f 1025 1040 1214
f 1031 1215 1032
f 1032 1216 1033
f 1033 1216 1034
f 1034 1217 1035
f 1035 1218 1036
f 1037 1038 1220
f 1036 1219 1039
f 1038 1039 1219
f 1041 1221 1042
f 1041 1043 1222
f 1043 1044 1223
f 1044 1045 1223
f 1045 1046 1224
f 1046 1047 1226
f 1047 1048 1225
f 1048 1049 1225
f 1037 1227 1049
f 1040 1052 1231
f 1052 1311 1064
f 1003 1053 1080
f 1011 1054 1053
f 1053 1054 1055
f 1053 1055 1056
f 1053 1056 1057
f 1053 1057 1058
f 1053 1058 1081
f 1058 1059 1087
f 1059 1060 1088
f 1011 1161 1061
f 1011 1162 1161
f 1050 1062 1165
f 1061 1163 1062
f 1051 1178 1063
f 1015 1181 1182
f 1016 1183 1181
f 1017 1184 1183
f 1019 1185 1184
f 1018 1187 1185
f 1021 1180 1176
f 1023 1188 1187
f 1024 1164 1203
f 1024 1203 1204
f 1054 1204 1205
f 1054 1205 1206
f 1054 1206 1207
f 1054 1207 1208
f 1025 1214 1180
f 1026 1210 1211
f 1027 1182 1210
f 1028 1211 1212
f 1030 1212 1213
f 1031 1213 1215
f 1032 1215 1216
f 1034 1216 1217
f 1035 1217 1218
f 1036 1218 1219
f 1038 1219 1220
f 1037 1220 1227
f 1040 1231 1214
f 1042 1221 1188
f 1041 1222 1221
f 1043 1223 1222
f 1045 1224 1223
f 1046 1226 1224
f 1047 1225 1226
f 1049 1227 1225
f 1052 1064 1233
f 1061 1161 1163
f 1050 1165 1164
f 1062 1166 1165
f 1062 1163 1172
f 1062 1167 1166
f 1062 1172 1167
f 1063 1175 1312
f 1051 1177 1178
f 1051 1176 1177
f 1063 1186 1175
f 1063 1178 1179
f 1063 1179 1186
f 1054 1208 1209
f 1052 1232 1231
f 1052 1233 1232
f 1064 1234 1233
f 1064 1240 1235
f 1064 1235 1234
f 1064 1315 1240
f 1065 1066 1067
f 1065 1067 1068
f 1066 1080 1067
f 1003 1080 1066
f 1067 1069 1068
f 1065 1068 1074
f 1067 1077 1069
f 1065 1074 1070
f 1065 1070 1071
f 1065 1071 1242
f 1067 1072 1077
f 1067 1073 1072
f 1067 1243 1073
f 1065 1242 1251
f 1070 1072 1071
f 1067 1245 1243
f 1071 1072 1073
f 1068 1075 1074
f 1068 1076 1075
f 1068 1246 1076
f 1069 1077 1078
f 1069 1078 1079
f 1069 1079 1247
f 1070 1074 1077
f 1074 1075 1078
f 1075 1076 1079
f 1070 1077 1072
f 1074 1078 1077
f 1075 1079 1078
f 1068 1248 1246
f 1069 1247 1249
f 1053 1081 1080
f 1058 1087 1081
f 1081 1086 1082
f 1082 1089 1083
f 1083 1085 1084
f 1081 1087 1086
f 1082 1086 1089
f 1083 1089 1085
f 1059 1088 1087
f 1084 1092 1090
f 1090 1093 1091
f 1084 1085 1092
f 1090 1092 1093
f 1091 1093 1100
f 1091 1100 1096
f 1096 1100 1097
f 1097 1101 1098
f 1098 1103 1099
f 1097 1100 1101
f 1098 1101 1102
f 1098 1102 1103
f 1099 1103 1105
f 1099 1105 1104
f 1095 1104 1106
f 1104 1105 1106
f 1004 1117 1108
f 1108 1121 1120
f 1004 1116 1117
f 1108 1110 1121
f 1108 1137 1110
f 1108 1117 1111
f 1108 1111 1137
f 1109 1111 1117
f 1112 1115 1113
f 1112 1114 1115
f 1109 1113 1139
f 1113 1115 1139
f 1112 1113 1116
f 1112 1118 1114
f 1113 1117 1116
f 1112 1116 1118
f 1109 1117 1113
f 1114 1119 1115
f 1114 1118 1119
f 1123 1126 1124
f 1123 1125 1126
f 1122 1124 1148
f 1124 1126 1148
f 1123 1124 1128
f 1123 1130 1125
f 1124 1129 1128
f 1123 1128 1130
f 1122 1129 1124
f 1122 1127 1129
f 1125 1131 1126
f 1125 1130 1131
f 1003 1134 1159
f 1003 1159 1160
f 1003 2074 1053
f 1135 1143 1136
f 1109 1135 1111
f 1111 1135 1137
f 1135 1136 1137
f 1110 1137 1138
f 1110 1906 1121
f 1136 1138 1137
f 1136 1143 1138
f 1110 1138 1144
f 1109 1139 1140
f 1109 1140 1145
f 1115 1141 1139
f 1115 1119 1141
f 1139 1141 1142
f 1139 1142 1140
f 1140 1142 1146
f 1135 1889 1143
f 1135 1890 1889
f 1110 1144 1891
f 1110 1891 1906
f 1138 1143 1144
f 1143 1889 1144
f 1144 1889 1892
f 1144 1892 1891
f 1109 1145 1894
f 1109 1903 1135
f 1109 1894 1895
f 1109 1895 1902
f 1140 1146 1145
f 1145 1146 1896
f 1145 1896 1894
f 1119 1151 1141
f 1141 1151 1142
f 1119 1127 1151
f 1142 1153 1146
f 1142 1151 1153
f 1122 1148 1147
f 1147 1148 1149
f 1148 1155 1149
f 1148 1150 1155
f 1122 1147 1127
f 1127 1147 1151
f 1147 1149 1151
f 1126 1152 1148
f 1126 1131 1152
f 1148 1152 1154
f 1149 1153 1151
f 1149 1155 1153
f 1148 1154 1150
f 1150 1154 1158
f 1146 1153 1157
f 1146 1157 1896
f 1157 1911 1896
f 1150 1156 1155
f 1155 1156 1908
f 1153 1155 1157
f 1150 1158 1156
f 1155 1908 1157
f 1157 1908 1911
f 1156 1158 1984
f 1156 1984 1983
f 1003 1160 2074
f 1011 1951 1162
f 1163 1173 1172
f 1163 1174 1173
f 1164 1165 1177
f 1165 1166 1178
f 1164 1177 1176
f 1165 1178 1177
f 1166 1167 1179
f 1166 1179 1178
f 1164 1171 1168
f 1164 1169 1171
f 1164 1176 1169
f 1164 1168 1194
f 1164 1194 1195
f 1164 1195 1196
f 1167 1172 1186
f 1167 1186 1179
f 1172 1192 1186
f 1161 1238 1163
f 1163 1238 1174
f 1172 1173 1192
f 1173 1174 1193
f 1173 1193 1192
f 1175 1186 1192
f 1175 1192 1193
f 1169 1176 1170
f 1170 1176 1180
f 1180 1181 1183
f 1180 1183 1184
f 1180 1182 1181
f 1180 1210 1182
f 1184 1185 1189
f 1185 1187 1189
f 1187 1188 1189
f 1188 1221 1189
f 1189 1222 1386
f 1189 1191 1190
f 1189 1386 1191
f 1175 1193 1239
f 1164 1196 1203
f 1196 1197 1203
f 1197 1198 1203
f 1198 1199 1203
f 1199 1200 1203
f 1200 1201 1203
f 1203 1231 1204
f 1201 1231 1203
f 1204 1231 1232
f 1204 1232 1205
f 1205 1232 1233
f 1205 1233 1206
f 1206 1233 1234
f 1206 1234 1207
f 1207 1234 1235
f 1207 1235 1208
f 1208 1235 1236
f 1208 1236 1209
f 1209 1236 1237
f 1180 1211 1210
f 1180 1212 1211
f 1180 1214 1212
f 1212 1214 1213
f 1213 1214 1215
f 1201 1202 1231
f 1202 1214 1231
f 1214 1216 1215
f 1214 1217 1216
f 1214 1218 1217
f 1214 1219 1218
f 1189 1221 1222
f 1222 1223 1394
f 1223 1224 1396
f 1222 1393 1386
f 1222 1394 1393
f 1223 1395 1394
f 1223 1396 1395
f 1224 1397 1396
f 1219 1228 1220
f 1225 1228 1226
f 1224 1226 1228
f 1225 1227 1228
f 1220 1228 1227
f 1224 1228 1398
f 1224 1398 1397
f 1228 1229 1398
f 1228 1230 1229
f 1235 1240 1236
f 1236 1240 1237
f 1161 1162 1238
f 1175 1239 1413
f 1054 1209 1970
f 1011 1053 2175
f 1237 1240 1241
f 1054 2176 1055
f 1055 2177 1056
f 1056 2178 1057
f 1240 1427 1241
f 1057 2179 1058
f 1058 2180 1059
f 1059 2181 1060
f 1174 1238 1952
f 1162 1952 1238
f 1168 2079 1194
f 1169 2080 1171
f 1169 1170 2081
f 1168 1171 2082
f 1174 1958 1193
f 1193 1953 1239
f 1239 1953 1428
f 1170 1180 2081
f 1180 1184 2085
f 1184 1189 2089
f 1189 1190 2094
f 1190 1191 2095
f 1194 2096 1195
f 1195 2097 1196
f 1196 2098 1197
f 1197 2099 1198
f 1198 2100 1199
f 1199 2101 1200
f 1200 2102 1201
f 1201 2103 1202
f 1209 1237 1976
f 1202 2110 1214
f 1214 2115 1219
f 1219 2124 1228
f 1228 2124 1230
f 1229 2125 1398
f 1229 1230 2126
f 1162 1951 1952
f 1237 1241 1954
f 1241 1485 1954
f 1065 1251 1258
f 1065 1258 1260
f 1065 1260 1261
f 1066 1152 1131
f 1066 1154 1152
f 1066 1158 1154
f 1067 1268 1266
f 1067 1269 1268
f 1071 1073 1242
f 1242 1243 1244
f 1067 1254 1245
f 1073 1243 1242
f 1067 1255 1254
f 1067 1266 1255
f 1065 1261 1264
f 1065 1264 1985
f 1065 2194 1066
f 1066 1984 1158
f 1067 1272 1269
f 1067 1996 1272
f 1242 1244 1251
f 1244 1245 1253
f 1243 1245 1244
f 1076 1246 1247
f 1076 1247 1079
f 1246 1249 1247
f 1068 1278 1248
f 1068 1283 1278
f 1068 1286 1283
f 1068 1287 1286
f 1069 1249 1279
f 1069 1279 1281
f 1069 1281 1291
f 1069 1291 1294
f 1069 1294 1295
f 1246 1248 1249
f 1248 1275 1249
f 1068 1289 1287
f 1068 2018 1289
f 1069 1295 1297
f 1069 1297 2028
f 1069 2197 1094
f 1244 1253 1252
f 1244 1250 1251
f 1244 1252 1250
f 1250 1254 1251
f 1250 1252 1256
f 1252 1253 1259
f 1245 1256 1257
f 1245 1257 1253
f 1245 1254 1256
f 1251 1254 1255
f 1250 1256 1254
f 1256 1267 1257
f 1251 1255 1258
f 1252 1259 1267
f 1258 1266 1260
f 1253 1262 1259
f 1253 1263 1262
f 1259 1262 1270
f 1260 1268 1261
f 1262 1263 1271
f 1253 1987 1263
f 1253 1257 1987
f 1261 1269 1264
f 1263 1987 1265
f 1263 1265 1273
f 1264 1272 1985
f 1265 1986 1997
f 1265 1987 1986
f 1255 1266 1258
f 1252 1267 1256
f 1260 1266 1268
f 1257 1267 1270
f 1259 1270 1267
f 1257 1270 1271
f 1261 1268 1269
f 1262 1271 1270
f 1257 1271 1998
f 1264 1269 1272
f 1263 1273 1271
f 1257 1998 1987
f 1271 1273 1998
f 1272 1996 1985
f 1265 1997 1273
f 1273 1997 1998
f 1248 1274 1275
f 1248 1277 1274
f 1249 1275 1280
f 1248 1276 1277
f 1248 1278 1276
f 1274 1277 1282
f 1276 1279 1277
f 1276 1278 1281
f 1249 1280 1279
f 1275 1290 1280
f 1277 1279 1280
f 1276 1281 1279
f 1274 1284 1285
f 1274 1285 2015
f 1274 2015 2016
f 1285 1288 2015
f 1288 2017 2015
f 1274 2016 1275
f 1275 1293 1292
f 1275 2016 1293
f 1293 2016 1296
f 1296 2016 2027
f 1274 1282 1284
f 1277 1280 1282
f 1278 1283 1291
f 1282 1290 1284
f 1283 1286 1294
f 1284 1292 1285
f 1286 1287 1295
f 1285 1293 1288
f 1287 1289 1297
f 1288 1296 2017
f 1289 2018 2028
f 1280 1290 1282
f 1275 1292 1290
f 1278 1291 1281
f 1284 1290 1292
f 1283 1294 1291
f 1285 1292 1293
f 1286 1295 1294
f 1288 1293 1296
f 1287 1297 1295
f 1296 2027 2017
f 1289 2028 1297
f 1067 1080 2198
f 1080 1081 2199
f 1081 1082 2200
f 1082 1083 2201
f 1083 1084 2202
f 1085 1089 2207
f 1086 1087 2205
f 1086 2204 1089
f 1087 1088 2206
f 1088 1333 2206
f 1084 1090 2208
f 1090 1091 2209
f 1085 2203 1092
f 1092 2210 1093
f 1094 2212 1095
f 1095 2213 1104
f 1091 1096 2214
f 1093 2218 1100
f 1096 1097 2215
f 1097 1098 2216
f 1098 1099 2217
f 1100 2218 1101
f 1101 2219 1102
f 1102 2220 1103
f 1103 2221 1105
f 1099 1104 2222
f 1105 2223 1106
f 1106 2224 1107
f 1019 1299 1298
f 1298 1300 1304
f 1298 1299 1300
f 1051 1306 1299
f 1299 1301 1300
f 1299 1307 1301
f 1299 1306 1307
f 1041 1298 1302
f 1046 1302 1303
f 1038 1303 1305
f 1298 1304 1302
f 1052 1305 1309
f 1051 1308 1306
f 1052 1309 1311
f 1309 1310 1311
f 1302 1304 1415
f 1310 1313 1311
f 1060 1327 1338
f 1063 1312 1308
f 1300 1301 1415
f 1306 1417 1307
f 1301 1307 1417
f 1300 1415 1304
f 1302 1441 1303
f 1303 1441 1305
f 1064 1311 1315
f 1311 1313 1314
f 1305 1445 1309
f 1311 1314 1315
f 1309 1430 1310
f 1306 1308 1442
f 1175 1376 1312
f 1308 1312 1442
f 1310 1430 1313
f 1313 1437 1314
f 1314 1316 1315
f 1240 1315 1426
f 1315 1316 1426
f 1317 1318 1319
f 1317 1322 1318
f 1317 1321 1322
f 1318 1320 1319
f 1319 1320 1323
f 1321 1332 1322
f 1321 1331 1332
f 1317 1319 1492
f 1318 1496 1320
f 1319 1323 1495
f 1320 1324 1323
f 1320 1359 1324
f 1326 1330 1327
f 1327 1330 1359
f 1329 1359 1330
f 1324 1359 1325
f 1325 1359 1328
f 1328 1359 1329
f 1320 1499 1359
f 1317 1493 1321
f 1318 1322 1496
f 1331 1487 1332
f 1331 1486 1487
f 1321 1490 1331
f 1322 1332 1496
f 1317 1492 1493
f 1319 1494 1492
f 1319 1495 1494
f 1320 1496 1498
f 1320 1498 1499
f 1060 1333 1088
f 1060 1338 1333
f 1333 1338 1334
f 1334 1338 1335
f 1335 1338 1336
f 1336 1338 1337
f 1337 1338 1339
f 1338 1340 1339
f 1338 1342 1340
f 1338 1348 1342
f 1341 1342 1348
f 1343 1349 1344
f 1344 1349 1346
f 1346 1349 1694
f 1341 1348 1343
f 1343 1348 1349
f 1348 1697 1349
f 1348 1699 1697
f 1348 1352 1699
f 1349 1697 1355
f 1348 1353 1352
f 1348 1350 1353
f 1348 1512 1350
f 1349 1355 1351
f 1349 1351 1513
f 1352 1354 1699
f 1355 1697 1356
f 1356 1697 1358
f 1354 1357 1699
f 1358 1697 1515
f 1357 1516 1699
f 1348 1517 1512
f 1349 1513 1514
f 1349 1514 1526
f 1350 1513 1351
f 1352 1355 1356
f 1352 1353 1355
f 1351 1355 1353
f 1352 1356 1354
f 1354 1356 1358
f 1515 1697 1518
f 1350 1351 1353
f 1354 1358 1357
f 1357 1358 1515
f 1516 1551 1699
f 1327 1359 1338
f 1338 1359 1360
f 1359 1361 1360
f 1338 1360 1368
f 1359 1571 1361
f 1338 1368 1576
f 1360 1361 1363
f 1361 1362 1363
f 1362 1364 1365
f 1362 1365 1363
f 1364 1373 1365
f 1364 1372 1373
f 1360 1363 1366
f 1363 1365 1366
f 1360 1366 1368
f 1366 1369 1368
f 1366 1367 1369
f 1368 1369 1371
f 1367 1371 1369
f 1367 1370 1371
f 1365 1373 1366
f 1366 1595 1367
f 1370 1375 1371
f 1370 1374 1375
f 1359 1563 1571
f 1338 1576 1578
f 1338 1578 1582
f 1361 1573 1362
f 1362 1620 1364
f 1372 1585 1373
f 1361 1571 1570
f 1361 1570 1572
f 1364 1620 1372
f 1372 1569 1585
f 1361 1572 1573
f 1366 1373 1585
f 1367 1595 1370
f 1368 1371 1604
f 1374 1587 1375
f 1368 1580 1576
f 1368 1604 1580
f 1366 1585 1597
f 1366 1597 1594
f 1366 1594 1595
f 1370 1596 1374
f 1374 1586 1587
f 1371 1375 1604
f 1375 1587 1602
f 1175 1413 1376
f 1378 1379 1380
f 1378 1380 1381
f 1378 1381 1387
f 1378 1382 1379
f 1379 1383 1380
f 1379 1382 1383
f 1380 1383 1384
f 1382 1384 1383
f 1382 1385 1384
f 1380 1384 1381
f 1381 1384 1385
f 1382 1388 1385
f 1378 1399 1382
f 1378 1387 1389
f 1378 1389 1391
f 1381 1385 1387
f 1385 1388 1387
f 1382 1390 1388
f 1387 1388 1389
f 1382 1392 1390
f 1382 1403 1392
f 1301 1417 1415
f 1376 1413 1377
f 1312 1376 1449
f 1388 1390 1389
f 1389 1390 1391
f 1390 1392 1391
f 1306 1442 1417
f 1382 1399 1403
f 1302 1415 1441
f 1399 1400 1404
f 1399 1404 1403
f 1400 1405 1404
f 1400 1401 1405
f 1403 1404 1405
f 1403 1405 1406
f 1401 1406 1405
f 1401 1402 1406
f 1403 1406 1408
f 1399 1411 1400
f 1400 1411 1401
f 1401 1411 1402
f 1402 1411 1407
f 1402 1408 1406
f 1402 1407 1408
f 1403 1408 1410
f 1407 1410 1408
f 1403 1410 1412
f 1314 1437 1316
f 1309 1445 1430
f 1305 1441 1445
f 1407 1411 1409
f 1407 1409 1410
f 1409 1412 1410
f 1409 1411 1412
f 1313 1430 1437
f 1316 1437 1426
f 1377 1413 1414
f 1376 1377 1446
f 1239 1428 1413
f 1377 1414 1446
f 1413 1428 1414
f 1312 1449 1442
f 1415 1417 1416
f 1416 1417 1418
f 1417 1420 1418
f 1417 1419 1421
f 1417 1421 1422
f 1417 1423 1420
f 1417 1424 1423
f 1417 1422 1425
f 1417 1425 1424
f 1426 1475 1427
f 1426 1437 1475
f 1240 1426 1427
f 1241 1427 1485
f 1060 2182 1327
f 1414 1428 1429
f 1414 1429 1446
f 1378 2300 1399
f 1376 1446 1449
f 1428 1453 1429
f 1378 1391 2300
f 1191 1386 2538
f 1392 1403 2301
f 1391 1392 2301
f 1415 1416 1441
f 1416 1418 1443
f 1417 1442 1419
f 1418 1420 1444
f 1430 1431 1432
f 1430 1432 1433
f 1419 1461 1421
f 1421 1462 1422
f 1420 1423 1464
f 1422 1466 1425
f 1423 1424 1463
f 1424 1425 1468
f 1416 1443 1441
f 1430 1445 1431
f 1431 1465 1432
f 1430 1433 1434
f 1430 1434 1435
f 1430 1435 1436
f 1430 1436 1438
f 1430 1439 1437
f 1430 1438 1440
f 1430 1440 1439
f 1427 1475 1485
f 1386 1393 2539
f 1393 1394 2540
f 1394 1395 2541
f 1395 1396 2542
f 1396 1397 2543
f 1397 1398 2544
f 1403 1412 2301
f 1399 2536 1411
f 1418 1444 1443
f 1419 1442 1461
f 1421 1461 1462
f 1420 1464 1444
f 1423 1463 1464
f 1422 1462 1466
f 1425 1466 1468
f 1424 1468 1467
f 1424 1467 1463
f 1432 1469 1433
f 1433 1470 1434
f 1431 1445 1465
f 1434 1471 1435
f 1441 1443 1445
f 1443 1444 1465
f 1443 1465 1445
f 1432 1465 1469
f 1435 1474 1436
f 1437 1439 1475
f 1436 1476 1438
f 1438 1477 1440
f 1439 1440 1478
f 1433 1469 1470
f 1434 1470 1471
f 1411 2312 1412
f 1428 2226 1453
f 1429 1453 1456
f 1429 1456 1446
f 1446 1447 1449
f 1447 1448 1473
f 1448 1450 1479
f 1447 1473 1449
f 1450 1451 1480
f 1448 1479 1473
f 1451 1452 1481
f 1450 1480 1479
f 1446 1456 1447
f 1447 1456 1448
f 1448 1456 1450
f 1450 1456 1451
f 1451 1456 1452
f 1428 1953 2226
f 1453 2226 1456
f 1451 1481 1480
f 1452 1454 1483
f 1454 1455 1484
f 1452 1482 1481
f 1452 1483 1482
f 1455 1457 1459
f 1452 1456 1454
f 1454 1456 1455
f 1455 1456 1457
f 1456 1458 1457
f 1456 2226 2227
f 1456 2227 1458
f 1457 1458 1460
f 1454 1484 1483
f 1457 1460 1459
f 1455 1459 1484
f 1458 2227 1460
f 1444 1464 1469
f 1444 1469 1465
f 1463 1470 1464
f 1442 1449 1461
f 1461 1473 1462
f 1462 1479 1466
f 1463 1467 1471
f 1464 1470 1469
f 1463 1471 1470
f 1435 1471 1472
f 1435 1472 1474
f 1436 1474 1476
f 1438 1476 1477
f 1439 1478 1475
f 1440 1477 1478
f 1449 1473 1461
f 1466 1480 1468
f 1462 1473 1479
f 1467 1468 1481
f 1467 1472 1471
f 1466 1479 1480
f 1467 1482 1472
f 1468 1480 1481
f 1475 2231 1485
f 1467 1481 1482
f 1472 2234 1474
f 1475 1478 2231
f 1477 2229 1478
f 1474 2233 1476
f 1476 2232 1477
f 1472 1482 2234
f 1478 2229 2231
f 1477 2230 2229
f 1477 2232 2230
f 1476 2233 2232
f 1474 2234 2233
f 1485 2231 2284
f 1485 2284 1954
f 1331 1500 1486
f 1321 1493 1490
f 1332 1487 1497
f 1486 1489 1487
f 1331 1490 1500
f 1332 1497 1496
f 1323 1504 1495
f 1323 1506 1504
f 1323 1510 1506
f 1486 1488 1489
f 1487 1489 1501
f 1487 1491 1497
f 1487 1501 1491
f 1486 1502 1488
f 1486 1500 1502
f 1490 1497 1491
f 1323 2333 1510
f 1492 1496 1493
f 1493 1496 1497
f 1492 1494 1498
f 1492 1498 1496
f 1490 1493 1497
f 1494 1495 1499
f 1494 1499 1498
f 1359 1499 1505
f 1359 1505 1507
f 1359 1507 1511
f 1359 1511 2334
f 1323 1324 2577
f 1324 1325 2578
f 1326 1327 2580
f 1326 2580 1330
f 1325 1328 2581
f 1329 1330 2583
f 1328 1329 2582
f 1490 1491 1500
f 1491 1501 1500
f 1500 1501 1502
f 1489 1503 1501
f 1488 2328 1489
f 1488 1502 1508
f 1501 1503 1502
f 1502 1503 1508
f 1489 1509 1503
f 1495 1505 1499
f 1495 1504 1505
f 1504 1507 1505
f 1504 1506 1507
f 1506 1511 1507
f 1488 1508 2327
f 1488 2327 2328
f 1489 2328 1509
f 1503 1509 1508
f 1508 1509 2329
f 1508 2329 2327
f 1509 2330 2329
f 1509 2328 2330
f 1506 1510 1511
f 1510 2334 1511
f 1510 2333 2334
f 1333 1334 2594
f 1334 1335 2595
f 1335 1336 2596
f 1336 1337 2597
f 1338 2598 1348
f 1337 1339 2599
f 1339 1340 2600
f 1341 2601 1342
f 1340 1342 2602
f 1341 1343 2601
f 1107 2605 1345
f 1343 1344 2604
f 1345 2605 1347
f 1346 1347 2607
f 1344 1346 2606
f 1348 1520 1517
f 1349 1526 1543
f 1349 1543 1532
f 1349 1532 1533
f 1348 1534 1520
f 1348 1536 1534
f 1348 1538 1536
f 1350 1512 1513
f 1512 1514 1513
f 1357 1515 1516
f 1515 1518 1516
f 1348 1541 1538
f 1348 2359 1541
f 1349 1533 1540
f 1349 1540 2357
f 1512 1517 1514
f 1514 1517 1524
f 1516 1518 1519
f 1516 1519 1531
f 1518 1528 1519
f 1517 1523 1524
f 1517 1522 1523
f 1517 1520 1521
f 1517 1521 1522
f 1522 1535 1523
f 1520 1526 1521
f 1521 1525 1522
f 1521 1526 1525
f 1522 1525 1527
f 1514 1524 1525
f 1514 1525 1526
f 1524 1527 1525
f 1524 1544 1527
f 1523 1546 1524
f 1524 1545 1544
f 1524 1546 1545
f 1518 1762 1528
f 1519 1528 1529
f 1516 1531 1551
f 1519 1529 1530
f 1518 1764 1762
f 1519 1530 1531
f 1528 1762 1763
f 1528 1549 1529
f 1529 1550 1530
f 1528 1763 1765
f 1528 1765 1556
f 1530 1763 1762
f 1531 1762 1764
f 1530 1762 1531
f 1531 1764 1551
f 1532 1543 1534
f 1532 1536 1533
f 1520 1534 1543
f 1523 1535 1537
f 1532 1534 1536
f 1523 1537 1539
f 1522 1527 1535
f 1520 1543 1526
f 1527 1544 1535
f 1535 1544 1537
f 1537 1544 1545
f 1533 1536 1538
f 1537 1545 1539
f 1539 1545 1547
f 1523 2361 1546
f 1523 1539 2361
f 1533 1538 1540
f 1541 2359 2357
f 1540 1541 2357
f 1538 1541 1540
f 1539 1542 2361
f 1539 1547 1542
f 1542 1547 1548
f 1542 2360 2361
f 1542 1548 2360
f 1548 2372 2360
f 1545 1546 1547
f 1546 1548 1547
f 1546 2372 1548
f 1546 2361 2376
f 1546 2376 2372
f 1529 1552 1550
f 1529 1554 1552
f 1550 1552 1765
f 1530 1550 1763
f 1528 1556 1549
f 1550 1765 1763
f 1551 1764 1766
f 1552 1556 1765
f 1551 1766 1553
f 1553 1767 1555
f 1553 1766 1767
f 1529 1558 1554
f 1552 1554 1556
f 1529 1549 2379
f 1529 2379 1558
f 1554 1557 1556
f 1549 1556 1557
f 1555 1767 1768
f 1555 1768 1559
f 1554 1558 1557
f 1549 1557 1560
f 1557 1558 1560
f 1549 1560 2382
f 1559 1768 1769
f 1559 1769 1562
f 1558 2379 1561
f 1558 1561 1560
f 1560 1561 2382
f 1562 1769 2653
f 1562 2653 2381
f 1359 1611 1563
f 1359 1612 1611
f 1359 1617 1612
f 1338 1582 1625
f 1338 1625 1616
f 1338 1616 1619
f 1359 2415 1617
f 1338 1619 2418
f 1564 1570 1571
f 1564 1566 1570
f 1566 1567 1572
f 1563 1565 1571
f 1564 1571 1565
f 1564 1567 1566
f 1564 1568 1567
f 1564 1565 1568
f 1362 1573 1620
f 1372 1621 1569
f 1569 1588 1585
f 1372 1620 1621
f 1569 1574 1588
f 1566 1572 1570
f 1567 1573 1572
f 1567 1568 1573
f 1569 1623 1574
f 1551 1553 1699
f 1553 1555 1699
f 1555 1559 1699
f 1575 1577 1626
f 1576 1579 1578
f 1576 1577 1579
f 1576 1580 1577
f 1577 1580 1581
f 1575 1579 1577
f 1575 1582 1578
f 1575 1578 1579
f 1580 1583 1581
f 1581 1583 1584
f 1559 1562 1699
f 1562 2381 1699
f 1370 1595 1596
f 1374 1596 1598
f 1374 1598 1586
f 1375 1602 1604
f 1586 1610 1587
f 1585 1588 1640
f 1585 1640 1597
f 1580 1600 1583
f 1580 1604 1600
f 1590 1595 1591
f 1589 1591 1594
f 1590 1592 1596
f 1592 1593 1598
f 1591 1595 1594
f 1590 1596 1595
f 1589 1594 1597
f 1592 1598 1596
f 1600 1604 1601
f 1599 1601 1604
f 1601 1608 1647
f 1586 1598 1641
f 1586 1641 1607
f 1587 1605 1602
f 1587 1606 1605
f 1586 1607 1610
f 1587 1610 1606
f 1599 1604 1602
f 1599 1602 1603
f 1602 1605 1603
f 1603 1605 1608
f 1599 1603 1601
f 1601 1603 1608
f 1605 1606 1608
f 1606 1609 1608
f 1611 1612 1615
f 1563 1613 1565
f 1563 1611 1613
f 1611 1615 1613
f 1565 1614 1568
f 1565 1613 1614
f 1613 1622 1614
f 1613 1615 1622
f 1612 1618 1615
f 1615 1624 1622
f 1612 1617 1618
f 1617 2415 2417
f 1615 1618 1624
f 1616 1634 1619
f 1617 2417 1618
f 1618 2417 2428
f 1619 2435 2418
f 1618 2428 1624
f 1568 1620 1573
f 1569 1621 1623
f 1568 1614 1620
f 1614 1621 1620
f 1614 1622 1621
f 1621 1622 1623
f 1622 1624 1623
f 1574 1623 2427
f 1574 2427 2429
f 1574 2429 2451
f 1623 1624 2427
f 1624 2428 2427
f 1575 1626 1582
f 1577 1627 1626
f 1582 1626 1625
f 1577 1630 1627
f 1625 1626 1627
f 1616 1625 1627
f 1583 1628 1584
f 1584 1628 1629
f 1628 1631 1629
f 1577 1634 1630
f 1616 1627 1630
f 1616 1630 1634
f 1577 2435 1634
f 1628 1633 1631
f 1631 1633 1632
f 1632 1633 1636
f 1577 2438 2435
f 1577 1581 2506
f 1633 1635 1636
f 1581 1584 2506
f 1635 1637 1636
f 1619 1634 2435
f 1577 2441 2438
f 1584 1629 2506
f 1635 2436 1637
f 1629 1631 2506
f 1631 1632 2506
f 1637 2436 2437
f 1583 1646 1628
f 1583 1600 1646
f 1588 1644 1640
f 1628 1646 1649
f 1574 2451 1588
f 1588 1659 1644
f 1628 1649 1633
f 1633 1649 1661
f 1589 1597 1638
f 1597 1640 1638
f 1638 1640 1642
f 1593 1641 1598
f 1593 1639 1641
f 1639 1645 1641
f 1640 1644 1642
f 1642 1644 1657
f 1639 1643 1645
f 1643 1660 1645
f 1600 1601 1647
f 1608 1648 1647
f 1600 1647 1646
f 1646 1647 1648
f 1608 1650 1648
f 1646 1648 1649
f 1608 1651 1650
f 1608 1662 1651
f 1648 1650 1649
f 1649 1650 1651
f 1649 1651 1661
f 1607 1641 1645
f 1606 1652 1609
f 1609 1652 1653
f 1606 1610 1652
f 1652 1654 1653
f 1610 1656 1652
f 1607 1645 1660
f 1652 1656 1654
f 1610 1664 1656
f 1654 1656 1655
f 1655 1656 1664
f 1607 2468 1610
f 1588 2451 1659
f 1633 1661 1635
f 1659 2451 2454
f 1635 2460 2436
f 1635 1661 2460
f 1589 2512 1591
f 1644 1659 1657
f 1589 1638 2476
f 1638 1642 2472
f 1590 1591 2514
f 1590 2516 1592
f 1592 2515 1593
f 1593 2513 1639
f 1643 1658 1660
f 1642 1657 2456
f 1657 1659 2452
f 1659 2454 2452
f 1639 2477 1643
f 1643 2473 1658
f 1658 2455 1660
f 1658 2453 2455
f 1608 2461 1662
f 1651 1662 1661
f 1608 2463 2461
f 1661 1662 2461
f 1608 2464 2463
f 1661 2461 2460
f 1608 2481 2464
f 1607 1660 2465
f 1655 1664 1663
f 1608 1609 2529
f 1610 2468 1664
f 1607 2465 2468
f 1660 2455 2465
f 1609 1653 2529
f 1663 1664 1665
f 1653 1654 2529
f 1654 1655 2529
f 1664 2466 1665
f 1664 2468 2466
f 1665 2466 2467
f 462 1068 1666
f 1068 1069 1666
f 1069 1094 1666
f 1094 1095 1669
f 1094 1668 1666
f 1094 1669 1668
f 1666 1672 1673
f 1666 1668 1667
f 1666 1667 1670
f 1666 1670 1671
f 1666 1671 1672
f 1095 1106 1669
f 1106 1107 1669
f 1107 1688 1669
f 1666 1673 4671
f 1674 1686 1696
f 1674 1675 1686
f 1675 1676 1685
f 1676 1677 1684
f 1677 1678 1681
f 1686 4675 1696
f 1675 1685 1686
f 1676 1684 1685
f 1677 1681 1684
f 1678 1682 1681
f 1678 1679 1682
f 1679 1680 1682
f 1680 1683 1682
f 1680 1687 1683
f 1667 1668 2633
f 1667 2632 1670
f 1668 1669 2634
f 1670 2635 1671
f 1671 2636 1672
f 1672 2637 1673
f 1669 1688 2634
f 1666 4686 2631
f 1696 4675 2807
f 1674 2639 1675
f 1675 2640 1676
f 1676 2641 1677
f 1677 2642 1678
f 1678 2643 1679
f 1679 2644 1680
f 1681 1682 2647
f 1682 1683 2648
f 1673 5148 4671
f 1684 2649 1685
f 1681 2646 1684
f 1685 2650 1686
f 1683 1687 2652
f 1107 1345 1688
f 1345 1347 1691
f 1345 1689 1688
f 1345 1690 1689
f 1345 1691 1690
f 1347 1692 1691
f 1347 1693 1692
f 1346 1694 1693
f 1346 1693 1347
f 1349 1695 1694
f 1349 1696 1695
f 1349 1674 1696
f 1697 1698 1754
f 1698 1700 1754
f 1697 1699 1698
f 1698 1777 1701
f 1698 1701 1700
f 1700 1716 1719
f 1700 1719 1721
f 1700 1701 1706
f 1700 1706 1705
f 1700 1705 1704
f 1700 1704 1703
f 1700 1703 1708
f 1700 1708 1707
f 1700 1707 1716
f 1701 1709 1706
f 1701 1702 1714
f 1701 1710 1709
f 1701 1711 1710
f 1701 1712 1711
f 1701 1714 1712
f 1702 1713 1714
f 1702 1715 1713
f 1702 1718 1715
f 1712 1714 1717
f 1702 1722 1718
f 1700 1721 1720
f 1700 1720 1725
f 1700 1725 1726
f 1700 1726 1727
f 1700 1727 1733
f 1701 1796 1702
f 1722 1737 1718
f 1712 1717 1791
f 1722 1723 1728
f 1702 1724 1722
f 1722 1724 1723
f 1724 1742 1723
f 1724 1741 1742
f 1698 1778 1776
f 1698 1776 1775
f 1698 1775 1777
f 1701 1777 1779
f 1700 1733 1735
f 1700 1735 1734
f 1700 1734 1729
f 1700 1729 1730
f 1700 1730 1732
f 1700 1732 1731
f 1700 1731 1785
f 1700 1785 1786
f 1700 1786 1787
f 1702 1796 1724
f 1736 1727 1726
f 1716 1790 1719
f 1722 1728 1740
f 1722 1740 1737
f 1791 1717 1739
f 1700 1787 1795
f 1700 1795 1794
f 1700 1794 1850
f 1701 1779 1799
f 1701 1799 1797
f 1701 1797 1796
f 1740 1728 1789
f 1801 1719 1790
f 1741 1743 1742
f 1741 1744 1743
f 1741 1745 1744
f 1724 1796 1741
f 1741 1746 1745
f 1741 1821 1746
f 1821 1822 1746
f 1680 1748 1687
f 1700 1761 1754
f 1687 1748 1747
f 1747 1748 1749
f 1747 1749 1751
f 1751 1752 1756
f 1747 1751 1755
f 1751 1756 1755
f 1752 1757 1756
f 1750 1754 1761
f 1750 1761 1753
f 1752 1753 1761
f 1752 1761 1757
f 1757 1761 1758
f 1758 1761 1759
f 1759 4703 1760
f 1759 1761 4703
f 1761 4707 4703
f 1761 4708 4707
f 1761 4709 4708
f 1761 4710 4709
f 1349 2609 1674
f 1688 1689 2800
f 1689 1690 2801
f 1690 1691 2802
f 1691 1692 2803
f 1692 1693 2804
f 1693 1694 2805
f 1694 1695 2806
f 1695 1696 2807
f 1518 1697 1764
f 1697 1766 1764
f 1697 1767 1766
f 1697 1768 1767
f 1697 1769 1768
f 1697 2653 1769
f 1700 2843 1761
f 1698 1832 1778
f 1698 1834 1832
f 1698 1840 1834
f 1698 1699 2809
f 1771 1774 1772
f 1771 1829 1774
f 1771 1775 1776
f 1770 1776 1778
f 1770 1771 1776
f 1771 1772 1775
f 1770 1778 1773
f 1772 1774 1777
f 1698 2668 1840
f 1772 1777 1775
f 1774 1779 1777
f 1781 1784 1783
f 1780 1781 1797
f 1781 1783 1796
f 1781 1843 1784
f 1780 1799 1782
f 1783 1784 1798
f 1700 1850 1852
f 1700 1852 1851
f 1700 1851 1873
f 1741 1796 1798
f 1816 1788 1738
f 1791 1739 1792
f 1816 1738 1815
f 1738 1814 1815
f 1700 1873 2690
f 1700 2690 2691
f 1781 1796 1797
f 1783 1798 1796
f 1780 1797 1799
f 1816 1813 1788
f 1793 1803 1818
f 1820 1802 1793
f 1820 1793 1818
f 1808 1809 1810
f 1812 1808 1810
f 1816 1817 1813
f 1820 1804 1802
f 1820 1819 1804
f 1863 1807 1806
f 1863 1805 1807
f 1820 1818 1859
f 1818 1860 1859
f 1863 1818 1805
f 1863 1806 1862
f 1861 1824 1872
f 1741 1798 1821
f 1821 1823 1822
f 1821 1824 1823
f 1821 1825 1824
f 1798 1800 1821
f 1800 1855 1821
f 1784 1800 1798
f 1821 1826 1825
f 1821 1855 1826
f 1861 1823 1824
f 1826 1827 1825
f 1773 1832 1828
f 1771 1831 1829
f 1773 1778 1832
f 1828 1832 1834
f 1774 1829 1779
f 1829 1831 1833
f 1828 1834 1830
f 1771 1837 1831
f 1771 1838 1837
f 1771 2663 1838
f 1830 1834 1840
f 1831 1837 1835
f 1779 1829 1833
f 1779 1833 1799
f 1831 1835 1833
f 1833 1835 1856
f 1782 1854 1842
f 1842 1856 1844
f 1830 1840 1836
f 1770 2741 1771
f 1771 2664 2663
f 1770 1773 2741
f 1771 2667 2664
f 1837 1838 1841
f 1836 1840 1839
f 1839 2668 2662
f 1773 1828 2741
f 1828 1830 2741
f 1771 2673 2667
f 1839 1840 2668
f 1838 2663 2669
f 1835 1837 1841
f 1835 1841 1874
f 1838 2669 1841
f 1841 2669 2692
f 1844 1874 1846
f 1846 1874 1849
f 1849 2692 2680
f 1781 1845 1843
f 1784 1843 1800
f 1843 1845 1855
f 1781 1847 1845
f 1781 1848 1847
f 1781 2681 1848
f 1780 2752 1781
f 1780 1782 2752
f 1781 2682 2681
f 1781 2685 2682
f 1782 1842 2752
f 1842 1844 2752
f 1781 2687 2685
f 1799 1833 1854
f 1833 1856 1854
f 1782 1799 1854
f 1842 1854 1856
f 1835 1874 1856
f 1844 1856 1874
f 1866 1858 1811
f 1877 1853 1858
f 1863 1860 1818
f 1863 1862 1864
f 1862 1867 1864
f 1869 1862 1861
f 1862 1868 1867
f 1869 1861 1872
f 1866 1811 1865
f 1866 1876 1858
f 1876 1877 1858
f 1869 1868 1862
f 1869 1872 1870
f 1869 1870 1871
f 1870 1878 1871
f 1879 1870 1883
f 1879 1883 1880
f 1841 2692 1874
f 1849 1874 2692
f 1870 1879 1878
f 1879 2703 1881
f 2703 1882 1881
f 2698 1882 2703
f 1879 1880 1888
f 1879 1888 2703
f 1800 1843 1855
f 1826 1855 1857
f 1845 1857 1855
f 1845 1847 1857
f 1826 1857 1875
f 1826 1885 1827
f 1883 1870 1884
f 1826 1886 1885
f 1886 1826 1887
f 1847 1875 1857
f 1847 1848 1875
f 1848 2731 1875
f 1848 2681 2731
f 1875 2731 2732
f 1826 1875 2732
f 1826 2732 1887
f 1888 1880 1886
f 1888 1886 1887
f 2732 2733 1887
f 1680 2645 1748
f 1697 1754 2875
f 1687 1747 2652
f 1748 2869 1749
f 1749 2870 1751
f 1751 2872 1752
f 1752 2873 1753
f 1750 1753 2874
f 1750 2871 1754
f 1747 1755 2876
f 1755 1756 2877
f 1756 1757 2878
f 1757 1758 2879
f 1758 1759 2880
f 1759 1760 2881
f 1761 2882 4710
f 1135 1898 1890
f 1135 1899 1898
f 1135 1925 1899
f 1135 1929 1925
f 1889 1890 1892
f 1890 1893 1892
f 1891 1892 1893
f 1891 1936 1906
f 1891 1893 1926
f 1890 1898 1893
f 1109 1902 1903
f 1135 1903 1928
f 1135 1928 1930
f 1894 1896 1897
f 1894 1897 1895
f 1895 1897 1904
f 1891 1926 1936
f 1893 1898 1900
f 1898 1899 1900
f 1893 1900 1926
f 1899 1901 1900
f 1899 1925 1901
f 1901 1925 1927
f 1900 1901 1926
f 1135 1931 1929
f 1135 1930 1931
f 1895 1904 1902
f 1902 1904 1905
f 1902 1905 1903
f 1903 1932 1928
f 1903 1905 1932
f 1896 1912 1897
f 1896 1911 1912
f 1897 1912 1918
f 1156 1909 1908
f 1156 1983 1909
f 1909 1983 1910
f 1909 1910 1915
f 1908 1909 1911
f 1909 1912 1911
f 1913 1983 1984
f 1910 1983 1913
f 1909 1914 1912
f 1910 1913 1919
f 1897 1918 1904
f 1904 1918 1920
f 1904 1920 1905
f 1905 1920 1932
f 1920 1943 1932
f 1909 1916 1914
f 1909 1938 1916
f 1909 1915 1917
f 1909 1917 1939
f 1909 1940 1938
f 1909 1939 1941
f 1909 1942 1940
f 1909 1941 1942
f 1912 1914 1918
f 1914 1916 1918
f 1910 1919 1915
f 1915 1919 1921
f 1916 1920 1918
f 1916 1938 1920
f 1920 1938 1943
f 1915 1921 1917
f 1917 1944 1939
f 1917 1921 1944
f 1925 1929 1927
f 1926 2055 1936
f 1901 2053 1926
f 1901 1927 2053
f 1927 1933 2053
f 1927 1929 1933
f 1928 1934 1930
f 1928 1932 1934
f 1929 1931 1933
f 1930 1935 1931
f 1931 1935 1933
f 1930 1934 1935
f 1926 2053 2055
f 1933 1935 2054
f 1933 2054 2053
f 1938 1940 1943
f 1940 1945 1943
f 1939 1946 1941
f 1939 1944 1946
f 1940 1942 1945
f 1941 1947 1942
f 1942 1947 1945
f 1941 1946 1947
f 2074 1160 1922
f 2074 1922 1923
f 2074 1923 1924
f 2074 1924 1948
f 1011 2134 1951
f 1174 1952 1958
f 1951 1956 1952
f 1193 1964 1953
f 1237 1954 1976
f 1951 1955 1956
f 1193 1958 1964
f 1168 2082 2079
f 1169 2081 2080
f 1171 2080 2082
f 1952 1956 1958
f 1953 1957 2267
f 1180 2085 2081
f 1184 2089 2085
f 1189 2093 2089
f 1189 2094 2093
f 1190 2095 2094
f 1191 2538 2095
f 1953 1964 1957
f 1194 2079 2096
f 1195 2096 2097
f 1196 2097 2098
f 1197 2098 2099
f 1198 2099 2100
f 1199 2100 2101
f 1200 2101 2102
f 1201 2102 2103
f 1202 2103 2104
f 1209 1976 1970
f 1202 2104 2110
f 1214 2110 2115
f 1219 2115 2124
f 1230 2124 2126
f 1229 2126 2125
f 1054 1970 2176
f 1954 2287 1982
f 1954 1982 1976
f 1011 2175 2134
f 1951 2134 1955
f 1955 2077 1956
f 1957 2083 2288
f 1955 2075 2077
f 1956 2077 1958
f 1958 1959 1965
f 1958 1965 1964
f 1959 1966 1965
f 1958 2077 1959
f 1959 2077 1960
f 1959 1960 1966
f 1960 1961 1967
f 1960 1967 1966
f 1961 1962 1968
f 1961 1968 1967
f 1962 1963 1969
f 1963 2078 2084
f 1962 1969 1968
f 1963 2084 1969
f 1957 1964 2083
f 1964 1965 2083
f 1965 1966 2083
f 1970 1976 1971
f 1971 1976 1977
f 1971 1977 1972
f 1972 1977 1978
f 1972 1978 1973
f 1973 1978 1979
f 1973 1979 1974
f 1974 1979 1980
f 1975 1981 2105
f 1981 2127 2105
f 1974 1980 1975
f 1975 1980 1981
f 1976 2131 1977
f 1977 2131 1978
f 1053 2074 2175
f 1055 2176 2177
f 1056 2177 2178
f 1982 2324 2131
f 1057 2178 2179
f 1058 2179 2180
f 1059 2180 2181
f 1060 2181 2182
f 1976 1982 2131
f 1065 1985 2193
f 1066 2194 1984
f 1067 2195 1996
f 1985 1996 1988
f 1986 1987 1989
f 1986 1989 2000
f 1988 1999 1990
f 1987 1992 1989
f 1989 1992 2003
f 1987 1998 2010
f 1990 2001 1991
f 1987 2010 1992
f 1992 1993 2004
f 1991 2002 1994
f 1994 2005 2007
f 1995 2009 2013
f 1992 2010 1993
f 1993 1995 2006
f 1993 2010 1995
f 1988 1996 1999
f 1986 2000 1997
f 1997 2000 1998
f 1990 1999 2001
f 1989 2003 2000
f 1998 2000 2003
f 1991 2001 2002
f 1992 2004 2003
f 1998 2003 2014
f 1994 2002 2005
f 1995 2013 2006
f 2005 2011 2007
f 1993 2006 2004
f 2003 2004 2014
f 2004 2006 2014
f 1998 2014 2010
f 2007 2011 2008
f 2008 2012 2009
f 1995 2010 2009
f 2007 2008 2045
f 2008 2009 2045
f 2009 2010 2045
f 2010 2014 2045
f 2008 2011 2012
f 2009 2012 2013
f 2006 2013 2014
f 2012 2046 2013
f 2013 2046 2014
f 2015 2017 2019
f 2015 2019 2021
f 2015 2021 2037
f 2015 2037 2038
f 2021 2022 2037
f 2016 2029 2027
f 2016 2031 2029
f 2015 2038 2016
f 2016 2038 2031
f 2031 2038 2032
f 2017 2027 2019
f 2018 2020 2030
f 2019 2029 2021
f 2020 2023 2033
f 1068 2196 2018
f 2021 2031 2022
f 2023 2024 2034
f 2022 2032 2025
f 2022 2025 2037
f 2025 2035 2039
f 2026 2041 2044
f 2024 2026 2036
f 2019 2027 2029
f 2018 2030 2028
f 2021 2029 2031
f 2020 2033 2030
f 1069 2028 2197
f 2022 2031 2032
f 2023 2034 2033
f 2025 2032 2035
f 2035 2042 2039
f 2032 2038 2035
f 2026 2044 2036
f 2024 2036 2034
f 2037 2039 2049
f 2038 2050 2042
f 2037 2050 2038
f 2025 2039 2037
f 2039 2042 2040
f 2040 2043 2041
f 2039 2040 2049
f 2040 2041 2049
f 2035 2038 2042
f 2040 2042 2043
f 2041 2043 2044
f 2042 2050 2043
f 1985 1988 2193
f 1988 1990 2193
f 1065 2193 2194
f 1913 1984 2194
f 1996 2195 1999
f 1999 2195 2001
f 2007 2045 2047
f 2045 2046 2047
f 2014 2046 2045
f 1990 1991 2193
f 1991 1994 2193
f 1994 2007 2193
f 1913 2194 1919
f 2001 2195 2002
f 2002 2195 2005
f 1919 2194 1921
f 1921 2194 1944
f 2047 2048 2183
f 2005 2195 2011
f 2011 2195 2012
f 2046 2048 2047
f 2012 2195 2046
f 2048 2185 2183
f 1067 2198 2195
f 2037 2049 2050
f 2049 2052 2050
f 2018 2196 2020
f 2020 2196 2023
f 684 2196 1068
f 2028 2030 2197
f 2030 2033 2197
f 2049 2051 2052
f 2051 2187 2190
f 2051 2190 2052
f 2023 2196 2024
f 2024 2196 2026
f 2026 2196 2041
f 2041 2196 2049
f 2033 2034 2197
f 2034 2036 2197
f 2036 2044 2197
f 2043 2197 2044
f 2043 2050 2197
f 1080 2199 2198
f 1081 2200 2199
f 1082 2201 2200
f 1083 2202 2201
f 1085 2207 2203
f 1086 2205 2204
f 1089 2204 2207
f 1087 2206 2205
f 1084 2208 2202
f 1090 2209 2208
f 1092 2203 2210
f 1093 2210 2211
f 1091 2214 2209
f 1093 2211 2218
f 1094 2197 2212
f 1095 2212 2213
f 1096 2215 2214
f 1097 2216 2215
f 1099 2222 2217
f 1098 2217 2216
f 1101 2218 2219
f 1102 2219 2220
f 1103 2220 2221
f 1104 2213 2222
f 1105 2221 2223
f 1106 2223 2224
f 1107 2224 2225
f 1107 2225 2605
f 2053 2057 2055
f 1935 2061 2054
f 1932 2063 1934
f 1934 2063 1935
f 1932 1943 2063
f 2053 2054 2057
f 1935 2062 2061
f 1937 2056 2070
f 1943 1945 2063
f 1945 1947 2194
f 1944 2194 1946
f 1946 2194 1947
f 2074 1948 1949
f 2074 1949 1950
f 2074 1950 2059
f 2074 2059 2060
f 2054 2064 2057
f 2054 2061 2064
f 1935 2063 2062
f 2061 2067 2064
f 2061 2062 2067
f 2062 2068 2067
f 2062 2070 2068
f 2062 2063 2070
f 2063 2072 2070
f 2063 2074 2072
f 2068 2070 2056
f 2074 2071 2072
f 1945 2194 2063
f 2063 2194 2074
f 2074 2060 2058
f 2074 2058 2065
f 2074 2065 2066
f 2074 2066 2069
f 2074 2069 2073
f 2074 2073 2071
f 1955 2134 2075
f 2075 2134 2076
f 1960 2077 2128
f 2078 2079 2082
f 2078 2082 2080
f 2078 2080 2084
f 2078 2096 2079
f 2078 2097 2096
f 2078 2098 2097
f 1960 2128 1961
f 1961 2128 1962
f 2075 2128 2077
f 1962 2128 1963
f 1963 2135 2078
f 1966 2129 2083
f 2080 2081 2084
f 2081 2085 2084
f 2085 2088 2086
f 2085 2089 2088
f 2085 2086 2087
f 2085 2087 2106
f 1966 1967 2129
f 1967 1968 2129
f 2089 2093 2090
f 2090 2093 2091
f 2091 2093 2092
f 2092 2093 2117
f 2093 2538 2118
f 2093 2094 2095
f 2093 2095 2538
f 2083 2129 2547
f 1968 1969 2136
f 1969 2084 2136
f 2078 2105 2098
f 2098 2105 2099
f 2099 2105 2100
f 2100 2105 2101
f 2101 2105 2102
f 2102 2105 2103
f 2103 2105 2127
f 1970 1971 2176
f 2085 2106 2107
f 2085 2107 2108
f 2085 2108 2110
f 2108 2109 2110
f 2109 2111 2110
f 2103 2127 2104
f 2104 2127 2110
f 2110 2111 2112
f 2110 2112 2113
f 2110 2113 2114
f 2110 2114 2115
f 2093 2118 2117
f 2118 2540 2119
f 2119 2542 2120
f 2118 2538 2539
f 2118 2539 2540
f 2119 2540 2541
f 2119 2541 2542
f 2120 2542 2543
f 2115 2116 2124
f 2121 2122 2124
f 2120 2124 2122
f 2121 2124 2123
f 2116 2123 2124
f 2120 2544 2124
f 2120 2543 2544
f 2124 2544 2125
f 2124 2125 2126
f 1978 2130 1979
f 1979 2130 1980
f 1978 2131 2130
f 1980 2137 1981
f 1981 2137 2127
f 2075 2076 2128
f 1963 2128 2135
f 2084 2085 2139
f 1968 2136 2129
f 2086 2145 2087
f 2086 2088 2140
f 2088 2089 2141
f 2089 2090 2143
f 2090 2091 2144
f 2091 2092 2147
f 2078 2149 2105
f 1975 2105 2149
f 1971 1972 2176
f 1972 1973 2176
f 1973 1974 2176
f 1974 1975 2176
f 2110 2127 2150
f 2085 2110 2151
f 2106 2153 2107
f 2087 2152 2106
f 2107 2154 2108
f 2108 2156 2109
f 2109 2157 2111
f 2112 2164 2113
f 2111 2165 2112
f 2113 2158 2114
f 2114 2159 2115
f 2115 2161 2116
f 2116 2162 2123
f 2092 2117 2166
f 2117 2118 2167
f 2118 2119 2168
f 2119 2120 2170
f 2120 2122 2171
f 2121 2123 2173
f 2121 2174 2122
f 1980 2130 2137
f 2130 2131 2551
f 2076 2134 2132
f 2132 2134 2133
f 2076 2135 2128
f 2078 2135 2138
f 2076 2132 2135
f 2078 2138 2149
f 2129 2136 2552
f 2084 2139 2136
f 2085 2151 2139
f 2086 2140 2145
f 2087 2145 2146
f 2087 2146 2152
f 2089 2142 2141
f 2089 2143 2142
f 2088 2141 2140
f 2090 2144 2143
f 2091 2147 2144
f 2092 2148 2147
f 2092 2166 2148
f 1975 2149 2176
f 2127 2137 2150
f 2130 2555 2137
f 2106 2152 2153
f 2107 2153 2154
f 2108 2154 2155
f 2108 2155 2156
f 2109 2156 2157
f 2110 2150 2151
f 2112 2165 2163
f 2113 2164 2158
f 2112 2163 2164
f 2115 2159 2160
f 2115 2160 2161
f 2114 2158 2159
f 2116 2161 2162
f 2111 2157 2165
f 2117 2167 2166
f 2118 2168 2167
f 2119 2169 2168
f 2119 2170 2169
f 2120 2171 2170
f 2121 2172 2174
f 2123 2162 2173
f 2121 2173 2172
f 2122 2174 2171
f 2132 2138 2135
f 2132 2133 2138
f 2133 2149 2138
f 2136 2139 2558
f 2139 2140 2141
f 2139 2141 2142
f 2139 2145 2140
f 2139 2146 2145
f 2139 2152 2146
f 2139 2142 2558
f 2142 2143 2558
f 2143 2144 2559
f 2144 2147 2559
f 2147 2148 2559
f 2148 2166 2559
f 2133 2134 2149
f 2134 2176 2149
f 2137 2565 2150
f 2139 2151 2152
f 2151 2153 2152
f 2151 2154 2153
f 2151 2155 2154
f 2151 2156 2155
f 2151 2165 2157
f 2151 2157 2156
f 2150 2165 2151
f 2150 2163 2165
f 2150 2164 2163
f 2150 2159 2158
f 2150 2160 2159
f 2150 2158 2164
f 2150 2565 2160
f 2160 2565 2161
f 2166 2167 2559
f 2167 2168 2563
f 2168 2169 2563
f 2169 2170 2563
f 2170 2171 2563
f 2161 2564 2162
f 2162 2564 2173
f 2172 2173 2564
f 2172 2564 2174
f 2171 2174 2564
f 2074 2198 2175
f 2134 2175 2176
f 2175 2177 2176
f 2175 2178 2177
f 2175 2179 2178
f 2175 2180 2179
f 2175 2199 2180
f 2180 2205 2181
f 2181 2206 2182
f 2007 2047 2193
f 2183 2185 2184
f 2184 2185 2186
f 2046 2195 2048
f 2047 2183 2193
f 2183 2184 2193
f 2184 2189 2193
f 2048 2195 2185
f 2185 2195 2186
f 2186 2195 2192
f 2187 2188 2191
f 2184 2186 2189
f 2188 2189 2192
f 2187 2191 2190
f 2186 2192 2189
f 2188 2192 2191
f 2049 2196 2051
f 2050 2052 2197
f 2051 2196 2187
f 2187 2196 2188
f 2188 2196 2189
f 2052 2190 2197
f 2190 2191 2197
f 2191 2192 2197
f 2193 2195 2194
f 2193 2196 2195
f 2194 2195 2198
f 2074 2194 2198
f 2189 2196 2193
f 2192 2195 2197
f 2195 2196 2197
f 2175 2198 2199
f 2180 2199 2205
f 2199 2200 2205
f 2200 2201 2207
f 2201 2202 2203
f 2200 2204 2205
f 2200 2207 2204
f 2201 2203 2207
f 2181 2205 2206
f 2202 2208 2210
f 2208 2209 2211
f 2202 2210 2203
f 2208 2211 2210
f 2209 2214 2211
f 2211 2214 2218
f 2214 2215 2218
f 2215 2216 2219
f 2216 2217 2221
f 2215 2219 2218
f 2216 2220 2219
f 2216 2221 2220
f 2217 2223 2221
f 2217 2222 2223
f 2213 2224 2222
f 2222 2224 2223
f 1953 2267 2226
f 2226 2267 2227
f 1460 2227 2243
f 2227 2228 2243
f 2227 2267 2228
f 2243 2269 2244
f 2228 2270 2243
f 2244 2271 2245
f 2245 2272 2246
f 1482 1483 2246
f 1483 1484 2245
f 1459 2244 1484
f 1459 1460 2244
f 1482 2247 2234
f 2229 2239 2231
f 2229 2230 2240
f 2230 2232 2241
f 2232 2233 2242
f 2231 2239 2238
f 2229 2240 2239
f 1483 2245 2246
f 1484 2244 2245
f 1482 2246 2247
f 1460 2243 2244
f 2234 2256 2235
f 2233 2234 2251
f 2234 2235 2251
f 2230 2241 2240
f 2232 2242 2241
f 2235 2236 2252
f 2233 2251 2242
f 2238 2239 2240
f 2238 2240 2241
f 2238 2241 2242
f 2238 2242 2251
f 2231 2238 2284
f 2235 2257 2236
f 2234 2247 2256
f 2236 2258 2237
f 2247 2248 2256
f 2235 2256 2257
f 2236 2257 2258
f 2236 2237 2253
f 2237 2249 2264
f 2235 2252 2251
f 2236 2253 2252
f 2237 2261 2249
f 2249 2263 2250
f 2249 2250 2265
f 2237 2264 2253
f 2249 2265 2264
f 2238 2251 2252
f 2238 2252 2253
f 2238 2253 2264
f 2238 2264 2265
f 2238 2265 2266
f 2248 2254 2260
f 2254 2255 2262
f 2237 2258 2261
f 2249 2261 2263
f 2248 2260 2256
f 2250 2263 2281
f 2255 2259 2280
f 2255 2280 2262
f 2246 2273 2247
f 2247 2273 2248
f 2254 2262 2260
f 2250 2266 2265
f 2238 2286 2285
f 2238 2266 2286
f 1391 2301 2300
f 1399 2300 2536
f 1386 2539 2538
f 1412 2537 2301
f 2243 2270 2269
f 2228 2268 2270
f 2244 2269 2271
f 2245 2271 2272
f 2246 2272 2273
f 2248 2273 2274
f 2254 2274 2275
f 2255 2275 2276
f 2228 2267 2288
f 2259 2276 2277
f 2277 2278 2279
f 2269 2270 2278
f 2269 2278 2271
f 2268 2278 2270
f 2271 2278 2272
f 2272 2278 2273
f 2273 2278 2274
f 2274 2278 2275
f 2275 2278 2276
f 2276 2278 2277
f 1393 2540 2539
f 1394 2541 2540
f 1395 2542 2541
f 1396 2543 2542
f 1397 2544 2543
f 1398 2125 2544
f 1412 2313 2537
f 2259 2279 2282
f 2259 2282 2280
f 2279 2283 2282
f 2248 2274 2254
f 2254 2275 2255
f 2255 2276 2259
f 2259 2277 2279
f 2257 2289 2258
f 2256 2290 2257
f 2256 2260 2290
f 2258 2291 2261
f 2260 2262 2292
f 2262 2280 2293
f 2261 2295 2263
f 2263 2296 2281
f 2280 2282 2294
f 1412 2312 2313
f 1411 2545 2312
f 1411 2536 2545
f 2282 2283 2298
f 2257 2290 2289
f 2260 2292 2290
f 2258 2289 2291
f 2261 2291 2295
f 2262 2293 2292
f 2263 2295 2296
f 2280 2294 2293
f 2282 2298 2294
f 2283 2299 2298
f 2281 2296 2297
f 2266 2325 2286
f 2250 2550 2266
f 1954 2284 2287
f 2238 2285 2284
f 2284 2285 2287
f 2285 2286 2287
f 2286 2325 2287
f 1957 2288 2267
f 2228 2288 2534
f 2228 2534 2268
f 2289 2290 2297
f 2290 2292 2297
f 2292 2293 2297
f 2293 2294 2297
f 2294 2298 2297
f 2289 2297 2291
f 2291 2297 2295
f 2295 2297 2296
f 2297 2298 2299
f 2250 2281 2551
f 2266 2326 2325
f 2266 2550 2326
f 2268 2534 2535
f 2300 2301 2302
f 2301 2303 2302
f 2302 2303 2304
f 2301 2305 2303
f 2268 2549 2278
f 2279 2558 2283
f 2278 2554 2279
f 2083 2534 2288
f 2268 2535 2548
f 2300 2302 2536
f 2302 2304 2536
f 2303 2305 2304
f 2301 2309 2305
f 2301 2310 2309
f 2304 2305 2306
f 2305 2309 2306
f 2301 2311 2310
f 2301 2537 2311
f 2304 2306 2536
f 2306 2307 2536
f 2307 2308 2536
f 2306 2309 2307
f 2307 2309 2310
f 2307 2310 2308
f 2308 2311 2536
f 2308 2310 2311
f 2311 2537 2536
f 2281 2297 2556
f 2312 2316 2314
f 2312 2315 2313
f 2312 2314 2315
f 2314 2317 2315
f 2313 2315 2317
f 2250 2551 2550
f 2313 2546 2537
f 2283 2563 2299
f 2297 2299 2560
f 2312 2318 2316
f 2312 2319 2318
f 2312 2320 2319
f 2312 2545 2320
f 2314 2316 2317
f 2313 2317 2321
f 2313 2321 2322
f 2316 2321 2317
f 2316 2318 2321
f 2313 2322 2323
f 2313 2323 2546
f 2318 2322 2321
f 2318 2319 2322
f 2320 2545 2546
f 2320 2546 2323
f 2319 2323 2322
f 2319 2320 2323
f 1982 2287 2324
f 2287 2325 2324
f 2324 2325 2326
f 2324 2326 2550
f 2131 2324 2550
f 1327 2182 2579
f 2327 2329 2331
f 2329 2330 2331
f 2330 2332 2331
f 2328 2332 2330
f 2327 2346 2328
f 2327 2331 2345
f 2328 2346 2332
f 2331 2332 2337
f 2333 2336 2334
f 2333 2335 2336
f 2335 2342 2336
f 2327 2345 2346
f 2332 2338 2337
f 2331 2337 2345
f 2337 2338 2339
f 2332 2346 2338
f 2338 2340 2339
f 2339 2340 2347
f 2340 2348 2347
f 2338 2346 2340
f 2335 2341 2342
f 2341 2344 2342
f 2341 2343 2344
f 2343 2353 2344
f 2343 2349 2353
f 1323 2576 2333
f 1359 2334 2618
f 2337 2566 2345
f 2347 2348 2350
f 2337 2339 2566
f 2345 2567 2346
f 2340 2346 2567
f 2340 2567 2348
f 2348 2567 2354
f 2348 2354 2350
f 2349 2351 2355
f 2349 2355 2353
f 2350 2354 2352
f 2352 2354 2356
f 2351 2352 2356
f 2351 2356 2355
f 2333 2576 2335
f 2345 2566 2567
f 2339 2347 2568
f 2354 2569 2356
f 2339 2568 2566
f 2347 2350 2570
f 2354 2567 2569
f 2335 2576 2341
f 2341 2576 2343
f 2343 2576 2349
f 1325 2581 2578
f 1323 2577 2576
f 2334 2336 2618
f 1324 2578 2577
f 1327 2579 2580
f 1330 2580 2583
f 1328 2582 2581
f 1329 2583 2582
f 2336 2342 2618
f 2342 2344 2618
f 2344 2353 2618
f 1338 2418 2598
f 1348 2608 2359
f 2358 2359 2362
f 2357 2359 2358
f 1349 2357 2609
f 2358 2362 2364
f 2360 2363 2361
f 2360 2372 2363
f 2363 2372 2373
f 2361 2363 2367
f 2362 2366 2364
f 2363 2373 2367
f 2367 2373 2375
f 2364 2366 2365
f 2365 2368 2374
f 2370 2399 2374
f 2365 2366 2368
f 2367 2375 2369
f 2369 2375 2377
f 2361 2367 2398
f 2361 2398 2376
f 2368 2370 2374
f 2367 2369 2398
f 2369 2371 2398
f 2369 2377 2371
f 2371 2377 2378
f 2371 2378 2396
f 2370 2395 2399
f 2378 2401 2396
f 2372 2376 2373
f 2373 2376 2375
f 2375 2376 2377
f 2376 2402 2377
f 1561 2379 2380
f 1561 2380 2382
f 2379 2383 2380
f 1549 2386 2379
f 1549 2382 2386
f 2380 2385 2382
f 2381 2653 2654
f 2381 2654 2384
f 2380 2383 2385
f 2382 2385 2386
f 2383 2389 2385
f 2384 2654 2655
f 2384 2655 2388
f 2379 2403 2383
f 2383 2387 2389
f 2379 2386 2403
f 2385 2389 2386
f 2387 2390 2389
f 2386 2389 2390
f 2388 2655 2656
f 2388 2656 2392
f 2383 2403 2387
f 2387 2391 2390
f 2387 2403 2391
f 2391 2393 2657
f 2390 2391 2657
f 2393 2659 2657
f 2394 2658 2660
f 2392 2658 2394
f 2392 2656 2658
f 2394 2660 2405
f 2371 2396 2398
f 2395 2397 2400
f 2396 2401 2397
f 2395 2400 2399
f 2397 2401 2400
f 2395 2407 2397
f 2396 2397 2407
f 2396 2407 2398
f 2398 2407 2402
f 2377 2402 2378
f 2378 2402 2401
f 2376 2398 2402
f 2400 2401 2402
f 2399 2400 2408
f 2400 2402 2408
f 2386 2390 2406
f 2391 2403 2393
f 2393 2404 2659
f 2404 2661 2659
f 2405 2660 2661
f 2390 2657 2406
f 2404 2405 2661
f 2386 2406 2403
f 2393 2409 2404
f 2404 2409 2405
f 2406 2657 2659
f 2406 2659 2661
f 2406 2661 2413
f 2393 2403 2409
f 2413 2661 2660
f 2403 2406 2409
f 1333 2593 2206
f 1333 2594 2593
f 1334 2595 2594
f 1335 2596 2595
f 1336 2597 2596
f 1337 2599 2597
f 1339 2600 2599
f 1340 2602 2600
f 1342 2601 2602
f 1348 2598 2608
f 1343 2603 2601
f 1343 2604 2603
f 1344 2606 2604
f 1346 2607 2606
f 1347 2605 2607
f 2359 2608 2362
f 2362 2608 2366
f 2357 2358 2609
f 2358 2364 2609
f 2402 2407 2408
f 2407 2410 2408
f 2405 2409 2412
f 2406 2413 2409
f 2409 2413 2412
f 2364 2365 2609
f 2365 2374 2609
f 2374 2399 2609
f 2366 2608 2368
f 2368 2608 2370
f 2370 2608 2395
f 2395 2608 2407
f 2408 2410 2411
f 2399 2408 2609
f 2410 2584 2411
f 2412 2413 2414
f 2412 2414 2586
f 1359 2618 2415
f 2415 2416 2419
f 2415 2419 2417
f 2417 2419 2431
f 2418 2438 2420
f 2417 2431 2428
f 2416 2423 2419
f 2419 2433 2431
f 2416 2421 2423
f 2419 2423 2433
f 2421 2425 2423
f 2423 2426 2433
f 2421 2422 2425
f 2423 2425 2426
f 2422 2491 2425
f 2422 2490 2491
f 2425 2491 2493
f 2425 2493 2426
f 2427 2428 2430
f 2428 2431 2430
f 2430 2431 2432
f 2427 2430 2500
f 2427 2500 2429
f 2431 2433 2432
f 2432 2433 2434
f 2429 2500 2511
f 2426 2434 2433
f 2426 2499 2434
f 2430 2432 2610
f 2426 2493 2499
f 1577 2442 2441
f 2418 2435 2438
f 1577 2447 2442
f 1577 2501 2447
f 1632 1636 2506
f 2436 2439 2437
f 1636 1637 2506
f 2437 2439 2440
f 2420 2438 2441
f 1577 2506 2501
f 1637 2437 2506
f 2437 2440 2506
f 2439 2443 2440
f 1699 2381 2834
f 2420 2441 2424
f 2424 2441 2442
f 2424 2442 2446
f 2439 2445 2443
f 2443 2445 2444
f 2444 2445 2449
f 2440 2443 2506
f 2442 2447 2446
f 2446 2447 2501
f 2446 2501 2502
f 2445 2448 2449
f 2443 2444 2506
f 2444 2449 2506
f 2448 2450 2449
f 2448 2503 2450
f 2449 2450 2506
f 2450 2503 2504
f 2451 2458 2454
f 2436 2460 2439
f 2439 2460 2462
f 2429 2511 2451
f 2451 2511 2458
f 2439 2462 2445
f 1657 2452 2456
f 1642 2456 2472
f 2452 2454 2456
f 1638 2472 2476
f 2454 2458 2456
f 1658 2457 2453
f 1658 2473 2457
f 2453 2459 2455
f 2453 2457 2459
f 1589 2476 2512
f 1591 2512 2514
f 2456 2458 2472
f 1643 2477 2473
f 1639 2513 2477
f 1590 2514 2516
f 1592 2516 2515
f 1593 2515 2513
f 2457 2475 2459
f 1608 2482 2481
f 2460 2461 2463
f 1608 2484 2482
f 2460 2463 2462
f 1608 2523 2484
f 2462 2463 2464
f 2462 2464 2480
f 2455 2459 2465
f 1655 1663 2529
f 2466 2469 2467
f 2466 2468 2471
f 2466 2471 2469
f 1608 2524 2523
f 1608 2529 2524
f 2459 2530 2465
f 1663 1665 2529
f 2469 2471 2470
f 1665 2467 2529
f 2470 2471 2486
f 2465 2533 2468
f 2468 2533 2471
f 2458 2511 2474
f 2445 2480 2448
f 2445 2462 2480
f 2448 2483 2503
f 2474 2511 2478
f 2448 2480 2483
f 2483 2522 2503
f 2458 2474 2472
f 2472 2474 2476
f 2457 2473 2475
f 2473 2479 2475
f 2474 2478 2476
f 2476 2478 2512
f 2478 2517 2512
f 2477 2513 2518
f 2473 2477 2479
f 2477 2518 2479
f 2464 2481 2480
f 2480 2481 2482
f 2480 2482 2483
f 2482 2484 2483
f 2483 2484 2523
f 2483 2523 2522
f 2459 2475 2530
f 2467 2469 2529
f 2470 2486 2485
f 2469 2470 2529
f 2485 2486 2488
f 2470 2485 2529
f 2471 2533 2486
f 2465 2530 2533
f 2475 2479 2530
f 2486 2487 2488
f 2487 2489 2488
f 2486 2533 2487
f 2485 2488 2529
f 2487 2525 2489
f 2488 2489 2529
f 2489 2525 2531
f 2487 2533 2525
f 2415 2618 2416
f 2418 2420 2598
f 2490 2496 2492
f 2490 2492 2491
f 2493 2494 2497
f 2495 2496 2498
f 2492 2496 2495
f 2494 2495 2498
f 2491 2494 2493
f 2491 2492 2494
f 2492 2495 2494
f 2416 2618 2421
f 2421 2618 2422
f 2422 2618 2490
f 2420 2424 2598
f 2424 2446 2598
f 2446 2502 2598
f 2493 2497 2499
f 2494 2498 2497
f 2430 2610 2500
f 2432 2434 2611
f 2500 2612 2511
f 2500 2610 2612
f 2434 2499 2622
f 2432 2611 2610
f 2501 2506 2502
f 2502 2506 2505
f 2503 2507 2504
f 2504 2507 2510
f 2450 2504 2506
f 2504 2509 2506
f 2505 2506 2509
f 2505 2509 2508
f 2508 2509 2510
f 2507 2508 2510
f 2504 2510 2509
f 2381 2384 2834
f 2384 2388 2834
f 2388 2392 2834
f 2392 2394 2834
f 2394 2405 2834
f 2503 2522 2507
f 2507 2522 2526
f 2478 2511 2612
f 2478 2612 2517
f 2512 2517 2514
f 2514 2519 2516
f 2515 2516 2521
f 2513 2515 2520
f 2514 2517 2519
f 2513 2520 2518
f 2516 2519 2521
f 2515 2521 2520
f 2522 2523 2524
f 2522 2524 2526
f 2525 2527 2531
f 2526 2529 2528
f 2524 2529 2526
f 2528 2529 2532
f 2527 2528 2532
f 2489 2531 2529
f 2527 2532 2531
f 2529 2531 2532
f 2479 2518 2613
f 2479 2613 2530
f 2525 2614 2527
f 2527 2614 2528
f 2530 2614 2533
f 2525 2533 2614
f 2518 2520 2616
f 2520 2521 2625
f 2526 2528 2617
f 2530 2613 2614
f 2518 2616 2613
f 2083 2547 2534
f 2534 2547 2535
f 2536 2537 2546
f 2268 2548 2549
f 2535 2547 2548
f 2278 2549 2553
f 2536 2546 2545
f 2281 2555 2551
f 2281 2556 2555
f 2547 2552 2548
f 2278 2553 2554
f 2279 2554 2558
f 2129 2552 2547
f 2548 2552 2549
f 2283 2558 2559
f 2297 2560 2557
f 2297 2557 2556
f 2283 2559 2563
f 2299 2562 2560
f 2299 2561 2562
f 2130 2551 2555
f 2131 2550 2551
f 2549 2552 2553
f 2136 2554 2552
f 2552 2554 2553
f 2299 2563 2561
f 2137 2555 2556
f 2136 2558 2554
f 2143 2559 2558
f 2560 2562 2565
f 2137 2556 2565
f 2556 2557 2565
f 2557 2560 2565
f 2161 2565 2564
f 2167 2563 2559
f 2171 2564 2563
f 2561 2564 2562
f 2562 2564 2565
f 2561 2563 2564
f 2182 2598 2579
f 2566 2569 2567
f 2347 2570 2568
f 2356 2569 2571
f 2350 2352 2572
f 2349 2574 2351
f 2351 2574 2352
f 2353 2355 2575
f 2355 2356 2575
f 2566 2568 2569
f 2350 2572 2570
f 2356 2571 2573
f 2568 2571 2569
f 2568 2570 2571
f 2352 2574 2572
f 2356 2573 2575
f 2349 2576 2574
f 2570 2573 2571
f 2570 2572 2573
f 2572 2575 2573
f 2572 2574 2575
f 2574 2576 2575
f 2353 2575 2618
f 2575 2576 2577
f 2575 2577 2618
f 2579 2583 2580
f 2579 2618 2583
f 2582 2583 2618
f 2577 2578 2618
f 2578 2581 2618
f 2581 2582 2618
f 2407 2608 2410
f 2411 2584 2585
f 2408 2411 2609
f 2584 2588 2585
f 2586 2587 2589
f 2414 2587 2586
f 2405 2412 2834
f 2588 2591 2590
f 2585 2588 2590
f 2589 2592 2591
f 2587 2592 2589
f 2590 2591 2592
f 2413 2808 2414
f 2410 2608 2584
f 2584 2608 2588
f 2588 2608 2591
f 2411 2585 2609
f 2585 2590 2609
f 2590 2592 2609
f 2414 2808 2587
f 2412 2586 2834
f 2589 2591 2834
f 2587 2808 2592
f 2586 2589 2834
f 2182 2206 2593
f 2182 2593 2598
f 2593 2594 2598
f 2594 2595 2598
f 2595 2596 2598
f 2596 2597 2598
f 2597 2599 2598
f 2598 2599 2600
f 2598 2600 2602
f 2598 2602 2608
f 2601 2608 2602
f 2603 2604 2609
f 2604 2606 2609
f 2606 2805 2609
f 2591 2608 2834
f 2592 2808 2609
f 2601 2603 2608
f 2603 2609 2608
f 2608 2609 2808
f 2608 2808 2834
f 2490 2618 2496
f 2502 2505 2598
f 2505 2508 2598
f 2496 2623 2498
f 2497 2498 2623
f 2497 2623 2499
f 2434 2620 2611
f 2610 2615 2612
f 2434 2622 2620
f 2610 2611 2615
f 2499 2623 2622
f 2507 2629 2508
f 2507 2526 2629
f 2517 2628 2519
f 2519 2628 2521
f 2517 2612 2628
f 2528 2614 2617
f 2520 2625 2616
f 2526 2617 2626
f 2613 2617 2614
f 2612 2615 2628
f 2521 2627 2625
f 2613 2616 2617
f 2526 2626 2629
f 2496 2618 2623
f 2508 2629 2598
f 2579 2598 2618
f 2598 2619 2618
f 2618 2619 2623
f 2598 2629 2619
f 2611 2621 2615
f 2611 2620 2621
f 2620 2622 2624
f 2620 2624 2621
f 2619 2622 2623
f 2619 2624 2622
f 2615 2621 2628
f 2521 2628 2627
f 2616 2626 2617
f 2616 2625 2626
f 2619 2628 2624
f 2621 2624 2628
f 2619 2629 2628
f 2625 2630 2626
f 2625 2627 2630
f 2627 2628 2629
f 2627 2629 2630
f 2626 2630 2629
f 973 1666 2631
f 1667 2633 2632
f 1670 2632 2635
f 1668 2634 2633
f 1671 2635 2636
f 1672 2636 2637
f 1673 2637 2638
f 1688 2799 2634
f 1673 2638 5148
f 1675 2639 2640
f 1676 2640 2641
f 1677 2641 2642
f 1678 2642 2643
f 1679 2643 2644
f 1680 2644 2645
f 1681 2647 2646
f 1682 2648 2647
f 2807 4675 5152
f 1684 2646 2649
f 1685 2649 2650
f 1686 2650 2651
f 1683 2652 2648
f 973 2631 2196
f 2196 2631 2197
f 2197 2631 2212
f 2212 2634 2213
f 2212 2631 2633
f 2212 2633 2634
f 2631 2638 2637
f 2631 2632 2633
f 2631 2635 2632
f 2631 2636 2635
f 2631 2637 2636
f 2213 2634 2224
f 2224 2634 2225
f 2225 2634 2799
f 2631 5148 2638
f 2639 2807 2651
f 2639 2651 2640
f 2640 2650 2641
f 2641 2649 2642
f 2642 2646 2643
f 2651 2807 5152
f 2640 2651 2650
f 2641 2650 2649
f 2642 2649 2646
f 2643 2646 2647
f 2643 2647 2644
f 2644 2647 2645
f 2645 2647 2648
f 2645 2648 2652
f 1697 2808 2653
f 1698 2809 2668
f 1688 2800 2799
f 1689 2801 2800
f 1690 2802 2801
f 1691 2803 2802
f 1692 2804 2803
f 1693 2805 2804
f 1694 2806 2805
f 1695 2807 2806
f 2653 2808 2654
f 2654 2808 2655
f 2655 2808 2656
f 2656 2808 2658
f 2658 2808 2660
f 1674 2609 2639
f 1697 2875 2808
f 2662 2668 2665
f 1830 1836 2741
f 1771 2675 2673
f 1771 2739 2675
f 2665 2668 2670
f 2663 2664 2669
f 2664 2667 2671
f 2665 2670 2666
f 1836 1839 2741
f 1771 2741 2739
f 1839 2662 2741
f 2662 2665 2741
f 2666 2670 2676
f 2667 2673 2671
f 2664 2671 2669
f 2669 2671 2692
f 2671 2677 2693
f 2680 2692 2684
f 2683 2684 2693
f 2666 2676 2672
f 2665 2666 2741
f 2666 2672 2741
f 2672 2676 2678
f 2673 2675 2677
f 2672 2678 2674
f 2672 2674 2741
f 2674 2678 2743
f 2674 2743 2738
f 2675 2739 2679
f 2671 2673 2677
f 2677 2679 2714
f 2675 2679 2677
f 2679 2739 2744
f 2679 2744 2758
f 2683 2714 2686
f 2686 2716 2688
f 1844 1846 2752
f 1781 2689 2687
f 1781 2751 2689
f 1846 1849 2752
f 1849 2680 2752
f 2680 2684 2752
f 1781 2752 2751
f 2683 2752 2684
f 2683 2686 2752
f 2687 2689 2715
f 2686 2688 2752
f 2689 2751 2717
f 2688 2758 2748
f 1700 2691 2843
f 2671 2693 2692
f 2684 2692 2693
f 2683 2693 2714
f 2698 2703 2704
f 2698 2701 2699
f 2698 2704 2701
f 2701 2700 2699
f 2710 2700 2701
f 2705 2706 2696
f 2696 2706 2707
f 2705 2708 2706
f 2711 2710 2701
f 2711 2701 2702
f 2711 2724 2712
f 2724 2713 2712
f 2691 2694 2753
f 2677 2714 2693
f 2686 2714 2716
f 2679 2716 2714
f 2679 2758 2716
f 2688 2716 2758
f 2719 2720 2721
f 2757 2709 2718
f 2724 2723 2713
f 2723 2724 2726
f 2711 2702 2793
f 2711 2793 2724
f 2719 2757 2718
f 2723 2726 2795
f 2681 2682 2731
f 2682 2695 2731
f 2682 2685 2695
f 2695 2732 2731
f 2685 2687 2695
f 2732 2734 2733
f 2732 2735 2734
f 2695 2792 2732
f 2732 2736 2735
f 2687 2715 2695
f 2695 2715 2792
f 2689 2717 2715
f 2717 2751 2759
f 2715 2717 2792
f 2732 2792 2793
f 2732 2793 2736
f 2793 2702 2736
f 2793 2737 2724
f 2674 2738 2741
f 2738 2740 2742
f 2738 2742 2741
f 2738 2743 2745
f 2740 2745 2747
f 2738 2745 2740
f 2739 2741 2744
f 2740 2747 2742
f 2741 2742 2746
f 1699 2834 2809
f 2742 2747 2746
f 2741 2746 2744
f 2668 2809 2670
f 2670 2809 2676
f 2676 2809 2678
f 2678 2809 2743
f 2688 2748 2752
f 2748 2749 2750
f 2748 2750 2752
f 2748 2760 2749
f 2751 2752 2759
f 2749 2762 2750
f 2750 2761 2752
f 2748 2758 2760
f 2749 2760 2762
f 2750 2762 2761
f 2719 2721 2810
f 2721 2722 2810
f 2765 2764 2770
f 2767 2768 2766
f 2728 2782 2729
f 2782 2730 2729
f 2767 2780 2769
f 2782 2767 2766
f 2782 2766 2730
f 2771 2772 2773
f 2771 2765 2770
f 2777 2778 2779
f 2777 2779 2781
f 2767 2790 2780
f 2728 2783 2782
f 2828 2727 2725
f 2728 2727 2828
f 2723 2828 2725
f 2771 2789 2765
f 2771 2773 2791
f 2773 2774 2791
f 2771 2791 2789
f 2723 2795 2828
f 2728 2828 2783
f 2843 2691 2753
f 2761 2762 2831
f 2719 2843 2757
f 2815 2775 2776
f 2777 2815 2776
f 2767 2782 2822
f 2767 2822 2790
f 2828 2784 2783
f 2752 2761 2759
f 2717 2759 2827
f 2759 2761 2827
f 2792 2794 2793
f 2793 2794 2737
f 2792 2796 2794
f 2717 2827 2792
f 2792 2797 2796
f 2792 2798 2797
f 2761 2831 2827
f 2792 2827 2828
f 2792 2828 2798
f 2828 2795 2798
f 2828 2829 2784
f 1761 2843 2882
f 1748 2645 2869
f 1747 2868 2652
f 1749 2869 2870
f 1750 2874 2871
f 1751 2870 2872
f 1752 2872 2873
f 1753 2873 2874
f 1754 2871 2875
f 1747 2876 2868
f 1755 2877 2876
f 1756 2878 2877
f 1757 2879 2878
f 1758 2880 2879
f 1759 2881 2880
f 2882 5394 4710
f 2413 2660 2808
f 2225 2799 2605
f 2605 2802 2607
f 2605 2799 2800
f 2605 2800 2801
f 2605 2801 2802
f 2607 2802 2803
f 2607 2803 2804
f 2606 2804 2805
f 2606 2607 2804
f 2609 2805 2806
f 2609 2806 2807
f 2609 2807 2639
f 2808 2875 2809
f 2809 2875 2843
f 2743 2809 2745
f 2745 2809 2747
f 2746 2747 2809
f 2744 2746 2847
f 2843 2753 2754
f 2843 2754 2756
f 2843 2763 2757
f 2719 2810 2843
f 2843 2756 2755
f 2843 2755 2786
f 2843 2788 2763
f 2744 2847 2758
f 2758 2847 2760
f 2760 2847 2762
f 2777 2781 2862
f 2822 2821 2790
f 2777 2862 2815
f 2843 2786 2785
f 2843 2785 2787
f 2843 2787 2788
f 2843 2810 2811
f 2843 2811 2812
f 2843 2812 2814
f 2843 2814 2813
f 2819 2818 2820
f 2762 2846 2867
f 2822 2823 2821
f 2823 2825 2821
f 2823 2833 2825
f 2816 2817 2860
f 2833 2840 2825
f 2762 2867 2831
f 2827 2829 2828
f 2827 2831 2830
f 2827 2830 2829
f 2831 2832 2830
f 2831 2833 2832
f 2746 2809 2847
f 2808 2809 2834
f 2843 2813 2819
f 2843 2819 2820
f 2843 2820 2836
f 2843 2836 2835
f 2843 2835 2838
f 2762 2847 2846
f 2859 2824 2816
f 2862 2781 2866
f 2862 2839 2815
f 2840 2826 2825
f 2841 2840 2833
f 2859 2816 2860
f 2841 2867 2842
f 2841 2842 2840
f 2843 2838 2837
f 2843 2837 2845
f 2843 2845 2844
f 2843 2844 2849
f 2809 2843 2847
f 2843 2849 2848
f 2843 2848 2853
f 2843 2857 2847
f 2843 2853 2852
f 2843 2852 2855
f 2843 2855 2854
f 2843 2854 2856
f 2843 2856 2857
f 2847 2857 2858
f 2846 2847 2862
f 2859 2863 2824
f 2867 2850 2842
f 2867 2851 2850
f 2846 2859 2867
f 2859 2860 2867
f 2867 2860 2851
f 2862 2861 2839
f 2846 2863 2859
f 2847 2858 2861
f 2846 2862 2866
f 2846 2866 2865
f 2847 2861 2862
f 2846 2864 2863
f 2846 2865 2864
f 2841 2833 2831
f 2831 2867 2841
f 2645 2652 2869
f 2843 2875 2882
f 2652 2868 2869
f 2868 2870 2869
f 2868 2872 2870
f 2872 2877 2873
f 2868 2876 2872
f 2872 2876 2877
f 2873 2877 2878
f 2871 2882 2875
f 2871 2874 2882
f 2873 2882 2874
f 2873 2878 2882
f 2878 2879 2882
f 2879 2880 2882
f 2880 2881 5383
f 2880 5383 2882
f 2882 5383 5390
f 2882 5390 5391
f 2882 5391 5392
f 2882 5392 5394
f 235 237 2883
f 237 238 2883
f 238 239 2883
f 239 246 2883
f 246 2885 2883
f 246 2884 2885
f 2883 2885 2886
f 2883 2886 2887
f 2883 2887 2892
f 2883 2892 2891
f 2883 2891 2894
f 2883 2894 2890
f 2887 2888 2892
f 2888 2889 2893
f 2889 2897 2893
f 2888 2893 2892
f 2893 2897 2895
f 2895 2897 2896
f 2896 2897 3048
f 2883 2890 2906
f 2896 3048 3055
f 2898 2907 2905
f 2898 2912 2907
f 2898 2913 2912
f 2899 2904 2900
f 2900 2905 2907
f 2900 2904 2905
f 2899 2901 2906
f 2906 2901 2902
f 2906 2902 2903
f 2899 2906 2904
f 2906 2903 2908
f 2904 2906 2921
f 2906 2908 2909
f 2906 2909 2910
f 2899 2900 2955
f 2899 2939 2901
f 2940 2908 2903
f 2904 2973 2905
f 2906 2910 2916
f 2906 2916 2917
f 2906 2917 2918
f 2911 2921 2922
f 2904 2921 2985
f 2912 2913 2914
f 2913 2915 2914
f 2913 2934 2915
f 2912 2914 2938
f 2934 2932 2915
f 2898 2973 2913
f 2900 2907 2953
f 2899 2919 2920
f 2899 2920 2939
f 2899 2955 2919
f 2898 2905 2973
f 2910 2941 2916
f 2906 2918 2941
f 2907 2912 2953
f 2900 2952 2951
f 2900 2948 2955
f 2900 2951 2948
f 2953 2952 2900
f 2940 2962 2908
f 2906 2941 2967
f 2906 2965 2942
f 2904 2975 2973
f 2904 2977 2975
f 2962 2941 2910
f 2906 2967 2965
f 2904 2987 2977
f 2906 2942 2944
f 2906 2944 2943
f 2906 2943 2972
f 2906 2972 2978
f 2904 2985 2987
f 2921 2984 2985
f 2921 2986 2984
f 2921 2988 2986
f 2890 2921 2906
f 2890 2922 2921
f 2923 3087 3061
f 2923 2924 3087
f 2924 2925 3087
f 2926 3089 3090
f 2925 2926 3090
f 2926 2927 3089
f 2927 2928 3089
f 2928 2929 3091
f 2929 2930 3091
f 2930 2931 3091
f 2928 3091 3089
f 2931 3429 3091
f 235 2883 3867
f 2884 3868 2885
f 2885 3869 2886
f 2886 3870 2887
f 2887 3871 2888
f 2888 3872 2889
f 2889 3873 2897
f 2890 2894 3878
f 2891 3875 2894
f 2891 2892 3876
f 2892 2893 3877
f 2893 2895 3879
f 2895 2896 3880
f 2897 3912 3048
f 2890 3874 2922
f 2896 3055 3919
f 2934 2933 2932
f 2934 2935 2933
f 2913 2974 2934
f 2933 2935 3000
f 2934 2937 2935
f 2934 3004 2937
f 2937 2936 2935
f 2934 2974 2976
f 2934 2976 3004
f 2974 2980 2976
f 2912 2938 2960
f 2912 2950 2953
f 2912 2958 2950
f 2960 2958 2912
f 2957 2956 2919
f 2955 2957 2919
f 2913 2973 2974
f 2944 2970 2943
f 2906 2978 3749
f 2938 2945 2947
f 2938 2947 2949
f 2967 2941 2962
f 2967 2940 2946
f 2967 2962 2940
f 2965 2966 2942
f 2933 3000 3002
f 2960 2938 2949
f 2953 2954 2952
f 2960 2949 2959
f 2960 2959 2961
f 2964 2946 2963
f 2967 2946 2964
f 2967 2968 2965
f 2965 2969 2966
f 2943 2971 2972
f 2973 2979 2974
f 2973 2975 2981
f 2975 2977 2982
f 2973 2981 2979
f 2975 2982 2981
f 2979 2981 2980
f 2974 2979 2980
f 2977 2983 2982
f 2980 2981 3016
f 2921 3023 2988
f 2921 3025 3023
f 2921 3034 3025
f 2921 3779 3034
f 2984 2990 2985
f 2985 2992 2987
f 2911 3901 2921
f 2984 2989 2990
f 2986 2991 2989
f 2985 2990 2992
f 2988 2993 2991
f 2984 2986 2989
f 2986 2988 2991
f 2989 2992 2990
f 2989 2991 2992
f 2991 3026 2992
f 2937 2994 2936
f 2937 2996 2994
f 2937 2998 2997
f 2937 2997 2996
f 2994 2996 2995
f 2937 3004 3006
f 2976 3016 3004
f 2937 3006 3014
f 3004 3018 3006
f 3006 3018 3020
f 2937 3739 2998
f 2937 3014 3740
f 2937 3740 3739
f 3739 2999 2998
f 3739 3745 2999
f 3006 3020 3014
f 3014 3741 3740
f 3014 3020 3770
f 3014 3770 3741
f 3002 3000 3001
f 3002 3001 3003
f 2977 3005 2983
f 3005 3007 3017
f 2977 3022 3005
f 3005 3022 3007
f 2978 3008 3009
f 2978 3009 3011
f 3007 3015 3019
f 3007 3024 3015
f 2906 3749 3830
f 3745 3010 2999
f 3011 3012 3013
f 3749 3011 3013
f 3749 2978 3011
f 3015 3756 3021
f 3015 3033 3756
f 2906 3830 3838
f 2976 2980 3016
f 2981 3018 3016
f 3004 3016 3018
f 2981 3020 3018
f 2981 3770 3020
f 2981 3772 3770
f 2981 2982 3844
f 2982 2983 3844
f 2981 3774 3772
f 2983 3017 3844
f 3017 3019 3844
f 2983 3005 3017
f 3007 3019 3017
f 2977 2987 3022
f 2987 3026 3022
f 3022 3027 3024
f 3007 3022 3024
f 3024 3030 3033
f 2987 2992 3026
f 3022 3026 3027
f 2988 3023 2993
f 2991 3027 3026
f 2993 3023 3028
f 2991 3029 3027
f 2991 3030 3029
f 3023 3031 3028
f 3024 3027 3029
f 3024 3029 3030
f 3023 3025 3031
f 2991 3035 3030
f 2991 3036 3035
f 3025 3032 3031
f 3025 3037 3032
f 3015 3021 3019
f 3021 3756 3771
f 3015 3024 3033
f 3033 3778 3756
f 3033 3036 3778
f 3030 3035 3033
f 3033 3035 3036
f 3025 3034 3037
f 2991 3782 3036
f 2991 3783 3782
f 2991 3785 3783
f 2991 2993 3856
f 3034 3038 3037
f 3036 3782 3778
f 3034 3779 3039
f 2991 3786 3785
f 2993 3028 3856
f 2991 3793 3786
f 3028 3031 3856
f 3031 3032 3856
f 3034 3039 3038
f 3039 3779 3784
f 2883 2906 3899
f 2922 3040 3249
f 2922 3043 3041
f 2922 3041 3040
f 2922 3045 3043
f 2922 3046 3045
f 2922 3047 3046
f 2922 3858 3047
f 2923 3903 2924
f 2924 3904 2925
f 2925 3905 2926
f 2926 3906 2927
f 2927 3907 2928
f 2928 3908 2929
f 2929 3909 2930
f 2930 3910 2931
f 3061 3087 4267
f 3048 3052 3055
f 3052 3053 3055
f 3053 3056 3055
f 3053 3057 3056
f 3053 3054 3057
f 3051 3058 3054
f 3050 3059 3051
f 3049 3060 3050
f 473 2923 3049
f 3054 3058 3057
f 3051 3059 3058
f 3050 3060 3059
f 3049 3061 3060
f 2923 3061 3049
f 477 3069 3062
f 2931 3066 3429
f 3066 3430 3429
f 3066 3441 3430
f 3063 3069 3064
f 3064 3069 3065
f 3065 3069 3068
f 3067 3068 3069
f 3062 3069 3063
f 3066 3067 3442
f 3067 3069 3442
f 3066 3442 3441
f 3069 3457 3442
f 3069 3458 3457
f 3069 4686 3458
f 3048 3912 3052
f 3049 3050 3914
f 3051 3054 3918
f 3050 3051 3915
f 477 3062 988
f 3052 3916 3053
f 3053 3917 3054
f 3055 3056 3920
f 3056 3057 3921
f 3057 3058 3922
f 3058 3059 3923
f 3059 3060 3924
f 3060 3061 3925
f 473 3903 2923
f 462 3933 3069
f 2931 3930 3066
f 3062 3063 3927
f 3063 3064 3928
f 3064 3065 3929
f 3066 3930 3067
f 3065 3068 3932
f 3067 3931 3068
f 3070 3074 3071
f 3070 3072 3073
f 3070 3071 3072
f 3073 3075 3074
f 3070 3073 3074
f 3071 3081 3072
f 3072 3076 3079
f 3072 3081 3076
f 3074 3075 3083
f 3075 3084 3083
f 3072 3164 3073
f 3072 3079 3085
f 3076 3081 3077
f 3076 3077 3078
f 3076 3078 3079
f 3078 3080 3079
f 3079 3080 3085
f 3080 3086 3085
f 3071 3098 3081
f 3077 3081 3082
f 3081 3098 3082
f 3082 3098 3117
f 3071 3177 3098
f 3077 3082 3190
f 3071 3074 3159
f 3083 3084 3149
f 3073 3164 3075
f 3072 3085 3151
f 3074 3083 3159
f 3075 3165 3084
f 3084 3150 3149
f 3083 3149 3157
f 3072 3151 3168
f 3072 3166 3164
f 3072 3168 3166
f 3071 3159 3178
f 3071 3178 3177
f 3077 3187 3078
f 3085 3086 3151
f 3078 3231 3080
f 3086 3185 3151
f 3080 3231 3086
f 3077 3189 3187
f 3077 3188 3189
f 3077 3190 3188
f 3098 3177 3180
f 3098 3180 3183
f 3082 3196 3190
f 2911 2922 3088
f 2922 3087 3088
f 3087 3093 3088
f 3088 3093 3095
f 2922 3104 3087
f 2911 3088 3106
f 2925 3090 3087
f 3087 3090 3092
f 3087 3092 3093
f 3088 3095 3094
f 3088 3094 3098
f 3094 3096 3098
f 3096 3097 3098
f 3097 3099 3098
f 3098 3099 3100
f 3098 3100 3101
f 3098 3101 3102
f 3098 3102 3103
f 3098 3103 3472
f 3103 3448 3472
f 2911 3107 3110
f 2922 3105 3104
f 2922 3109 3105
f 2911 3106 3107
f 2922 3245 3109
f 2911 3110 3246
f 3087 3104 3111
f 3087 3111 3112
f 3087 3112 3247
f 3088 3108 3106
f 3088 3113 3108
f 3088 3248 3113
f 2922 3249 3245
f 3104 3105 3107
f 3104 3106 3111
f 3104 3107 3106
f 3106 3108 3111
f 2911 3246 3253
f 3105 3109 3110
f 3105 3110 3107
f 3108 3113 3112
f 3087 3247 3251
f 3108 3112 3111
f 3088 3252 3248
f 3082 3115 3116
f 3082 3116 3119
f 3082 3119 3120
f 3082 3114 3115
f 3082 3117 3114
f 3114 3117 3118
f 3082 3120 3122
f 3120 3121 3122
f 3082 3122 3298
f 3121 3123 3122
f 3122 3123 3124
f 3123 3125 3124
f 3124 3125 3126
f 3125 3127 3126
f 3121 3302 3123
f 3122 3124 3295
f 3123 3299 3125
f 3126 3127 3128
f 3127 3129 3128
f 3124 3126 3295
f 3125 3301 3127
f 3128 3129 3293
f 3122 3295 3296
f 3122 3296 3298
f 3123 3300 3299
f 3123 3302 3300
f 3125 3299 3301
f 3126 3128 3295
f 3127 3304 3129
f 3129 3294 3293
f 3098 3472 3117
f 3132 3134 3133
f 3131 3483 3132
f 3132 3487 3134
f 3130 3493 3131
f 3130 3138 3517
f 3133 3134 3135
f 3134 3136 3135
f 3134 3511 3136
f 3135 3136 3137
f 3136 3141 3137
f 3136 3142 3141
f 3136 3518 3142
f 3138 3139 3140
f 3138 3140 3517
f 3139 3146 3140
f 3132 3133 3358
f 3142 3518 3143
f 3144 3147 3145
f 3144 3145 3319
f 3144 3319 3603
f 3140 3146 3147
f 3140 3144 3523
f 3133 3135 3358
f 3130 3131 3383
f 3131 3132 3383
f 3140 3147 3144
f 3138 3372 3139
f 3130 3385 3138
f 3135 3137 3358
f 3143 3524 3148
f 3137 3141 3361
f 3141 3142 3361
f 3139 3372 3146
f 3146 3378 3147
f 3142 3143 3387
f 3143 3148 3387
f 3148 3665 3352
f 3084 3167 3150
f 3149 3150 3152
f 3083 3157 3159
f 3075 3164 3165
f 3084 3165 3167
f 3149 3152 3160
f 3150 3155 3152
f 3149 3158 3157
f 3149 3160 3158
f 3150 3205 3155
f 3150 3167 3205
f 3153 3160 3154
f 3153 3156 3158
f 3156 3157 3158
f 3156 3161 3157
f 3157 3161 3159
f 3153 3162 3156
f 3156 3162 3161
f 3153 3158 3160
f 3159 3161 3162
f 3159 3162 3163
f 3153 3201 3162
f 3164 3169 3165
f 3164 3166 3171
f 3165 3170 3167
f 3166 3168 3173
f 3165 3169 3170
f 3167 3170 3172
f 3164 3171 3169
f 3166 3173 3171
f 3151 3206 3168
f 3151 3174 3206
f 3159 3163 3178
f 3163 3182 3178
f 2911 3253 3266
f 2911 3266 3270
f 2911 3270 3271
f 2911 3271 3275
f 2911 3275 4047
f 3175 3176 3178
f 3176 3177 3178
f 3176 3179 3177
f 3177 3179 3180
f 3175 3184 3176
f 3176 3184 3179
f 3175 3182 3181
f 3175 3178 3182
f 3179 3184 3180
f 3180 3184 3183
f 3175 3223 3184
f 3086 3233 3185
f 3078 3187 3231
f 3151 3185 3174
f 3174 3185 3186
f 3086 3231 3233
f 3185 3235 3186
f 3188 3191 3189
f 3187 3192 3193
f 3187 3189 3192
f 3098 3183 3224
f 3098 3224 3238
f 3098 3238 3242
f 3082 3240 3196
f 3082 3241 3240
f 3082 3244 3241
f 3191 3194 3192
f 3192 3194 3193
f 3193 3194 3195
f 3189 3191 3192
f 3188 3194 3191
f 3188 3190 3194
f 3190 3195 3194
f 3190 3196 3195
f 3098 3242 3990
f 3082 3994 3244
f 3152 3198 3160
f 3154 3160 3198
f 3154 3198 3197
f 3152 3199 3198
f 3197 3198 3199
f 3155 3205 3209
f 3152 3155 3934
f 3152 3213 3199
f 3197 3199 3200
f 3199 3213 3200
f 3155 3209 3217
f 3162 3201 3163
f 3163 3201 3202
f 3153 3203 3201
f 3201 3203 3202
f 3153 3215 3203
f 3202 3203 3204
f 3203 3215 3204
f 3167 3172 3205
f 3172 3207 3205
f 3205 3207 3209
f 3168 3208 3173
f 3168 3206 3208
f 3206 3212 3208
f 3207 3211 3209
f 3209 3211 3217
f 3206 3210 3212
f 3210 3220 3212
f 3163 3202 3182
f 3202 3204 3222
f 3174 3210 3206
f 3182 3202 3222
f 3204 3216 3225
f 3204 3225 3222
f 3174 3218 3210
f 3174 3186 3952
f 3152 3934 3213
f 3155 3937 3934
f 3200 3213 3214
f 3153 3154 4009
f 3155 3217 3937
f 3213 3936 3214
f 3154 3197 4009
f 3213 3934 3936
f 3214 3936 3935
f 3197 3200 4009
f 3217 3944 3937
f 3153 3940 3215
f 3204 3215 3216
f 3153 3942 3940
f 3215 3940 3216
f 3153 3957 3942
f 3216 3940 3941
f 3211 3219 3217
f 3169 4022 3170
f 3169 3171 4021
f 3170 4020 3172
f 3172 4019 3207
f 3210 3218 3220
f 3171 3173 4023
f 3173 3208 3968
f 3208 3212 3964
f 3217 3219 3944
f 3219 3946 3944
f 3207 3967 3211
f 3211 3963 3219
f 3218 3947 3220
f 3212 3220 3951
f 3218 3945 3947
f 3216 3229 3225
f 3174 3952 3218
f 3216 3941 3229
f 3229 3941 3970
f 3218 3952 3945
f 3181 3182 3222
f 3181 3222 3221
f 3221 3222 3225
f 3183 3184 3223
f 3183 3223 3224
f 3175 3227 3223
f 3223 3227 3224
f 3221 3225 3226
f 3225 3229 3226
f 3175 3230 3227
f 3224 3227 3238
f 3227 3230 3238
f 3226 3229 3228
f 3175 3181 4032
f 3175 3971 3230
f 3175 3974 3971
f 3228 3229 3970
f 3181 3221 4032
f 3228 3970 3969
f 3221 3226 4032
f 3230 3971 3242
f 3175 3977 3974
f 3193 3236 3231
f 3185 3233 3235
f 3187 3193 3231
f 3231 3236 3233
f 3232 3233 3236
f 3232 3235 3233
f 3186 3982 3952
f 3186 3984 3982
f 3186 3235 3984
f 3232 3234 3235
f 3234 3983 3984
f 3234 3984 3235
f 3193 3195 3236
f 3195 3237 3236
f 3232 3236 3237
f 3195 3196 3237
f 3196 3240 3237
f 3237 3240 3239
f 3232 3239 3234
f 3232 3237 3239
f 3239 3241 3243
f 3239 3240 3241
f 3230 3242 3238
f 3234 3239 3243
f 3234 3243 3983
f 3242 3971 3990
f 3243 3244 3991
f 3243 3991 3983
f 3241 3244 3243
f 3244 3994 3991
f 3109 3245 3246
f 3109 3246 3110
f 3245 3250 3246
f 3112 3113 3247
f 3113 3248 3247
f 3087 3251 3260
f 3247 3248 3251
f 3088 3265 3252
f 3088 3283 3265
f 3088 3285 3283
f 3088 3287 3285
f 3087 3260 3261
f 3087 3261 3280
f 3087 3280 3288
f 3087 3288 3289
f 3245 3249 3250
f 3249 3257 3250
f 3246 3250 3253
f 3251 3252 3258
f 3248 3252 3251
f 3087 3289 3292
f 3087 3292 4074
f 3088 3291 3287
f 3088 4071 3291
f 3090 4270 3092
f 3089 4269 3090
f 3089 3091 4271
f 3092 4272 3093
f 3091 3429 4271
f 3093 4275 3095
f 3094 4274 3096
f 3094 3095 4275
f 3096 4276 3097
f 3097 4277 3099
f 3088 3098 4278
f 3099 4279 3100
f 3100 4280 3101
f 3101 4281 3102
f 3102 4282 3103
f 3042 3256 3249
f 3250 3257 3255
f 3249 3256 3257
f 3040 3042 3249
f 3250 3254 3253
f 3250 3255 3254
f 3040 3253 3254
f 3040 3041 3253
f 3040 3254 3042
f 3042 3044 3256
f 3042 3254 3255
f 3255 3257 3267
f 3251 3258 3259
f 3251 3259 3260
f 3258 3277 3259
f 3252 3262 3258
f 3252 3264 3262
f 3252 3263 3264
f 3252 3265 3263
f 3259 3264 3260
f 3260 3263 3261
f 3260 3264 3263
f 3261 3263 3265
f 3262 3264 3282
f 3041 3266 3253
f 3043 3045 3270
f 3043 3270 3266
f 3042 3255 3044
f 3041 3043 3266
f 3044 3268 3256
f 3256 3268 3269
f 3044 3267 3268
f 3044 3255 3267
f 3257 3272 3267
f 3267 3272 3268
f 3257 3273 3272
f 3256 4053 3257
f 3045 3271 3270
f 3045 3046 3271
f 3268 3272 3269
f 3256 3269 4052
f 3269 3272 3273
f 3257 4053 3273
f 3046 3275 3271
f 3046 3047 3275
f 3269 3273 3274
f 3269 3274 4052
f 3256 4052 4053
f 3273 3276 3274
f 3273 4053 3276
f 3047 4047 3275
f 3047 3858 4047
f 3274 3276 4046
f 3274 4046 4052
f 3276 4048 4046
f 3276 4053 4048
f 3258 3278 3277
f 3258 3279 3278
f 3258 3262 4062
f 3258 4062 3279
f 3279 4062 3281
f 3281 4062 4063
f 3261 3265 3280
f 3259 3277 3282
f 3259 3282 3264
f 3277 3278 3284
f 3277 3284 3282
f 3262 3282 3284
f 3265 3283 3280
f 3262 3284 3286
f 3283 3285 3288
f 3262 3286 4069
f 3278 3286 3284
f 3278 3279 3286
f 3285 3287 3289
f 3280 3283 3288
f 3285 3289 3288
f 3262 4069 4062
f 3279 3290 3286
f 3279 3281 3290
f 3286 3290 4069
f 3287 3291 3292
f 3281 4070 3290
f 3281 4063 4070
f 3290 4070 4069
f 3287 3292 3289
f 3291 4074 3292
f 3291 4071 4074
f 3082 3298 3307
f 3082 3307 3309
f 3082 3309 3315
f 3115 4289 3116
f 3114 4288 3115
f 3116 4290 3119
f 3114 3118 4292
f 3117 4292 3118
f 3119 4293 3120
f 3120 4294 3121
f 3082 3315 4105
f 3121 3308 3302
f 3121 3310 3308
f 3121 3316 3310
f 3128 3293 3297
f 3127 3301 3304
f 3129 3312 3294
f 3128 3297 3295
f 3129 3304 3312
f 3293 3294 3305
f 3121 4106 3316
f 3295 3299 3296
f 3296 3299 3300
f 3295 3297 3301
f 3295 3301 3299
f 3296 3300 3298
f 3298 3300 3302
f 3297 3304 3301
f 3293 3303 3297
f 3293 3311 3303
f 3293 3305 3311
f 3294 3306 3305
f 3294 3312 3314
f 3297 3303 3304
f 3294 3314 3306
f 3298 3302 3307
f 3302 3308 3307
f 3307 3308 3309
f 3308 3310 3309
f 3309 3310 3315
f 3305 3313 3311
f 3303 3312 3304
f 3303 3311 3312
f 3311 3314 3312
f 3305 3317 3313
f 3311 3313 3314
f 3306 3314 3318
f 3313 3318 3314
f 3305 3306 4111
f 3310 3316 3315
f 3315 3316 4105
f 3316 4106 4105
f 3313 3317 3318
f 3305 4111 3317
f 3306 3318 4112
f 3306 4112 4111
f 3317 4111 4109
f 3317 4110 3318
f 3317 4109 4110
f 3318 4110 4112
f 3319 3320 3603
f 3117 3472 4598
f 3320 3371 3604
f 3145 3147 3378
f 3321 3322 3323
f 3322 3324 3323
f 3321 3325 3322
f 3322 3325 3326
f 3321 3323 3327
f 3321 3327 3325
f 3323 3324 3329
f 3322 3326 3324
f 3324 3326 3328
f 3323 3329 3337
f 3324 3328 3329
f 3328 3330 3329
f 3323 3337 3339
f 3329 3330 3337
f 3325 3327 3340
f 3325 3340 3326
f 3326 3340 3328
f 3328 3340 3330
f 3132 3358 3383
f 3323 3342 3327
f 3145 3378 3319
f 3146 3372 3378
f 3330 3338 3337
f 3337 3338 3339
f 3338 3340 3339
f 3330 3340 3338
f 3138 3385 3372
f 3130 3383 3385
f 3137 3361 3358
f 3327 3342 3346
f 3342 3344 3343
f 3342 3345 3344
f 3342 3343 3347
f 3342 3347 3346
f 3343 3348 3347
f 3343 3344 3348
f 3342 3350 3345
f 3344 3349 3348
f 3344 3345 3349
f 3346 3347 3348
f 3346 3348 3349
f 3346 3349 3351
f 3323 3356 3342
f 3342 3354 3350
f 3345 3351 3349
f 3345 3350 3351
f 3342 3356 3354
f 3350 3355 3351
f 3346 3351 3355
f 3346 3355 3357
f 3352 3665 3370
f 3142 3387 3361
f 3350 3354 3355
f 3354 3357 3355
f 3354 3356 3357
f 3352 3370 3353
f 3148 3352 3420
f 3319 3400 3320
f 3319 3378 3400
f 3358 3361 3359
f 3359 3361 3360
f 3360 3361 3362
f 3361 3363 3366
f 3361 3364 3362
f 3361 3365 3364
f 3361 3366 3367
f 3361 3367 3368
f 3361 3368 3365
f 3352 3353 3414
f 3353 3370 3369
f 3148 3420 3387
f 3353 3369 3414
f 3369 3370 3389
f 3370 3680 3389
f 3371 4135 4404
f 3320 3400 3371
f 3372 3373 3374
f 3372 3374 3375
f 3358 3359 3383
f 3359 3360 3384
f 3360 3362 3386
f 3361 3387 3363
f 3372 3375 3376
f 3372 3376 3377
f 3372 3379 3378
f 3372 3380 3381
f 3372 3381 3379
f 3372 3377 3382
f 3372 3382 3380
f 3372 3385 3373
f 3373 3390 3374
f 3362 3364 3391
f 3363 3392 3366
f 3366 3394 3367
f 3364 3365 3393
f 3365 3368 3398
f 3367 3399 3368
f 3359 3384 3383
f 3339 3340 4213
f 3374 3395 3375
f 3375 3396 3376
f 3376 3404 3377
f 3373 3385 3390
f 3360 3386 3384
f 3363 3387 3392
f 3362 3391 3386
f 3364 3393 3391
f 3366 3392 3394
f 3365 3397 3393
f 3367 3394 3399
f 3365 3398 3397
f 3368 3399 3398
f 3378 3379 3400
f 3377 3406 3382
f 3380 3403 3381
f 3379 3381 3401
f 3380 3382 3402
f 3374 3390 3395
f 3375 3395 3396
f 3376 3396 3404
f 3383 3384 3385
f 3384 3390 3385
f 3384 3386 3390
f 3323 3339 4224
f 3331 4306 3332
f 3332 4307 3333
f 3333 4308 3334
f 3334 4309 3335
f 3335 4310 3336
f 3336 4311 3341
f 3327 4314 3340
f 3352 3414 3420
f 3327 3346 4225
f 3369 3389 3388
f 3369 3388 3414
f 3323 4224 3356
f 3341 4312 3649
f 3346 3357 4225
f 3356 4224 3357
f 3388 3389 3428
f 3371 3400 4139
f 3377 3404 3405
f 3377 3405 3406
f 3379 3401 3400
f 3381 3403 3401
f 3382 3406 3402
f 3380 3402 3403
f 3386 3395 3390
f 3386 3391 3395
f 3391 3393 3396
f 3391 3396 3395
f 3393 3397 3404
f 3393 3404 3396
f 3387 3420 3392
f 3392 3407 3394
f 3394 3408 3399
f 3397 3405 3404
f 3398 3399 3409
f 3392 3420 3407
f 3397 3398 3410
f 3394 3407 3408
f 3397 3411 3405
f 3399 3408 3409
f 3398 3409 3410
f 3371 4139 4135
f 3400 3401 4139
f 3401 3403 4140
f 3402 3406 4143
f 3402 4142 3403
f 3397 3410 3411
f 3405 4144 3406
f 3401 4140 4139
f 3403 4141 4140
f 3403 4142 4141
f 3402 4143 4142
f 3406 4144 4143
f 3405 3411 4144
f 3414 3415 3420
f 3388 3425 3414
f 3414 3425 3415
f 3415 3425 3416
f 3416 3425 3417
f 3417 3425 3418
f 3418 3425 3419
f 3407 3415 3416
f 3407 3420 3415
f 3408 3416 3417
f 3407 3416 3408
f 3409 3417 3418
f 3408 3417 3409
f 3410 3418 3419
f 3388 3428 3425
f 3389 4178 3428
f 3419 3425 3421
f 3421 3425 3422
f 3422 3425 3423
f 3423 3425 3424
f 3409 3418 3410
f 3412 3419 3421
f 3410 3419 3411
f 3411 3419 3412
f 3413 3421 3422
f 3422 3423 3426
f 3412 3421 3413
f 3423 3424 3427
f 3413 3422 3426
f 3423 3427 3426
f 3424 3425 4177
f 3424 4177 3427
f 3425 4178 4177
f 3425 3428 4178
f 3389 4405 4178
f 3430 3441 3431
f 3431 3432 3433
f 3431 3441 3432
f 3433 3438 3434
f 3434 3439 3435
f 3435 3440 3436
f 3432 3437 3433
f 3433 3437 3438
f 3434 3438 3439
f 3435 3439 3440
f 3436 3440 3445
f 3436 3445 3443
f 3443 3446 3444
f 3444 3452 3451
f 3443 3445 3446
f 3444 3446 3452
f 3448 3449 3473
f 3447 3451 3453
f 3447 3454 3450
f 3449 3450 3455
f 3451 3452 3453
f 3447 3453 3454
f 3450 3454 3455
f 3449 3455 3474
f 3455 3456 3479
f 3457 3458 3459
f 3457 3459 3462
f 3458 3465 3461
f 3456 3460 3527
f 3456 3459 3460
f 3458 3461 3459
f 3459 3461 3460
f 3457 3462 3463
f 3457 3463 3464
f 3457 3464 3547
f 3458 3466 3465
f 3458 3467 3466
f 3458 3548 3467
f 3457 3547 3549
f 3458 3550 3548
f 3462 3465 3463
f 3462 3468 3470
f 3463 3466 3464
f 3463 3465 3466
f 3462 3470 3465
f 3464 3466 3467
f 3459 3468 3462
f 3459 3469 3468
f 3459 3551 3469
f 3461 3465 3470
f 3461 3470 3471
f 3461 3471 3552
f 3459 3553 3551
f 3468 3469 3471
f 3468 3471 3470
f 3461 3552 3586
f 3448 3473 3472
f 3449 3474 3473
f 3455 3479 3474
f 3474 3479 3475
f 3475 3479 3476
f 3476 3479 3477
f 3477 3479 3478
f 3478 3479 3520
f 3456 3527 3479
f 3131 3480 3483
f 3131 3482 3480
f 3131 3481 3482
f 3131 3492 3481
f 3131 3493 3492
f 3132 3483 3484
f 3132 3484 3485
f 3132 3485 3486
f 3132 3486 3487
f 3134 3487 3488
f 3130 3494 3493
f 3130 3504 3494
f 3490 3496 3504
f 3494 3504 3495
f 3495 3504 3496
f 3490 3504 3491
f 3489 3491 3504
f 3489 3504 3503
f 3497 3503 3498
f 3489 3503 3497
f 3498 3503 3499
f 3499 3503 3500
f 3500 3503 3501
f 3501 3503 3502
f 3502 3503 3515
f 3130 3517 3504
f 3478 3520 3505
f 3505 3520 3516
f 3134 3488 3506
f 3134 3506 3507
f 3134 3507 3510
f 3134 3510 3511
f 3136 3511 3512
f 3136 3512 3515
f 3502 3515 3508
f 3508 3515 3509
f 3509 3515 3514
f 3512 3513 3515
f 3513 3514 3515
f 3136 3515 3518
f 3516 3520 3521
f 3516 3521 3519
f 3519 3521 3522
f 3480 3614 3483
f 3481 3615 3482
f 3481 3492 3613
f 3480 3482 3615
f 3483 3616 3484
f 3484 3617 3485
f 3485 3617 3486
f 3486 3618 3487
f 3487 3619 3488
f 3489 3497 3625
f 3492 3493 3620
f 3495 3496 3622
f 3493 3494 3621
f 3494 3495 3621
f 3490 3491 3624
f 3490 3623 3496
f 3489 3624 3491
f 3503 3504 3626
f 3497 3498 3627
f 3498 3499 3628
f 3499 3500 3628
f 3500 3501 3629
f 3501 3502 3630
f 3140 3523 3517
f 3504 3517 3607
f 3478 3505 3633
f 3488 3652 3506
f 3506 3652 3507
f 3507 3653 3510
f 3510 3654 3511
f 3513 3656 3514
f 3511 3655 3512
f 3512 3655 3513
f 3502 3508 3657
f 3508 3509 3657
f 3509 3514 3658
f 3503 3659 3515
f 3515 3660 3518
f 3143 3518 3524
f 3505 3516 3672
f 3519 3522 3525
f 3516 3519 3672
f 3522 3526 3525
f 3520 3522 3521
f 3520 3526 3522
f 3144 3603 3523
f 3517 3523 3606
f 3480 3615 3614
f 3481 3613 3615
f 3483 3614 3616
f 3484 3616 3617
f 3486 3617 3618
f 3487 3618 3619
f 3488 3619 3652
f 3492 3620 3613
f 3493 3621 3620
f 3495 3622 3621
f 3496 3623 3622
f 3489 3625 3624
f 3490 3624 3623
f 3497 3627 3625
f 3498 3628 3627
f 3500 3629 3628
f 3502 3657 3630
f 3501 3630 3629
f 3503 3626 3659
f 3504 3607 3626
f 3478 3633 3634
f 3478 3634 3636
f 3478 3636 3637
f 3478 3637 3647
f 3505 3635 3633
f 3505 3672 3635
f 3507 3652 3653
f 3510 3653 3654
f 3511 3654 3655
f 3513 3655 3656
f 3514 3656 3658
f 3509 3658 3657
f 3518 3662 3524
f 3515 3659 3660
f 3519 3525 3673
f 3525 3526 3677
f 3517 3605 3607
f 3517 3606 3605
f 3523 3603 3609
f 3523 3608 3606
f 3523 3609 3608
f 3478 3647 3648
f 3518 3660 3661
f 3518 3661 3662
f 3148 3524 3665
f 3524 3662 3663
f 3524 3663 3664
f 3524 3664 3665
f 3519 3673 3672
f 3525 3674 3673
f 3526 3682 3677
f 3525 3675 3674
f 3525 3676 3675
f 3525 3677 3676
f 3520 3682 3526
f 3520 3683 3682
f 3527 3530 3528
f 3527 3528 3532
f 3527 3532 3535
f 3527 3535 3536
f 3527 3536 3543
f 3527 3543 3541
f 3460 3538 3527
f 3460 3689 3538
f 3527 3529 3530
f 3531 3533 3545
f 3527 3538 3529
f 3538 3531 3529
f 3538 3533 3531
f 3538 3534 3533
f 3538 3539 3534
f 3539 3537 3534
f 3539 3540 3537
f 3538 3702 3539
f 3540 3544 3537
f 3540 3546 3544
f 3527 3541 3542
f 3527 3542 3684
f 3527 3684 3685
f 3527 3685 3686
f 3460 3688 3687
f 3460 3690 3688
f 3460 3687 3689
f 3538 3689 3691
f 3531 3545 3699
f 3539 3702 3540
f 3546 3697 3544
f 3538 3691 3705
f 3538 3703 3702
f 3538 3705 3703
f 3540 3702 3546
f 3546 3701 3697
f 3429 3430 4499
f 3430 3431 4500
f 3432 4501 3437
f 3431 3433 4502
f 3433 3434 4503
f 3434 3435 4504
f 3435 3436 4505
f 3437 4506 3438
f 3438 4507 3439
f 3439 4508 3440
f 3436 3443 4505
f 3440 4509 3445
f 3432 3441 4510
f 3441 3442 4511
f 3443 3444 4513
f 3444 3451 4520
f 3445 4514 3446
f 3446 4515 3452
f 3103 4517 3448
f 3448 4517 3449
f 3447 3450 4519
f 3449 4518 3450
f 3447 4516 3451
f 3452 4521 3453
f 3453 4522 3454
f 3454 4523 3455
f 3455 4524 3456
f 3456 4525 3459
f 3442 3457 4536
f 3457 3549 3556
f 3457 3556 3555
f 3457 3555 3563
f 3457 3563 3565
f 3457 3565 3566
f 3458 3558 3550
f 3458 3571 3558
f 3458 3573 3571
f 3458 3574 3573
f 3464 3467 3547
f 3547 3548 3549
f 3467 3548 3547
f 3457 3566 3569
f 3457 3569 4334
f 3458 3577 3574
f 3458 4344 3577
f 3549 3550 3561
f 3548 3550 3549
f 3469 3551 3552
f 3459 3581 3553
f 3459 3582 3581
f 3459 3588 3582
f 3469 3552 3471
f 3551 3554 3552
f 3460 3715 3690
f 3460 3717 3715
f 3459 3591 3588
f 3459 3592 3591
f 3460 3723 3717
f 3461 3586 3596
f 3461 3596 3599
f 3461 3599 3600
f 3551 3553 3554
f 3553 3583 3554
f 3552 3554 3586
f 3459 3594 3592
f 3459 4366 3594
f 3460 4386 3723
f 3460 3461 4539
f 3461 3600 3602
f 3461 3602 4377
f 3549 3557 3556
f 3555 3556 3559
f 3556 3557 3560
f 3557 3561 3564
f 3550 3558 3559
f 3550 3559 3560
f 3555 3559 3558
f 3556 3560 3559
f 3560 3572 3562
f 3549 3561 3557
f 3550 3562 3561
f 3550 3560 3562
f 3563 3571 3565
f 3555 3558 3563
f 3561 3567 3564
f 3557 3564 3572
f 3564 3567 3575
f 3565 3573 3566
f 3567 3568 3576
f 3566 3574 3569
f 3568 3570 3578
f 3569 3577 4334
f 3570 4335 4345
f 3565 3571 3573
f 3558 3571 3563
f 3557 3572 3560
f 3562 3572 3575
f 3564 3575 3572
f 3566 3573 3574
f 3567 3576 3575
f 3569 3574 3577
f 3568 3578 3576
f 3577 4344 4334
f 3570 4345 3578
f 3561 3568 3567
f 3561 3562 4354
f 3561 4354 3568
f 3568 4354 3570
f 3570 4354 4335
f 3562 3575 3576
f 3562 3576 4355
f 3562 4355 4354
f 3576 3578 4355
f 3578 4345 4355
f 3553 3579 3583
f 3553 3580 3579
f 3553 3581 3580
f 3579 3580 3587
f 3580 3581 3585
f 3581 3582 3586
f 3554 3583 3584
f 3554 3584 3585
f 3554 3585 3586
f 3583 3595 3584
f 3580 3585 3584
f 3581 3586 3585
f 3579 3587 3589
f 3579 3589 3590
f 3587 3595 3589
f 3580 3584 3587
f 3582 3588 3596
f 3588 3591 3599
f 3589 3597 3590
f 3579 3590 4364
f 3591 3592 3600
f 3579 4364 4375
f 3590 3598 3593
f 3590 3593 4364
f 3592 3594 3602
f 3593 3601 4365
f 3593 4365 4364
f 3594 4366 4377
f 3579 4375 3583
f 3583 3597 3595
f 3589 3595 3597
f 3583 3598 3597
f 3582 3596 3586
f 3584 3595 3587
f 3588 3599 3596
f 3583 4375 3598
f 3590 3597 3598
f 3591 3600 3599
f 3593 3598 3601
f 3598 4375 3601
f 3592 3602 3600
f 3601 4375 4376
f 3601 4376 4365
f 3594 4377 3602
f 3603 3604 3632
f 3472 3473 4599
f 3473 3474 4600
f 3474 3475 4601
f 3320 3604 3603
f 3475 3476 4602
f 3476 3477 4603
f 3477 3478 4604
f 3479 4605 3520
f 3603 3631 3609
f 3603 3632 3631
f 3610 3611 3612
f 3331 3612 3611
f 3331 3332 3616
f 3331 3616 3612
f 3612 3613 3620
f 3612 3615 3613
f 3612 3616 3614
f 3612 3614 3615
f 3612 3620 3621
f 3332 3333 3616
f 3333 3334 3617
f 3334 3335 3617
f 3335 3336 3618
f 3336 3341 3618
f 3333 3617 3616
f 3335 3618 3617
f 3618 3651 3619
f 3621 3622 3626
f 3622 3623 3626
f 3623 3624 3626
f 3624 3625 3626
f 3607 3638 3626
f 3607 3639 3638
f 3625 3627 3626
f 3626 3627 3628
f 3626 3628 3659
f 3628 3629 3659
f 3629 3630 3659
f 3605 3606 3634
f 3605 3634 3633
f 3605 3633 3607
f 3607 3635 3639
f 3607 3633 3635
f 3606 3608 3636
f 3606 3636 3634
f 3608 3609 3637
f 3608 3637 3636
f 3609 3647 3637
f 3635 3640 3639
f 3635 3641 3640
f 3635 3642 3641
f 3635 3643 3642
f 3635 3644 3643
f 3635 3672 3644
f 3609 3631 3647
f 3631 3632 3648
f 3631 3648 3647
f 3341 3649 3651
f 3649 3650 3651
f 3341 3651 3618
f 3619 3651 3652
f 3651 3653 3652
f 3651 3654 3653
f 3651 3655 3654
f 3630 3657 3659
f 3657 3658 3659
f 3655 3659 3656
f 3656 3659 3658
f 3659 3669 3660
f 3660 3669 3670
f 3664 3666 3665
f 3665 3666 3667
f 3665 3667 3680
f 3644 3672 3645
f 3645 3672 3646
f 3646 3672 3671
f 3660 3670 3672
f 3668 3672 3670
f 3668 3671 3672
f 3660 3672 3661
f 3661 3673 3662
f 3661 3672 3673
f 3662 3673 3674
f 3662 3674 3663
f 3663 3674 3675
f 3663 3675 3664
f 3664 3675 3676
f 3664 3676 3666
f 3676 3677 3678
f 3677 3679 3678
f 3666 3676 3678
f 3666 3678 3667
f 3667 3678 3679
f 3677 3681 3679
f 3677 3682 3681
f 3478 3648 4417
f 3370 3665 3680
f 3681 3682 3683
f 3520 4407 3683
f 3604 4404 3632
f 3371 4404 3604
f 3610 4543 3611
f 3331 3611 4544
f 3610 3612 4545
f 3612 3621 4545
f 3621 3626 4554
f 3626 3638 4559
f 3632 4411 3648
f 3638 3639 4566
f 3639 3640 4567
f 3640 3641 4568
f 3641 3642 4569
f 3642 3643 4570
f 3643 3644 4571
f 3644 3645 4572
f 3645 3646 4573
f 3667 4405 3680
f 3649 4574 3650
f 3650 4575 3651
f 3651 4580 3655
f 3655 4584 3659
f 3659 4588 3669
f 3389 3680 4405
f 3679 3681 4406
f 3668 4587 3671
f 3669 4588 3670
f 3668 3670 4589
f 3646 3671 4590
f 3667 3679 4429
f 3681 3683 4406
f 3683 4407 4406
f 3527 3686 3713
f 3527 3713 3714
f 3479 3527 4657
f 3687 3688 3692
f 3687 3694 3689
f 3688 3693 3692
f 3687 3692 3694
f 3688 3690 3693
f 3690 3695 3693
f 3689 3696 3691
f 3689 3694 3696
f 3699 3545 3698
f 3546 3704 3701
f 3546 3702 3704
f 3701 3700 3697
f 3702 3703 3706
f 3702 3708 3704
f 3703 3707 3706
f 3702 3706 3708
f 3703 3705 3707
f 3705 3709 3707
f 3704 3708 3712
f 3701 3704 3710
f 3701 3710 3731
f 3701 3731 3711
f 3701 3711 3700
f 3704 3712 3710
f 3527 3714 4657
f 3690 3715 3695
f 3695 3715 3719
f 3715 3717 3719
f 3691 3720 3716
f 3691 3696 3720
f 3716 3720 3722
f 3717 3721 3719
f 3717 3723 3721
f 3716 3722 3718
f 3718 3722 3726
f 3693 3695 3721
f 3692 3693 3725
f 3695 3719 3721
f 3692 4387 3694
f 3693 3721 3725
f 3694 4387 3696
f 3692 3725 4387
f 3691 3716 3705
f 3705 3716 3727
f 3716 3728 3727
f 3716 3718 3728
f 3718 3735 3728
f 3721 3723 3725
f 3718 3726 3724
f 3723 4386 3725
f 3725 4386 4387
f 3724 3726 4442
f 3724 4442 4439
f 3696 4449 3720
f 3720 4449 3722
f 3722 4442 3726
f 3696 4387 4443
f 3696 4443 4449
f 3722 4444 4442
f 3718 3724 3735
f 3724 4439 4455
f 3724 4455 3735
f 3705 3727 3709
f 3709 3727 3729
f 3727 3728 3729
f 3728 3730 3729
f 3728 3735 3730
f 3706 3707 4463
f 3706 4463 3708
f 3707 3709 4463
f 3711 3731 3732
f 3710 3733 3731
f 3710 3712 3733
f 3731 3733 3734
f 3711 3732 3737
f 3731 3734 3732
f 3732 3734 3738
f 3711 4454 3700
f 3708 4463 3712
f 3712 4462 3733
f 3733 3738 3734
f 3730 3735 3736
f 3735 4455 3736
f 3736 4455 4457
f 3709 3729 4497
f 3729 3730 4497
f 3732 3738 3737
f 3711 3737 4460
f 3711 4460 4454
f 3737 4459 4460
f 3737 3738 4462
f 3737 4462 4459
f 3733 4462 3738
f 3712 4463 4462
f 3709 4470 4463
f 235 3867 949
f 2885 3868 3869
f 2886 3869 3870
f 2887 3870 3871
f 2888 3871 3872
f 2889 3872 3873
f 2897 3873 3881
f 2890 3878 3874
f 2891 3876 3875
f 2892 3877 3876
f 2893 3879 3877
f 2894 3875 3878
f 2895 3880 3879
f 2897 3881 3912
f 2896 3919 3880
f 2883 3899 3867
f 3739 3744 3745
f 3739 3740 3743
f 3739 3742 3744
f 3744 3742 3754
f 3740 3757 3801
f 3740 3741 3757
f 3741 3770 3772
f 3741 3772 3757
f 3757 3772 3774
f 3739 3743 3742
f 3740 3801 3743
f 3757 3765 3801
f 3757 3774 3765
f 3765 3767 3801
f 3765 3776 3767
f 3767 3843 3825
f 3745 3744 3746
f 3744 3747 3746
f 3749 3750 3751
f 3749 3751 3753
f 3751 3752 3753
f 3749 3753 3769
f 3753 3755 3769
f 3756 3758 3771
f 3756 3780 3758
f 3758 3766 3773
f 3760 3761 3759
f 3804 3761 3760
f 3820 3763 3764
f 3749 3769 3830
f 3766 3768 3775
f 3758 3789 3766
f 3768 3826 3777
f 3766 3791 3768
f 3768 3791 3826
f 2906 3838 3899
f 2981 3776 3774
f 2981 3843 3776
f 3019 3021 3844
f 2981 3844 3843
f 3021 3771 3844
f 3771 3773 3844
f 3765 3774 3776
f 3773 3775 3844
f 3767 3776 3843
f 3777 3826 3845
f 3775 3777 3844
f 3758 3773 3771
f 3756 3778 3780
f 3778 3783 3780
f 3758 3780 3789
f 3780 3786 3789
f 3778 3782 3783
f 3780 3783 3785
f 3779 3781 3787
f 2991 3794 3793
f 2991 3797 3794
f 3032 3037 3856
f 2991 3853 3797
f 3037 3038 3856
f 3779 3787 3784
f 3780 3785 3786
f 2991 3855 3853
f 3038 3039 3856
f 2991 3856 3855
f 3039 3784 3856
f 3781 3788 3787
f 3781 3795 3788
f 3766 3775 3773
f 3768 3777 3775
f 3766 3789 3791
f 3789 3794 3791
f 3791 3848 3826
f 3791 3853 3848
f 3786 3793 3789
f 3789 3793 3794
f 3781 3790 3795
f 3784 3787 3856
f 3787 3788 3856
f 3788 3795 3856
f 3790 3796 3795
f 3790 3798 3796
f 3791 3794 3797
f 3791 3797 3853
f 3799 3849 3854
f 3790 3792 3798
f 3792 3849 3799
f 3795 3796 3856
f 3796 3798 3856
f 3798 3799 3856
f 3792 3799 3798
f 3801 3800 3743
f 3801 3802 3800
f 3801 3803 3802
f 3803 3804 3760
f 3801 3804 3803
f 3767 3883 3801
f 3825 3844 3827
f 3767 3825 3883
f 3825 3827 3883
f 3801 3883 3804
f 3883 3882 3804
f 3827 3887 3883
f 3805 3762 3806
f 3807 3805 3806
f 3807 3806 3810
f 3807 3810 3823
f 3818 3820 3764
f 3818 3819 3821
f 3818 3821 3822
f 3818 3833 3820
f 3823 3810 3811
f 3818 3822 3832
f 3822 3824 3832
f 3826 3828 3845
f 3827 3846 3829
f 3828 3829 3847
f 3807 3886 3808
f 3886 3809 3808
f 3886 3812 3809
f 3889 3817 3815
f 3816 3889 3815
f 3818 3832 3888
f 3807 3823 3886
f 3827 3829 3887
f 3837 3831 3835
f 3825 3843 3844
f 3828 3847 3845
f 3827 3844 3846
f 3829 3846 3847
f 3777 3845 3844
f 3844 3845 3846
f 3845 3847 3846
f 3848 3855 3850
f 3850 3856 3852
f 3779 3901 3781
f 3848 3853 3855
f 3851 3857 3854
f 3850 3855 3856
f 3852 3856 3857
f 3849 3851 3854
f 3851 3852 3857
f 3799 3854 3856
f 3854 3857 3856
f 2911 3900 3901
f 3781 3901 3790
f 3790 3901 3792
f 3792 3901 3849
f 2921 3901 3779
f 2922 3902 3858
f 2922 3874 3902
f 3061 4267 3925
f 3858 3902 3859
f 3859 3902 3860
f 3860 3902 3861
f 3861 3902 3862
f 3862 3902 3864
f 3864 3902 3866
f 3866 3902 4097
f 2924 3903 3904
f 2925 3904 3905
f 2926 3905 3906
f 2927 3906 3907
f 2928 3907 3908
f 2929 3908 3909
f 2930 3909 3910
f 2931 3910 3911
f 949 3867 950
f 950 3867 951
f 951 3867 952
f 952 3867 956
f 956 3867 3869
f 956 3869 3868
f 3867 3870 3869
f 3867 3871 3870
f 3867 3876 3871
f 3867 3875 3876
f 3867 3878 3875
f 3867 3874 3878
f 3871 3876 3872
f 3872 3877 3873
f 3873 3877 3881
f 3872 3876 3877
f 3877 3879 3881
f 3879 3880 3881
f 3880 3912 3881
f 3867 3899 3874
f 3880 3919 3912
f 3883 3884 3882
f 3883 3885 3884
f 3886 3823 3885
f 3883 3886 3885
f 3829 3893 3887
f 3883 3887 3886
f 3812 3895 3813
f 3895 3814 3813
f 3895 3816 3814
f 3818 3896 3833
f 3812 3886 3894
f 3818 3888 3896
f 3828 3898 3829
f 3826 3898 3828
f 3826 3848 3898
f 3899 3835 3836
f 3899 3836 3834
f 3899 3837 3835
f 3899 3838 3840
f 3816 3896 3889
f 3812 3894 3895
f 3896 3888 3889
f 3896 3892 3833
f 3829 3897 3893
f 3899 3839 3837
f 3899 3840 3841
f 3899 3842 3839
f 3899 3841 3842
f 3899 3834 3890
f 3848 3850 3898
f 3850 3852 3901
f 3851 3901 3852
f 3849 3901 3851
f 3886 3887 3894
f 3887 3893 3894
f 3816 3895 3896
f 3829 3898 3897
f 3899 3890 3891
f 3899 3891 3892
f 3893 3895 3894
f 3893 3897 3895
f 3895 3897 3896
f 3896 3899 3892
f 3896 3897 3898
f 3896 3898 3899
f 3898 3901 3899
f 3850 3901 3898
f 3900 3902 3901
f 3874 3899 3901
f 3874 3901 3902
f 3903 3925 4267
f 3903 4267 3904
f 3904 4267 3905
f 3906 4270 4269
f 3905 4270 3906
f 3906 4269 3907
f 3907 4269 3908
f 3908 4271 3909
f 3909 4271 3910
f 3910 4271 3911
f 3908 4269 4271
f 3911 4271 4498
f 3052 3912 3916
f 3049 3914 3913
f 3050 3915 3914
f 3051 3918 3915
f 473 984 3903
f 3053 3916 3917
f 3054 3917 3918
f 3055 3920 3919
f 3056 3921 3920
f 3057 3922 3921
f 3058 3923 3922
f 3059 3924 3923
f 3060 3925 3924
f 988 3062 3926
f 2931 3911 3930
f 3062 3927 3926
f 3063 3928 3927
f 3064 3929 3928
f 3067 3930 3931
f 3065 3932 3929
f 3068 3931 3932
f 3069 3933 5163
f 3912 3919 3916
f 3916 3919 3917
f 3917 3919 3920
f 3917 3920 3921
f 3917 3921 3918
f 3915 3918 3922
f 3914 3915 3923
f 3913 3914 3924
f 984 3913 3903
f 3918 3921 3922
f 3915 3922 3923
f 3914 3923 3924
f 3913 3924 3925
f 3903 3913 3925
f 988 3926 3933
f 3911 4498 3930
f 3930 4498 4499
f 3930 4499 4510
f 3927 3928 3933
f 3928 3929 3933
f 3929 3932 3933
f 3931 3933 3932
f 3926 3927 3933
f 3930 4511 3931
f 3931 4511 3933
f 3930 4510 4511
f 3933 4511 4536
f 3933 4536 4537
f 3933 4537 5163
f 3934 3938 3936
f 3935 3936 3938
f 3200 3214 4009
f 3935 3938 3939
f 3937 3944 3948
f 3934 3937 4002
f 3934 4002 3938
f 3214 3935 4009
f 3938 3953 3939
f 3937 3948 4005
f 3153 4013 4011
f 3153 4009 4013
f 3153 3959 3957
f 3940 3942 3941
f 3153 4011 3959
f 3941 3942 3943
f 3942 3957 3943
f 3944 3946 3948
f 3946 3950 3948
f 3219 3950 3946
f 3219 3963 3950
f 3220 3947 3951
f 3945 3951 3947
f 3212 3951 3964
f 3945 3949 3951
f 3208 3964 3968
f 3948 3950 3961
f 3211 3967 3963
f 3207 4019 3967
f 3172 4020 4019
f 3170 4022 4020
f 3169 4021 4022
f 3173 3968 4023
f 3171 4023 4021
f 3949 3964 3951
f 3941 3943 3973
f 3941 3973 3970
f 3945 3952 3949
f 3943 3975 3973
f 3952 3982 4024
f 3949 3952 4024
f 3937 4005 4002
f 3939 3953 3954
f 3935 3939 4009
f 3938 4002 3953
f 3953 3956 3954
f 3939 3954 4009
f 3948 3961 4005
f 3953 4002 3956
f 3954 3956 3955
f 3956 4002 4006
f 3954 3955 4009
f 3955 3956 4006
f 3955 4006 4003
f 3961 3965 4005
f 3943 3957 3958
f 3957 3959 3958
f 3958 3959 3960
f 3959 4011 3960
f 3960 4011 4012
f 3950 3963 3961
f 3961 3963 3965
f 3949 3962 3964
f 3962 3968 3964
f 3963 3967 3965
f 3965 3967 4014
f 3967 4019 4014
f 3962 3966 3968
f 3966 4023 3968
f 3966 4015 4023
f 3943 3958 3975
f 3958 3979 3975
f 3949 4024 3962
f 3958 3960 3979
f 3962 4024 3966
f 3960 4012 4026
f 3960 4026 3979
f 2911 4047 3900
f 3969 3970 3973
f 3226 3228 4032
f 3969 3973 3972
f 3175 4034 3980
f 3175 3980 3977
f 3971 3974 3990
f 3228 3969 4032
f 3175 4030 4034
f 3972 3973 3975
f 3175 4032 4030
f 3974 3977 3992
f 3972 3975 3976
f 3969 3972 4032
f 3975 3979 3976
f 3972 3976 4032
f 3977 3996 3992
f 3977 3980 3996
f 3976 3979 3978
f 3976 3978 4032
f 3978 3979 4026
f 3978 4026 4025
f 3980 3981 3996
f 3980 4034 3981
f 3981 4034 4027
f 3983 3985 3986
f 3983 3986 3984
f 3982 3984 4035
f 3984 3986 4035
f 3985 3988 3986
f 3982 4035 4024
f 3985 3987 3988
f 3987 3989 3988
f 3987 3998 3989
f 3998 4040 4036
f 3986 3988 4242
f 3989 3998 4036
f 3983 3991 3985
f 3974 3992 3990
f 3991 3994 3993
f 3985 3991 3993
f 3985 3993 3987
f 3993 3995 3997
f 3082 4256 3994
f 3993 3994 3995
f 3987 3997 3998
f 3987 3993 3997
f 3997 4000 3999
f 3998 3999 4040
f 3997 3999 3998
f 3999 4000 4001
f 3999 4043 4040
f 3999 4001 4043
f 4001 4045 4043
f 3995 4000 3997
f 3955 4003 4009
f 4003 4007 4004
f 4003 4004 4009
f 4003 4006 4007
f 4008 4012 4013
f 4004 4007 4010
f 4004 4010 4009
f 4008 4013 4009
f 4008 4009 4010
f 4002 4236 4006
f 4002 4005 4236
f 4006 4236 4007
f 4007 4236 4010
f 3965 4237 4005
f 3965 4014 4237
f 4011 4013 4012
f 4014 4019 4016
f 4015 4018 4021
f 4016 4020 4017
f 4017 4022 4018
f 4016 4019 4020
f 4015 4021 4023
f 4017 4020 4022
f 4018 4022 4021
f 4008 4029 4012
f 4012 4029 4026
f 3966 4238 4015
f 3966 4024 4238
f 4005 4237 4236
f 4008 4010 4239
f 4014 4240 4237
f 4014 4016 4240
f 4016 4017 4245
f 3900 4047 4050
f 3900 4050 4056
f 3978 4025 4032
f 4025 4026 4029
f 4025 4029 4028
f 4027 4030 4031
f 4025 4028 4032
f 4028 4029 4033
f 4028 4033 4032
f 4031 4032 4033
f 4030 4032 4031
f 4027 4034 4030
f 3900 4056 4057
f 3900 4057 4060
f 3900 4060 4084
f 3986 4242 4035
f 4036 4040 4037
f 4037 4041 4039
f 4024 4035 4238
f 3988 3989 4243
f 4035 4242 4238
f 3988 4243 4242
f 3989 4036 4253
f 4040 4043 4041
f 4041 4043 4044
f 4041 4044 4042
f 4037 4040 4041
f 4043 4045 4044
f 4038 4044 4045
f 4039 4041 4042
f 4038 4042 4044
f 4038 4039 4042
f 3990 3992 4278
f 3994 4256 3995
f 3992 3996 4278
f 3981 4278 3996
f 3981 4027 4278
f 3995 4256 4000
f 4000 4256 4001
f 4001 4256 4045
f 3858 4050 4047
f 3858 3859 4050
f 4046 4049 4052
f 4046 4048 4049
f 4048 4053 4051
f 4048 4051 4049
f 3859 4056 4050
f 3859 3860 4056
f 4049 4054 4052
f 4049 4051 4054
f 4051 4053 4058
f 4051 4058 4054
f 4052 4088 4053
f 3860 4057 4056
f 3860 3861 4057
f 4052 4054 4087
f 4054 4058 4055
f 4053 4088 4058
f 4055 4058 4059
f 3861 3862 4060
f 3861 4060 4057
f 3862 4084 4060
f 4054 4055 4087
f 3863 4055 4059
f 3863 4061 3865
f 3862 3864 4084
f 3863 4087 4055
f 3863 4059 4061
f 4052 4087 4088
f 4058 4088 4059
f 3865 4061 4086
f 4059 4088 4061
f 4062 4064 4063
f 4062 4065 4064
f 4062 4069 4090
f 4062 4090 4065
f 4065 4090 4066
f 4066 4090 4067
f 4063 4072 4070
f 4063 4064 4072
f 4069 4070 4072
f 4064 4076 4072
f 4064 4065 4076
f 4069 4072 4076
f 4073 4077 4082
f 3087 4074 4267
f 4071 4075 4074
f 4071 4073 4075
f 4073 4082 4075
f 3088 4268 4071
f 4069 4076 4093
f 4065 4078 4076
f 4065 4066 4078
f 4077 4079 4083
f 4069 4093 4090
f 4066 4067 4080
f 4066 4080 4078
f 4067 4089 4094
f 4067 4094 4080
f 4081 4096 4091
f 4076 4078 4093
f 4068 4079 4081
f 4078 4080 4093
f 4077 4083 4082
f 4068 4083 4079
f 4068 4081 4091
f 3864 4085 4084
f 3866 4086 4085
f 3864 3866 4085
f 3865 4086 3866
f 3863 3865 4087
f 4061 4088 4086
f 3865 3866 4097
f 4084 4085 4098
f 4085 4086 4098
f 3865 4097 4087
f 4086 4088 4098
f 4087 4098 4088
f 4067 4090 4089
f 4089 4099 4092
f 4089 4090 4099
f 4090 4093 4099
f 4089 4092 4095
f 4091 4096 4092
f 4089 4095 4094
f 4092 4096 4095
f 4080 4094 4093
f 4094 4095 4100
f 4095 4096 4100
f 4093 4094 4100
f 3098 3990 4278
f 4087 4097 4098
f 4084 4098 4102
f 4097 4102 4098
f 4099 4100 4103
f 4093 4100 4099
f 4074 4075 4267
f 4075 4082 4267
f 4071 4268 4073
f 4073 4268 4077
f 4097 4101 4102
f 4101 4257 4258
f 4101 4258 4102
f 4100 4104 4103
f 4103 4104 4264
f 4104 4266 4264
f 4092 4099 4267
f 4077 4268 4079
f 4079 4268 4081
f 4081 4268 4096
f 4082 4083 4267
f 4068 4267 4083
f 4091 4092 4267
f 4068 4091 4267
f 4096 4268 4100
f 3089 4271 4269
f 3090 4269 4270
f 3092 4270 4272
f 3093 4272 4273
f 3093 4273 4275
f 3088 4278 4268
f 3094 4275 4274
f 3096 4274 4276
f 3097 4276 4277
f 3099 4277 4279
f 3100 4279 4280
f 3101 4280 4281
f 3102 4281 4282
f 3103 4282 4283
f 3103 4283 4517
f 3082 4105 4256
f 3121 4295 4106
f 4105 4106 4107
f 4106 4108 4107
f 4107 4108 4115
f 4109 4111 4113
f 4109 4114 4110
f 4110 4114 4112
f 4109 4113 4114
f 4113 4120 4114
f 4111 4133 4113
f 4111 4112 4133
f 4112 4114 4134
f 4108 4116 4115
f 4115 4116 4117
f 4116 4118 4117
f 4117 4118 4123
f 4118 4127 4123
f 4113 4133 4119
f 4113 4119 4120
f 4119 4122 4120
f 4114 4120 4134
f 4112 4134 4133
f 4119 4133 4121
f 4119 4121 4122
f 4121 4132 4122
f 4121 4131 4132
f 3115 4288 4289
f 3116 4289 4290
f 3114 4292 4288
f 3117 4291 4292
f 3120 4293 4294
f 4105 4107 4256
f 3121 4294 4295
f 3119 4290 4293
f 4107 4115 4256
f 4115 4117 4256
f 4117 4123 4256
f 4123 4127 4124
f 4124 4127 4128
f 4125 4129 4131
f 4124 4128 4126
f 4126 4128 4130
f 4125 4126 4130
f 4125 4130 4129
f 4106 4295 4108
f 4129 4132 4131
f 4120 4122 4285
f 4120 4285 4134
f 4121 4284 4131
f 4125 4131 4284
f 4121 4133 4284
f 4133 4134 4284
f 4108 4295 4116
f 4116 4295 4118
f 4118 4295 4127
f 4125 4286 4126
f 4122 4132 4287
f 4134 4285 4284
f 4125 4284 4286
f 4129 4297 4132
f 4122 4287 4285
f 4135 4145 4136
f 4135 4137 4404
f 4135 4136 4137
f 4136 4138 4137
f 4137 4138 4197
f 4135 4139 4145
f 4139 4140 4146
f 4139 4146 4145
f 4140 4147 4146
f 4140 4141 4147
f 4141 4142 4148
f 4142 4143 4149
f 3411 3412 4161
f 3412 3413 4158
f 3413 3426 4159
f 3426 3427 4159
f 3411 4162 4144
f 4145 4146 4147
f 4145 4147 4148
f 4145 4148 4149
f 4145 4149 4153
f 4141 4148 4147
f 4142 4149 4148
f 4143 4144 4153
f 4144 4150 4153
f 4143 4153 4149
f 4150 4151 4154
f 3411 4161 4162
f 3412 4158 4161
f 3413 4159 4158
f 3427 4160 4159
f 4144 4169 4150
f 4136 4145 4138
f 4138 4145 4166
f 4145 4153 4154
f 4145 4154 4155
f 4145 4155 4164
f 4145 4164 4165
f 4145 4165 4166
f 4150 4154 4153
f 4151 4155 4154
f 4151 4152 4155
f 4152 4156 4164
f 4152 4164 4155
f 4156 4165 4164
f 4156 4157 4165
f 4152 4172 4156
f 4156 4174 4157
f 4150 4167 4151
f 4151 4168 4152
f 4144 4162 4169
f 4150 4169 4167
f 4151 4167 4168
f 4162 4163 4169
f 4157 4166 4165
f 4152 4168 4172
f 4156 4172 4174
f 4157 4174 4180
f 4163 4173 4169
f 4163 4170 4173
f 4170 4171 4175
f 4170 4175 4173
f 4161 4191 4162
f 4162 4191 4163
f 4171 4181 4175
f 4171 4176 4181
f 3427 4177 4160
f 4160 4177 4179
f 4177 4178 4190
f 4178 4405 4190
f 4177 4190 4179
f 4159 4160 4186
f 4158 4159 4185
f 4158 4188 4161
f 4160 4179 4187
f 3339 4213 4212
f 3340 4305 4213
f 4163 4192 4170
f 4170 4193 4171
f 4176 4182 4181
f 4176 4183 4182
f 4182 4183 4184
f 4171 4194 4176
f 4168 4204 4172
f 4167 4203 4168
f 4167 4169 4205
f 4169 4173 4205
f 4172 4200 4174
f 4173 4175 4206
f 4175 4181 4207
f 4176 4195 4183
f 4174 4201 4180
f 4181 4182 4208
f 3339 4212 4313
f 3331 4544 4306
f 3332 4306 4307
f 3333 4307 4308
f 3334 4308 4309
f 3335 4309 4310
f 3336 4310 4311
f 4138 4166 4197
f 4157 4302 4166
f 4182 4184 4209
f 4168 4203 4204
f 4167 4205 4203
f 4173 4206 4205
f 4172 4204 4200
f 4174 4200 4201
f 4175 4207 4206
f 4180 4201 4202
f 4181 4208 4207
f 4182 4209 4208
f 4184 4210 4209
f 3340 4314 4305
f 4159 4186 4185
f 4158 4185 4188
f 4161 4188 4191
f 4160 4187 4186
f 4179 4189 4187
f 4163 4191 4192
f 4170 4192 4193
f 4171 4193 4194
f 3327 4225 4314
f 3357 4224 4225
f 3339 4313 4224
f 3341 4311 4312
f 4185 4186 4196
f 4186 4187 4196
f 4185 4196 4188
f 4188 4196 4191
f 4187 4189 4196
f 4191 4196 4192
f 4192 4196 4193
f 4176 4194 4195
f 4183 4195 4196
f 4193 4196 4194
f 4194 4196 4195
f 4179 4190 4211
f 3117 4598 4291
f 4137 4197 4198
f 4137 4198 4408
f 4197 4199 4198
f 4198 4199 4302
f 4198 4302 4541
f 4166 4199 4197
f 4157 4180 4303
f 4202 4204 4203
f 4200 4204 4202
f 4200 4202 4201
f 4202 4203 4205
f 4202 4205 4206
f 4202 4206 4207
f 4202 4207 4208
f 4202 4208 4209
f 4202 4209 4210
f 4166 4302 4199
f 4179 4316 4189
f 4179 4211 4316
f 4190 4409 4211
f 4157 4303 4302
f 4212 4213 4214
f 4213 4215 4214
f 4212 4214 4216
f 4214 4215 4216
f 4213 4217 4215
f 4180 4202 4322
f 4212 4216 4218
f 4212 4218 4219
f 4215 4217 4216
f 4212 4219 4220
f 4212 4220 4304
f 4216 4217 4218
f 4217 4221 4218
f 4213 4221 4217
f 4213 4222 4221
f 4213 4223 4222
f 4213 4305 4223
f 4218 4221 4219
f 4219 4221 4222
f 4219 4222 4220
f 4220 4222 4223
f 4220 4223 4304
f 4223 4305 4304
f 4202 4210 4326
f 4184 4331 4210
f 4212 4304 4313
f 4183 4332 4184
f 4189 4319 4196
f 4183 4196 4325
f 4224 4227 4225
f 4224 4226 4227
f 4224 4228 4226
f 4226 4229 4227
f 4189 4316 4315
f 4224 4230 4228
f 4224 4231 4230
f 4226 4228 4229
f 4224 4313 4232
f 4224 4232 4231
f 4228 4233 4229
f 4228 4230 4233
f 4225 4227 4314
f 4227 4229 4314
f 4230 4234 4233
f 4230 4231 4234
f 4231 4235 4234
f 4231 4232 4235
f 4232 4313 4314
f 4232 4314 4235
f 4229 4233 4314
f 4233 4234 4314
f 4234 4235 4314
f 4189 4315 4317
f 4211 4586 4316
f 4010 4236 4239
f 4236 4237 4239
f 4008 4239 4244
f 4016 4245 4240
f 4017 4018 4249
f 4015 4249 4018
f 4015 4238 4249
f 4008 4247 4029
f 4029 4247 4033
f 4237 4240 4239
f 4008 4244 4247
f 4017 4248 4245
f 4238 4241 4249
f 4036 4037 4254
f 4238 4242 4241
f 3989 4251 4243
f 4037 4039 4254
f 4038 4254 4039
f 4241 4242 4243
f 3989 4253 4251
f 4036 4254 4253
f 4027 4031 4278
f 4031 4033 4278
f 4038 4045 4256
f 4239 4240 4244
f 4240 4245 4244
f 4017 4249 4248
f 4241 4250 4249
f 4244 4245 4246
f 4245 4248 4246
f 4244 4246 4247
f 4246 4248 4247
f 4247 4248 4249
f 4247 4249 4255
f 4249 4250 4252
f 4249 4252 4255
f 4241 4243 4250
f 4243 4251 4250
f 4250 4251 4252
f 4251 4253 4252
f 4252 4253 4255
f 4253 4254 4255
f 4033 4247 4278
f 4038 4256 4254
f 4247 4255 4278
f 4254 4256 4255
f 4255 4256 4278
f 4256 4291 4278
f 3900 4084 4102
f 4257 4259 4261
f 4257 4261 4258
f 4262 4265 4266
f 3902 4101 4097
f 4259 4260 4263
f 4259 4263 4261
f 4260 4265 4262
f 4260 4262 4263
f 4264 4266 4265
f 4099 4103 4267
f 4100 4268 4104
f 3902 4257 4101
f 3900 4102 4258
f 3900 4258 4261
f 3902 4259 4257
f 3902 4260 4259
f 3900 4261 4263
f 4103 4264 4267
f 4264 4265 4267
f 4260 4267 4265
f 4104 4268 4266
f 4262 4266 4268
f 4262 4268 4263
f 3902 4267 4260
f 3900 4263 4268
f 3900 4268 3902
f 3902 4268 4267
f 4267 4268 4273
f 4268 4275 4273
f 3905 4267 4270
f 4267 4272 4270
f 4267 4273 4272
f 4268 4274 4275
f 4268 4278 4274
f 4274 4278 4276
f 4276 4278 4277
f 4277 4278 4279
f 4278 4280 4279
f 4278 4281 4280
f 4278 4282 4281
f 4278 4283 4282
f 4278 4598 4283
f 4283 4598 4517
f 4123 4124 4298
f 4124 4126 4298
f 4127 4299 4128
f 4128 4299 4130
f 4129 4130 4301
f 4126 4286 4296
f 4132 4297 4287
f 4284 4285 4286
f 4285 4287 4286
f 4126 4296 4300
f 4129 4301 4297
f 4123 4298 4256
f 4256 4290 4289
f 4256 4293 4290
f 4256 4294 4293
f 4256 4289 4288
f 4256 4288 4291
f 4288 4292 4291
f 4256 4298 4294
f 4294 4298 4295
f 4127 4295 4299
f 4126 4300 4298
f 4130 4299 4301
f 4286 4287 4296
f 4287 4297 4296
f 4295 4298 4299
f 4298 4301 4299
f 4296 4297 4300
f 4297 4301 4300
f 4298 4300 4301
f 4302 4303 4541
f 4180 4320 4303
f 4304 4305 4314
f 4180 4322 4320
f 4189 4317 4319
f 4304 4314 4313
f 4315 4316 4318
f 4316 4586 4318
f 4196 4319 4323
f 4315 4318 4317
f 4202 4321 4322
f 4202 4326 4321
f 4303 4320 4593
f 4210 4328 4326
f 4184 4333 4331
f 4210 4329 4328
f 4183 4325 4332
f 4196 4323 4325
f 4317 4318 4324
f 4184 4332 4333
f 4317 4324 4319
f 4318 4594 4324
f 4278 4291 4598
f 4210 4331 4329
f 4320 4322 4606
f 4319 4324 4323
f 4323 4324 4325
f 4324 4607 4325
f 4321 4327 4322
f 4321 4326 4327
f 4322 4327 4606
f 4326 4328 4327
f 4327 4328 4330
f 4328 4329 4330
f 4329 4331 4330
f 4327 4330 4620
f 4330 4331 4612
f 4331 4333 4617
f 4325 4607 4332
f 4332 4639 4333
f 3429 4498 4271
f 3429 4499 4498
f 3430 4500 4499
f 3431 4502 4500
f 3432 4510 4501
f 3433 4503 4502
f 3434 4504 4503
f 3435 4505 4504
f 3438 4506 4507
f 3437 4501 4506
f 3439 4507 4508
f 3440 4508 4509
f 3441 4511 4510
f 3442 4536 4511
f 3443 4512 4505
f 3445 4509 4514
f 3443 4513 4512
f 3444 4520 4513
f 3446 4514 4515
f 3452 4515 4521
f 3449 4517 4518
f 3447 4519 4516
f 3450 4518 4519
f 3451 4516 4520
f 3453 4521 4522
f 3454 4522 4523
f 3455 4523 4524
f 3456 4524 4525
f 3457 4334 4536
f 4334 4344 4336
f 4335 4337 4347
f 4336 4346 4338
f 4337 4340 4350
f 4338 4348 4339
f 4340 4341 4351
f 4339 4349 4342
f 4341 4343 4353
f 4342 4352 4356
f 4341 4362 4343
f 4343 4357 4360
f 3458 4537 4344
f 4336 4344 4346
f 4335 4347 4345
f 4338 4346 4348
f 4337 4350 4347
f 4339 4348 4349
f 4340 4351 4350
f 4342 4349 4352
f 4341 4353 4351
f 4352 4359 4356
f 4343 4360 4353
f 4351 4353 4363
f 4335 4354 4337
f 4337 4354 4340
f 4354 4355 4362
f 4340 4354 4362
f 4340 4362 4341
f 4345 4347 4355
f 4347 4350 4355
f 4350 4363 4355
f 4350 4351 4363
f 4355 4363 4362
f 4356 4359 4358
f 4357 4358 4361
f 4343 4362 4357
f 4357 4396 4358
f 4358 4359 4361
f 4357 4361 4360
f 4353 4360 4363
f 4359 4397 4361
f 4360 4361 4397
f 4357 4362 4396
f 4362 4363 4396
f 4360 4397 4363
f 4364 4365 4367
f 4365 4376 4367
f 4366 4368 4379
f 4364 4367 4369
f 4367 4378 4369
f 4368 4371 4382
f 4364 4388 4392
f 4364 4369 4388
f 4369 4380 4370
f 4371 4372 4383
f 4369 4370 4388
f 4370 4381 4373
f 4370 4373 4388
f 4372 4374 4385
f 4373 4384 4389
f 4374 4390 4394
f 4375 4378 4376
f 4367 4376 4378
f 4366 4379 4377
f 4375 4380 4378
f 4364 4392 4375
f 4369 4378 4380
f 4368 4382 4379
f 4375 4392 4380
f 4370 4380 4381
f 4371 4383 4382
f 4373 4381 4384
f 4380 4392 4381
f 4381 4392 4384
f 4372 4385 4383
f 4384 4393 4389
f 4374 4394 4385
f 3459 4538 4366
f 3460 4539 4386
f 3461 4377 4540
f 4373 4389 4388
f 4389 4393 4391
f 4390 4391 4395
f 4389 4391 4400
f 4388 4389 4400
f 4384 4392 4393
f 4391 4393 4395
f 4390 4395 4394
f 4393 4401 4395
f 4394 4395 4401
f 4388 4401 4392
f 4392 4401 4393
f 4334 4336 4536
f 4336 4338 4536
f 3458 5579 4537
f 4344 4537 4346
f 4346 4537 4348
f 4396 4397 4398
f 4363 4397 4396
f 4338 4339 4536
f 4339 4342 4536
f 4342 4356 4536
f 4356 4358 4536
f 4358 4396 4536
f 4348 4537 4349
f 4349 4537 4352
f 4352 4537 4359
f 4359 4537 4397
f 4398 4399 4526
f 4397 4399 4398
f 4399 4529 4526
f 3459 4525 4538
f 4388 4400 4401
f 4394 4401 4403
f 4400 4403 4401
f 4366 4538 4368
f 4368 4538 4371
f 4386 4539 4440
f 3461 4540 4539
f 4377 4379 4540
f 4379 4382 4540
f 4400 4402 4403
f 4374 4538 4390
f 4390 4538 4391
f 4402 4532 4534
f 4391 4538 4400
f 4402 4534 4403
f 4371 4538 4372
f 4372 4538 4374
f 4440 4539 4445
f 4445 4539 4447
f 4447 4539 4475
f 4382 4383 4540
f 4383 4385 4540
f 4385 4394 4540
f 4137 4408 4404
f 4404 4408 4411
f 3478 4417 4604
f 3632 4404 4411
f 3667 4423 4405
f 3679 4406 4429
f 4406 4407 4410
f 3611 4543 4544
f 3610 4545 4543
f 3621 4554 4545
f 3626 4559 4554
f 3638 4565 4559
f 3648 4411 4417
f 3638 4566 4565
f 3639 4567 4566
f 3640 4568 4567
f 3641 4569 4568
f 3642 4570 4569
f 3643 4571 4570
f 3644 4572 4571
f 3645 4573 4572
f 3646 4590 4573
f 3649 4312 4574
f 3650 4574 4575
f 3651 4575 4576
f 3651 4576 4580
f 3655 4580 4584
f 3659 4584 4588
f 4190 4405 4409
f 4405 4423 4409
f 3667 4429 4423
f 3668 4589 4587
f 3670 4588 4589
f 3671 4587 4590
f 4407 4435 4410
f 4406 4410 4429
f 3520 4647 4407
f 3472 4599 4598
f 3473 4600 4599
f 3474 4601 4600
f 3475 4602 4601
f 4198 4541 4408
f 3476 4603 4602
f 3477 4604 4603
f 4408 4541 4411
f 3479 4657 4605
f 4211 4409 4586
f 4410 4435 4592
f 4411 4541 4412
f 4412 4541 4413
f 4411 4412 4418
f 4411 4418 4417
f 4412 4419 4418
f 4412 4413 4419
f 4413 4414 4420
f 4413 4420 4419
f 4414 4415 4421
f 4414 4421 4420
f 4415 4416 4422
f 4415 4422 4421
f 4416 4542 4564
f 4416 4564 4422
f 4409 4423 4586
f 4423 4424 4586
f 4424 4425 4586
f 4423 4429 4424
f 4424 4429 4430
f 4424 4430 4425
f 4410 4592 4429
f 4435 4596 4592
f 4425 4430 4431
f 4425 4431 4426
f 4426 4431 4432
f 4426 4432 4427
f 4427 4432 4433
f 4427 4433 4428
f 4428 4434 4585
f 4428 4433 4434
f 4434 4591 4585
f 4429 4592 4430
f 4430 4592 4431
f 3520 4605 4647
f 4407 4647 4435
f 4386 4440 4387
f 4387 4440 4443
f 4439 4442 4444
f 4439 4444 4441
f 4440 4445 4443
f 4441 4444 4450
f 3722 4450 4444
f 3722 4449 4451
f 3722 4451 4480
f 3722 4452 4450
f 3722 4484 4452
f 4439 4441 4455
f 4441 4456 4455
f 4441 4446 4456
f 4443 4445 4449
f 4445 4447 4449
f 4441 4450 4446
f 4446 4450 4452
f 4447 4451 4449
f 4447 4475 4451
f 4451 4475 4480
f 4446 4452 4448
f 4448 4484 4479
f 4448 4452 4484
f 3722 4480 4481
f 3722 4481 4483
f 3722 4483 4482
f 3722 4482 4484
f 4446 4448 4464
f 4446 4464 4456
f 4448 4479 4487
f 4448 4465 4464
f 4448 4487 4465
f 4455 4456 4457
f 4456 4458 4457
f 4456 4464 4458
f 3730 3736 4497
f 3736 4457 4497
f 3709 4471 4470
f 3709 4497 4471
f 4457 4458 4497
f 4459 4461 4460
f 4459 4462 4463
f 4459 4463 4461
f 4461 4463 4470
f 4460 4486 4454
f 4460 4461 4496
f 4458 4464 4466
f 4464 4465 4466
f 4465 4467 4466
f 4465 4487 4467
f 4467 4487 4491
f 4458 4466 4497
f 4466 4467 4497
f 4467 4491 4497
f 4461 4468 4496
f 4461 4470 4468
f 4468 4470 4471
f 4460 4496 4486
f 4468 4469 4496
f 4468 4471 4469
f 4469 4497 4495
f 4469 4471 4497
f 4657 3714 4436
f 4657 4436 4437
f 4657 4437 4438
f 4657 4438 4472
f 4475 4476 4480
f 4476 4481 4480
f 4477 4479 4482
f 4479 4484 4482
f 4476 4478 4481
f 4477 4483 4478
f 4478 4483 4481
f 4477 4482 4483
f 4487 4488 4491
f 4488 4492 4491
f 4489 4495 4493
f 4488 4490 4492
f 4489 4494 4490
f 4490 4494 4492
f 4489 4493 4494
f 4491 4492 4497
f 4492 4494 4497
f 4493 4497 4494
f 4493 4495 4497
f 4469 4495 4655
f 4489 4655 4495
f 4469 4655 4496
f 4496 4652 4486
f 4489 4490 4656
f 4496 4655 4652
f 4489 4656 4655
f 4499 4500 4510
f 4500 4502 4501
f 4500 4501 4510
f 4502 4503 4507
f 4503 4504 4508
f 4504 4505 4509
f 4501 4502 4506
f 4502 4507 4506
f 4503 4508 4507
f 4504 4509 4508
f 4505 4512 4509
f 4509 4512 4514
f 4512 4513 4515
f 4513 4520 4521
f 4512 4515 4514
f 4513 4521 4515
f 4517 4599 4518
f 4516 4522 4520
f 4516 4519 4523
f 4518 4524 4519
f 4520 4522 4521
f 4516 4523 4522
f 4519 4524 4523
f 4518 4600 4524
f 4524 4605 4525
f 4396 4398 4536
f 4397 4537 4399
f 4526 4529 4527
f 4527 4530 4528
f 4528 4531 4533
f 4527 4529 4530
f 4528 4530 4531
f 4531 4535 4533
f 4398 4526 4536
f 4526 4527 4536
f 4527 4528 4536
f 4399 4537 4529
f 4529 4537 4530
f 4530 4537 4531
f 4532 4533 4535
f 4400 4538 4402
f 4532 4535 4534
f 4394 4403 4540
f 4402 4538 4532
f 4532 4538 4533
f 4528 4533 4538
f 4403 4534 4540
f 4534 4535 4540
f 4531 4540 4535
f 4528 4538 4536
f 4531 4537 4540
f 4536 4538 4537
f 4525 4657 4539
f 4525 4539 4538
f 4537 4538 4540
f 4538 4539 4540
f 4303 4593 4541
f 4413 4593 4414
f 4413 4541 4593
f 4414 4593 4415
f 4543 4545 4544
f 4306 4544 4545
f 4306 4549 4307
f 4306 4545 4549
f 4545 4553 4546
f 4545 4546 4548
f 4545 4547 4549
f 4545 4548 4547
f 4545 4554 4553
f 4307 4549 4308
f 4308 4550 4309
f 4309 4550 4310
f 4310 4551 4311
f 4311 4551 4312
f 4308 4549 4550
f 4310 4550 4551
f 4551 4552 4576
f 4554 4559 4555
f 4555 4559 4556
f 4556 4559 4557
f 4557 4559 4558
f 4542 4559 4565
f 4542 4565 4566
f 4558 4559 4560
f 4559 4561 4560
f 4559 4584 4561
f 4561 4584 4562
f 4562 4584 4563
f 4415 4606 4416
f 4416 4606 4542
f 4542 4566 4564
f 4564 4566 4567
f 4564 4567 4568
f 4564 4568 4569
f 4564 4569 4570
f 4564 4570 4571
f 4564 4571 4591
f 4417 4418 4604
f 4312 4576 4574
f 4574 4576 4575
f 4312 4551 4576
f 4552 4577 4576
f 4576 4577 4578
f 4576 4578 4579
f 4576 4579 4580
f 4563 4584 4582
f 4582 4584 4583
f 4580 4581 4584
f 4581 4583 4584
f 4584 4585 4588
f 4585 4589 4588
f 4425 4426 4594
f 4426 4427 4594
f 4425 4594 4586
f 4428 4585 4607
f 4427 4428 4607
f 4318 4586 4594
f 4571 4572 4591
f 4572 4573 4591
f 4573 4590 4591
f 4585 4591 4589
f 4587 4589 4591
f 4587 4591 4590
f 4431 4595 4432
f 4432 4595 4433
f 4431 4592 4595
f 4433 4595 4434
f 4434 4608 4591
f 4592 4596 4595
f 4415 4593 4606
f 4546 4609 4548
f 4547 4548 4611
f 4547 4612 4549
f 4549 4613 4550
f 4550 4615 4551
f 4551 4617 4552
f 4552 4616 4577
f 4542 4618 4559
f 4546 4553 4621
f 4553 4554 4620
f 4554 4555 4622
f 4555 4556 4623
f 4556 4557 4624
f 4557 4558 4626
f 4558 4560 4627
f 4560 4561 4628
f 4561 4562 4630
f 4563 4582 4631
f 4562 4563 4632
f 4559 4633 4584
f 4418 4419 4604
f 4419 4420 4604
f 4420 4421 4604
f 4421 4422 4604
f 4422 4564 4634
f 4564 4591 4634
f 4577 4635 4578
f 4584 4637 4585
f 4578 4640 4579
f 4579 4639 4580
f 4580 4641 4581
f 4581 4642 4583
f 4582 4583 4643
f 4427 4607 4594
f 4595 4596 4597
f 4434 4595 4608
f 4435 4647 4596
f 4596 4647 4597
f 4517 4598 4599
f 4518 4599 4600
f 4524 4600 4605
f 4600 4601 4605
f 4601 4602 4605
f 4602 4603 4605
f 4603 4604 4605
f 4604 4647 4605
f 4525 4605 4657
f 4320 4606 4593
f 4542 4606 4618
f 4546 4621 4609
f 4548 4609 4610
f 4548 4610 4611
f 4547 4611 4612
f 4549 4612 4613
f 4550 4613 4614
f 4550 4614 4615
f 4551 4615 4617
f 4552 4617 4616
f 4554 4619 4620
f 4554 4622 4619
f 4553 4620 4621
f 4555 4623 4622
f 4556 4624 4623
f 4557 4625 4624
f 4557 4626 4625
f 4558 4627 4626
f 4559 4618 4633
f 4560 4628 4627
f 4561 4629 4628
f 4561 4630 4629
f 4562 4632 4630
f 4563 4631 4632
f 4422 4634 4604
f 4585 4637 4607
f 4324 4594 4607
f 4578 4635 4640
f 4577 4636 4635
f 4577 4616 4636
f 4580 4639 4638
f 4580 4638 4641
f 4579 4640 4639
f 4581 4641 4642
f 4583 4642 4643
f 4582 4643 4644
f 4582 4644 4631
f 4584 4633 4637
f 4591 4608 4645
f 4595 4597 4608
f 4591 4645 4634
f 4597 4646 4608
f 4327 4618 4606
f 4327 4620 4619
f 4327 4619 4618
f 4330 4621 4620
f 4330 4611 4610
f 4330 4612 4611
f 4330 4609 4621
f 4330 4610 4609
f 4331 4613 4612
f 4331 4614 4613
f 4331 4615 4614
f 4333 4616 4617
f 4331 4617 4615
f 4618 4619 4622
f 4618 4622 4623
f 4618 4623 4624
f 4618 4624 4625
f 4618 4625 4626
f 4618 4626 4633
f 4626 4627 4633
f 4627 4628 4633
f 4628 4629 4633
f 4629 4630 4633
f 4631 4637 4633
f 4630 4632 4633
f 4631 4633 4632
f 4604 4634 4647
f 4634 4648 4647
f 4332 4607 4637
f 4332 4638 4639
f 4332 4637 4638
f 4333 4639 4640
f 4333 4636 4616
f 4333 4640 4635
f 4333 4635 4636
f 4637 4641 4638
f 4637 4642 4641
f 4631 4644 4637
f 4637 4643 4642
f 4637 4644 4643
f 4608 4646 4645
f 4645 4646 4648
f 4634 4645 4648
f 4597 4647 4646
f 4646 4647 4648
f 4657 4472 4473
f 4657 4473 4474
f 4657 4474 4649
f 4657 4649 4650
f 4475 4539 4476
f 4476 4539 4478
f 4477 4478 4539
f 4477 4669 4479
f 4665 4485 4651
f 4479 4669 4487
f 4487 4669 4488
f 4488 4669 4490
f 4490 4668 4656
f 4655 4654 4652
f 4655 4656 4654
f 4490 4670 4668
f 4657 4650 4653
f 4657 4653 4658
f 4657 4658 4659
f 4657 4659 4661
f 4657 4661 4662
f 4657 4662 4663
f 4477 4539 4669
f 4539 4657 4669
f 4665 4651 4667
f 4657 4663 4664
f 4490 4669 4670
f 4656 4660 4654
f 4656 4668 4660
f 4657 4664 4669
f 4669 4664 4665
f 4669 4665 4670
f 4668 4666 4660
f 4668 4670 4666
f 4670 4665 4667
f 4670 4667 4666
f 1666 4671 4686
f 4671 4672 4684
f 4672 4673 4683
f 4673 4674 4682
f 4674 4677 4682
f 4677 4678 4682
f 4678 4679 4682
f 4676 4682 4680
f 4680 4682 4681
f 4679 4681 4682
f 4675 4682 4676
f 1686 4682 4675
f 4673 4682 4683
f 4672 4683 4684
f 4671 4684 4686
f 3458 4686 4967
f 4686 4974 4967
f 4684 4685 4686
f 4685 4687 4686
f 4695 4706 4700
f 4686 4687 4688
f 4686 4688 4689
f 4686 4689 4690
f 4686 4690 4691
f 4686 4691 4692
f 4686 4985 4974
f 4686 4692 4985
f 4692 4693 4985
f 4693 4694 4985
f 4694 4986 4985
f 4697 4698 4701
f 4696 4701 4698
f 4695 4700 4696
f 4694 4697 4699
f 4696 4700 4701
f 4697 4701 4699
f 4694 4699 4986
f 4699 4702 4986
f 4671 5148 4672
f 4672 5149 4673
f 4673 5150 4674
f 4675 4676 5153
f 4674 5151 4677
f 4677 5154 4678
f 4678 5155 4679
f 4679 5156 4681
f 4680 4681 5158
f 4676 4680 5157
f 1686 5159 4682
f 4682 5159 4683
f 4683 5161 4684
f 4684 5161 4685
f 3069 5163 4686
f 4685 5164 4687
f 4687 5164 4688
f 4688 5165 4689
f 4689 5166 4690
f 4690 5167 4691
f 4691 5168 4692
f 4692 5169 4693
f 4693 5171 4694
f 4694 5171 4697
f 4695 4696 5173
f 4697 5174 4698
f 4696 4698 5175
f 4699 4701 5178
f 4699 5176 4702
f 4700 5177 4701
f 1760 4704 4705
f 1760 4705 4706
f 1760 4703 4704
f 4710 4711 4725
f 4710 4773 4711
f 4709 4710 4724
f 4710 4725 4724
f 4711 4733 4725
f 4711 4773 4733
f 4716 4717 4726
f 4716 4726 4718
f 4712 4726 4717
f 4712 4714 4715
f 4712 4715 4720
f 4712 4720 4721
f 4712 4717 4714
f 4718 4726 4719
f 4712 4721 4722
f 4719 4726 4727
f 4726 4728 4727
f 4726 4729 4728
f 4726 4731 4729
f 4729 4731 4730
f 4730 4731 4749
f 4731 4750 4749
f 4731 4751 4750
f 4709 4724 4782
f 4710 4774 4773
f 4766 4773 4774
f 4712 4789 4726
f 4716 4793 4717
f 4716 4718 4794
f 4718 4719 4795
f 4719 4727 4795
f 4714 4717 4790
f 4714 4790 4715
f 4720 4791 4721
f 4715 4792 4720
f 4713 4723 4797
f 4721 4796 4722
f 4722 4796 4723
f 4712 4732 4787
f 4732 4735 4765
f 4724 4725 4812
f 4733 4773 4766
f 4726 4817 4731
f 4727 4728 4819
f 4728 4729 4820
f 4729 4730 4821
f 4730 4749 4821
f 4725 4733 4812
f 4731 4822 4734
f 1760 4706 4695
f 4735 4762 4736
f 4735 4736 4768
f 4713 4737 4754
f 4737 4739 4754
f 4713 4754 4723
f 4712 4722 4756
f 4722 4723 4756
f 4740 4755 4754
f 4723 4754 4756
f 4738 4740 4754
f 4738 4754 4739
f 4740 4741 4755
f 4742 4743 4755
f 4741 4742 4755
f 4743 4744 4755
f 4744 4745 4757
f 4745 4746 4757
f 4746 4747 4757
f 4747 4748 4757
f 4748 4752 4757
f 4731 4760 4753
f 4752 4753 4760
f 4712 4756 4732
f 4732 4756 4762
f 4731 4753 4751
f 4731 4734 4760
f 4744 4757 4755
f 4752 4760 4757
f 4755 4757 4758
f 4757 4759 4758
f 4757 4760 4759
f 4734 4763 4760
f 4759 4760 4761
f 4760 4775 4761
f 4760 4763 4775
f 4732 4762 4735
f 4713 4836 4737
f 4740 4839 4741
f 4738 4838 4740
f 4741 4840 4742
f 4742 4840 4743
f 4743 4841 4744
f 4744 4842 4745
f 4738 4739 4837
f 4737 4837 4739
f 4745 4844 4746
f 4746 4844 4747
f 4747 4843 4748
f 4749 4750 4872
f 4750 4751 4873
f 4751 4753 4874
f 4748 4875 4752
f 4752 4874 4753
f 4734 4771 4764
f 4734 4764 4763
f 4755 4758 4894
f 4709 4782 4776
f 4709 4776 4777
f 4709 4777 4778
f 4709 4778 4779
f 4724 4781 4782
f 4732 4765 4785
f 4712 4787 4789
f 4713 4797 4836
f 4715 4790 4792
f 4720 4792 4791
f 4717 4793 4790
f 4716 4794 4793
f 4718 4795 4794
f 4727 4819 4795
f 4721 4791 4796
f 4723 4796 4797
f 4733 4766 4813
f 4724 4812 4781
f 4766 4774 4827
f 4726 4789 4817
f 4728 4820 4819
f 4729 4821 4820
f 4749 4872 4821
f 4734 4824 4771
f 4731 4817 4822
f 4709 4779 4780
f 4732 4785 4786
f 4732 4786 4787
f 4765 4767 4783
f 4765 4783 4788
f 4765 4784 4785
f 4765 4788 4784
f 4733 4813 4812
f 4766 4814 4813
f 4734 4822 4823
f 4734 4823 4824
f 4766 4815 4814
f 4766 4816 4815
f 4766 4827 4816
f 4771 4824 4825
f 4771 4825 4826
f 4735 4768 4769
f 4735 4769 4767
f 4736 4762 4906
f 4767 4769 4770
f 4736 4906 4768
f 4767 4770 4834
f 4768 4917 4769
f 4735 4767 4765
f 4737 4836 4837
f 4738 4837 4838
f 4740 4838 4839
f 4741 4839 4840
f 4743 4840 4841
f 4744 4841 4842
f 4745 4842 4844
f 4748 4843 4875
f 4747 4844 4843
f 4750 4873 4872
f 4751 4874 4873
f 4752 4875 4874
f 4754 4912 4756
f 4754 4755 4912
f 4758 4759 4894
f 4759 4761 4894
f 4756 4913 4762
f 4761 4775 4900
f 4763 4900 4775
f 4764 4771 4772
f 4767 4834 4783
f 4771 4876 4772
f 4771 4826 4876
f 4763 4764 4916
f 4764 4772 4916
f 4772 4876 4887
f 4710 4961 4774
f 4710 4962 4961
f 4774 4961 4827
f 4703 5383 4704
f 4704 5384 4705
f 4705 5385 4706
f 1760 4695 2881
f 4776 4782 4786
f 4781 4787 4782
f 4776 4785 4777
f 4777 4784 4778
f 4778 4788 4779
f 4779 4798 4780
f 4782 4787 4786
f 4776 4786 4785
f 4781 4805 4787
f 4777 4785 4784
f 4787 4805 4806
f 4787 4806 4789
f 4778 4784 4788
f 4783 4798 4788
f 4783 4799 4798
f 4789 4792 4790
f 4789 4791 4792
f 4789 4790 4793
f 4789 4793 4794
f 4789 4794 4795
f 4789 4796 4791
f 4779 4788 4798
f 4780 4798 4799
f 4783 4832 4799
f 4781 4801 4800
f 4781 4800 4805
f 4781 4802 4801
f 4781 4803 4802
f 4781 4804 4803
f 4781 4812 4804
f 4804 4812 4807
f 4807 4812 4808
f 4808 4812 4809
f 4809 4812 4810
f 4810 4812 4811
f 4812 4813 4823
f 4813 4814 4824
f 4814 4815 4825
f 4816 4827 4828
f 4827 4829 4828
f 4789 4795 4817
f 4811 4812 4822
f 4811 4822 4818
f 4817 4818 4822
f 4812 4823 4822
f 4813 4824 4823
f 4814 4825 4824
f 4795 4819 4817
f 4817 4819 4820
f 4817 4820 4821
f 4817 4821 4872
f 4817 4872 4873
f 4817 4873 4874
f 4815 4826 4825
f 4816 4830 4826
f 4826 4830 4876
f 4830 4831 4876
f 4815 4816 4826
f 4827 4833 4829
f 4828 4831 4830
f 4816 4828 4830
f 4828 4829 4831
f 4703 4707 5390
f 4707 4708 5391
f 4708 4709 5392
f 4709 4780 5247
f 4783 4835 4832
f 4783 4834 4835
f 4769 4917 4770
f 4770 4917 4834
f 4768 4906 4917
f 4700 4706 5386
f 4832 4835 4905
f 4834 4935 4835
f 4796 4855 4797
f 4797 4855 4836
f 4836 4855 4837
f 4837 4855 4838
f 4838 4855 4839
f 4839 4855 4858
f 4839 4861 4840
f 4860 4874 4875
f 4840 4863 4841
f 4841 4860 4842
f 4843 4860 4875
f 4843 4844 4860
f 4842 4860 4844
f 4846 4849 4847
f 4846 4848 4851
f 4847 4849 4850
f 4846 4851 4849
f 4849 4851 4850
f 4850 4851 4852
f 4845 4852 4848
f 4848 4852 4851
f 4850 4852 4854
f 4846 4870 4848
f 4845 4848 4870
f 4845 4870 4853
f 4846 4847 4870
f 4845 4854 4852
f 4845 4853 4854
f 4850 4854 4869
f 4853 4869 4854
f 4850 4869 4871
f 4855 4856 4857
f 4839 4858 4859
f 4855 4857 4858
f 4839 4859 4861
f 4840 4861 4862
f 4840 4862 4863
f 4841 4863 4864
f 4841 4864 4865
f 4841 4865 4860
f 4860 4866 4867
f 4860 4865 4866
f 4853 4870 4868
f 4853 4868 4869
f 4868 4871 4869
f 4868 4870 4871
f 4831 4892 4876
f 4847 4850 4878
f 4847 4878 4877
f 4878 4879 4881
f 4878 4880 4879
f 4878 4884 4880
f 4878 4886 4884
f 4877 4878 4881
f 4877 4881 4882
f 4879 4882 4881
f 4877 4882 4883
f 4879 4880 4882
f 4880 4883 4882
f 4877 4883 4885
f 4880 4884 4883
f 4850 4891 4878
f 4878 4889 4886
f 4878 4891 4889
f 4883 4884 4885
f 4877 4885 4888
f 4884 4886 4885
f 4877 4888 4890
f 4885 4886 4888
f 4755 4894 4912
f 4761 4900 4894
f 4762 4913 4906
f 4756 4912 4913
f 4886 4889 4888
f 4888 4889 4890
f 4889 4891 4890
f 4763 4916 4900
f 4772 4887 4940
f 4876 4893 4887
f 4876 4892 4893
f 4834 4917 4935
f 4894 4900 4895
f 4895 4900 4896
f 4896 4900 4897
f 4900 4901 4902
f 4897 4900 4898
f 4900 4902 4903
f 4898 4900 4899
f 4900 4903 4904
f 4899 4900 4904
f 4772 4940 4916
f 4892 4922 4893
f 4799 4832 5180
f 4789 4806 5316
f 4780 4799 5253
f 4832 4905 5180
f 4789 5323 4796
f 4829 4833 5181
f 4800 5325 4805
f 4800 4801 5326
f 4801 4802 5327
f 4802 4803 5328
f 4803 4804 5329
f 4805 5330 4806
f 4804 4807 5332
f 4807 4808 5333
f 4808 4809 5334
f 4809 4810 5335
f 4810 4811 5336
f 4817 5339 4818
f 4811 4818 5339
f 4817 4874 5338
f 4829 5259 4831
f 4835 4935 4905
f 4905 5182 5180
f 4905 5188 5182
f 4796 5360 4855
f 4860 5375 4874
f 4870 5287 4871
f 4847 5378 4870
f 4855 5360 4856
f 4856 5361 4857
f 4857 5362 4858
f 4858 5363 4859
f 4859 5364 4861
f 4861 5366 4862
f 4862 5367 4863
f 4863 5368 4864
f 4864 5369 4865
f 4865 5370 4866
f 4860 4867 5372
f 4866 5371 4867
f 4831 5187 4892
f 4892 5187 4922
f 4847 4877 5299
f 4906 4907 4908
f 4906 4908 4909
f 4894 4895 4912
f 4895 4896 4914
f 4896 4897 4915
f 4900 4916 4901
f 4906 4909 4910
f 4906 4910 4911
f 4906 4913 4907
f 4907 4923 4908
f 4906 4919 4917
f 4906 4921 4919
f 4906 4920 4921
f 4906 4911 4918
f 4906 4918 4920
f 4897 4898 4924
f 4902 4927 4903
f 4901 4926 4902
f 4898 4899 4925
f 4903 4930 4904
f 4899 4904 4932
f 4895 4914 4912
f 4887 4942 4940
f 4850 4871 5300
f 4907 4913 4923
f 4908 4923 4928
f 4909 4928 4929
f 4910 4929 4933
f 4912 4914 4913
f 4913 4914 4923
f 4914 4915 4923
f 4850 5300 4891
f 4877 4890 5299
f 4890 4891 5300
f 4908 4928 4909
f 4909 4929 4910
f 4910 4933 4911
f 4896 4915 4914
f 4901 4916 4926
f 4897 4924 4915
f 4898 4925 4924
f 4902 4926 4927
f 4899 4931 4925
f 4904 4930 4932
f 4899 4932 4931
f 4903 4927 4930
f 4917 4919 4935
f 4911 4936 4918
f 4918 4938 4920
f 4920 4939 4921
f 4919 4921 4937
f 4911 4933 4934
f 4911 4934 4936
f 4919 4937 4935
f 4920 4938 4939
f 4918 4936 4938
f 4921 4939 4937
f 4915 4928 4923
f 4915 4924 4928
f 4924 4925 4929
f 4924 4929 4928
f 4925 4931 4933
f 4925 4933 4929
f 4916 4940 4926
f 4926 4941 4927
f 4927 4948 4930
f 4905 4935 5188
f 4931 4934 4933
f 4930 4949 4932
f 4926 4940 4941
f 4931 4932 4950
f 4927 4941 4948
f 4931 4951 4934
f 4930 4948 4949
f 4932 4949 4950
f 4940 4942 4943
f 4940 4943 4941
f 4941 4944 4948
f 4946 4949 4948
f 4941 4943 4944
f 4944 4946 4948
f 4942 4960 4943
f 4943 4960 4944
f 4945 4949 4946
f 4945 4947 4950
f 4944 4960 4946
f 4945 4946 4960
f 4945 4960 4947
f 4935 4937 5188
f 4931 4950 4951
f 4937 4939 5189
f 4934 5194 4936
f 4936 5193 4938
f 4938 5191 4939
f 4937 5189 5188
f 4939 5190 5189
f 4939 5191 5190
f 4934 4951 5194
f 4938 5193 5191
f 4936 5194 5193
f 4945 4950 4949
f 4947 4951 4950
f 4947 4952 4951
f 4947 4956 4952
f 4947 4960 4956
f 4956 4960 4957
f 4953 4956 4957
f 4954 4957 4958
f 4957 4960 4958
f 4958 4960 4959
f 4952 4956 4953
f 4953 4957 4954
f 4954 4958 4955
f 4955 4959 5192
f 4955 4958 4959
f 4959 4960 5192
f 4960 5227 5192
f 4922 5187 5227
f 4710 5311 4962
f 4827 4961 4833
f 4833 4961 4962
f 4833 4962 5181
f 4962 5311 5181
f 4887 4893 4963
f 4887 4963 4942
f 4893 4964 4963
f 4942 4963 4964
f 4893 4922 4964
f 4922 4965 4964
f 4942 4964 4965
f 4922 4966 4965
f 4942 4965 4960
f 4960 4965 4966
f 4922 5227 4966
f 4960 4966 5227
f 4967 4972 4973
f 4967 4974 4972
f 4967 4973 4968
f 4967 4968 4969
f 4967 4969 4970
f 4967 4970 4971
f 4967 4971 4975
f 4967 4975 5003
f 4975 4976 5003
f 4976 4977 5003
f 4977 4978 4980
f 4978 4979 4980
f 4979 4981 4980
f 4967 5003 5009
f 4977 4980 5003
f 4967 5009 5035
f 4980 4984 4987
f 4980 4981 4982
f 4980 4983 4984
f 4980 4982 4983
f 4967 5035 5037
f 4967 5037 5041
f 4980 5001 5455
f 4702 4988 4986
f 4702 4989 4988
f 4989 4993 4990
f 4702 4993 4989
f 4990 4993 4994
f 4990 4994 4991
f 4991 4994 4992
f 4992 4994 4995
f 4992 4995 4996
f 4996 5001 4997
f 4997 5001 4998
f 4998 5001 4999
f 4987 5000 5001
f 4999 5001 5000
f 4995 5001 4996
f 4995 5128 5001
f 5001 5128 5002
f 5002 5128 5130
f 4995 5019 5128
f 5001 5002 5021
f 5002 5130 5022
f 4980 4987 5001
f 5001 5021 5023
f 5002 5020 5021
f 5002 5022 5020
f 5022 5130 5024
f 4980 5005 5003
f 5003 5005 5004
f 5004 5005 5006
f 5004 5006 5007
f 5003 5004 5010
f 5004 5007 5010
f 5006 5008 5007
f 4980 5048 5005
f 5007 5008 5015
f 5007 5015 5010
f 5008 5016 5015
f 5003 5010 5009
f 5009 5010 5011
f 5009 5011 5013
f 5010 5012 5011
f 5011 5012 5013
f 5012 5014 5013
f 5010 5066 5012
f 5013 5014 5017
f 5014 5018 5017
f 5005 5053 5006
f 5006 5095 5008
f 5010 5015 5032
f 5015 5016 5032
f 4980 5049 5048
f 4980 5051 5049
f 5005 5048 5050
f 5005 5050 5053
f 5009 5039 5035
f 5016 5033 5032
f 5008 5103 5016
f 5009 5013 5061
f 5012 5066 5014
f 5017 5018 5056
f 5009 5061 5039
f 5010 5032 5069
f 5010 5067 5066
f 5010 5069 5067
f 5013 5017 5061
f 5017 5056 5059
f 5014 5068 5018
f 5018 5057 5056
f 3458 4967 5579
f 4968 5580 4969
f 4969 5581 4970
f 4970 5582 4971
f 4972 5584 4973
f 4968 4973 5585
f 4972 4974 5586
f 4974 4985 5586
f 4967 5041 5081
f 4967 5081 5085
f 4967 5085 5097
f 4967 5097 5453
f 4971 5587 4975
f 4975 5587 4976
f 4976 5589 4977
f 4977 5590 4978
f 4978 5591 4979
f 4979 5593 4981
f 4981 5594 4982
f 4982 5595 4983
f 4983 5595 4984
f 4985 4986 5598
f 4987 5599 5000
f 4995 5025 5019
f 4995 5028 5025
f 4995 5030 5028
f 5001 5023 5026
f 5024 5130 5027
f 5001 5026 5029
f 5001 5029 5031
f 4986 4988 5600
f 4988 4989 5601
f 4989 4990 5602
f 4990 4991 5603
f 4991 4992 5604
f 4992 4996 5604
f 4702 5179 4993
f 4993 5605 4994
f 4994 5606 4995
f 4995 5456 5030
f 4996 4997 5609
f 4998 4999 5611
f 4997 4998 5610
f 4999 5000 5612
f 5001 5031 5457
f 5021 5136 5137
f 5019 5023 5137
f 5020 5136 5021
f 5020 5022 5138
f 5021 5137 5023
f 4984 5599 4987
f 5001 5457 5455
f 5019 5025 5026
f 5025 5029 5026
f 5019 5026 5023
f 5025 5028 5029
f 5028 5031 5029
f 5028 5030 5031
f 5030 5457 5031
f 5030 5456 5457
f 4980 5089 5051
f 4980 5093 5089
f 5006 5053 5091
f 5006 5091 5095
f 4980 5101 5093
f 5016 5103 5033
f 5032 5033 5054
f 5035 5036 5037
f 5034 5036 5035
f 5034 5035 5039
f 5034 5039 5038
f 5036 5040 5037
f 5037 5040 5041
f 5038 5039 5043
f 5038 5043 5042
f 4980 5455 5101
f 5008 5095 5103
f 5044 5045 5046
f 5045 5047 5052
f 5045 5052 5046
f 5044 5048 5045
f 5045 5048 5049
f 5044 5050 5048
f 5044 5046 5050
f 5045 5049 5047
f 5047 5049 5051
f 5046 5052 5053
f 5046 5053 5050
f 5039 5065 5043
f 5039 5061 5065
f 5032 5054 5108
f 5033 5055 5054
f 5033 5478 5055
f 5017 5059 5061
f 5014 5066 5068
f 5018 5077 5057
f 5018 5068 5077
f 5056 5057 5076
f 5059 5060 5061
f 5058 5060 5059
f 5058 5074 5060
f 5058 5062 5074
f 5058 5059 5063
f 5058 5063 5062
f 5060 5064 5061
f 5061 5064 5065
f 5060 5074 5064
f 5062 5063 5075
f 5032 5108 5069
f 5066 5067 5071
f 5066 5071 5070
f 5066 5070 5068
f 5068 5070 5072
f 5067 5069 5073
f 5067 5073 5071
f 5068 5072 5077
f 5056 5063 5059
f 5056 5075 5063
f 5056 5076 5075
f 5062 5075 5074
f 5057 5077 5116
f 5057 5116 5079
f 5057 5079 5076
f 5072 5078 5077
f 5040 5080 5041
f 5041 5080 5081
f 5034 5098 5036
f 5034 5038 5098
f 5080 5084 5081
f 5036 5098 5040
f 5042 5043 5083
f 5042 5083 5082
f 5038 5042 5098
f 5082 5083 5087
f 5081 5084 5085
f 5040 5098 5080
f 5084 5096 5085
f 5080 5098 5084
f 5042 5082 5098
f 5082 5087 5086
f 5082 5086 5098
f 5086 5087 5099
f 5047 5090 5052
f 5047 5088 5090
f 5088 5094 5090
f 5047 5051 5088
f 5051 5089 5088
f 5088 5089 5092
f 5052 5091 5053
f 5052 5090 5091
f 5090 5095 5091
f 5033 5103 5478
f 5088 5092 5094
f 5092 5102 5094
f 5089 5093 5092
f 5092 5093 5100
f 5090 5094 5095
f 5094 5103 5095
f 5043 5105 5083
f 5043 5065 5105
f 5083 5105 5107
f 5083 5107 5087
f 5087 5107 5121
f 5054 5055 5483
f 5085 5096 5097
f 5084 5098 5096
f 5086 5099 5098
f 5096 5452 5097
f 5096 5098 5452
f 5097 5452 5453
f 5098 5099 5472
f 5098 5472 5471
f 5092 5100 5102
f 5093 5101 5100
f 5094 5102 5103
f 5100 5477 5102
f 5100 5454 5477
f 5100 5101 5454
f 5101 5455 5454
f 5102 5478 5103
f 5102 5477 5478
f 5087 5121 5099
f 5099 5502 5472
f 5099 5121 5502
f 5055 5478 5484
f 5054 5483 5122
f 5055 5484 5483
f 5064 5104 5065
f 5065 5104 5105
f 5064 5074 5104
f 5074 5106 5104
f 5104 5106 5105
f 5105 5106 5107
f 5074 5120 5106
f 5106 5120 5107
f 5054 5110 5108
f 5069 5109 5073
f 5069 5108 5109
f 5108 5111 5109
f 5054 5122 5110
f 5108 5110 5111
f 5110 5123 5111
f 5074 5075 5113
f 5074 5113 5112
f 5075 5076 5113
f 5112 5113 5115
f 5076 5115 5113
f 5112 5115 5114
f 5076 5125 5115
f 5114 5115 5125
f 5079 5116 5118
f 5077 5078 5116
f 5078 5117 5116
f 5116 5117 5118
f 5079 5118 5126
f 5117 5119 5118
f 5118 5119 5126
f 5076 5079 5511
f 5074 5501 5120
f 5107 5120 5121
f 5074 5112 5557
f 5120 5501 5121
f 5074 5503 5501
f 5112 5114 5557
f 5121 5501 5502
f 5074 5519 5503
f 5110 5122 5123
f 5071 5073 5569
f 5070 5071 5570
f 5070 5572 5072
f 5073 5109 5526
f 5109 5111 5524
f 5072 5571 5078
f 5122 5483 5505
f 5122 5506 5123
f 5111 5123 5508
f 5122 5505 5506
f 5114 5125 5124
f 5076 5511 5125
f 5124 5125 5510
f 5124 5510 5509
f 5125 5511 5510
f 5119 5127 5126
f 5078 5577 5117
f 5079 5126 5516
f 5079 5516 5511
f 5126 5514 5516
f 5126 5127 5514
f 5117 5534 5119
f 5127 5515 5514
f 5119 5532 5127
f 5128 5129 5130
f 5129 5132 5130
f 5129 5131 5132
f 5131 5134 5132
f 5128 5136 5129
f 5131 5133 5134
f 5129 5138 5131
f 5027 5130 5132
f 5131 5139 5133
f 5133 5135 5141
f 5128 5137 5136
f 5019 5137 5128
f 5129 5136 5138
f 5133 5141 5134
f 5132 5134 5145
f 5131 5138 5139
f 5133 5143 5135
f 5133 5139 5143
f 5027 5132 5145
f 5135 5140 5142
f 5020 5138 5136
f 5135 5143 5144
f 5022 5139 5138
f 5022 5024 5139
f 5135 5144 5140
f 5134 5141 5147
f 5135 5142 5141
f 5134 5147 5145
f 5141 5142 5636
f 5024 5143 5139
f 5024 5027 5143
f 5027 5144 5143
f 5140 5144 5146
f 5027 5145 5144
f 5144 5145 5146
f 5145 5147 5146
f 5140 5146 5637
f 5140 5637 5643
f 5146 5147 5635
f 5146 5635 5637
f 5147 5636 5635
f 5141 5636 5147
f 5140 5643 5142
f 5142 5643 5636
f 4672 5148 5149
f 4673 5149 5150
f 4674 5150 5151
f 4675 5153 5152
f 4677 5151 5154
f 4678 5154 5155
f 4679 5155 5156
f 4681 5156 5158
f 4680 5158 5157
f 4676 5157 5153
f 1686 2651 5159
f 2631 4686 5163
f 4683 5159 5160
f 4683 5160 5161
f 4685 5161 5162
f 4685 5162 5164
f 2881 4695 5172
f 4700 5386 5177
f 4688 5164 5165
f 4689 5165 5166
f 4690 5166 5167
f 4691 5167 5168
f 4692 5168 5169
f 4693 5169 5170
f 4693 5170 5171
f 4695 5173 5172
f 4697 5171 5174
f 4698 5174 5175
f 4696 5175 5173
f 4699 5178 5176
f 4702 5176 5179
f 4701 5177 5178
f 2631 5163 5148
f 5148 5161 5149
f 5149 5160 5150
f 5150 5159 5151
f 5151 5159 5154
f 5154 5159 5155
f 5155 5159 5156
f 5153 5157 5159
f 5157 5158 5159
f 5156 5159 5158
f 5152 5153 5159
f 2651 5152 5159
f 5150 5160 5159
f 5149 5161 5160
f 5148 5163 5161
f 4537 5579 5163
f 5163 5579 5586
f 5161 5163 5162
f 5162 5163 5164
f 5172 5177 5386
f 5163 5165 5164
f 5163 5166 5165
f 5163 5167 5166
f 5163 5168 5167
f 5163 5169 5168
f 5163 5586 5597
f 5163 5597 5169
f 5169 5597 5170
f 5170 5597 5171
f 5171 5597 5598
f 5174 5178 5175
f 5173 5175 5178
f 5172 5173 5177
f 5171 5176 5174
f 5173 5178 5177
f 5174 5176 5178
f 5171 5598 5176
f 5176 5598 5179
f 4710 5394 5311
f 4799 5180 5253
f 4829 5181 5259
f 4709 5247 5392
f 4780 5253 5247
f 4806 5331 5316
f 5180 5185 5245
f 4789 5316 5323
f 5180 5245 5253
f 4801 5327 5326
f 4800 5326 5325
f 4802 5328 5327
f 4803 5329 5328
f 4804 5332 5329
f 4805 5325 5330
f 4806 5330 5331
f 4807 5333 5332
f 4808 5334 5333
f 4809 5335 5334
f 4810 5336 5335
f 4831 5259 5261
f 4817 5338 5339
f 4811 5339 5336
f 5181 5246 5259
f 5180 5182 5185
f 5182 5183 5185
f 5182 5184 5183
f 5182 5188 5184
f 5183 5184 5186
f 5184 5226 5186
f 5183 5186 5185
f 5186 5226 5272
f 5185 5186 5272
f 4831 5261 5187
f 5188 5189 5198
f 5189 5190 5199
f 5190 5191 5200
f 5191 5193 5201
f 4951 4952 5207
f 4952 4953 5204
f 4951 5209 5194
f 4953 4954 5205
f 4954 4955 5205
f 4955 5192 5206
f 5193 5194 5221
f 5194 5195 5221
f 5195 5196 5222
f 4951 5207 5209
f 4952 5204 5207
f 4953 5205 5204
f 4955 5206 5205
f 5194 5213 5195
f 5192 5208 5206
f 5184 5188 5198
f 5189 5199 5198
f 5190 5200 5199
f 5191 5201 5200
f 5184 5198 5199
f 5184 5199 5200
f 5193 5221 5201
f 5184 5200 5201
f 5184 5201 5221
f 5192 5227 5244
f 5196 5197 5223
f 5197 5202 5224
f 5202 5203 5225
f 5195 5211 5196
f 5196 5212 5197
f 5194 5209 5213
f 5197 5216 5202
f 5195 5213 5211
f 5202 5217 5203
f 5196 5211 5212
f 5209 5210 5213
f 5197 5212 5216
f 5202 5216 5217
f 5203 5217 5228
f 5210 5218 5213
f 5210 5214 5218
f 5214 5215 5219
f 5214 5219 5218
f 5215 5229 5219
f 5215 5220 5229
f 5195 5222 5221
f 5196 5223 5222
f 5184 5221 5222
f 5184 5222 5223
f 5184 5223 5224
f 5197 5224 5223
f 5202 5225 5224
f 5184 5224 5225
f 5184 5225 5226
f 5203 5226 5225
f 5205 5206 5234
f 5204 5205 5233
f 5204 5236 5207
f 5206 5208 5235
f 5207 5238 5209
f 5209 5238 5210
f 5192 5244 5208
f 5187 5244 5227
f 4796 5323 5360
f 4871 5287 5288
f 4870 5358 5287
f 4856 5360 5361
f 4857 5361 5362
f 4858 5362 5363
f 4859 5363 5364
f 4860 5365 5375
f 4860 5372 5365
f 4861 5364 5366
f 4862 5366 5367
f 4863 5367 5368
f 4864 5368 5369
f 4865 5369 5370
f 4866 5370 5371
f 4867 5371 5372
f 4870 5378 5358
f 4874 5375 5338
f 5187 5274 5244
f 5187 5261 5274
f 5220 5230 5229
f 5230 5231 5232
f 5220 5231 5230
f 4871 5288 5379
f 5217 5277 5228
f 5216 5275 5217
f 4847 5299 5378
f 4890 5300 5299
f 4871 5379 5300
f 5210 5239 5214
f 5214 5240 5215
f 5215 5241 5220
f 5205 5234 5233
f 5204 5233 5236
f 5207 5236 5238
f 5206 5235 5234
f 5208 5237 5235
f 5211 5278 5212
f 5211 5213 5280
f 5212 5279 5216
f 5213 5218 5280
f 5218 5219 5281
f 5219 5229 5282
f 5220 5242 5231
f 5229 5230 5283
f 5210 5238 5239
f 5214 5239 5240
f 5215 5240 5241
f 5203 5347 5226
f 5216 5279 5275
f 5217 5275 5277
f 5212 5278 5279
f 5211 5280 5278
f 5218 5281 5280
f 5219 5282 5281
f 5230 5232 5284
f 5220 5241 5242
f 5231 5242 5243
f 5233 5234 5243
f 5234 5235 5243
f 5233 5243 5236
f 5236 5243 5238
f 5235 5237 5243
f 5238 5243 5239
f 5239 5243 5240
f 5228 5277 5276
f 5229 5283 5282
f 5230 5284 5283
f 5232 5285 5284
f 5240 5243 5241
f 5241 5243 5242
f 5208 5244 5286
f 4704 5383 5384
f 4705 5384 5385
f 4706 5385 5386
f 4703 5390 5383
f 4707 5391 5390
f 4708 5392 5391
f 5245 5271 5314
f 5247 5253 5248
f 5248 5254 5249
f 5249 5255 5250
f 5250 5256 5251
f 5251 5257 5252
f 5252 5258 5313
f 5245 5314 5253
f 5248 5253 5254
f 5249 5254 5255
f 5250 5255 5256
f 5253 5314 5254
f 5254 5314 5255
f 5251 5256 5257
f 5252 5257 5258
f 5258 5315 5313
f 5246 5344 5259
f 5259 5262 5261
f 5260 5267 5262
f 5259 5260 5262
f 5266 5337 5343
f 5259 5344 5260
f 5260 5344 5263
f 5264 5265 5270
f 5265 5266 5269
f 5263 5268 5267
f 5261 5262 5377
f 5262 5267 5377
f 5264 5270 5268
f 5265 5269 5270
f 5266 5343 5269
f 5260 5263 5267
f 5263 5264 5268
f 5185 5271 5245
f 5185 5272 5271
f 5226 5273 5272
f 5271 5272 5273
f 5226 5347 5273
f 5271 5347 5314
f 5203 5348 5347
f 5271 5273 5347
f 5274 5377 5286
f 5203 5228 5348
f 5276 5279 5278
f 5275 5279 5276
f 5275 5276 5277
f 5276 5278 5280
f 5276 5280 5281
f 5276 5281 5282
f 5276 5282 5283
f 5276 5283 5284
f 5276 5284 5285
f 5208 5380 5237
f 5208 5286 5380
f 5244 5274 5286
f 5287 5291 5289
f 5287 5290 5288
f 5287 5289 5290
f 5289 5292 5290
f 5288 5290 5292
f 5287 5293 5291
f 5287 5295 5293
f 5287 5296 5295
f 5289 5291 5292
f 5288 5292 5294
f 5288 5294 5297
f 5291 5294 5292
f 5291 5293 5294
f 5287 5358 5296
f 5288 5297 5298
f 5288 5298 5359
f 5293 5295 5297
f 5293 5297 5294
f 5295 5296 5298
f 5296 5358 5359
f 5295 5298 5297
f 5296 5359 5298
f 5261 5377 5274
f 5231 5444 5232
f 5228 5276 5419
f 5299 5300 5301
f 5300 5302 5301
f 5301 5302 5303
f 5300 5304 5302
f 5231 5243 5420
f 5288 5359 5379
f 5300 5306 5305
f 5300 5379 5306
f 5299 5301 5378
f 5302 5304 5303
f 5300 5308 5304
f 5300 5305 5308
f 5301 5303 5378
f 5303 5304 5307
f 5304 5308 5307
f 5306 5379 5378
f 5303 5307 5378
f 5307 5308 5309
f 5305 5309 5308
f 5307 5309 5378
f 5305 5310 5309
f 5309 5310 5378
f 5306 5378 5310
f 5305 5306 5310
f 5276 5285 5417
f 5232 5440 5285
f 5286 5377 5380
f 5181 5311 5246
f 5246 5311 5312
f 5246 5312 5344
f 5311 5394 5312
f 5312 5445 5344
f 5237 5450 5243
f 5237 5380 5448
f 5237 5448 5449
f 5247 5248 5392
f 5313 5315 5330
f 5315 5331 5330
f 5315 5316 5331
f 5255 5314 5345
f 5255 5345 5256
f 5256 5345 5257
f 5316 5317 5319
f 5316 5319 5318
f 5316 5320 5317
f 5316 5321 5320
f 5316 5322 5321
f 5316 5318 5323
f 5257 5387 5258
f 5258 5387 5315
f 5314 5348 5345
f 5313 5325 5326
f 5313 5330 5325
f 5313 5326 5327
f 5313 5327 5328
f 5313 5328 5329
f 5313 5329 5337
f 5329 5332 5337
f 5332 5333 5337
f 5333 5334 5337
f 5334 5335 5337
f 5335 5336 5337
f 5263 5346 5264
f 5264 5346 5265
f 5263 5344 5346
f 5316 5338 5322
f 5336 5343 5337
f 5336 5339 5343
f 5338 5343 5339
f 5322 5338 5340
f 5338 5341 5340
f 5338 5342 5341
f 5338 5373 5342
f 5338 5374 5373
f 5338 5375 5374
f 5267 5268 5381
f 5268 5270 5381
f 5344 5445 5346
f 5265 5346 5266
f 5266 5388 5337
f 5269 5389 5270
f 5269 5343 5389
f 5248 5249 5392
f 5249 5250 5392
f 5250 5251 5392
f 5251 5252 5392
f 5252 5313 5408
f 5315 5395 5316
f 5257 5345 5387
f 5324 5396 5349
f 5317 5402 5319
f 5318 5319 5397
f 5317 5320 5403
f 5320 5321 5404
f 5321 5322 5405
f 5322 5340 5411
f 5318 5398 5323
f 5323 5400 5324
f 5313 5337 5408
f 5338 5409 5343
f 5316 5410 5338
f 5342 5373 5437
f 5340 5341 5414
f 5341 5342 5413
f 5270 5389 5381
f 5266 5346 5388
f 5314 5347 5348
f 5323 5324 5360
f 5324 5349 5360
f 5349 5350 5360
f 5350 5351 5360
f 5351 5352 5360
f 5352 5363 5360
f 5352 5353 5366
f 5365 5376 5375
f 5353 5354 5368
f 5354 5355 5365
f 5356 5365 5357
f 5356 5376 5365
f 5355 5357 5365
f 5360 5362 5361
f 5352 5364 5363
f 5360 5363 5362
f 5352 5366 5364
f 5353 5367 5366
f 5353 5368 5367
f 5354 5369 5368
f 5354 5370 5369
f 5354 5365 5370
f 5365 5372 5371
f 5365 5371 5370
f 5267 5381 5377
f 5377 5381 5382
f 5228 5415 5348
f 5358 5378 5359
f 5359 5378 5379
f 5228 5419 5415
f 5377 5382 5380
f 5349 5421 5350
f 5350 5424 5351
f 5351 5425 5352
f 5352 5426 5353
f 5353 5428 5354
f 5356 5422 5376
f 5356 5357 5429
f 5354 5432 5355
f 5355 5431 5357
f 5345 5348 5415
f 5373 5374 5433
f 5374 5375 5434
f 5375 5376 5436
f 5276 5416 5419
f 5276 5417 5416
f 5231 5420 5444
f 5243 5451 5420
f 5382 5418 5449
f 5232 5443 5440
f 5285 5441 5417
f 5232 5444 5443
f 5285 5442 5441
f 5381 5418 5382
f 2881 5385 5384
f 2881 5386 5385
f 2881 5384 5383
f 5252 5408 5392
f 5394 5447 5446
f 5388 5446 5447
f 5315 5387 5395
f 5345 5415 5387
f 5316 5395 5410
f 5317 5401 5402
f 5317 5403 5401
f 5318 5397 5398
f 5319 5402 5397
f 5323 5398 5399
f 5323 5399 5400
f 5324 5400 5396
f 5320 5404 5403
f 5321 5405 5404
f 5322 5406 5405
f 5322 5411 5406
f 5346 5446 5388
f 5337 5388 5407
f 5343 5409 5389
f 5337 5407 5408
f 5338 5410 5409
f 5342 5412 5413
f 5342 5437 5412
f 5340 5414 5411
f 5341 5413 5414
f 5388 5447 5407
f 5393 5407 5447
f 5393 5447 5394
f 5393 5394 5408
f 5392 5408 5394
f 5393 5408 5407
f 5395 5398 5397
f 5395 5397 5402
f 5395 5402 5401
f 5395 5401 5403
f 5395 5403 5410
f 5403 5404 5410
f 5404 5405 5410
f 5395 5399 5398
f 5405 5406 5410
f 5409 5433 5434
f 5409 5413 5412
f 5409 5412 5437
f 5409 5437 5433
f 5409 5410 5413
f 5406 5411 5410
f 5410 5411 5414
f 5410 5414 5413
f 2881 5172 5386
f 5387 5415 5419
f 5349 5396 5421
f 5350 5421 5423
f 5350 5423 5424
f 5357 5431 5430
f 5356 5429 5422
f 5357 5430 5429
f 5351 5424 5425
f 5352 5425 5426
f 5353 5426 5427
f 5353 5427 5428
f 5354 5428 5432
f 5355 5432 5431
f 5381 5389 5418
f 5375 5435 5434
f 5373 5433 5437
f 5374 5434 5433
f 5375 5436 5435
f 5376 5422 5436
f 5285 5440 5442
f 5389 5420 5418
f 5418 5420 5451
f 5387 5438 5395
f 5387 5419 5438
f 5395 5438 5399
f 5399 5438 5400
f 5396 5400 5439
f 5396 5439 5421
f 5421 5439 5423
f 5400 5438 5439
f 5425 5439 5440
f 5409 5435 5444
f 5435 5436 5444
f 5423 5439 5424
f 5424 5439 5425
f 5425 5440 5426
f 5426 5440 5427
f 5427 5440 5428
f 5428 5440 5432
f 5422 5443 5436
f 5429 5430 5443
f 5430 5431 5443
f 5431 5432 5443
f 5422 5429 5443
f 5389 5409 5444
f 5409 5434 5435
f 5416 5438 5419
f 5416 5417 5438
f 5389 5444 5420
f 5417 5441 5438
f 5438 5441 5439
f 5439 5442 5440
f 5436 5443 5444
f 5432 5440 5443
f 5439 5441 5442
f 5312 5394 5445
f 5346 5445 5446
f 5394 5446 5445
f 5237 5449 5450
f 5380 5382 5448
f 5243 5450 5451
f 5382 5449 5448
f 5418 5450 5449
f 5418 5451 5450
f 4967 5453 5579
f 4968 5585 5580
f 4969 5580 5581
f 4970 5581 5582
f 4971 5582 5583
f 4971 5583 5587
f 4973 5584 5585
f 4972 5586 5584
f 5453 5474 5579
f 4976 5587 5588
f 4976 5588 5589
f 4977 5589 5590
f 4978 5590 5591
f 5474 5486 5579
f 5486 5490 5579
f 5490 5536 5579
f 4984 5596 5599
f 4979 5591 5593
f 4981 5593 5594
f 4982 5594 5595
f 4984 5595 5596
f 5455 5457 5592
f 4995 5607 5456
f 5456 5459 5457
f 5456 5458 5459
f 5458 5461 5459
f 5458 5460 5461
f 5460 5463 5461
f 5460 5462 5463
f 5462 5466 5463
f 5462 5465 5466
f 4985 5597 5586
f 4985 5598 5597
f 4986 5600 5598
f 4988 5601 5600
f 4989 5602 5601
f 4990 5603 5602
f 4991 5604 5603
f 4993 5179 5605
f 4994 5605 5606
f 4995 5606 5607
f 5456 5607 5458
f 4996 5608 5604
f 4996 5609 5608
f 4997 5610 5609
f 4998 5611 5610
f 4999 5612 5611
f 5000 5599 5612
f 5465 5645 5468
f 5470 5645 5646
f 5465 5468 5466
f 5467 5469 5647
f 5468 5645 5470
f 5469 5470 5646
f 5457 5459 5613
f 5458 5607 5460
f 5460 5607 5462
f 5462 5607 5465
f 5459 5461 5613
f 5461 5463 5613
f 5463 5466 5613
f 5464 5657 5467
f 5098 5473 5452
f 5452 5473 5453
f 5098 5471 5473
f 5453 5473 5474
f 5471 5475 5473
f 5471 5472 5476
f 5471 5476 5475
f 5473 5485 5474
f 5473 5475 5485
f 5475 5476 5488
f 5454 5481 5477
f 5454 5479 5481
f 5454 5455 5479
f 5455 5480 5479
f 5477 5482 5478
f 5477 5481 5482
f 5479 5495 5481
f 5479 5480 5493
f 5481 5496 5482
f 5472 5502 5476
f 5476 5502 5504
f 5476 5504 5488
f 5478 5556 5484
f 5483 5555 5507
f 5483 5484 5555
f 5474 5485 5486
f 5475 5489 5485
f 5485 5489 5486
f 5475 5535 5489
f 5475 5488 5487
f 5487 5488 5492
f 5475 5487 5537
f 5486 5489 5490
f 5475 5537 5535
f 5487 5491 5537
f 5489 5535 5490
f 5490 5535 5536
f 5487 5492 5491
f 5491 5492 5544
f 5491 5544 5543
f 5479 5493 5495
f 5493 5499 5495
f 5480 5494 5493
f 5493 5494 5497
f 5481 5495 5496
f 5495 5500 5496
f 5493 5497 5499
f 5497 5553 5499
f 5497 5545 5553
f 5494 5498 5497
f 5497 5498 5545
f 5498 5549 5545
f 5495 5499 5500
f 5478 5482 5616
f 5499 5554 5500
f 5499 5553 5554
f 5488 5520 5492
f 5488 5504 5520
f 5492 5522 5544
f 5492 5520 5522
f 5522 5558 5544
f 5484 5556 5555
f 5501 5503 5502
f 5074 5521 5519
f 5502 5503 5504
f 5074 5557 5521
f 5503 5519 5504
f 5483 5507 5505
f 5505 5508 5506
f 5123 5506 5508
f 5111 5508 5524
f 5505 5507 5508
f 5109 5524 5526
f 5073 5526 5569
f 5071 5569 5570
f 5507 5524 5508
f 5070 5570 5572
f 5072 5572 5571
f 5114 5124 5557
f 5509 5510 5513
f 5510 5511 5513
f 5124 5509 5573
f 5509 5513 5512
f 5509 5512 5529
f 5512 5513 5528
f 5511 5575 5513
f 5514 5517 5516
f 5514 5515 5517
f 5127 5518 5515
f 5515 5518 5517
f 5127 5532 5518
f 5119 5534 5532
f 5117 5577 5534
f 5517 5518 5531
f 5078 5571 5577
f 5511 5516 5575
f 5516 5517 5578
f 5504 5519 5520
f 5519 5521 5520
f 5124 5559 5557
f 5124 5563 5559
f 5124 5561 5563
f 5520 5521 5522
f 5521 5557 5522
f 5522 5557 5558
f 5507 5555 5523
f 5507 5523 5524
f 5523 5526 5524
f 5523 5555 5525
f 5523 5525 5526
f 5525 5569 5526
f 5525 5565 5569
f 5512 5528 5527
f 5512 5527 5529
f 5124 5573 5561
f 5509 5529 5573
f 5527 5528 5530
f 5513 5575 5528
f 5527 5530 5529
f 5528 5575 5530
f 5529 5530 5574
f 5529 5574 5573
f 5530 5575 5574
f 5517 5531 5578
f 5518 5532 5531
f 5531 5532 5533
f 5516 5578 5575
f 5531 5533 5578
f 5532 5534 5533
f 5533 5534 5576
f 5534 5577 5576
f 5535 5537 5536
f 5536 5537 5538
f 5491 5543 5541
f 5491 5541 5537
f 5540 5543 5544
f 5539 5543 5540
f 5537 5541 5538
f 5538 5541 5542
f 5539 5542 5541
f 5539 5541 5543
f 5539 5540 5542
f 5545 5547 5553
f 5545 5546 5547
f 5546 5548 5547
f 5545 5549 5546
f 5546 5549 5550
f 5547 5551 5553
f 5551 5554 5553
f 5546 5550 5548
f 5547 5548 5552
f 5548 5550 5552
f 5547 5552 5551
f 5455 5592 5480
f 5482 5496 5624
f 5540 5544 5558
f 5540 5558 5560
f 5478 5616 5556
f 5525 5555 5615
f 5555 5556 5615
f 5480 5592 5494
f 5494 5592 5498
f 5498 5592 5549
f 5496 5500 5627
f 5500 5554 5627
f 5482 5618 5616
f 5556 5616 5615
f 5557 5559 5558
f 5558 5559 5560
f 5561 5573 5562
f 5559 5563 5560
f 5560 5563 5564
f 5561 5564 5563
f 5561 5562 5564
f 5565 5566 5570
f 5565 5570 5569
f 5567 5577 5571
f 5566 5568 5572
f 5566 5572 5570
f 5567 5571 5568
f 5568 5571 5572
f 5525 5615 5565
f 5562 5573 5574
f 5562 5619 5564
f 5562 5574 5619
f 5574 5575 5619
f 5567 5576 5577
f 5533 5576 5620
f 5533 5620 5578
f 5575 5578 5619
f 5560 5564 5621
f 5567 5622 5576
f 5578 5620 5619
f 5567 5568 5630
f 5576 5622 5620
f 5536 5538 5579
f 5538 5542 5579
f 5579 5585 5584
f 5579 5584 5586
f 5579 5580 5585
f 5579 5581 5580
f 5579 5582 5581
f 5579 5583 5582
f 5579 5587 5583
f 5542 5631 5579
f 5579 5626 5587
f 5587 5626 5588
f 5588 5626 5589
f 5589 5592 5590
f 5590 5592 5591
f 5591 5592 5593
f 5579 5631 5626
f 5589 5626 5592
f 5592 5599 5596
f 5592 5594 5593
f 5592 5596 5595
f 5592 5595 5594
f 5466 5468 5613
f 5467 5657 5469
f 5468 5470 5614
f 5469 5614 5470
f 5457 5613 5592
f 5465 5607 5656
f 5468 5614 5613
f 5469 5657 5614
f 5179 5598 5600
f 5179 5600 5601
f 5601 5602 5605
f 5179 5601 5605
f 5602 5606 5605
f 5602 5603 5606
f 5603 5604 5606
f 5604 5607 5606
f 5604 5608 5607
f 5608 5609 5613
f 5609 5610 5613
f 5610 5611 5613
f 5599 5613 5612
f 5611 5612 5613
f 5607 5608 5613
f 5607 5613 5656
f 5613 5614 5656
f 5592 5613 5599
f 5549 5592 5550
f 5550 5592 5552
f 5551 5552 5628
f 5551 5628 5554
f 5540 5631 5542
f 5482 5624 5618
f 5615 5616 5617
f 5496 5627 5624
f 5554 5628 5627
f 5616 5618 5617
f 5615 5617 5632
f 5540 5560 5631
f 5565 5632 5566
f 5566 5632 5568
f 5565 5615 5632
f 5564 5619 5621
f 5560 5621 5629
f 5567 5630 5622
f 5619 5620 5621
f 5560 5629 5631
f 5620 5622 5621
f 5568 5634 5630
f 5552 5592 5628
f 5617 5618 5623
f 5618 5624 5623
f 5617 5623 5632
f 5624 5627 5625
f 5592 5626 5628
f 5626 5627 5628
f 5625 5627 5626
f 5623 5624 5625
f 5625 5626 5632
f 5623 5625 5632
f 5568 5632 5634
f 5621 5622 5629
f 5622 5630 5629
f 5626 5631 5632
f 5631 5634 5632
f 5629 5633 5631
f 5629 5630 5633
f 5630 5634 5633
f 5631 5633 5634
f 5635 5636 5638
f 5635 5638 5637
f 5636 5639 5638
f 5638 5639 5640
f 5637 5638 5648
f 5638 5640 5648
f 5639 5641 5640
f 5640 5641 5642
f 5637 5648 5649
f 5464 5642 5641
f 5464 5644 5642
f 5464 5467 5644
f 5636 5643 5649
f 5637 5649 5643
f 5636 5652 5639
f 5467 5647 5644
f 5469 5646 5647
f 5640 5642 5650
f 5640 5650 5648
f 5642 5644 5651
f 5464 5641 5658
f 5648 5650 5652
f 5644 5647 5654
f 5642 5651 5650
f 5636 5649 5652
f 5639 5653 5641
f 5648 5652 5649
f 5639 5652 5653
f 5465 5656 5645
f 5645 5656 5646
f 5646 5655 5647
f 5644 5654 5651
f 5464 5658 5657
f 5650 5651 5653
f 5647 5655 5654
f 5641 5653 5658
f 5650 5653 5652
f 5646 5656 5655
f 5651 5658 5653
f 5651 5654 5658
f 5654 5657 5658
f 5654 5655 5657
f 5614 5655 5656
f 5614 5657 5655
f 1705 1706 1704
f 1703 1704 1706
f 1707 1708 1703
f 1710 1711 1709
f 1713 1717 1714
f 1713 1715 1717
f 1720 1721 1719
f 1709 1788 1706
f 1703 1706 1788
f 1718 1737 1715
f 1707 1790 1716
f 1712 1791 1711
f 1717 1715 1739
f 1725 1736 1726
f 1720 1719 1801
f 1707 1703 1813
f 1723 1742 1728
f 1738 1788 1709
f 2697 1709 1711
f 1814 1738 1709
f 1731 1732 1730
f 1734 1735 1733
f 1733 1727 1736
f 1734 1733 1736
f 1720 2697 1725
f 1703 1788 1813
f 1728 1742 1803
f 1742 1744 1803
f 1707 1809 1790
f 1707 1813 1817
f 2697 1715 1737
f 2697 1739 1715
f 1789 1728 1802
f 1742 1743 1744
f 1744 1745 1807
f 1746 1822 1823
f 1734 1858 1729
f 1858 1730 1729
f 1731 1730 1858
f 1731 1853 1785
f 1853 1786 1785
f 2697 1711 1791
f 1793 1802 1728
f 1793 1728 1803
f 1740 1819 1737
f 1740 1789 1804
f 1803 1744 1805
f 1744 1807 1805
f 1806 1807 1745
f 1725 2697 1736
f 1707 1817 2697
f 1707 2697 1809
f 1720 1801 2697
f 2697 1814 1709
f 1789 1802 1804
f 1794 1795 1787
f 1853 1787 1786
f 1734 1811 1858
f 1734 1736 2697
f 1731 1858 1853
f 1734 1865 1811
f 1787 1853 1794
f 1801 1790 1808
f 1809 1808 1790
f 1740 1804 1819
f 2697 1792 1739
f 1818 1803 1805
f 1806 1746 1862
f 1861 1862 1746
f 1812 1801 1808
f 1734 2697 1865
f 2697 1737 1819
f 2697 1791 1792
f 1806 1745 1746
f 1746 1823 1861
f 1824 1825 1872
f 1825 1827 1883
f 1883 1884 1825
f 1851 1852 1850
f 1794 1853 1877
f 1794 2697 1850
f 2697 1801 1812
f 2697 1815 1814
f 2697 1817 1816
f 2697 1816 1815
f 1872 1825 1870
f 1794 1877 2697
f 2697 1810 1809
f 2697 1812 1810
f 2697 1819 1820
f 2697 1820 1859
f 2697 1859 1860
f 2697 1860 1863
f 2697 1863 1864
f 2697 1864 1867
f 1850 2697 1851
f 1851 2697 1873
f 2697 1866 1865
f 2697 1876 1866
f 2697 1877 1876
f 2697 1867 1868
f 2697 1868 1869
f 2697 1869 1871
f 2697 1871 1878
f 2697 1878 1879
f 2697 1879 1881
f 2697 1881 1882
f 2697 1882 2698
f 1888 2704 2703
f 1825 1884 1870
f 1827 1885 1883
f 1883 1885 1880
f 1886 1880 1885
f 1888 1887 2733
f 2690 2694 2691
f 1873 2697 2690
f 2697 2694 2690
f 2697 2705 2696
f 2697 2696 2694
f 2697 2708 2705
f 2697 2698 2699
f 2697 2699 2700
f 2697 2700 2710
f 2697 2710 2711
f 2697 2711 2712
f 2696 2707 2694
f 2697 2718 2709
f 2697 2719 2718
f 2697 2720 2719
f 2697 2721 2720
f 2697 2722 2721
f 2697 2712 2713
f 2723 2697 2713
f 2723 2725 2697
f 2697 2725 2727
f 2704 2735 2701
f 2702 2701 2735
f 2754 2753 2694
f 2754 2694 2707
f 2755 2706 2708
f 2755 2707 2706
f 2754 2707 2755
f 2697 2755 2708
f 2697 2709 2755
f 2697 2727 2728
f 2697 2728 2729
f 2697 2729 2730
f 2697 2770 2764
f 2697 2730 2766
f 2697 2766 2768
f 2697 2768 2767
f 2697 2767 2769
f 2697 2771 2770
f 2697 2772 2771
f 2697 2773 2772
f 2697 2774 2773
f 2697 2776 2775
f 2697 2777 2776
f 2697 2778 2777
f 2697 2779 2778
f 2697 2781 2779
f 2726 2724 2795
f 1888 2734 2704
f 1888 2733 2734
f 2704 2734 2735
f 2702 2735 2736
f 2737 2796 2724
f 2755 2756 2754
f 2755 2709 2757
f 2785 2757 2763
f 2755 2757 2785
f 2697 2813 2722
f 2785 2786 2755
f 2785 2763 2787
f 2722 2811 2810
f 2697 2818 2813
f 2763 2788 2787
f 2813 2811 2722
f 2697 2835 2818
f 2697 2764 2848
f 2697 2769 2850
f 2697 2817 2816
f 2697 2858 2774
f 2697 2775 2858
f 2697 2865 2781
f 2769 2780 2826
f 2822 2782 2783
f 2697 2816 2824
f 2780 2790 2826
f 2784 2830 2783
f 2724 2796 2795
f 2737 2794 2796
f 2796 2797 2795
f 2798 2795 2797
f 2813 2812 2811
f 2813 2814 2812
f 2848 2764 2765
f 2697 2837 2835
f 2852 2765 2789
f 2697 2851 2817
f 2822 2783 2830
f 2697 2844 2837
f 2697 2848 2844
f 2854 2789 2791
f 2791 2774 2858
f 2697 2824 2864
f 2815 2858 2775
f 2697 2850 2851
f 2826 2790 2825
f 2769 2826 2840
f 2821 2825 2790
f 2813 2818 2819
f 2835 2820 2818
f 2835 2836 2820
f 2697 2864 2865
f 2769 2840 2850
f 2822 2833 2823
f 2848 2765 2852
f 2784 2829 2830
f 2822 2830 2832
f 2822 2832 2833
f 2837 2838 2835
f 2844 2845 2837
f 2852 2789 2854
f 2854 2791 2857
f 2791 2858 2857
f 2781 2865 2866
f 2815 2839 2858
f 2860 2817 2851
f 2840 2842 2850
f 2848 2849 2844
f 2824 2863 2864
f 2852 2853 2848
f 2854 2855 2852
f 2856 2854 2857
f 2839 2861 2858
f 993 1000 992
f 994 1006 995
f 1907 996 995
f 1907 997 996
f 1907 993 999
f 1907 1000 993
f 1907 999 1005
f 1907 998 997
f 1907 995 1006
f 1907 1001 998
f 1907 1006 1000
f 1907 1002 1001
f 1907 1007 1002
f 1907 1005 1120
f 1907 1008 1007
f 1907 1009 1008
f 1907 1120 1121
f 1907 1132 1009
f 1907 1133 1132
f 1907 1134 1133
f 1907 1159 1134
f 1907 1121 1906
f 1907 1160 1159
f 1907 1922 1160
f 1907 1906 1936
f 1907 1923 1922
f 1907 1924 1923
f 1907 1948 1924
f 1907 1949 1948
f 1907 1936 2055
f 1907 2056 1937
f 1907 1950 1949
f 1907 2059 1950
f 1907 2055 2057
f 1907 2064 2056
f 1907 1937 2071
f 1907 2060 2059
f 1907 2058 2060
f 1907 2057 2064
f 1907 2065 2058
f 1907 2066 2065
f 1907 2073 2069
f 1907 2069 2066
f 1907 2071 2073
f 2067 2056 2064
f 2067 2068 2056
f 1937 2070 2071
f 2072 2071 2070
f 3531 3699 3529
f 3533 3534 3545
f 4453 3530 3529
f 4453 3528 3530
f 4453 3535 3532
f 4453 3532 3528
f 4453 3536 3535
f 4453 3543 3536
f 4453 3545 3534
f 4453 3534 3537
f 4453 3537 3544
f 4453 3541 3543
f 4453 3542 3541
f 4453 3529 3699
f 4453 3544 3697
f 4453 3684 3542
f 4453 3685 3684
f 4453 3698 3545
f 4453 3697 3700
f 4453 3686 3685
f 4453 3699 3698
f 4453 3713 3686
f 4453 3714 3713
f 4453 4436 3714
f 4453 3700 4454
f 4453 4437 4436
f 4453 4438 4437
f 4453 4454 4486
f 4453 4472 4438
f 4453 4473 4472
f 4453 4474 4473
f 4453 4651 4485
f 4453 4649 4474
f 4453 4486 4652
f 4453 4650 4649
f 4453 4485 4663
f 4453 4653 4650
f 4453 4652 4654
f 4453 4660 4651
f 4453 4658 4653
f 4453 4659 4658
f 4453 4661 4659
f 4453 4662 4661
f 4453 4654 4660
f 4453 4663 4662
f 4485 4665 4663
f 4666 4651 4660
f 4666 4667 4651
f 4664 4663 4665
f 2902 2901 2939
f 2902 2940 2903
f 2909 2908 2962
f 2909 2962 2910
f 2917 2916 2941
f 2917 2941 2918
f 2914 2915 2938
f 2915 2932 3002
f 2932 2933 3002
f 2936 2994 2935
f 2956 2920 2919
f 2902 2939 3748
f 2902 3748 2940
f 3748 2939 2920
f 3748 2938 2915
f 3748 2920 2956
f 3748 2944 2942
f 2943 2970 2971
f 2994 2995 2935
f 3000 2935 2995
f 2996 2997 2995
f 2998 2999 2997
f 2999 3010 2997
f 3748 2945 2938
f 3748 2915 3002
f 3748 2946 2940
f 3748 2947 2945
f 3748 2949 2947
f 3748 2951 2952
f 3748 2948 2951
f 3748 2952 2954
f 3748 2954 2953
f 3748 2953 2950
f 3748 2955 2948
f 3748 2957 2955
f 3748 2956 2957
f 3748 2963 2946
f 3748 2970 2944
f 3748 2971 2970
f 3748 2942 2966
f 3748 2972 2971
f 3748 2959 2949
f 3748 2958 2960
f 3748 2950 2958
f 3748 2961 2959
f 3748 2960 2961
f 3748 2964 2963
f 3748 2967 2964
f 3748 2968 2967
f 3748 2965 2968
f 3748 2969 2965
f 3748 2966 2969
f 3748 3008 2978
f 3748 2978 2972
f 3748 3001 3000
f 3748 3000 2995
f 3748 3003 3001
f 3748 3002 3003
f 3748 3009 3008
f 3748 2995 2997
f 3748 2997 3010
f 3748 3010 3745
f 3748 3011 3009
f 3748 3012 3011
f 3748 3013 3012
f 3748 3749 3013
f 3743 3800 3742
f 3744 3754 3747
f 3748 3747 3754
f 3748 3745 3746
f 3748 3746 3747
f 3748 3750 3749
f 3748 3751 3750
f 3748 3752 3751
f 3748 3753 3752
f 3748 3755 3753
f 3748 3754 3742
f 3748 3759 3761
f 3748 3769 3755
f 3748 3742 3802
f 3748 3802 3759
f 3748 3806 3762
f 3748 3762 3805
f 3748 3805 3807
f 3748 3807 3808
f 3748 3810 3806
f 3748 3808 3809
f 3748 3821 3819
f 3748 3822 3821
f 3748 3764 3763
f 3748 3763 3820
f 3748 3819 3764
f 3748 3830 3769
f 3760 3759 3802
f 3748 3811 3810
f 3748 3809 3812
f 3748 3812 3813
f 3748 3813 3814
f 3748 3814 3816
f 3748 3815 3817
f 3748 3816 3815
f 3748 3824 3822
f 3748 3761 3882
f 3748 3823 3811
f 3748 3820 3833
f 3800 3802 3742
f 3803 3760 3802
f 3804 3882 3761
f 3748 3832 3824
f 3748 3817 3888
f 3818 3764 3819
f 3748 3836 3831
f 3748 3834 3836
f 3748 3882 3884
f 3748 3884 3823
f 3748 3888 3832
f 3748 3833 3891
f 3748 3891 3834
f 3748 3831 3837
f 3748 3840 3830
f 3748 3837 3839
f 3748 3839 3840
f 3835 3831 3836
f 3840 3838 3830
f 3840 3839 3841
f 3839 3842 3841
f 3823 3884 3885
f 3889 3888 3817
f 3891 3890 3834
f 3891 3833 3892

