# https://github.com/mikedh/trimesh
v -0.02549999961556682 0.00249999842203138 -0.00433012604713440
v -0.02549999952142836 0.00129409615936942 -0.00482962810993195
v -0.02850000009647636 -0.00000000005570065 -0.00499999904632568
v -0.02850000087476152 0.00129409537802215 -0.00482962810993195
v -0.02849999931708761 0.00249999859435843 -0.00433012604713440
v -0.02550000077888560 0.00353553434198793 -0.00353553295135498
v -0.02850000048040640 0.00353553451431497 -0.00353553295135498
v -0.02550000009308412 0.00433012696518006 -0.00249999904632568
v -0.02549999990535840 0.00482963072938504 -0.00129409408569336
v -0.02849999979460491 0.00433012713750711 -0.00249999904632568
v -0.02850000125869156 0.00482962994803778 -0.00129409408569336
v -0.02849999983441820 0.00038822886051849 -0.00144888782501221
v -0.02850000009647636 -0.00000000005570065 -0.00149999904632568
v -0.02850000035853453 -0.00038822897191979 -0.00144888782501221
v -0.02850000100706892 0.00075000152149192 -0.00129903697967529
v -0.02850000028831625 0.00106066159249375 -0.00106065940856934
v -0.02550000046957537 0.00129903783456720 -0.00074999904632568
v -0.02850000017109616 0.00129903800689425 -0.00074999904632568
v -0.02550000032473729 0.00144889033638584 -0.00038822746276855
v -0.02850000002625809 0.00144889050871289 -0.00038822746276855
v 0.01537071955059977 -0.02403467627363165 -0.00482962810993195
v 0.01687071955059977 -0.02663275248498496 -0.00482962810993195
v 0.01424999995864285 -0.02468172403173407 -0.00499999904632568
v 0.01574999995864285 -0.02727980024308738 -0.00499999904632568
v 0.01641506346810395 -0.02343172403173406 -0.00433012604713440
v 0.01791506346810395 -0.02602980024308738 -0.00433012604713440
v 0.00408974633375156 -0.02708364758196216 -0.00499999904632568
v 0.00521046551275539 -0.02643660006227833 -0.00482962810993195
v 0.00558974633375156 -0.02968172379331548 -0.00499999904632568
v 0.00671046551275539 -0.02903467627363164 -0.00482962810993195
v 0.00625480984321265 -0.02583364758196217 -0.00433012604713440
v 0.00775480984321265 -0.02843172379331549 -0.00433012604713440
v 0.01731186213633942 -0.02291395707921941 -0.00353553295135498
v 0.01881186213633942 -0.02551203329057273 -0.00353553295135498
v 0.00715160851144813 -0.02531588062944752 -0.00353553295135498
v 0.00865160851144813 -0.02791395684080084 -0.00353553295135498
v -0.02550000039495556 -0.00000000022802770 -0.00499999904632568
v -0.02550000048111909 -0.00150000007878810 -0.00499999904632568
v -0.02052881361485450 -0.01049990900454037 -0.00499999904632568
v -0.02100868162979173 -0.01030541475128288 -0.00499999904632568
v -0.02152239683212375 -0.01024062705376822 -0.00499999904632568
v -0.02203552959876581 -0.01030988573159938 -0.00499999904632568
v -0.02251368317522056 -0.01050855491210897 -0.00499999904632568
v -0.02849999780216093 -0.00520000097781374 -0.00499999904632568
v -0.02867037118304125 -0.00649409324794205 -0.00499999904632568
v -0.02916987294575914 -0.00769999862650303 -0.00499999904632568
v -0.02376794890661137 -0.01123270556976278 -0.00499999904632568
v -0.02418216469332377 -0.01155054110219231 -0.00499999904632568
v -0.02450000214242706 -0.01196475217148481 -0.00499999904632568
v -0.02469980264308521 -0.01244711772874845 -0.00499999904632568
v -0.02476794980883349 -0.01296475689822984 -0.00499999904632568
v -0.02011495874608307 -0.01081107175698568 -0.00499999904632568
v -0.02469980003828224 -0.01348239293131751 -0.00499999904632568
v -0.02449999971418025 -0.01396475637733166 -0.00499999904632568
v -0.00255755789554302 -0.02799008935436469 -0.00499999904632568
v -0.00226802157100938 -0.02834734727548041 -0.00499999904632568
v -0.00206773711379677 -0.02876129725047963 -0.00499999904632568
v -0.00196729360919624 -0.02921004696247826 -0.00499999904632568
v 0.00192468282429046 -0.02833364758196217 -0.00499999904632568
v -0.00197200145008802 -0.02966987217401210 -0.00499999904632568
v -0.00208161018496808 -0.03011647218274062 -0.00499999904632568
v -0.00229032514351748 -0.03052623039279203 -0.00499999904632568
v -0.00258711190669506 -0.03087749130889986 -0.00499999904632568
v -0.00295628232468051 -0.03115167412462574 -0.00499999904632568
v -0.01267191667585017 -0.03445159715586301 -0.00499999904632568
v -0.01193986677050340 -0.03518364848433007 -0.00499999904632568
v -0.01235407783979591 -0.03486581103522677 -0.00499999904632568
v -0.00993986586828129 -0.03518364796343189 -0.00499999904632568
v -0.01042222740694681 -0.03538345159115862 -0.00499999904632568
v -0.01093986725473175 -0.03545159475446038 -0.00499999904632568
v -0.01145750451686450 -0.03538345089233685 -0.00499999904632568
v -0.00867191667585017 -0.04137980038613852 -0.00499999904632568
v 0.01800000004619439 -0.02251666047172506 -0.00249999904632568
v 0.01950000004619439 -0.02511473668307838 -0.00249999904632568
v 0.01843258152181980 -0.02226690944032629 -0.00129409408569336
v 0.01339951901148118 -0.02170864782038075 -0.00129903697967529
v 0.01489951901148118 -0.02430672403173407 -0.00129903697967529
v 0.01993258152181980 -0.02486498565167961 -0.00129409408569336
v 0.01639951901148118 -0.02690480024308738 -0.00129903697967529
v 0.01664901928613938 -0.02733694739529778 -0.00129903697967529
v 0.01274999995864285 -0.02208364782038075 -0.00149999904632568
v 0.01308621604270647 -0.02188953337374073 -0.00144888782501221
v 0.01241378428753232 -0.02227776202860218 -0.00144888782501221
v 0.01210048090580452 -0.02245864782038075 -0.00129903697967529
v 0.01424999995864285 -0.02468172403173407 -0.00149999904632568
v 0.01458621604270647 -0.02448760958509405 -0.00144888782501221
v 0.01391378428753232 -0.02487583823995550 -0.00144888782501221
v 0.01360048090580452 -0.02505672403173406 -0.00129903697967529
v 0.01574999995864285 -0.02727980024308738 -0.00149999904632568
v 0.01599950023330106 -0.02771194739529778 -0.00149999904632568
v 0.01608621604270647 -0.02708568579644736 -0.00144888782501221
v 0.01633571631736468 -0.02751783294865776 -0.00144888782501221
v 0.01541378428753232 -0.02747391445130882 -0.00144888782501221
v 0.01566328456219052 -0.02790606160351921 -0.00144888782501221
v 0.01510048090580452 -0.02765480024308738 -0.00129903697967529
v 0.01534998118046273 -0.02808694739529778 -0.00129903697967529
v 0.00783974611158828 -0.02491858420076710 -0.00249999904632568
v 0.00933974611158828 -0.02751666041212042 -0.00249999904632568
v 0.00827232769045196 -0.02466883310976368 -0.00129409408569336
v 0.00977232769045196 -0.02726690932111700 -0.00129409408569336
v 0.00387323998280545 -0.02720864758196216 -0.00129903697967529
v 0.00537323998280545 -0.02980672379331548 -0.00129903697967529
v 0.00322372092996712 -0.02758364758196217 -0.00149999904632568
v 0.00355993577517146 -0.02738953385057789 -0.00144888782501221
v 0.00288750443295040 -0.02777776226702076 -0.00144888782501221
v 0.00257420187712879 -0.02795864758196217 -0.00129903697967529
v 0.00472372092996712 -0.03018172379331548 -0.00149999904632568
v 0.00505993577517147 -0.02998761006193120 -0.00144888782501221
v 0.00438750443295040 -0.03037583847837408 -0.00144888782501221
v 0.00407420187712879 -0.03055672379331548 -0.00129903697967529
v 0.00687323998280545 -0.03240480000466880 -0.00129903697967529
v 0.00712274025746365 -0.03283694715687920 -0.00129903697967529
v 0.00622372092996712 -0.03277980000466880 -0.00149999904632568
v 0.00647322120462532 -0.03321194715687920 -0.00149999904632568
v 0.00655993577517147 -0.03258568627328452 -0.00144888782501221
v 0.00680943604982967 -0.03301783342549492 -0.00144888782501221
v 0.00588750443295040 -0.03297391468972739 -0.00144888782501221
v 0.00613700470760861 -0.03340606184193779 -0.00144888782501221
v 0.00557420187712879 -0.03315480000466880 -0.00129903697967529
v 0.00582370215178699 -0.03358694715687920 -0.00129903697967529
v 0.01366855877713306 -0.02155331763925892 -0.00106065940856934
v 0.01516855877713306 -0.02415139385061224 -0.00106065940856934
v 0.01387500022235634 -0.02143412861528736 -0.00074999904632568
v 0.01537500022235634 -0.02403220482664068 -0.00074999904632568
v 0.01666855877713306 -0.02674947006196556 -0.00106065940856934
v 0.01691805905179126 -0.02718161721417595 -0.00106065940856934
v 0.01687500022235634 -0.02663028103799400 -0.00074999904632568
v 0.01712450049701454 -0.02706242819020439 -0.00074999904632568
v 0.01183144155310573 -0.02261397776308400 -0.00106065940856934
v 0.01333144155310574 -0.02521205397443731 -0.00106065940856934
v 0.01162500010788245 -0.02273316678705555 -0.00074999904632568
v 0.01312500010788245 -0.02533124299840887 -0.00074999904632568
v 0.01483144155310574 -0.02781013018579063 -0.00106065940856934
v 0.01508094182776394 -0.02824227733800103 -0.00106065940856934
v 0.01462500010788245 -0.02792931920976218 -0.00074999904632568
v 0.01487450038254066 -0.02836146636197258 -0.00074999904632568
v 0.01400477444824359 -0.02135920343103749 -0.00038822746276855
v 0.01550477444824359 -0.02395727964239080 -0.00038822746276855
v 0.01700477444824359 -0.02655535585374412 -0.00038822746276855
v 0.01725427472290179 -0.02698750300595452 -0.00038822746276855
v 0.01149522546904211 -0.02280809220972401 -0.00038822746276855
v 0.01299522546904211 -0.02540616842107733 -0.00038822746276855
v 0.01449522546904211 -0.02800424463243064 -0.00038822746276855
v 0.01474472574370032 -0.02843639178464104 -0.00038822746276855
v 0.00414227892255114 -0.02705331787767750 -0.00106065940856934
v 0.00564227892255114 -0.02965139408903082 -0.00106065940856934
v 0.00230516128557073 -0.02811397823992115 -0.00106065940856934
v 0.00380516128557073 -0.03071205445127446 -0.00106065940856934
v 0.00434872078072752 -0.02693412861528736 -0.00074999904632568
v 0.00584872078072752 -0.02953220482664068 -0.00074999904632568
v 0.00209872107920672 -0.02823316654863697 -0.00074999904632568
v 0.00359872107920672 -0.03083124275999029 -0.00074999904632568
v 0.00714227892255114 -0.03224947030038413 -0.00106065940856934
v 0.00739177919720935 -0.03268161745259453 -0.00106065940856934
v 0.00530516128557073 -0.03331013066262779 -0.00106065940856934
v 0.00555466156022893 -0.03374227781483818 -0.00106065940856934
v 0.00734872078072752 -0.03213028103799399 -0.00074999904632568
v 0.00759822105538572 -0.03256242819020439 -0.00074999904632568
v 0.00509872107920672 -0.03342931897134360 -0.00074999904632568
v 0.00534822135386493 -0.03386146612355400 -0.00074999904632568
v 0.00447849541956786 -0.02685920319261891 -0.00038822746276855
v 0.00597849541956786 -0.02945727940397222 -0.00038822746276855
v 0.00196894644036638 -0.02830809197130543 -0.00038822746276855
v 0.00346894644036638 -0.03090616818265874 -0.00038822746276855
v 0.00747849541956786 -0.03205535561532554 -0.00038822746276855
v 0.00772799569422606 -0.03248750276753594 -0.00038822746276855
v 0.00496894644036638 -0.03350424439401206 -0.00038822746276855
v 0.00521844671502459 -0.03393639154622246 -0.00038822746276855
v -0.02550000039495556 -0.00000000022802770 -0.00149999904632568
v -0.02550000013289740 0.00038822868819144 -0.00144888782501221
v -0.02550000065701373 -0.00038822914424683 -0.00144888782501221
v -0.02550000130554812 0.00075000134916487 -0.00129903697967529
v -0.02549999948436301 -0.00075000180522027 -0.00129903697967529
v -0.02849999918588381 -0.00075000163289322 -0.00129903697967529
v -0.02550000058679545 0.00106066142016671 -0.00106065940856934
v -0.02549999855130331 -0.00106066092254779 -0.00106065940856934
v -0.02849999990463647 -0.00106066170389505 -0.00106065940856934
v -0.02550000032033577 -0.00129903829062259 -0.00074999904632568
v -0.02850000002185656 -0.00129903811829555 -0.00074999904632568
v -0.02549999881336147 -0.00144888983876692 -0.00038822746276855
v -0.02849999851488226 -0.00144888966643987 -0.00038822746276855
v -0.05580000179147159 0.00222471008055614 -0.00425331091880798
v -0.07480000097953925 0.00249999939647473 -0.00433012604713440
v -0.07479999858369703 0.00353553296648085 -0.00353553295135498
v -0.05779999854896889 0.00171009971965121 -0.00469846212863922
v -0.05779999933920323 0.00086824317822098 -0.00492403781414032
v -0.05580000146305494 0.00089910221191714 -0.00471504044532776
v -0.05579999818165073 0.00019999984867083 -0.00479583048820496
v -0.05780000234910191 0.00000000040567858 -0.00499999904632568
v -0.05780000205537586 -0.00086824045951519 -0.00492403781414032
v -0.05780000093826156 -0.00171010030457015 -0.00469846212863922
v -0.05579999816915085 0.00157887555944227 -0.00453289544582367
v -0.06535806955400422 0.00082947457281995 -0.00493069553375244
v -0.06460737854463867 0.00098099894219256 -0.00490285813808441
v -0.06479999985821697 0.00100000024285659 -0.00489897847175598
v -0.06499261992262018 0.00098099736572577 -0.00490285813808441
v -0.06518314413688073 0.00092368877151828 -0.00491393828392029
v -0.06387631945660024 0.00038316345446877 -0.00498529589176178
v -0.06397054789194259 0.00055809827139396 -0.00496871685981751
v -0.06409290905786516 0.00070712204034053 -0.00494974434375763
v -0.06424192851295450 0.00082947386158244 -0.00493069553375244
v -0.06381900323299822 0.00019262602570927 -0.00499619674682617
v -0.06380000175214351 0.00000000075033268 -0.00499999904632568
v -0.06381900444908364 -0.00019262577421898 -0.00499619674682617
v -0.06387631966891762 -0.00038316308208363 -0.00498529589176178
v -0.06397054693302104 -0.00055809906821781 -0.00496871685981751
v -0.06409291057248581 -0.00070712094172831 -0.00494974434375763
v -0.06441685686969414 0.00092368791118691 -0.00491393828392029
v -0.06424192964153153 -0.00082947498932887 -0.00493069553375244
v -0.05780000156971316 0.00249999905573766 -0.00433012604713440
v -0.05780000122114202 -0.00250000154800524 -0.00433012604713440
v -0.05779999994756907 0.00321393972754700 -0.00383022117614746
v -0.05580000065771874 -0.00257112165611060 -0.00405331099033356
v -0.05780000144701001 -0.00321393700884120 -0.00383022117614746
v -0.06572367952661815 0.00038316266557470 -0.00498529589176178
v -0.06562945226251471 0.00055809865170888 -0.00496871685981751
v -0.06550709383402332 0.00070712192149549 -0.00494974434375763
v -0.06578099474645210 0.00019262535771005 -0.00499619674682617
v -0.06680000145366431 0.00000000092265973 -0.00499999904632568
v -0.06679999867278846 0.00129409400643211 -0.00482962810993195
v -0.06979999785156037 0.00000000300233541 -0.00499999904632568
v -0.06980000167793399 0.00129409227141052 -0.00482962810993195
v -0.06579999935074088 0.00000000213678313 -0.00499999904632568
v -0.06578099596253753 -0.00019262644221819 -0.00499619674682617
v -0.06572367973893550 -0.00038316387097770 -0.00498529589176178
v -0.06562945460721789 -0.00055810059525152 -0.00496871685981751
v -0.06535807068258125 -0.00082947427809137 -0.00493069553375244
v -0.06550709013767059 -0.00070712245684946 -0.00494974434375763
v -0.06460737927291557 -0.00098099778223470 -0.00490285813808441
v -0.06479999933731878 -0.00100000065936552 -0.00489897847175598
v -0.06499262065089707 -0.00098099935870149 -0.00490285813808441
v -0.06518314562946634 -0.00092369023504447 -0.00491393828392029
v -0.06441685505865502 -0.00092368918802720 -0.00491393828392029
v -0.06679999902356677 -0.00129409355738876 -0.00482962810993195
v -0.07480000175892799 0.00000000074641565 -0.00499999904632568
v -0.07479999897805216 0.00129409383018803 -0.00482962810993195
v -0.06980000216449440 -0.00520000173447494 -0.00499999904632568
v -0.06962962583076765 -0.00649409512081886 -0.00499999904632568
v -0.06913012527604895 -0.00769999947855518 -0.00499999904632568
v -0.06680000067427555 0.00249999957271881 -0.00433012604713440
v -0.06979999707217160 0.00250000165239449 -0.00433012604713440
v -0.06679999702207969 -0.00249999912367546 -0.00433012604713440
v -0.06479999790855563 -0.01020000008229809 -0.00499999904632568
v -0.06609409678593342 -0.01002963051611503 -0.00499999904632568
v -0.06730000216449440 -0.00953012875339714 -0.00499999904632568
v -0.06833553174507430 -0.00873553182701415 -0.00499999904632568
v -0.05780000210652943 0.00383022306902681 -0.00321393704414368
v -0.06679999827843333 0.00353553314272493 -0.00353553295135498
v -0.05579999954165154 -0.00313616417757461 -0.00363379383087158
v -0.05580000096448496 -0.00363379660085015 -0.00313616466522217
v -0.05779999928804966 -0.00383022035032102 -0.00321393704414368
v -0.05579999819063735 -0.00405331129299046 -0.00257111978530884
v -0.06980000128357887 0.00353553140770335 -0.00353553295135498
v -0.06679999941792190 -0.00353553269368158 -0.00353553295135498
v -0.05580000143789319 0.00425331206823805 -0.00222470974922180
v -0.05580000003810115 0.00453289643571930 -0.00157887506484985
v -0.05580000007437911 0.00471504066359364 -0.00089910078048706
v -0.05580000067328402 0.00479582935961877 -0.00019999885559082
v -0.07480000310886892 0.00433012698594909 -0.00249999904632568
v -0.07479999771016983 0.00482962935387797 -0.00129409408569336
v -0.05780000039541810 0.00433012855256065 -0.00249999904632568
v -0.05979999847389610 0.00212940902946612 -0.00248296189308167
v -0.05979999886477969 0.00224999991645726 -0.00243301177024841
v -0.05879999982589677 0.00235355258023264 -0.00235355234146118
v -0.05979999862519546 0.00235355327345787 -0.00235355234146118
v -0.05879999967459743 0.00212940833624089 -0.00248296189308167
v -0.05879999976195014 0.00199999869750118 -0.00249999904632568
v -0.05880000006548099 0.00224999922323203 -0.00243301177024841
v -0.05979999856124883 0.00199999939072640 -0.00249999904632568
v -0.05879999923621929 0.00243301170292425 -0.00224999904632568
v -0.05979999803551798 0.00243301239614948 -0.00224999904632568
v -0.05879999973854405 0.00248296221897236 -0.00212940859794617
v -0.05979999853784274 0.00248296291219758 -0.00212940859794617
v -0.05880000036901184 0.00249999974896289 -0.00199999904632568
v -0.05979999916831054 0.00250000044218812 -0.00199999904632568
v -0.06679999949998047 0.00433012906954180 -0.00249999904632568
v -0.06454117931980195 0.00096592500817008 -0.00249999904632568
v -0.06479999985821697 0.00100000024285659 -0.00249999904632568
v -0.06505881787476081 0.00096592535758097 -0.00249999904632568
v -0.06530000055144219 0.00086602684734235 -0.00249999904632568
v -0.06154117961828116 0.00096592483584303 -0.00249999904632568
v -0.06130000205062271 0.00086602598179007 -0.00249999904632568
v -0.06109289130500308 0.00070710586096231 -0.00249999904632568
v -0.06093397544613696 0.00050000127123085 -0.00249999904632568
v -0.06083407363227359 0.00025882050189810 -0.00249999904632568
v -0.06080000205062271 0.00000000057800563 -0.00249999904632568
v -0.06083407398168448 -0.00025881805306075 -0.00249999904632568
v -0.06180000015669616 0.00100000007052954 -0.00249999904632568
v -0.06093397423201355 -0.00050000083169257 -0.00249999904632568
v -0.06109289295656520 -0.00070710636633882 -0.00249999904632568
v -0.06130000084992139 -0.00086602413255358 -0.00249999904632568
v -0.06154118161925415 -0.00096592594641695 -0.00249999904632568
v -0.06179999963579799 -0.00100000083169257 -0.00249999904632568
v -0.05880000062750242 -0.00199999980331830 -0.00249999904632568
v -0.05880000071485514 -0.00212940944205802 -0.00248296189308167
v -0.05880000032397157 -0.00225000032904916 -0.00243301177024841
v -0.05979999942680110 -0.00199999911009308 -0.00249999904632568
v -0.05979999951415382 -0.00212940874883279 -0.00248296189308167
v -0.05979999912327025 -0.00224999963582393 -0.00243301177024841
v -0.05880000056355578 -0.00235355368604977 -0.00235355234146118
v -0.05979999936285448 -0.00235355299282455 -0.00235355234146118
v -0.05880000115323328 -0.00243301280874138 -0.00224999904632568
v -0.05979999995253196 -0.00243301211551615 -0.00224999904632568
v -0.06409289100652389 0.00070710603328936 -0.00249999904632568
v -0.06430000175214350 0.00086602615411711 -0.00249999904632568
v -0.06393397514765775 0.00050000144355790 -0.00249999904632568
v -0.06383407333379440 0.00025882067422514 -0.00249999904632568
v -0.06380000175214351 0.00000000075033268 -0.00249999904632568
v -0.06383407368320528 -0.00025881788073370 -0.00249999904632568
v -0.06393397393353434 -0.00050000065936552 -0.00249999904632568
v -0.06409289265808600 -0.00070710619401177 -0.00249999904632568
v -0.06430000055144219 -0.00086602396022653 -0.00249999904632568
v -0.05880000065090851 -0.00248296332478948 -0.00212940859794617
v -0.05979999945020720 -0.00248296263156426 -0.00212940859794617
v -0.05880000002044072 -0.00250000085478002 -0.00199999904632568
v -0.05979999881973940 -0.00250000016155479 -0.00199999904632568
v -0.05780000049290687 0.00469846063059584 -0.00171009969711304
v -0.05579999818165073 0.00019999984867083 -0.00148911523818970
v -0.05579999993573435 0.00020666334825856 -0.00143488264083862
v -0.05579999848490465 0.00057135352333609 -0.00138961124420166
v -0.05580000014626527 0.00053846608107285 -0.00134597635269165
v -0.05580000003124387 0.00049646606495544 -0.00131232500076294
v -0.05579999915742252 0.00044813233709698 -0.00129088783264160
v -0.05580000045956381 0.00039667432635857 -0.00128308677673340
v -0.05580000086238346 0.00022621146205096 -0.00138473844528198
v -0.05579999851368103 0.00025735058245560 -0.00134200763702393
v -0.05580000214002088 0.00029801390691749 -0.00130952310562134
v -0.05580000020162611 0.00034550353047629 -0.00128943872451782
v -0.06680000070853086 0.00482962762277341 -0.00129409408569336
v -0.05780000099916099 -0.00433012583385486 -0.00249999904632568
v -0.05779999899432359 -0.00469846121551478 -0.00171009969711304
v -0.06979999920150128 0.00433012924186885 -0.00249999904632568
v -0.06680000037074470 0.00224999904698796 -0.00243301177024841
v -0.06679999997986112 0.00212940815999681 -0.00248296189308167
v -0.06680000006721384 0.00199999852125710 -0.00249999904632568
v -0.06680000013116047 0.00235355240398857 -0.00235355234146118
v -0.06550710653744976 0.00070710577750284 -0.00249999904632568
v -0.06566602526200140 0.00050000024285659 -0.00249999904632568
v -0.06576592551233047 0.00025881746422477 -0.00249999904632568
v -0.06779999955973776 0.00100000041518364 -0.00249999904632568
v -0.06680000076043907 0.00099999972195841 -0.00249999904632568
v -0.06679999954148300 0.00243301152668017 -0.00224999904632568
v -0.06979999646510990 0.00200000060093278 -0.00249999904632568
v -0.06979999637775719 0.00212941023967249 -0.00248296189308167
v -0.06979999676864075 0.00225000112666364 -0.00243301177024841
v -0.06979999983268127 0.00235355257631562 -0.00235355234146118
v -0.06980000254662852 0.00243300979165859 -0.00224999904632568
v -0.06805881757628160 0.00096592552990802 -0.00249999904632568
v -0.06830000025296298 0.00086602701966939 -0.00249999904632568
v -0.06850710623897055 0.00070710594982989 -0.00249999904632568
v -0.06866602496352221 0.00050000041518364 -0.00249999904632568
v -0.06876592521385128 0.00025881763655182 -0.00249999904632568
v -0.06779999903883958 -0.00100000048703847 -0.00249999904632568
v -0.06805881957725460 -0.00096592525235196 -0.00249999904632568
v -0.06880000235588640 0.00000000040176155 -0.00249999904632568
v -0.06876592556326216 -0.00025882091840703 -0.00249999904632568
v -0.06866602565674743 -0.00049999838411504 -0.00249999904632568
v -0.06850710789053267 -0.00070710627747124 -0.00249999904632568
v -0.06830000235588640 -0.00086602500202289 -0.00249999904632568
v -0.06680000004380776 0.00248296204272828 -0.00212940859794617
v -0.06680000067427555 0.00249999957271881 -0.00199999904632568
v -0.06979999974532855 0.00248296221505533 -0.00212940859794617
v -0.06979999707217160 0.00250000165239449 -0.00199999904632568
v -0.06454118132077495 -0.00096592577408989 -0.00249999904632568
v -0.06479999933731878 -0.00100000065936552 -0.00249999904632568
v -0.06579999935074088 0.00000000213678313 -0.00249999904632568
v -0.06576592586174136 -0.00025882109073407 -0.00249999904632568
v -0.06566602595522664 -0.00049999855644209 -0.00249999904632568
v -0.06529999935074088 -0.00086602326700130 -0.00249999904632568
v -0.06505881987573379 -0.00096592542467901 -0.00249999904632568
v -0.06550710818901187 -0.00070710644979829 -0.00249999904632568
v -0.06679999693591615 -0.00099999927291506 -0.00249999904632568
v -0.06679999762914139 -0.00199999807221375 -0.00249999904632568
v -0.06679999771649410 -0.00212940771095346 -0.00248296189308167
v -0.06679999732561054 -0.00224999859794461 -0.00243301177024841
v -0.06680000086881950 -0.00235355386229385 -0.00235355234146118
v -0.06679999815487224 -0.00243301107763682 -0.00224999904632568
v -0.06680000340734812 -0.00433012722422235 -0.00249999904632568
v -0.06680000095617221 -0.00248296350103356 -0.00212940859794617
v -0.06679999702207969 -0.00249999912367546 -0.00199999904632568
v -0.06979999733066218 -0.00199999789988670 -0.00249999904632568
v -0.06979999741801490 -0.00212940753862641 -0.00248296189308167
v -0.06979999702713133 -0.00224999842561756 -0.00243301177024841
v -0.06980000057034029 -0.00235355368996680 -0.00235355234146118
v -0.06979999785639304 -0.00243301090530977 -0.00224999904632568
v -0.06980000065769301 -0.00248296332870651 -0.00212940859794617
v -0.06979999672360047 -0.00249999895134841 -0.00199999904632568
v -0.06980000041005167 0.00482962779510046 -0.00129409408569336
v -0.06680000029144911 -0.00482962908107870 -0.00129409408569336
v -0.05779999945106079 0.00492403713417099 -0.00086823987960815
v -0.05580000066066094 -0.00091776319154192 -0.00118961143493652
v -0.05580000013011364 -0.00089641706457835 -0.00113931274414062
v -0.05579999994278974 -0.00088827682506802 -0.00108611202239990
v -0.05580000056323643 -0.00089387572600877 -0.00103353691101074
v -0.05580000172740274 -0.00091284801381280 -0.00098507356643677
v -0.05579999862794220 -0.00094393553555623 -0.00094393444061279
v -0.05579999904365725 -0.00098507251082914 -0.00091284799575806
v -0.05580000148916606 -0.00118961234246645 -0.00091776227951050
v -0.05580000041462223 -0.00103353967970518 -0.00089387559890747
v -0.05580000070529478 -0.00113931310202679 -0.00089641666412354
v -0.05580000148677142 -0.00108611198040315 -0.00088827466964722
v -0.05780000234910191 0.00000000040567858 -0.00074270486831665
v -0.05780000074500720 0.00037135077671910 -0.00064320135116577
v -0.05779999889221216 0.00000666250899020 -0.00068847227096558
v -0.05779999981886127 0.00002621062278260 -0.00063832807540894
v -0.05779999874222325 -0.00037135136163805 -0.00064320135116577
v -0.05580000144298922 0.00138961121036541 -0.00057135200500488
v -0.05580000067731937 0.00134597737686211 -0.00053846502304077
v -0.05580000082249184 0.00131232436903087 -0.00049646282196045
v -0.05579999763858998 0.00129088788511280 -0.00044813108444214
v -0.05579999933227006 0.00128308594804728 -0.00039667367935181
v -0.05579999971693897 0.00128944189995791 -0.00034550333023071
v -0.05779999910274307 0.00033846524180450 -0.00059956645965576
v -0.05779999898772168 0.00029646522568708 -0.00056591463088989
v -0.05779999937750747 0.00005735304681198 -0.00059559726715088
v -0.05780000109649869 0.00009801306764913 -0.00056311273574829
v -0.05780000151530070 -0.00035000714202311 -0.00059290266036987
v -0.05779999811390032 0.00024813149782862 -0.00054447746276855
v -0.05779999915810392 0.00014550269120794 -0.00054302883148193
v -0.05779999941604161 0.00019667348709021 -0.00053667640686035
v -0.05779999802435205 -0.00034186499516416 -0.00053970193862915
v -0.05780000194842349 -0.00034746580345353 -0.00048712682723999
v -0.05779999790161642 -0.00036643948753367 -0.00043866300582886
v -0.05780000001312926 -0.00039752561300099 -0.00039752435684204
v -0.05780000182385071 0.00064320323126837 -0.00037135171890259
v -0.05779999915083223 0.00059956609414034 -0.00033846473693848
v -0.05779999957072838 -0.00064320051256258 -0.00037135171890259
v -0.05780000042884430 -0.00043866258827391 -0.00036643791198730
v -0.05779999849618454 -0.00048712784980131 -0.00034746503829956
v -0.05779999766098510 -0.00053970345412402 -0.00034186458587646
v -0.05780000209048184 -0.00059290317947156 -0.00035000658035278
v -0.05580000017904087 0.00130952326674813 -0.00029801225662231
v -0.05580000004106589 0.00134200898968251 -0.00025734949111938
v -0.05579999962798530 0.00138474051297548 -0.00022621154785156
v -0.05579999927112352 0.00148911764145477 -0.00019999885559082
v -0.05580000146303141 0.00143488407222796 -0.00020666265487671
v -0.05780000120335333 0.00056591638993383 -0.00029646301269531
v -0.05780000132307622 0.00054447799866713 -0.00024813079833984
v -0.05779999971313156 0.00053667796895025 -0.00019667387008667
v -0.05780000149407657 0.00054302870988751 -0.00014550352096558
v -0.05780000055990236 0.00056311528765109 -0.00009801244735718
v -0.05779999851457875 0.00059559770696073 -0.00005734968185425
v -0.05779999810149816 0.00063832923025371 -0.00002621173858643
v -0.05779999993654428 0.00068847278950619 -0.00000666236877441
v -0.05780000003616965 -0.00492403771908994 -0.00086823987960815
v -0.02996446605744486 -0.00873553481433240 -0.00499999904632568
v -0.03220590276364015 -0.01002962890002576 -0.00499999904632568
v -0.03349999996468134 -0.01019999862650304 -0.00499999904632568
v -0.03099999840590384 -0.00953012834530706 -0.00499999904632568
v -0.03139155247287156 -0.01606794785477202 -0.00499999904632568
v -0.03097733809995432 -0.01638578339652668 -0.00499999904632568
v -0.03187391091181319 -0.01586815205401472 -0.00499999904632568
v -0.03239154868501848 -0.01579999967729307 -0.00499999904632568
v -0.03065949926390005 -0.01679999727589044 -0.00499999904632568
v -0.02901923666014029 -0.01964101544335757 -0.00499999904632568
v -0.02881943633603830 -0.02012337888937173 -0.00499999904632568
v -0.02875128986911179 -0.02064101682980803 -0.00499999904632568
v -0.02881943703486007 -0.02115865599928942 -0.00499999904632568
v -0.02901923804659074 -0.02164101304195495 -0.00499999904632568
v -0.02933707498462151 -0.02205523262584556 -0.00499999904632568
v -0.02975128746770916 -0.02237306625092645 -0.00499999904632568
v -0.02651923666014029 -0.02397114246227977 -0.00499999904632568
v -0.03937973150441563 -0.02793205100739618 -0.00499999904632568
v -0.03969569404718351 -0.02807938316694762 -0.00499999904632568
v -0.04003243413095072 -0.02816961703516391 -0.00499999904632568
v -0.04037973289086608 -0.02819999779842467 -0.00499999904632568
v -0.05108987518588316 -0.03178578632046353 -0.00499999904632568
v -0.05150408625517566 -0.03146794887136024 -0.00499999904632568
v -0.05077203304620415 -0.03219999829247866 -0.00499999904632568
v -0.05057223602572690 -0.03268236364584144 -0.00499999904632568
v -0.05050408625517566 -0.03319999967892912 -0.00499999904632568
v -0.05198645181243930 -0.03126814837070209 -0.00499999904632568
v -0.05250408246732258 -0.03120000069388129 -0.00499999904632568
v -0.05057223672454868 -0.03371764075575914 -0.00499999904632568
v -0.05077203443265461 -0.03419999589107604 -0.00499999904632568
v -0.05108987467431012 -0.03461421738231528 -0.00499999904632568
v -0.05150408385377302 -0.03493204910004754 -0.00499999904632568
v -0.02550000074352670 0.00500000037571521 0.00000000095367432
v -0.02850000044504749 0.00500000054804226 0.00000000095367432
v -0.02550000030879204 0.00149999962273270 0.00000000095367432
v -0.02850000001031283 0.00149999979505975 0.00000000095367432
v -0.02550000032473729 0.00144889033638584 0.00038822937011719
v -0.02850000002625809 0.00144889050871289 0.00038822937011719
v -0.02550000046957537 0.00129903783456720 0.00075000095367432
v -0.02850000017109616 0.00129903800689425 0.00075000095367432
v -0.02850000028831625 0.00106066159249375 0.00106066131591797
v -0.02549999990535840 0.00482963072938504 0.00129409599304199
v -0.02850000125869156 0.00482962994803778 0.00129409599304199
v -0.02850000100706892 0.00075000152149192 0.00129903888702393
v -0.02849999983441820 0.00038822886051849 0.00144888973236084
v -0.02850000035853453 -0.00038822897191979 0.00144888973236084
v -0.02850000009647636 -0.00000000005570065 0.00150000095367432
v -0.02550000009308412 0.00433012696518006 0.00250000095367432
v -0.02550000077888560 0.00353553434198793 0.00353553485870361
v -0.02849999979460491 0.00433012713750711 0.00250000095367432
v -0.02850000048040640 0.00353553451431497 0.00353553485870361
v -0.02549999961556682 0.00249999842203138 0.00433012771606445
v -0.02849999931708761 0.00249999859435843 0.00433012771606445
v -0.02549999952142836 0.00129409615936942 0.00482962989807129
v -0.02850000087476152 0.00129409537802215 0.00482962989807129
v -0.02850000009647636 -0.00000000005570065 0.00500000095367432
v 0.01858012708080332 -0.02218172397212942 0.00000000095367432
v 0.01404903806431951 -0.02133364782038075 0.00000000095367432
v 0.01554903806431951 -0.02393172403173406 0.00000000095367432
v 0.01400477444824359 -0.02135920343103749 0.00038822937011719
v 0.01550477444824359 -0.02395727964239080 0.00038822937011719
v 0.02008012708080332 -0.02477980018348273 0.00000000095367432
v 0.01704903806431951 -0.02652980024308738 0.00000000095367432
v 0.01729853833897771 -0.02696194739529778 0.00000000095367432
v 0.01700477444824359 -0.02655535585374412 0.00038822937011719
v 0.01725427472290179 -0.02698750300595452 0.00038822937011719
v 0.01145096185296619 -0.02283364782038075 0.00000000095367432
v 0.01295096185296619 -0.02543172403173406 0.00000000095367432
v 0.01149522546904211 -0.02280809220972401 0.00038822937011719
v 0.01299522546904211 -0.02540616842107733 0.00038822937011719
v 0.01445096185296619 -0.02802980024308738 0.00000000095367432
v 0.01470046212762440 -0.02846194739529778 0.00000000095367432
v 0.01449522546904211 -0.02800424463243064 0.00038822937011719
v 0.01474472574370032 -0.02843639178464104 0.00038822937011719
v 0.01387500022235634 -0.02143412861528736 0.00075000095367432
v 0.01537500022235634 -0.02403220482664068 0.00075000095367432
v 0.01366855877713306 -0.02155331763925892 0.00106066131591797
v 0.01516855877713306 -0.02415139385061224 0.00106066131591797
v 0.01687500022235634 -0.02663028103799400 0.00075000095367432
v 0.01712450049701454 -0.02706242819020439 0.00075000095367432
v 0.01666855877713306 -0.02674947006196556 0.00106066131591797
v 0.01691805905179126 -0.02718161721417595 0.00106066131591797
v 0.01162500010788245 -0.02273316678705555 0.00075000095367432
v 0.01312500010788245 -0.02533124299840887 0.00075000095367432
v 0.01183144155310573 -0.02261397776308400 0.00106066131591797
v 0.01333144155310574 -0.02521205397443731 0.00106066131591797
v 0.01462500010788245 -0.02792931920976218 0.00075000095367432
v 0.01487450038254066 -0.02836146636197258 0.00075000095367432
v 0.01483144155310574 -0.02781013018579063 0.00106066131591797
v 0.01508094182776394 -0.02824227733800103 0.00106066131591797
v 0.00841987335267375 -0.02458364758196217 0.00000000095367432
v 0.00991987335267375 -0.02718172379331548 0.00000000095367432
v 0.00452275903564378 -0.02683364758196216 0.00000000095367432
v 0.00602275903564378 -0.02943172379331548 0.00000000095367432
v 0.00447849541956786 -0.02685920319261891 0.00038822937011719
v 0.00597849541956786 -0.02945727940397222 0.00038822937011719
v 0.00196894644036638 -0.02830809197130543 0.00038822937011719
v 0.00346894644036638 -0.03090616818265874 0.00038822937011719
v 0.00752275903564378 -0.03202980000466880 0.00000000095367432
v 0.00777225931030198 -0.03246194715687920 0.00000000095367432
v 0.00747849541956786 -0.03205535561532554 0.00038822937011719
v 0.00772799569422606 -0.03248750276753594 0.00038822937011719
v 0.00496894644036638 -0.03350424439401206 0.00038822937011719
v 0.00521844671502459 -0.03393639154622246 0.00038822937011719
v 0.00434872078072752 -0.02693412861528736 0.00075000095367432
v 0.00584872078072752 -0.02953220482664068 0.00075000095367432
v 0.00209872107920672 -0.02823316654863697 0.00075000095367432
v 0.00359872107920672 -0.03083124275999029 0.00075000095367432
v 0.00414227892255114 -0.02705331787767750 0.00106066131591797
v 0.00564227892255114 -0.02965139408903082 0.00106066131591797
v 0.00230516128557073 -0.02811397823992115 0.00106066131591797
v 0.00380516128557073 -0.03071205445127446 0.00106066131591797
v 0.00734872078072752 -0.03213028103799399 0.00075000095367432
v 0.00759822105538572 -0.03256242819020439 0.00075000095367432
v 0.00509872107920672 -0.03342931897134360 0.00075000095367432
v 0.00534822135386493 -0.03386146612355400 0.00075000095367432
v 0.00714227892255114 -0.03224947030038413 0.00106066131591797
v 0.00739177919720935 -0.03268161745259453 0.00106066131591797
v 0.00530516128557073 -0.03331013066262779 0.00106066131591797
v 0.00555466156022893 -0.03374227781483818 0.00106066131591797
v 0.01843258152181980 -0.02226690944032629 0.00129409599304199
v 0.01339951901148118 -0.02170864782038075 0.00129903888702393
v 0.01489951901148118 -0.02430672403173407 0.00129903888702393
v 0.01993258152181980 -0.02486498565167961 0.00129409599304199
v 0.01639951901148118 -0.02690480024308738 0.00129903888702393
v 0.01664901928613938 -0.02733694739529778 0.00129903888702393
v 0.01210048090580452 -0.02245864782038075 0.00129903888702393
v 0.01308621604270647 -0.02188953337374073 0.00144888973236084
v 0.01241378428753232 -0.02227776202860218 0.00144888973236084
v 0.01274999995864285 -0.02208364782038075 0.00150000095367432
v 0.01360048090580452 -0.02505672403173406 0.00129903888702393
v 0.01458621604270647 -0.02448760958509405 0.00144888973236084
v 0.01391378428753232 -0.02487583823995550 0.00144888973236084
v 0.01424999995864285 -0.02468172403173407 0.00150000095367432
v 0.01510048090580452 -0.02765480024308738 0.00129903888702393
v 0.01534998118046273 -0.02808694739529778 0.00129903888702393
v 0.01608621604270647 -0.02708568579644736 0.00144888973236084
v 0.01633571631736468 -0.02751783294865776 0.00144888973236084
v 0.01541378428753232 -0.02747391445130882 0.00144888973236084
v 0.01566328456219052 -0.02790606160351921 0.00144888973236084
v 0.01574999995864285 -0.02727980024308738 0.00150000095367432
v 0.01599950023330106 -0.02771194739529778 0.00150000095367432
v 0.00827232769045196 -0.02466883310976368 0.00129409599304199
v 0.00977232769045196 -0.02726690932111700 0.00129409599304199
v 0.00387323998280545 -0.02720864758196216 0.00129903888702393
v 0.00537323998280545 -0.02980672379331548 0.00129903888702393
v 0.00257420187712879 -0.02795864758196217 0.00129903888702393
v 0.00355993577517146 -0.02738953385057789 0.00144888973236084
v 0.00288750443295040 -0.02777776226702076 0.00144888973236084
v 0.00322372092996712 -0.02758364758196217 0.00150000095367432
v 0.00407420187712879 -0.03055672379331548 0.00129903888702393
v 0.00505993577517147 -0.02998761006193120 0.00144888973236084
v 0.00438750443295040 -0.03037583847837408 0.00144888973236084
v 0.00472372092996712 -0.03018172379331548 0.00150000095367432
v 0.00687323998280545 -0.03240480000466880 0.00129903888702393
v 0.00712274025746365 -0.03283694715687920 0.00129903888702393
v 0.00557420187712879 -0.03315480000466880 0.00129903888702393
v 0.00582370215178699 -0.03358694715687920 0.00129903888702393
v 0.00655993577517147 -0.03258568627328452 0.00144888973236084
v 0.00680943604982967 -0.03301783342549492 0.00144888973236084
v 0.00588750443295040 -0.03297391468972739 0.00144888973236084
v 0.00613700470760861 -0.03340606184193779 0.00144888973236084
v 0.00622372092996712 -0.03277980000466880 0.00150000095367432
v 0.00647322120462532 -0.03321194715687920 0.00150000095367432
v -0.02550000048111909 -0.00150000007878810 0.00000000095367432
v -0.02850000018263988 -0.00149999990646105 0.00000000095367432
v -0.02549999881336147 -0.00144888983876692 0.00038822937011719
v -0.02849999851488226 -0.00144888966643987 0.00038822937011719
v -0.02550000032033577 -0.00129903829062259 0.00075000095367432
v -0.02850000002185656 -0.00129903811829555 0.00075000095367432
v -0.02550000058679545 0.00106066142016671 0.00106066131591797
v -0.02549999855130331 -0.00106066092254779 0.00106066131591797
v -0.02849999990463647 -0.00106066170389505 0.00106066131591797
v -0.02550000130554812 0.00075000134916487 0.00129903888702393
v -0.02549999948436301 -0.00075000180522027 0.00129903888702393
v -0.02550000013289740 0.00038822868819144 0.00144888973236084
v -0.02550000065701373 -0.00038822914424683 0.00144888973236084
v -0.02550000039495556 -0.00000000022802770 0.00150000095367432
v -0.02849999918588381 -0.00075000163289322 0.00129903888702393
v 0.00192468282429046 -0.02833364758196217 0.00000000095367432
v 0.00342468282429046 -0.03093172379331548 0.00000000095367432
v 0.00492468282429046 -0.03352980000466880 0.00000000095367432
v 0.00517418309894867 -0.03396194715687920 0.00000000095367432
v 0.01800000004619439 -0.02251666047172506 0.00250000095367432
v 0.01950000004619439 -0.02511473668307838 0.00250000095367432
v 0.01731186213633942 -0.02291395707921941 0.00353553485870361
v 0.01881186213633942 -0.02551203329057273 0.00353553485870361
v 0.00783974611158828 -0.02491858420076710 0.00250000095367432
v 0.00933974611158828 -0.02751666041212042 0.00250000095367432
v 0.00715160851144813 -0.02531588062944752 0.00353553485870361
v 0.00865160851144813 -0.02791395684080084 0.00353553485870361
v 0.01641506346810395 -0.02343172403173406 0.00433012771606445
v 0.01791506346810395 -0.02602980024308738 0.00433012771606445
v 0.01537071955059977 -0.02403467627363165 0.00482962989807129
v 0.01687071955059977 -0.02663275248498496 0.00482962989807129
v 0.01424999995864285 -0.02468172403173407 0.00500000095367432
v 0.01574999995864285 -0.02727980024308738 0.00500000095367432
v 0.00625480984321265 -0.02583364758196217 0.00433012771606445
v 0.00775480984321265 -0.02843172379331549 0.00433012771606445
v 0.00521046551275539 -0.02643660006227833 0.00482962989807129
v 0.00408974633375156 -0.02708364758196216 0.00500000095367432
v 0.00671046551275539 -0.02903467627363164 0.00482962989807129
v 0.00558974633375156 -0.02968172379331548 0.00500000095367432
v -0.02550000039495556 -0.00000000022802770 0.00500000095367432
v -0.02550000048111909 -0.00150000007878810 0.00500000095367432
v -0.02052881361485450 -0.01049990900454037 0.00500000095367432
v -0.02100868162979173 -0.01030541475128288 0.00500000095367432
v -0.02152239683212375 -0.01024062705376822 0.00500000095367432
v -0.02203552959876581 -0.01030988573159938 0.00500000095367432
v -0.02251368317522056 -0.01050855491210897 0.00500000095367432
v -0.02849999780216093 -0.00520000097781374 0.00500000095367432
v -0.02867037118304125 -0.00649409324794205 0.00500000095367432
v -0.02916987294575914 -0.00769999862650303 0.00500000095367432
v -0.02376794890661137 -0.01123270556976278 0.00500000095367432
v -0.02418216469332377 -0.01155054110219231 0.00500000095367432
v -0.02450000214242706 -0.01196475217148481 0.00500000095367432
v -0.02469980264308521 -0.01244711772874845 0.00500000095367432
v -0.02476794980883349 -0.01296475689822984 0.00500000095367432
v -0.02011495874608307 -0.01081107175698568 0.00500000095367432
v -0.02469980003828224 -0.01348239293131751 0.00500000095367432
v -0.02449999971418025 -0.01396475637733166 0.00500000095367432
v -0.00255755789554302 -0.02799008935436469 0.00500000095367432
v -0.00226802157100938 -0.02834734727548041 0.00500000095367432
v -0.00206773711379677 -0.02876129725047963 0.00500000095367432
v -0.00196729360919624 -0.02921004696247826 0.00500000095367432
v 0.00192468282429046 -0.02833364758196217 0.00500000095367432
v -0.00197200145008802 -0.02966987217401210 0.00500000095367432
v -0.00208161018496808 -0.03011647218274062 0.00500000095367432
v -0.00229032514351748 -0.03052623039279203 0.00500000095367432
v -0.00258711190669506 -0.03087749130889986 0.00500000095367432
v -0.00295628232468051 -0.03115167412462574 0.00500000095367432
v -0.01267191667585017 -0.03445159715586301 0.00500000095367432
v -0.01193986677050340 -0.03518364848433007 0.00500000095367432
v -0.01235407783979591 -0.03486581103522677 0.00500000095367432
v -0.00993986586828129 -0.03518364796343189 0.00500000095367432
v -0.01042222740694681 -0.03538345159115862 0.00500000095367432
v -0.01093986725473175 -0.03545159475446038 0.00500000095367432
v -0.01145750451686450 -0.03538345089233685 0.00500000095367432
v -0.00867191667585017 -0.04137980038613852 0.00500000095367432
v -0.07480000020015051 0.00499999804653381 0.00000000095367432
v -0.07479999771016983 0.00482962935387797 0.00129409599304199
v -0.05780000079032441 0.00499999770579675 0.00000000095367432
v -0.05580000143072818 -0.00143488221907444 0.00020666456222534
v -0.05579999805480092 -0.00138474005609807 0.00022621345520020
v -0.05580000094534508 -0.00134201044015373 0.00025735187530518
v -0.05580000080737010 -0.00130952471721935 0.00029801416397095
v -0.05780000104826112 0.00074270445138437 0.00000000095367432
v -0.05779999955068617 -0.00068847337442513 0.00000666475296021
v -0.05779999843896932 -0.00074270503630332 0.00000000095367432
v -0.05780000138573228 -0.00063832981517265 0.00002621364593506
v -0.05780000097265171 -0.00059559829187968 0.00005735158920288
v -0.05780000083467671 -0.00056311256894530 0.00009801435470581
v -0.05779999799315388 -0.00054302929480646 0.00014550542831421
v -0.05779999977409889 -0.00053667855386920 0.00019667577743530
v -0.05779999816415423 -0.00054447858358608 0.00024813318252563
v -0.05780000019122575 -0.00056591367122804 0.00029646492004395
v -0.05579999987319589 -0.00128943813945577 0.00034550523757935
v -0.05580000165414091 -0.00128308739851851 0.00039667606353760
v -0.05580000004419625 -0.00129088742823539 0.00044813299179077
v -0.05580000016391913 -0.00131232581950209 0.00049646472930908
v -0.05580000030909160 -0.00134597882733333 0.00053846693038940
v -0.05579999954342175 -0.00138961266083663 0.00057135391235352
v -0.05780000182624535 0.00053970286920507 0.00034186649322510
v -0.05779999930409725 0.00059290589817735 0.00035000848770142
v -0.05780000099104591 0.00048712726488237 0.00034746742248535
v -0.05780000182385071 0.00064320323126837 0.00037135410308838
v -0.05780000096573477 0.00043866530697970 0.00036643981933594
v -0.05780000033639822 -0.00059956667905928 0.00033846664428711
v -0.05779999957072838 -0.00064320051256258 0.00037135410308838
v -0.05779999947410119 0.00039752502808205 0.00039752626419067
v -0.05780000158561403 0.00036643890261472 0.00043866539001465
v -0.05779999944615560 0.00034746852215932 0.00048712873458862
v -0.05780000146287840 0.00034186441024521 0.00053970384597778
v -0.05780000007118884 -0.00019667407200916 0.00053667831420898
v -0.05780000032912653 -0.00014550327612688 0.00054303073883057
v -0.05780000137333013 -0.00024813208274757 0.00054447937011719
v -0.05779999797192975 0.00035000655710416 0.00059290456771851
v -0.05779999839073176 -0.00009801365256808 0.00056311464309692
v -0.05780000201707160 -0.00005735032810619 0.00059559917449951
v -0.05780000049950877 -0.00029646581060603 0.00056591653823853
v -0.05780000038448738 -0.00033846582672345 0.00059956836700439
v -0.06679999989488680 0.00499999822277789 0.00000000095367432
v -0.05779999945106079 0.00492403713417099 0.00086824178695679
v -0.05580000140698818 0.00108611383355666 0.00088827657699585
v -0.05580000028111618 0.00113931165155557 0.00089641857147217
v -0.05580000057178874 0.00103353822923396 0.00089387750625610
v -0.05579999949724491 0.00118961089199523 0.00091776418685913
v -0.05579999863912898 0.00098507296770655 0.00091284990310669
v -0.05780000074500720 0.00037135077671910 0.00064320325851440
v -0.05779999966836918 -0.00002621120770155 0.00063833045959473
v -0.05780000059501829 -0.00000666309390915 0.00068847417831421
v -0.05779999874222325 -0.00037135136163805 0.00064320325851440
v -0.05780000234910191 0.00000000040567858 0.00074270677566528
v -0.05579999905484402 0.00094393599243364 0.00094393634796143
v -0.05580000116635687 0.00091284986696631 0.00098507547378540
v -0.05580000042317454 0.00089387427553754 0.00103353929519653
v -0.05580000104362123 0.00088827537459680 0.00108611440658569
v -0.05580000085629733 0.00089641561410712 0.00113931465148926
v -0.05580000032575003 0.00091776174107070 0.00118961334228516
v -0.05579999841166271 -0.00148911718457736 0.00020000076293945
v -0.05580000031312696 -0.00479583081008999 0.00020000076293945
v -0.05780000200053078 -0.00500000019806433 0.00000000095367432
v -0.05580000091203186 -0.00471504211406487 0.00089910268783569
v -0.05780000003616965 -0.00492403771908994 0.00086824178695679
v -0.06979999959640759 0.00499999839510494 0.00000000095367432
v -0.06679999780146843 -0.00499999777373455 0.00000000095367432
v -0.05580000052684717 -0.00039667577682980 0.00128308868408203
v -0.05579999852536371 -0.00044813188021957 0.00129088973999023
v -0.05580000078478485 -0.00034550498094752 0.00128944063186646
v -0.05580000075373871 -0.00029801205376397 0.00130952501296997
v -0.05579999916910519 -0.00025735012557819 0.00134200954437256
v -0.05580000012402751 -0.00022621291252219 0.00138474035263062
v -0.05579999955889099 -0.00049646230445329 0.00131232690811157
v -0.05580000084014571 -0.00053846753154408 0.00134597826004028
v -0.05579999919788158 -0.00057135306645869 0.00138961315155029
v -0.05580000105067662 -0.00020666479872978 0.00143488454818726
v -0.05579999950113550 -0.00019999939179342 0.00148911714553833
v -0.05780000049290687 0.00469846063059584 0.00171010160446167
v -0.06680000070853086 0.00482962762277341 0.00129409599304199
v -0.05880000036901184 0.00249999974896289 0.00200000095367432
v -0.05979999916831054 0.00250000044218812 0.00200000095367432
v -0.05879999973854405 0.00248296221897236 0.00212941074371338
v -0.05979999853784274 0.00248296291219758 0.00212941074371338
v -0.05879999923621929 0.00243301170292425 0.00225000095367432
v -0.05979999803551798 0.00243301239614948 0.00225000095367432
v -0.05879999982589677 0.00235355258023264 0.00235355472564697
v -0.05979999862519546 0.00235355327345787 0.00235355472564697
v -0.05979999886477969 0.00224999991645726 0.00243301391601563
v -0.05979999847389610 0.00212940902946612 0.00248296356201172
v -0.05880000006548099 0.00224999922323203 0.00243301391601563
v -0.05879999967459743 0.00212940833624089 0.00248296356201172
v -0.05880000002044072 -0.00250000085478002 0.00200000095367432
v -0.05979999881973940 -0.00250000016155479 0.00200000095367432
v -0.05880000065090851 -0.00248296332478948 0.00212941074371338
v -0.05979999945020720 -0.00248296263156426 0.00212941074371338
v -0.05880000115323328 -0.00243301280874138 0.00225000095367432
v -0.05979999995253196 -0.00243301211551615 0.00225000095367432
v -0.05880000056355578 -0.00235355368604977 0.00235355472564697
v -0.05880000032397157 -0.00225000032904916 0.00243301391601563
v -0.05880000071485514 -0.00212940944205802 0.00248296356201172
v -0.05979999912327025 -0.00224999963582393 0.00243301391601563
v -0.05979999951415382 -0.00212940874883279 0.00248296356201172
v -0.05979999936285448 -0.00235355299282455 0.00235355472564697
v -0.05580000094830982 -0.00453289788619053 0.00157887697219849
v -0.05779999899432359 -0.00469846121551478 0.00171010160446167
v -0.05579999954851778 -0.00425331351870927 0.00222471141815186
v -0.06980000041005167 0.00482962779510046 0.00129409599304199
v -0.06680000029144911 -0.00482962908107870 0.00129409599304199
v -0.06680000067427555 0.00249999957271881 0.00200000095367432
v -0.06680000004380776 0.00248296204272828 0.00212941074371338
v -0.06979999707217160 0.00250000165239449 0.00200000095367432
v -0.06979999974532855 0.00248296221505533 0.00212941074371338
v -0.06679999954148300 0.00243301152668017 0.00225000095367432
v -0.06680000013116047 0.00235355240398857 0.00235355472564697
v -0.06680000037074470 0.00224999904698796 0.00243301391601563
v -0.06679999997986112 0.00212940815999681 0.00248296356201172
v -0.06980000254662852 0.00243300979165859 0.00225000095367432
v -0.06979999983268127 0.00235355257631562 0.00235355472564697
v -0.06979999676864075 0.00225000112666364 0.00243301391601563
v -0.06979999637775719 0.00212941023967249 0.00248296356201172
v -0.06679999702207969 -0.00249999912367546 0.00200000095367432
v -0.06680000095617221 -0.00248296350103356 0.00212941074371338
v -0.06679999815487224 -0.00243301107763682 0.00225000095367432
v -0.06679999771649410 -0.00212940771095346 0.00248296356201172
v -0.06679999732561054 -0.00224999859794461 0.00243301391601563
v -0.06680000086881950 -0.00235355386229385 0.00235355472564697
v -0.06979999741801490 -0.00212940753862641 0.00248296356201172
v -0.06979999672360047 -0.00249999895134841 0.00200000095367432
v -0.06980000065769301 -0.00248296332870651 0.00212941074371338
v -0.06979999785639304 -0.00243301090530977 0.00225000095367432
v -0.06980000057034029 -0.00235355368996680 0.00235355472564697
v -0.06979999702713133 -0.00224999842561756 0.00243301391601563
v -0.05579999949214889 0.00405331174986787 0.00257112216949463
v -0.05580000002192601 0.00363379515037893 0.00313616657257080
v -0.05579999814113469 0.00313616463445202 0.00363379573822021
v -0.05580000032869223 0.00257112020563938 0.00405331325531006
v -0.07480000310886892 0.00433012698594909 0.00250000095367432
v -0.07479999858369703 0.00353553296648085 0.00353553485870361
v -0.07480000097953925 0.00249999939647473 0.00433012771606445
v -0.05780000039541810 0.00433012855256065 0.00250000095367432
v -0.05879999976195014 0.00199999869750118 0.00250000095367432
v -0.05979999856124883 0.00199999939072640 0.00250000095367432
v -0.06679999949998047 0.00433012906954180 0.00250000095367432
v -0.06454117931980195 0.00096592500817008 0.00250000095367432
v -0.06479999985821697 0.00100000024285659 0.00250000095367432
v -0.06505881787476081 0.00096592535758097 0.00250000095367432
v -0.06530000055144219 0.00086602684734235 0.00250000095367432
v -0.06154117961828116 0.00096592483584303 0.00250000095367432
v -0.06130000205062271 0.00086602598179007 0.00250000095367432
v -0.06109289130500308 0.00070710586096231 0.00250000095367432
v -0.06093397544613696 0.00050000127123085 0.00250000095367432
v -0.06083407363227359 0.00025882050189810 0.00250000095367432
v -0.06080000205062271 0.00000000057800563 0.00250000095367432
v -0.06083407398168448 -0.00025881805306075 0.00250000095367432
v -0.06180000015669616 0.00100000007052954 0.00250000095367432
v -0.06093397423201355 -0.00050000083169257 0.00250000095367432
v -0.06109289295656520 -0.00070710636633882 0.00250000095367432
v -0.06130000084992139 -0.00086602413255358 0.00250000095367432
v -0.06154118161925415 -0.00096592594641695 0.00250000095367432
v -0.06179999963579799 -0.00100000083169257 0.00250000095367432
v -0.05880000062750242 -0.00199999980331830 0.00250000095367432
v -0.05979999942680110 -0.00199999911009308 0.00250000095367432
v -0.06409289100652389 0.00070710603328936 0.00250000095367432
v -0.06430000175214350 0.00086602615411711 0.00250000095367432
v -0.06393397514765775 0.00050000144355790 0.00250000095367432
v -0.06383407333379440 0.00025882067422514 0.00250000095367432
v -0.06380000175214351 0.00000000075033268 0.00250000095367432
v -0.06383407368320528 -0.00025881788073370 0.00250000095367432
v -0.06393397393353434 -0.00050000065936552 0.00250000095367432
v -0.06409289265808600 -0.00070710619401177 0.00250000095367432
v -0.06430000055144219 -0.00086602396022653 0.00250000095367432
v -0.05780000210652943 0.00383022306902681 0.00321393871307373
v -0.06679999827843333 0.00353553314272493 0.00353553485870361
v -0.05780000099916099 -0.00433012583385486 0.00250000095367432
v -0.05779999928804966 -0.00383022035032102 0.00321393871307373
v -0.06979999920150128 0.00433012924186885 0.00250000095367432
v -0.06680000006721384 0.00199999852125710 0.00250000095367432
v -0.06550710653744976 0.00070710577750284 0.00250000095367432
v -0.06566602526200140 0.00050000024285659 0.00250000095367432
v -0.06576592551233047 0.00025881746422477 0.00250000095367432
v -0.06779999955973776 0.00100000041518364 0.00250000095367432
v -0.06680000076043907 0.00099999972195841 0.00250000095367432
v -0.06979999646510990 0.00200000060093278 0.00250000095367432
v -0.06805881757628160 0.00096592552990802 0.00250000095367432
v -0.06830000025296298 0.00086602701966939 0.00250000095367432
v -0.06850710623897055 0.00070710594982989 0.00250000095367432
v -0.06866602496352221 0.00050000041518364 0.00250000095367432
v -0.06876592521385128 0.00025881763655182 0.00250000095367432
v -0.06779999903883958 -0.00100000048703847 0.00250000095367432
v -0.06805881957725460 -0.00096592525235196 0.00250000095367432
v -0.06880000235588640 0.00000000040176155 0.00250000095367432
v -0.06876592556326216 -0.00025882091840703 0.00250000095367432
v -0.06866602565674743 -0.00049999838411504 0.00250000095367432
v -0.06850710789053267 -0.00070710627747124 0.00250000095367432
v -0.06830000235588640 -0.00086602500202289 0.00250000095367432
v -0.06454118132077495 -0.00096592577408989 0.00250000095367432
v -0.06479999933731878 -0.00100000065936552 0.00250000095367432
v -0.06579999935074088 0.00000000213678313 0.00250000095367432
v -0.06576592586174136 -0.00025882109073407 0.00250000095367432
v -0.06566602595522664 -0.00049999855644209 0.00250000095367432
v -0.06529999935074088 -0.00086602326700130 0.00250000095367432
v -0.06505881987573379 -0.00096592542467901 0.00250000095367432
v -0.06550710818901187 -0.00070710644979829 0.00250000095367432
v -0.06679999693591615 -0.00099999927291506 0.00250000095367432
v -0.06679999762914139 -0.00199999807221375 0.00250000095367432
v -0.06680000340734812 -0.00433012722422235 0.00250000095367432
v -0.06979999733066218 -0.00199999789988670 0.00250000095367432
v -0.06980000128357887 0.00353553140770335 0.00353553485870361
v -0.06679999941792190 -0.00353553269368158 0.00353553485870361
v -0.05779999994756907 0.00321393972754700 0.00383022308349609
v -0.05780000156971316 0.00249999905573766 0.00433012771606445
v -0.05780000122114202 -0.00250000154800524 0.00433012771606445
v -0.05779999854896889 0.00171009971965121 0.00469846439361572
v -0.05579999950113550 -0.00019999939179342 0.00479583263397217
v -0.05580000143070466 -0.00089910035876362 0.00471504211425781
v -0.05779999933920323 0.00086824317822098 0.00492403984069824
v -0.05780000093826156 -0.00171010030457015 0.00469846439361572
v -0.05780000234910191 0.00000000040567858 0.00500000095367432
v -0.05780000205537586 -0.00086824045951519 0.00492403984069824
v -0.06479999985821697 0.00100000024285659 0.00489898014068604
v -0.06460737854463867 0.00098099894219256 0.00490285968780518
v -0.06499261992262018 0.00098099736572577 0.00490285968780518
v -0.06518314413688073 0.00092368877151828 0.00491394042968750
v -0.06535806955400422 0.00082947457281995 0.00493069744110107
v -0.06441685686969414 0.00092368791118691 0.00491394042968750
v -0.06424192851295450 0.00082947386158244 0.00493069744110107
v -0.06409290905786516 0.00070712204034053 0.00494974613189697
v -0.06397054789194259 0.00055809827139396 0.00496871852874756
v -0.06387631945660024 0.00038316345446877 0.00498529815673828
v -0.06381900323299822 0.00019262602570927 0.00499619865417480
v -0.06380000175214351 0.00000000075033268 0.00500000095367432
v -0.06381900444908364 -0.00019262577421898 0.00499619865417480
v -0.06387631966891762 -0.00038316308208363 0.00498529815673828
v -0.06409291057248581 -0.00070712094172831 0.00494974613189697
v -0.06397054693302104 -0.00055809906821781 0.00496871852874756
v -0.06424192964153153 -0.00082947498932887 0.00493069744110107
v -0.05780000144701001 -0.00321393700884120 0.00383022308349609
v -0.05579999919493938 -0.00222471153102737 0.00425331306457520
v -0.05579999951363538 -0.00157887510256487 0.00453289794921875
v -0.06680000067427555 0.00249999957271881 0.00433012771606445
v -0.06979999707217160 0.00250000165239449 0.00433012771606445
v -0.06679999702207969 -0.00249999912367546 0.00433012771606445
v -0.06679999867278846 0.00129409400643211 0.00482962989807129
v -0.06550709383402332 0.00070712192149549 0.00494974613189697
v -0.06562945226251471 0.00055809865170888 0.00496871852874756
v -0.06572367952661815 0.00038316266557470 0.00498529815673828
v -0.06578099474645210 0.00019262535771005 0.00499619865417480
v -0.06680000145366431 0.00000000092265973 0.00500000095367432
v -0.06980000167793399 0.00129409227141052 0.00482962989807129
v -0.06979999785156037 0.00000000300233541 0.00500000095367432
v -0.06460737927291557 -0.00098099778223470 0.00490285968780518
v -0.06479999933731878 -0.00100000065936552 0.00489898014068604
v -0.06499262065089707 -0.00098099935870149 0.00490285968780518
v -0.06518314562946634 -0.00092369023504447 0.00491394042968750
v -0.06579999935074088 0.00000000213678313 0.00500000095367432
v -0.06578099596253753 -0.00019262644221819 0.00499619865417480
v -0.06562945460721789 -0.00055810059525152 0.00496871852874756
v -0.06572367973893550 -0.00038316387097770 0.00498529815673828
v -0.06535807068258125 -0.00082947427809137 0.00493069744110107
v -0.06550709013767059 -0.00070712245684946 0.00494974613189697
v -0.06441685505865502 -0.00092368918802720 0.00491394042968750
v -0.06679999902356677 -0.00129409355738876 0.00482962989807129
v -0.07479999897805216 0.00129409383018803 0.00482962989807129
v -0.07480000175892799 0.00000000074641565 0.00500000095367432
v -0.06980000216449440 -0.00520000173447494 0.00500000095367432
v -0.06962962583076765 -0.00649409512081886 0.00500000095367432
v -0.06913012527604895 -0.00769999947855518 0.00500000095367432
v -0.06479999790855563 -0.01020000008229809 0.00500000095367432
v -0.06609409678593342 -0.01002963051611503 0.00500000095367432
v -0.06730000216449440 -0.00953012875339714 0.00500000095367432
v -0.06833553174507430 -0.00873553182701415 0.00500000095367432
v -0.02996446605744486 -0.00873553481433240 0.00500000095367432
v -0.03220590276364015 -0.01002962890002576 0.00500000095367432
v -0.03349999996468134 -0.01019999862650304 0.00500000095367432
v -0.03099999840590384 -0.00953012834530706 0.00500000095367432
v -0.03139155247287156 -0.01606794785477202 0.00500000095367432
v -0.03097733809995432 -0.01638578339652668 0.00500000095367432
v -0.03187391091181319 -0.01586815205401472 0.00500000095367432
v -0.03239154868501848 -0.01579999967729307 0.00500000095367432
v -0.03065949926390005 -0.01679999727589044 0.00500000095367432
v -0.02901923666014029 -0.01964101544335757 0.00500000095367432
v -0.02881943633603830 -0.02012337888937173 0.00500000095367432
v -0.02875128986911179 -0.02064101682980803 0.00500000095367432
v -0.02881943703486007 -0.02115865599928942 0.00500000095367432
v -0.02901923804659074 -0.02164101304195495 0.00500000095367432
v -0.02933707498462151 -0.02205523262584556 0.00500000095367432
v -0.02975128746770916 -0.02237306625092645 0.00500000095367432
v -0.02651923666014029 -0.02397114246227977 0.00500000095367432
v -0.03937973150441563 -0.02793205100739618 0.00500000095367432
v -0.03969569404718351 -0.02807938316694762 0.00500000095367432
v -0.04003243413095072 -0.02816961703516391 0.00500000095367432
v -0.04037973289086608 -0.02819999779842467 0.00500000095367432
v -0.05108987518588316 -0.03178578632046353 0.00500000095367432
v -0.05150408625517566 -0.03146794887136024 0.00500000095367432
v -0.05077203304620415 -0.03219999829247866 0.00500000095367432
v -0.05057223602572690 -0.03268236364584144 0.00500000095367432
v -0.05050408625517566 -0.03319999967892912 0.00500000095367432
v -0.05198645181243930 -0.03126814837070209 0.00500000095367432
v -0.05250408246732258 -0.03120000069388129 0.00500000095367432
v -0.05057223672454868 -0.03371764075575914 0.00500000095367432
v -0.05077203443265461 -0.03419999589107604 0.00500000095367432
v -0.05108987467431012 -0.03461421738231528 0.00500000095367432
v -0.05150408385377302 -0.03493204910004754 0.00500000095367432
v 0.02512071955059977 -0.04092217164742820 -0.00482962810993195
v 0.02399999995864285 -0.04156921940553062 -0.00499999904632568
v 0.02616506346810395 -0.04031921940553062 -0.00433012604713440
v 0.02633933579110772 -0.04368270484806985 -0.00487240386009216
v 0.02662071955059978 -0.04352024785878152 -0.00482962810993195
v 0.02549999995864285 -0.04416729561688394 -0.00499999904632568
v 0.02463140722548251 -0.04466877786519021 -0.00499999904632568
v 0.02421789127794519 -0.04490752140881508 -0.00488039469718933
v 0.02380979079726254 -0.04514313833119363 -0.00471178460121155
v 0.02341796768862588 -0.04536935750843972 -0.00449779736995697
v 0.02766506346810395 -0.04291729561688393 -0.00433012604713440
v 0.02622505597820312 -0.04374868432881326 -0.00420900154113770
v 0.02304619675625349 -0.04558399955632180 -0.00424049401283264
v 0.02269805665164473 -0.04578499833943337 -0.00394235229492187
v 0.01839859139983860 -0.04826729575993507 -0.00499999904632568
v 0.02706186213633942 -0.03980145245301597 -0.00353553295135498
v 0.02856186213633942 -0.04239952866436929 -0.00353553295135498
v 0.02579695411448658 -0.04399584905507058 -0.00348145031929016
v 0.02237690055391047 -0.04597041789891213 -0.00360624361038208
v 0.02208582148171335 -0.04613847247960061 -0.00323540472984314
v 0.02182762338655124 -0.04628754321934670 -0.00283340716362000
v 0.03872071802472087 -0.06447805998746514 -0.00482962810993195
v 0.03759999843276395 -0.06512510774556755 -0.00499999904632568
v 0.03976506194222505 -0.06387510774556755 -0.00433012604713440
v 0.04122071802472087 -0.06880818700638733 -0.00482962810993195
v 0.04285883777504286 -0.07281944097711661 -0.00494974434375763
v 0.04303931411838013 -0.07288733092682001 -0.00493069553375244
v 0.04320836196580871 -0.07299170150869229 -0.00491393828392029
v 0.04335326139569231 -0.07312805638184683 -0.00490285813808441
v 0.04359151015916809 -0.07365533364641895 -0.00491393828392029
v 0.04354588071942277 -0.07346168283706755 -0.00490285813808441
v 0.04346602383654839 -0.07328536178341194 -0.00489897847175598
v 0.04272071802472088 -0.07140626321774064 -0.00482962810993195
v 0.04356593006019911 -0.07404416074064722 -0.00494974434375763
v 0.04359738144015748 -0.07385393188218227 -0.00493069553375244
v 0.04009999843276395 -0.06945523476448974 -0.00499999904632568
v 0.04159999843276395 -0.07205331097584307 -0.00499999904632568
v 0.04246999077347774 -0.07279385310050961 -0.00498529589176178
v 0.04266860114688423 -0.07278798472272288 -0.00496871685981751
v 0.04227632408025664 -0.07283948840718664 -0.00499619674682617
v 0.04209999843276395 -0.07291933637962750 -0.00499999904632568
v 0.04194268523644314 -0.07303211488347448 -0.00499619674682617
v 0.04180633055494078 -0.07317701750633236 -0.00498529589176178
v 0.04170194320399523 -0.07334608494626414 -0.00496871685981751
v 0.04163406721828188 -0.07352656258775810 -0.00494974434375763
v 0.04160262346771805 -0.07371680466072199 -0.00493069553375244
v 0.04160848670635981 -0.07391538992040493 -0.00491393828392029
v 0.04165412377549966 -0.07410905394425528 -0.00490285813808441
v 0.04199163489971919 -0.07457902205813161 -0.00491393828392029
v 0.04184674309923012 -0.07444268039947601 -0.00490285813808441
v 0.04173397302897951 -0.07428536178341194 -0.00489897847175598
v 0.04047927925376012 -0.07270035849552690 -0.00482962810993195
v 0.04339367393998165 -0.07439371927499047 -0.00498529589176178
v 0.04349805366153267 -0.07422463862055975 -0.00496871685981751
v 0.04325731925847930 -0.07453862189784836 -0.00499619674682617
v 0.04309999843276395 -0.07465138718719638 -0.00499999904632568
v 0.04292368041466579 -0.07473124837413621 -0.00499619674682617
v 0.04273001372144469 -0.07477688368081323 -0.00498529589176178
v 0.04253139571864367 -0.07478273884410101 -0.00496871685981751
v 0.04234115950343813 -0.07475128235128869 -0.00494974434375763
v 0.04216069078949539 -0.07468340561608425 -0.00493069553375244
v 0.04226506194222505 -0.06820523476448975 -0.00433012604713440
v 0.04376506194222505 -0.07080331097584307 -0.00433012604713440
v 0.03943493533625595 -0.07330331073742448 -0.00433012604713440
v 0.03049858987395970 -0.06922510788861870 -0.00499999904632568
v 0.03559666608531302 -0.07205523490754090 -0.00499999904632568
v 0.03456113672564512 -0.07284983552260220 -0.00499999904632568
v 0.03376654062516832 -0.07388536462634493 -0.00499999904632568
v 0.03326703504775316 -0.07509126339765643 -0.00499999904632568
v 0.03309666630747629 -0.07638536179819705 -0.00499999904632568
v 0.03326703577841730 -0.07767945474193919 -0.00499999904632568
v 0.03376653906639082 -0.07888536192646309 -0.00499999904632568
v 0.04066186061046052 -0.06335734079305291 -0.00353553295135498
v 0.04316186061046053 -0.06768746781197510 -0.00353553295135498
v 0.04466186061046052 -0.07028554402332841 -0.00353553295135498
v 0.03853813666802047 -0.07382107768993913 -0.00353553295135498
v 0.00954884880828327 -0.04413909272039443 -0.00499999904632568
v 0.01204884880828327 -0.04846921973931662 -0.00499999904632568
v 0.00881679800071440 -0.04687114352796331 -0.00499999904632568
v -0.00292191667585017 -0.05133909252965956 -0.00499999904632568
v -0.00192191667585017 -0.05307114333722844 -0.00499999904632568
v 0.00311987283055936 -0.04785086373174697 -0.00289777636528015
v 0.00374647959401495 -0.04748909214818984 -0.00259807515144348
v 0.00411987283055936 -0.04958291453931585 -0.00289777636528015
v 0.00474647959401496 -0.04922114295575872 -0.00259807515144348
v 0.00244744148833830 -0.04823909214818984 -0.00299999904632568
v 0.00177501014611724 -0.04862732056463271 -0.00289777636528015
v 0.00114840338266164 -0.04898909214818984 -0.00259807515144348
v 0.00344744148833830 -0.04997114295575872 -0.00299999904632568
v 0.00277501014611724 -0.05035937137220159 -0.00289777636528015
v 0.00214840338266164 -0.05072114295575872 -0.00259807515144348
v 0.02391679647483549 -0.07302510807935356 -0.00499999904632568
v 0.02411659845074985 -0.07350747057169339 -0.00499999904632568
v 0.02418474656948873 -0.07402510755845539 -0.00499999904632568
v 0.02411659940374045 -0.07454274672793677 -0.00499999904632568
v 0.02391679890308230 -0.07502511228520041 -0.00499999904632568
v 0.02568475086841434 -0.07808729491449674 -0.00499999904632568
v 0.02668474656948873 -0.07835523457737757 -0.00499999904632568
v 0.02709895929059360 -0.07867307107280655 -0.00499999904632568
v 0.02741679647483549 -0.07908728590584464 -0.00499999904632568
v 0.02620238431584983 -0.07815543216937081 -0.00499999904632568
v 0.02359896145397901 -0.07543932335449291 -0.00499999904632568
v 0.02318474566726662 -0.07575715888692244 -0.00499999904632568
v 0.02516710720593213 -0.07815543147054903 -0.00499999904632568
v 0.02468474566726662 -0.07835523509827576 -0.00499999904632568
v 0.01317808179827093 -0.07922510788861870 -0.00499999904632568
v 0.01349592063432519 -0.07963932176798245 -0.00499999904632568
v 0.01591013260583981 -0.07995715869618758 -0.00499999904632568
v 0.01542777106717429 -0.08015696232391430 -0.00499999904632568
v 0.01491013503408662 -0.08022511209446555 -0.00499999904632568
v 0.01439249395725660 -0.08015696162509253 -0.00499999904632568
v 0.01741013260583981 -0.08255523490754089 -0.00499999904632568
v 0.01699591681912742 -0.08287307043997041 -0.00499999904632568
v 0.01667808699941865 -0.08328729472376188 -0.00499999904632568
v 0.01647827886936597 -0.08376964706652656 -0.00499999904632568
v 0.01391013170361770 -0.07995715921708575 -0.00499999904632568
v 0.01641013170361770 -0.08428728623600795 -0.00499999904632568
v 0.01647828147416894 -0.08480492226909561 -0.00499999904632568
v 0.01667808179827093 -0.08528728571510977 -0.00499999904632568
v 0.02775000004619440 -0.03940415584552161 -0.00249999904632568
v 0.02165001873682298 -0.03599893253250581 -0.00129903697967529
v 0.02818258152181980 -0.03915440481412284 -0.00129409408569336
v 0.02464951901148118 -0.04119421940553062 -0.00129903697967529
v 0.02100049968398465 -0.03637393253250581 -0.00149999904632568
v 0.02133671576804827 -0.03617981808586579 -0.00144888782501221
v 0.02066428401287412 -0.03656804674072724 -0.00144888782501221
v 0.02035098063114632 -0.03674893253250581 -0.00129903697967529
v 0.02399999995864285 -0.04156921940553062 -0.00149999904632568
v 0.02433621604270647 -0.04137510495889060 -0.00144888782501221
v 0.02366378428753232 -0.04176333361375206 -0.00144888782501221
v 0.02335048090580452 -0.04194421940553062 -0.00129903697967529
v 0.02925000004619439 -0.04200223205687493 -0.00249999904632568
v 0.02968258152181980 -0.04175248102547616 -0.00129409408569336
v 0.01212373970814725 -0.04149893229408723 -0.00129903697967529
v 0.01147422065530892 -0.04187393229408723 -0.00149999904632568
v 0.01181043550051327 -0.04167981856270295 -0.00144888782501221
v 0.01113800415829220 -0.04206804697914582 -0.00144888782501221
v 0.01082470160247059 -0.04224893229408723 -0.00129903697967529
v 0.01512323998280545 -0.04669421916711203 -0.00129903697967529
v 0.01447372092996712 -0.04706921916711203 -0.00149999904632568
v 0.01480993577517147 -0.04687510543572775 -0.00144888782501221
v 0.01413750443295041 -0.04726333385217062 -0.00144888782501221
v 0.01382420187712879 -0.04744421916711204 -0.00129903697967529
v 0.02160479224604082 -0.04641619483830423 -0.00240412235260010
v 0.02141947376445059 -0.04652318851353616 -0.00195168447494507
v 0.02127345355095239 -0.04660749332310647 -0.00148045063018799
v 0.02191905850247486 -0.03584360235138398 -0.00106065940856934
v 0.02212549994769814 -0.03572441332741242 -0.00074999904632568
v 0.02491855877713306 -0.04103888922440879 -0.00106065940856934
v 0.02512500022235634 -0.04091970020043723 -0.00074999904632568
v 0.02008194127844753 -0.03690426247520905 -0.00106065940856934
v 0.01987549983322425 -0.03702345149918061 -0.00074999904632568
v 0.02308144155310574 -0.04209954934823387 -0.00106065940856934
v 0.02287500010788245 -0.04221873837220542 -0.00074999904632568
v 0.02225527417358539 -0.03564948814316254 -0.00038822746276855
v 0.02525477444824359 -0.04084477501618736 -0.00038822746276855
v 0.01974572519438391 -0.03709837692184906 -0.00038822746276855
v 0.02274522546904212 -0.04229366379487388 -0.00038822746276855
v 0.01239277864789294 -0.04134360258980256 -0.00106065940856934
v 0.01055566101091253 -0.04240426295204621 -0.00106065940856934
v 0.01259922050606932 -0.04122441332741242 -0.00074999904632568
v 0.01034922080454852 -0.04252345126076203 -0.00074999904632568
v 0.01539227892255115 -0.04653888946282737 -0.00106065940856934
v 0.01355516128557073 -0.04759954982507102 -0.00106065940856934
v 0.01559872078072752 -0.04641970020043724 -0.00074999904632568
v 0.01334872107920672 -0.04771873813378684 -0.00074999904632568
v 0.01272899514490966 -0.04114948790474397 -0.00038822746276855
v 0.01021944616570818 -0.04259837668343049 -0.00038822746276855
v 0.01572849541956786 -0.04634477477776878 -0.00038822746276855
v 0.01321894644036638 -0.04779366355645529 -0.00038822746276855
v 0.02116813647196681 -0.04666829816700906 -0.00099495983123779
v 0.02110453839210134 -0.04670501653553933 -0.00049988651275635
v 0.04134999852031549 -0.06296004418555855 -0.00249999904632568
v 0.04178257999594089 -0.06271029315415978 -0.00129409408569336
v 0.04384999852031549 -0.06729017120448075 -0.00249999904632568
v 0.04183204924033283 -0.06845523476448975 -0.00249999904632568
v 0.04194412119952852 -0.06839052998867950 -0.00248296189308167
v 0.04204855559127894 -0.06833023476448975 -0.00243301177024841
v 0.04213823558198841 -0.06827845799771270 -0.00235355234146118
v 0.04135881734410246 -0.07022135894224028 -0.00249999904632568
v 0.04180710483147435 -0.07048017839395818 -0.00249999904632568
v 0.04196602383654839 -0.07068728557205863 -0.00249999904632568
v 0.04159999847092191 -0.07032126014624368 -0.00249999904632568
v 0.04220704925941181 -0.06823872840252838 -0.00224999904632568
v 0.04225030754118411 -0.06821375322190247 -0.00212940859794617
v 0.04226506194222505 -0.06820523476448975 -0.00199999904632568
v 0.04534999852031549 -0.06988824741583406 -0.00249999904632568
v 0.04333204924033283 -0.07105331097584307 -0.00249999904632568
v 0.04344412119952852 -0.07098860620003282 -0.00248296189308167
v 0.04354855559127893 -0.07092831097584307 -0.00243301177024841
v 0.04363823558198841 -0.07087653420906602 -0.00235355234146118
v 0.04246602383654839 -0.07155331097584307 -0.00249999904632568
v 0.04309999847092191 -0.07291933635759699 -0.00249999904632568
v 0.04285881734410246 -0.07281943515359360 -0.00249999904632568
v 0.04330710483147435 -0.07307825460531149 -0.00249999904632568
v 0.04346602383654839 -0.07328536178341194 -0.00249999904632568
v 0.04356592441155247 -0.07352654326800044 -0.00249999904632568
v 0.04370704925941181 -0.07083680461388170 -0.00224999904632568
v 0.04359999847092191 -0.07378536176138142 -0.00249999904632568
v 0.04356592488804777 -0.07404418134612213 -0.00249999904632568
v 0.04496602383654839 -0.07588343799476525 -0.00249999904632568
v 0.04506592441155247 -0.07612461947935376 -0.00249999904632568
v 0.04509999847092191 -0.07638343797273474 -0.00249999904632568
v 0.04375030754118411 -0.07081182943325579 -0.00212940859794617
v 0.04376506194222505 -0.07080331097584307 -0.00199999904632568
v 0.04109999721864055 -0.07018728346913519 -0.00249999904632568
v 0.04084117878914361 -0.07022135859282941 -0.00249999904632568
v 0.04059999843276395 -0.07032126016827418 -0.00249999904632568
v 0.04039289095236084 -0.07048017769607037 -0.00249999904632568
v 0.04023397181485611 -0.07068728346913519 -0.00249999904632568
v 0.04013407239043322 -0.07092846577092986 -0.00249999904632568
v 0.04009999839460599 -0.07118728559408913 -0.00249999904632568
v 0.04013407245397543 -0.07144610408747014 -0.00249999904632568
v 0.04023397302897951 -0.07168728557205863 -0.00249999904632568
v 0.03836794762519508 -0.07045523476448974 -0.00249999904632568
v 0.03825587587247593 -0.07051993942109069 -0.00248296189308167
v 0.03815144168720206 -0.07058023452607116 -0.00243301177024841
v 0.03806176149001603 -0.07063201141205749 -0.00235355234146118
v 0.03799294781259264 -0.07067174100724183 -0.00224999904632568
v 0.03794968932434380 -0.07069671630707702 -0.00212940859794617
v 0.03793493533625595 -0.07070523452607116 -0.00199999904632568
v 0.04259999721864054 -0.07278535968048851 -0.00249999904632568
v 0.04234117878914362 -0.07281943480418272 -0.00249999904632568
v 0.04209999843276395 -0.07291933637962750 -0.00249999904632568
v 0.04189289095236085 -0.07307825390742369 -0.00249999904632568
v 0.04073397302897951 -0.07255331097584307 -0.00249999904632568
v 0.04173397181485611 -0.07328535968048851 -0.00249999904632568
v 0.04163407239043322 -0.07352654198228317 -0.00249999904632568
v 0.04159999839460599 -0.07378536180544246 -0.00249999904632568
v 0.04163407245397543 -0.07404418029882345 -0.00249999904632568
v 0.04173397302897951 -0.07428536178341194 -0.00249999904632568
v 0.04189289203405355 -0.07449246896151240 -0.00249999904632568
v 0.04346602505067180 -0.07428536388633536 -0.00249999904632568
v 0.04330710591316705 -0.07449246965940021 -0.00249999904632568
v 0.04309999843276395 -0.07465138718719638 -0.00249999904632568
v 0.04285881807638428 -0.07475128876264117 -0.00249999904632568
v 0.04234117993437853 -0.07475128817481171 -0.00249999904632568
v 0.04259999964688736 -0.07478536388633536 -0.00249999904632568
v 0.04209999839460599 -0.07465138720922689 -0.00249999904632568
v 0.04323397302897952 -0.07688343799476526 -0.00249999904632568
v 0.04359999839460599 -0.07724946342058020 -0.00249999904632568
v 0.04339289203405355 -0.07709054517286572 -0.00249999904632568
v 0.03986794762519507 -0.07305331097584307 -0.00249999904632568
v 0.03975587587247593 -0.07311801563244401 -0.00248296189308167
v 0.03965144168720206 -0.07317831073742448 -0.00243301177024841
v 0.03956176149001604 -0.07323008762341081 -0.00235355234146118
v 0.03949294781259264 -0.07326981721859514 -0.00224999904632568
v 0.03944968932434380 -0.07329479251843034 -0.00212940859794617
v 0.03943493533625595 -0.07330331073742448 -0.00199999904632568
v 0.04428257999594089 -0.06704042017308197 -0.00129409408569336
v 0.04578257999594090 -0.06963849638443528 -0.00129409408569336
v 0.03784999824197414 -0.07421837459545672 -0.00249999904632568
v 0.03741741666311046 -0.07446812568646013 -0.00129409408569336
v 0.00428455912531871 -0.04717843178594619 -0.00212131929397583
v 0.00528455912531871 -0.04891048259351506 -0.00212131929397583
v 0.00469744118985909 -0.04694005421484023 -0.00149999904632568
v 0.00569744118985909 -0.04867210502240911 -0.00149999904632568
v 0.00061032385135788 -0.04929975251043350 -0.00212131929397583
v 0.00161032385135788 -0.05103180331800237 -0.00212131929397583
v 0.00019744178681750 -0.04953813008153945 -0.00149999904632568
v 0.00119744178681750 -0.05127018088910833 -0.00149999904632568
v 0.00621465232516308 -0.04606409195745498 -0.00064999914169312
v 0.00636034547981204 -0.04597997597539932 -0.00062785100936890
v 0.00606895751870175 -0.04614820889318496 -0.00062785100936890
v 0.00495699046753978 -0.04679020336950332 -0.00077645635604858
v 0.00721465232516308 -0.04779614276502385 -0.00064999914169312
v 0.00736034547981204 -0.04771202678296819 -0.00062785100936890
v 0.00706895751870175 -0.04788025970075383 -0.00062785100936890
v 0.00595699046753978 -0.04852225417707219 -0.00077645635604858
v 0.00649610959030560 -0.04590159252965957 -0.00056291532516479
v 0.00593319340820819 -0.04622659233892470 -0.00056291532516479
v 0.00661269450737238 -0.04583428219640762 -0.00045961856842041
v 0.00670215170988846 -0.04578263405645400 -0.00032499885559082
v 0.00581661014295378 -0.04629390171850234 -0.00045961856842041
v 0.00572715128862533 -0.04634555081213027 -0.00032499885559082
v 0.00675838766202134 -0.04575016621435195 -0.00016823148727417
v 0.00567091533649245 -0.04637801865423232 -0.00016823148727417
v 0.00749610959030560 -0.04763364333722844 -0.00056291532516479
v 0.00693319340820819 -0.04795864314649358 -0.00056291532516479
v 0.00761269450737238 -0.04756633300397649 -0.00045961856842041
v 0.00770215170988846 -0.04751468486402288 -0.00032499885559082
v 0.00681661014295378 -0.04802595252607122 -0.00045961856842041
v 0.00672715128862533 -0.04807760161969914 -0.00032499885559082
v 0.00775838766202134 -0.04748221702192083 -0.00016823148727417
v 0.00667091533649245 -0.04811006946180120 -0.00016823148727417
v -0.00006210749086318 -0.04968798092687637 -0.00077645635604858
v 0.00093789250913682 -0.05142003173444524 -0.00077645635604858
v -0.00131977100029885 -0.05041409329259902 -0.00064999914169312
v -0.00117407454202515 -0.05032997540319473 -0.00062785100936890
v -0.00146546415494782 -0.05049820927465468 -0.00062785100936890
v -0.00031977100029885 -0.05214614410016789 -0.00064999914169312
v -0.00017407454202515 -0.05206202621076360 -0.00062785100936890
v -0.00046546415494782 -0.05223026008222356 -0.00062785100936890
v -0.00103831043153159 -0.05025159195745497 -0.00056291532516479
v -0.00160122661362900 -0.05057659176672012 -0.00056291532516479
v -0.00092172716627719 -0.05018428257787734 -0.00045961856842041
v -0.00083226996376110 -0.05013263443792373 -0.00032499885559082
v -0.00171781153069578 -0.05064390209997207 -0.00045961856842041
v -0.00180727038502423 -0.05069555119360000 -0.00032499885559082
v -0.00077603401162823 -0.05010016659582168 -0.00016823148727417
v -0.00186350468534474 -0.05072801808202773 -0.00016823148727417
v -0.00003831043153159 -0.05198364276502385 -0.00056291532516479
v -0.00060122661362900 -0.05230864257428899 -0.00056291532516479
v 0.00007827283372282 -0.05191633338544622 -0.00045961856842041
v 0.00016773003623890 -0.05186468524549261 -0.00032499885559082
v -0.00071781153069578 -0.05237595290754094 -0.00045961856842041
v -0.00080727038502423 -0.05242760200116887 -0.00032499885559082
v 0.00022396598837177 -0.05183221740339055 -0.00016823148727417
v -0.00086350468534474 -0.05246006888959661 -0.00016823148727417
v 0.04685191705098955 -0.07941341919326178 -0.00492403781414032
v 0.04758098903937411 -0.07899248928450933 -0.00469846212863922
v 0.04787864337513435 -0.08113003955039121 -0.00471504044532776
v 0.04846734517423191 -0.08079015240820980 -0.00453289544582367
v 0.04609999843276395 -0.07984753960990301 -0.00499999904632568
v 0.04534807981453836 -0.08028166002654424 -0.00492403781414032
v 0.04727320376129270 -0.08147959027442074 -0.00479583048820496
v 0.04461900782615381 -0.08070258993529669 -0.00469846212863922
v 0.04826506194222505 -0.07859753960990301 -0.00433012604713440
v 0.04902665441754312 -0.08046723506602384 -0.00425331091880798
v 0.04888335059153898 -0.07824057049178472 -0.00383022117614746
v 0.04393493533625595 -0.08109753937148444 -0.00433012604713440
v 0.04487334255660752 -0.08286515078696347 -0.00405331099033356
v 0.04331664627398893 -0.08145450872802129 -0.00383022117614746
v 0.04941706830580350 -0.07793242842578284 -0.00321393704414368
v 0.04438399974927734 -0.08314767298850155 -0.00363379383087158
v 0.04395303942425471 -0.08339648804816342 -0.00313616466522217
v 0.04278292917915404 -0.08176265043639531 -0.00321393704414368
v 0.04358972742302852 -0.08360624632987118 -0.00257111978530884
v 0.06187071955059978 -0.10457503882558444 -0.00482962810993195
v 0.06337071955059978 -0.10717311503693776 -0.00482962810993195
v 0.06074999995864286 -0.10522208658368686 -0.00499999904632568
v 0.06224999995864286 -0.10782016279504018 -0.00499999904632568
v 0.06291506346810397 -0.10397208658368687 -0.00433012604713440
v 0.06441506346810395 -0.10657016279504018 -0.00433012604713440
v 0.05624666761119192 -0.10782208672673800 -0.00499999904632568
v 0.05506688541992309 -0.10831451362798411 -0.00499999904632568
v 0.05380079220305452 -0.10849166442651993 -0.00499999904632568
v 0.04950000015477742 -0.10613124399883550 -0.00499999904632568
v 0.04949999853904708 -0.10613651311192955 -0.00499999904632568
v 0.05253115968118809 -0.10834195857432266 -0.00499999904632568
v 0.05134099587895724 -0.10787519229747869 -0.00499999904632568
v 0.05030810296279458 -0.10712187485431322 -0.00499999904632568
v 0.06381186213633942 -0.10345431963117221 -0.00353553295135498
v 0.06531186213633942 -0.10605239584252553 -0.00353553295135498
v 0.03701034811057768 -0.09570380476398561 -0.00499999904632568
v 0.03721015008649203 -0.09618616725632545 -0.00499999904632568
v 0.03727829820523092 -0.09670380424308743 -0.00499999904632568
v 0.03721015103948264 -0.09722144341256882 -0.00499999904632568
v 0.03701035053882450 -0.09770380896983247 -0.00499999904632568
v 0.04349999833754232 -0.10170380645875958 -0.00499999904632568
v 0.03669251308972120 -0.09811802003912495 -0.00499999904632568
v 0.03627829730300881 -0.09843585557155449 -0.00499999904632568
v 0.03527829973125562 -0.09870380896983247 -0.00499999904632568
v 0.03579593741615566 -0.09863565824560690 -0.00499999904632568
v 0.02557881331777802 -0.09870380493142579 -0.00499999904632568
v 0.02506117987034254 -0.09863566767655174 -0.00499999904632568
v 0.02384676771135687 -0.09770381394007789 -0.00499999904632568
v 0.02457881761670364 -0.09843586526854496 -0.00499999904632568
v 0.02416460654741113 -0.09811802781944165 -0.00499999904632568
v 0.03199999727929611 -0.10170380706973831 -0.00499999904632568
v 0.02999999802888637 -0.10170380663696216 -0.00499999904632568
v 0.03200000278124711 -0.10640381354763916 -0.00259807515144348
v 0.03000000045482366 -0.10681776347552756 -0.00279651498794556
v 0.03200000295061985 -0.10790381765569861 -0.00299999904632568
v 0.03199999966003890 -0.10712735321601086 -0.00289777636528015
v 0.03199999861180625 -0.10868026888088740 -0.00289777636528015
v 0.03000000355525708 -0.10757856443889750 -0.00298231577873230
v 0.02999999647112249 -0.10836151878258599 -0.00296487641334534
v 0.03199999714241042 -0.10940380759558478 -0.00259807515144348
v 0.03000000150962307 -0.10911329752905624 -0.00274538564682007
v 0.04949999930995749 -0.11518137910172657 -0.00499999904632568
v 0.04650000302107866 -0.11990381602313011 -0.00499999904632568
v 0.04950000272259945 -0.11990381619545716 -0.00499999904632568
v 0.04949999968618735 -0.12119790502193048 -0.00482962810993195
v 0.04649999998466656 -0.12119790484960344 -0.00482962810993195
v 0.04949999812851344 -0.12240380823826677 -0.00433012604713440
v 0.04649999842699264 -0.12240380806593971 -0.00433012604713440
v 0.04649999990352366 -0.12990381062336645 -0.00499999904632568
v 0.04649999686711155 -0.13119789944983976 -0.00482962810993195
v 0.04350000020200286 -0.12990381045103938 -0.00499999904632568
v 0.04349999551377839 -0.13119790023118702 -0.00482962810993195
v 0.04650000293883217 -0.13240381588067501 -0.00433012604713440
v 0.04350000323731137 -0.13240381570834797 -0.00433012604713440
v 0.04950000119918086 -0.12343934746184805 -0.00353553295135498
v 0.04650000149766007 -0.12343934728952100 -0.00353553295135498
v 0.04650000003191743 -0.13343934093608301 -0.00353553295135498
v 0.04349999702677190 -0.13343934267110458 -0.00353553295135498
v 0.04984999852031550 -0.07768247604989401 -0.00249999904632568
v 0.05078347466778985 -0.07945293442162610 -0.00222470974922180
v 0.04683204924033283 -0.07711548880233413 -0.00249999904632568
v 0.04694412119952852 -0.07705078402652389 -0.00248296189308167
v 0.04704855559127894 -0.07699048880233413 -0.00243301177024841
v 0.04713823558198841 -0.07693871203555709 -0.00235355234146118
v 0.04733204924033283 -0.07798151420611858 -0.00249999904632568
v 0.04744412119952852 -0.07791680943030833 -0.00248296189308167
v 0.04754855559127894 -0.07785651420611858 -0.00243301177024841
v 0.04763823558198841 -0.07780473743934153 -0.00235355234146118
v 0.04506592488804777 -0.07664225755747545 -0.00249999904632568
v 0.04720704925941181 -0.07689898244037277 -0.00224999904632568
v 0.04770704925941181 -0.07776500784415721 -0.00224999904632568
v 0.04725030754118411 -0.07687400725974684 -0.00212940859794617
v 0.04775030754118411 -0.07774003266353130 -0.00212940859794617
v 0.04726506194222505 -0.07686548880233413 -0.00199999904632568
v 0.04776506194222505 -0.07773151420611858 -0.00199999904632568
v 0.04496602505067180 -0.07688344009768867 -0.00249999904632568
v 0.04480710591316706 -0.07709054587075352 -0.00249999904632568
v 0.04459999843276395 -0.07724946339854970 -0.00249999904632568
v 0.04435881807638428 -0.07734936497399449 -0.00249999904632568
v 0.04409999964688736 -0.07738344009768867 -0.00249999904632568
v 0.04384117993437853 -0.07734936438616502 -0.00249999904632568
v 0.04336794762519507 -0.07911548880233413 -0.00249999904632568
v 0.04325587587247592 -0.07918019345893508 -0.00248296189308167
v 0.04315144168720206 -0.07924048856391555 -0.00243301177024841
v 0.04306176149001603 -0.07929226544990188 -0.00235355234146118
v 0.04386794762519507 -0.07998151420611857 -0.00249999904632568
v 0.04375587587247592 -0.08004621886271952 -0.00248296189308167
v 0.04365144168720206 -0.08010651396769999 -0.00243301177024841
v 0.04356176149001603 -0.08015829085368632 -0.00235355234146118
v 0.04299294781259264 -0.07933199504508620 -0.00224999904632568
v 0.04349294781259264 -0.08019802044887066 -0.00224999904632568
v 0.04294968932434379 -0.07935697034492141 -0.00212940859794617
v 0.04344968932434379 -0.08022299574870585 -0.00212940859794617
v 0.04293493533625595 -0.07936548856391555 -0.00199999904632568
v 0.04343493533625595 -0.08023151396769999 -0.00199999904632568
v 0.05016898692402909 -0.07749830800914159 -0.00171009969711304
v 0.05102560207392877 -0.07931314209851362 -0.00157887506484985
v 0.04727320376129270 -0.08147959027442074 -0.00148911523818970
v 0.04727897436780690 -0.08147625861319638 -0.00143488264083862
v 0.04759480460950754 -0.08129391393813229 -0.00138961124420166
v 0.04729590420573899 -0.08146648416670896 -0.00138473844528198
v 0.04756632364767282 -0.08131035742911435 -0.00134597635269165
v 0.04732287086858362 -0.08145091495665646 -0.00134200763702393
v 0.04752994867452240 -0.08133135852965451 -0.00131232500076294
v 0.04748809216202250 -0.08135552439841366 -0.00129088783264160
v 0.04735808544354419 -0.08143058381232358 -0.00130952310562134
v 0.04739921391974206 -0.08140683827551938 -0.00128943872451782
v 0.04744352915495453 -0.08138125286254025 -0.00128308677673340
v 0.04234999824197413 -0.08201260322951666 -0.00249999904632568
v 0.04203101014797537 -0.08219677109145514 -0.00171009969711304
v 0.05036434119814912 -0.07738552016639105 -0.00086823987960815
v 0.05118334427067162 -0.07922206959876156 -0.00089910078048706
v 0.04630519215816657 -0.08203847203406429 -0.00118961143493652
v 0.04632367800335108 -0.08202779922637082 -0.00113931274414062
v 0.04633072917740505 -0.08202372822913266 -0.00108611202239990
v 0.04632587863038087 -0.08202652869376278 -0.00103353691101074
v 0.04630944805273758 -0.08203601489218808 -0.00098507356643677
v 0.04628252640178003 -0.08205155811461545 -0.00094393444061279
v 0.04624689928668008 -0.08207212743910886 -0.00091284799575806
v 0.04606976388357028 -0.08217439661177731 -0.00091776227951050
v 0.04620492838617357 -0.08209635934981442 -0.00089387559890747
v 0.04611332382757662 -0.08214924726637936 -0.00089641666412354
v 0.04615939700410376 -0.08212264690550901 -0.00088827466964722
v 0.04609999843276395 -0.07984753960990301 -0.00074270486831665
v 0.04642159969393189 -0.07966186303519598 -0.00064320135116577
v 0.04610576945223125 -0.07984420771026007 -0.00068847227096558
v 0.04612269929016334 -0.07983443326377264 -0.00063832807540894
v 0.04577839758454910 -0.08003321594619146 -0.00064320135116577
v 0.04830343789753327 -0.08088478431853391 -0.00057135200500488
v 0.04826564897299423 -0.08090660176428890 -0.00053846502304077
v 0.04823650604735227 -0.08092342744025327 -0.00049646282196045
v 0.04665702796852817 -0.07952593845748297 -0.00037135171890259
v 0.04821794091517400 -0.08093414602431394 -0.00044813108444214
v 0.04821118500258115 -0.08093804655226804 -0.00039667367935181
v 0.04821668595072597 -0.08093487057837583 -0.00034550333023071
v 0.05125331039693783 -0.07918167463692762 -0.00019999885559082
v 0.04823407953498091 -0.08092482838782407 -0.00029801225662231
v 0.04826221196440558 -0.08090858612212277 -0.00025734949111938
v 0.04838961088410493 -0.08083503232153989 -0.00019999885559082
v 0.04829921792988130 -0.08088722071799374 -0.00022621154785156
v 0.04834264407708569 -0.08086214862021543 -0.00020666265487671
v 0.04665280800087619 -0.07952837485694281 -0.00002621173858643
v 0.04669623414808058 -0.07950330275916448 -0.00000666236877441
v 0.04639311873209716 -0.07967830652617804 -0.00059956645965576
v 0.04635674375894674 -0.07969930762671820 -0.00056591463088989
v 0.04618488052796854 -0.07979853290938727 -0.00056311273574829
v 0.04614966554005487 -0.07981886429213873 -0.00059559726715088
v 0.04579688301678053 -0.08002254337691656 -0.00059290266036987
v 0.04631488724644685 -0.07972347349547736 -0.00054447746276855
v 0.04622600900416641 -0.07977478737258306 -0.00054302883148193
v 0.04627032382642580 -0.07974920219802252 -0.00053667640686035
v 0.04580393460378759 -0.08001847214125982 -0.00053970193862915
v 0.04579908405676341 -0.08002127260588995 -0.00048712682723999
v 0.04578265306616704 -0.08003075904273382 -0.00043866300582886
v 0.04575573141520949 -0.08004630226516118 -0.00039752435684204
v 0.04661923904398912 -0.07954775590323797 -0.00033846473693848
v 0.04572010430010953 -0.08006687158965460 -0.00036643791198730
v 0.04554296930995282 -0.08016914052390448 -0.00037135171890259
v 0.04567813339960302 -0.08009110350036017 -0.00034746503829956
v 0.04563260201753321 -0.08011739105605474 -0.00034186458587646
v 0.04558652884100608 -0.08014399141692510 -0.00035000658035278
v 0.04659009570539408 -0.07956458181762091 -0.00029646301269531
v 0.04657153098616890 -0.07957530016326300 -0.00024813079833984
v 0.04656477466062296 -0.07957920092963568 -0.00019667387008667
v 0.04657027602172088 -0.07957602471732489 -0.00014550352096558
v 0.04658766919302271 -0.07956598276519171 -0.00009801244735718
v 0.04661580162244738 -0.07954974049949042 -0.00005734968185425
v 0.04183565608033187 -0.08230955881499639 -0.00086823987960815
v 0.06450000004619440 -0.10305702302367786 -0.00249999904632568
v 0.06600000004619440 -0.10565509923503118 -0.00249999904632568
v 0.06493258152181981 -0.10280727199227908 -0.00129409408569336
v 0.06643258152181981 -0.10540534820363240 -0.00129409408569336
v 0.06139951901148119 -0.10484708658368687 -0.00129903697967529
v 0.06289951901148119 -0.10744516279504018 -0.00129903697967529
v 0.06074999995864286 -0.10522208658368686 -0.00149999904632568
v 0.06108621604270648 -0.10502797213704684 -0.00144888782501221
v 0.06041378428753233 -0.10541620079190830 -0.00144888782501221
v 0.06010048090580453 -0.10559708658368686 -0.00129903697967529
v 0.06224999995864286 -0.10782016279504018 -0.00149999904632568
v 0.06258621604270648 -0.10762604834840016 -0.00144888782501221
v 0.06191378428753233 -0.10801427700326162 -0.00144888782501221
v 0.06160048090580453 -0.10819516279504017 -0.00129903697967529
v 0.06166855877713307 -0.10469175640256503 -0.00106065940856934
v 0.06316855877713308 -0.10728983261391835 -0.00106065940856934
v 0.06187500022235635 -0.10457256737859348 -0.00074999904632568
v 0.06337500022235636 -0.10717064358994680 -0.00074999904632568
v 0.05983144155310575 -0.10575241652639011 -0.00106065940856934
v 0.06133144155310575 -0.10835049273774341 -0.00106065940856934
v 0.05962500010788246 -0.10587160555036167 -0.00074999904632568
v 0.06112500010788247 -0.10846968176171497 -0.00074999904632568
v 0.06200477444824360 -0.10449764219434360 -0.00038822746276855
v 0.06350477444824361 -0.10709571840569691 -0.00038822746276855
v 0.05949522546904212 -0.10594653097303013 -0.00038822746276855
v 0.06099522546904212 -0.10854460718438343 -0.00038822746276855
v 0.03199999875224280 -0.10578248775206033 -0.00212131929397583
v 0.02999999997721543 -0.10613097981137178 -0.00242013645172119
v 0.03000000136015359 -0.10556501083217922 -0.00187882947921753
v 0.02999999766917576 -0.10978264054761652 -0.00233880138397217
v 0.03200000282322710 -0.11002513243748931 -0.00212131929397583
v 0.03200000445319261 -0.10530574057683449 -0.00149999904632568
v 0.02999999575267756 -0.11032394277013646 -0.00177283143997192
v 0.03200000309985945 -0.11050189378088840 -0.00149999904632568
v 0.03199999672685274 -0.10338557262288810 -0.00062785100936890
v 0.03200000323790717 -0.10355381586447650 -0.00064999914169312
v 0.03200000211956706 -0.10372204589156594 -0.00062785100936890
v 0.03200000309105639 -0.10500603652687153 -0.00077645635604858
v 0.03000000222158273 -0.10515842663085888 -0.00120948314666748
v 0.03000000233568506 -0.10355381638537467 -0.00064999914169312
v 0.02999999747644300 -0.10338557219011196 -0.00062785100936890
v 0.03000000121734495 -0.10372204641246413 -0.00062785100936890
v 0.03000000046299138 -0.11070032421965494 -0.00108604621887207
v 0.03199999848441350 -0.11080158366267810 -0.00077645635604858
v 0.03199999738969265 -0.11212750950094094 -0.00063761043548584
v 0.03200000285305785 -0.11229684574599362 -0.00064857339859009
v 0.03000000386695370 -0.10309419760816642 -0.00045961856842041
v 0.03000000215398121 -0.10299089645395516 -0.00032499885559082
v 0.03200000088486118 -0.10322881102594182 -0.00056291532516479
v 0.03199999796155863 -0.10387880748851219 -0.00056291532516479
v 0.03200000311736345 -0.10309419804094255 -0.00045961856842041
v 0.03200000170663852 -0.10401343464168475 -0.00045961856842041
v 0.03200000140439096 -0.10299089688673131 -0.00032499885559082
v 0.03199999744202885 -0.10411672162772273 -0.00032499885559082
v 0.02999999735589928 -0.10292595436657800 -0.00016823148727417
v 0.03199999825812139 -0.10292595384567983 -0.00016823148727417
v 0.03200000058829842 -0.10418166466877421 -0.00016823148727417
v 0.02999999998263906 -0.10322881154684001 -0.00056291532516479
v 0.02999999871114889 -0.10387880705573606 -0.00056291532516479
v 0.03000000245622878 -0.10401343420890863 -0.00045961856842041
v 0.02999999720465110 -0.10493892789000886 -0.00045771265029907
v 0.02999999653980674 -0.10411672214862092 -0.00032499885559082
v 0.03000000133788868 -0.10418166423599808 -0.00016823148727417
v 0.02999999595141085 -0.11088612267978229 -0.00032524824142456
v 0.03199999951517150 -0.11196678472778845 -0.00058319568634033
v 0.03200000279943641 -0.11246324274784514 -0.00061533689498901
v 0.03199999647112250 -0.11182562039772374 -0.00048903656005859
v 0.03200000401813279 -0.11261536735624776 -0.00054016590118408
v 0.03200000227280687 -0.11171364619360616 -0.00036155080795288
v 0.03199999911816469 -0.11274284605187124 -0.00042818355560303
v 0.02999999896660926 -0.11179418606876304 -0.00045961856842041
v 0.03000000323121893 -0.11169089908272507 -0.00032499885559082
v 0.03199999826090306 -0.11163846682046852 -0.00020942544937134
v 0.03199999726600134 -0.11283700483113490 -0.00028702163696289
v 0.02999999843313699 -0.11162595699534793 -0.00016823148727417
v 0.03199999981218360 -0.11160523586478710 -0.00004302835464478
v 0.03200000301406427 -0.11289142762886883 -0.00012629890441895
v 0.04950000059788350 -0.11815381251534116 -0.00129903697967529
v 0.04650000397636204 -0.11851558830761229 -0.00144888782501221
v 0.04650000089636270 -0.11815381234301411 -0.00129903697967529
v 0.04650000180695525 -0.11890381392020669 -0.00149999904632568
v 0.04649999963754846 -0.11929203953280108 -0.00144888782501221
v 0.04650000271754781 -0.11965381549739926 -0.00129903697967529
v 0.04950000242072800 -0.12423394338866492 -0.00249999904632568
v 0.04950000150847605 -0.11890381409253374 -0.00149999904632568
v 0.04950000367788285 -0.11851558847993934 -0.00144888782501221
v 0.04949999933906925 -0.11929203970512814 -0.00144888782501221
v 0.04950000241906860 -0.11965381566972630 -0.00129903697967529
v 0.04949999816276875 -0.12473343628832136 -0.00129409408569336
v 0.04300100183621565 -0.11815381588807478 -0.00129903697967529
v 0.04350000210543446 -0.11890381374787964 -0.00149999904632568
v 0.04300100109499583 -0.11890381841894165 -0.00149999904632568
v 0.04350000427484126 -0.11851558813528525 -0.00144888782501221
v 0.04300100161259026 -0.11851559376002158 -0.00144888782501221
v 0.04349999993602766 -0.11929203936047403 -0.00144888782501221
v 0.04300100057740141 -0.11929204307786173 -0.00144888782501221
v 0.04350000119484190 -0.11815381217068706 -0.00129903697967529
v 0.04350000301602701 -0.11965381532507220 -0.00129903697967529
v 0.04300100200558839 -0.11965381999613423 -0.00129903697967529
v 0.04650000271920721 -0.12423394321633786 -0.00249999904632568
v 0.04650000125346457 -0.13423393686289989 -0.00249999904632568
v 0.04350000155194378 -0.13423393669057282 -0.00249999904632568
v 0.04649999846124796 -0.12473343611599431 -0.00129409408569336
v 0.04949999869445190 -0.12915380921850092 -0.00129903697967529
v 0.04949999960504445 -0.12990381079569349 -0.00149999904632568
v 0.04950000177445125 -0.12951558518309908 -0.00144888782501221
v 0.04949999743563765 -0.13029203640828788 -0.00144888782501221
v 0.04950000051563701 -0.13065381237288606 -0.00129903697967529
v 0.04650000207293045 -0.12951558501077204 -0.00144888782501221
v 0.04649999990352366 -0.12990381062336645 -0.00149999904632568
v 0.04649999773411686 -0.13029203623596083 -0.00144888782501221
v 0.04649999899293111 -0.12915380904617388 -0.00129903697967529
v 0.04650000081411621 -0.13065381220055899 -0.00129903697967529
v 0.04300100301278340 -0.12951558855583270 -0.00144888782501221
v 0.04349999929141030 -0.12915380887384684 -0.00129903697967529
v 0.04300099993278406 -0.12915381259123454 -0.00129903697967529
v 0.04350000020200286 -0.12990381045103938 -0.00149999904632568
v 0.04300100084337661 -0.12990381416842708 -0.00149999904632568
v 0.04350000237140966 -0.12951558483844500 -0.00144888782501221
v 0.04349999803259606 -0.13029203606363379 -0.00144888782501221
v 0.04350000111259542 -0.13065381202823195 -0.00129903697967529
v 0.04650000297308748 -0.13473344393072961 -0.00129409408569336
v 0.04300099867396981 -0.13029203978102150 -0.00144888782501221
v 0.04300100175396916 -0.13065381574561966 -0.00129903697967529
v 0.04350000327156669 -0.13473344375840257 -0.00129409408569336
v 0.04949999940928752 -0.11784314914071459 -0.00106065940856934
v 0.04950000143385625 -0.11760477602993884 -0.00074999904632568
v 0.04649999970776673 -0.11784314896838755 -0.00106065940856934
v 0.04649999627674924 -0.11996446565752687 -0.00106065940856934
v 0.04650000173233545 -0.11760477585761178 -0.00074999904632568
v 0.04350000203081466 -0.11760477568528474 -0.00074999904632568
v 0.04950000157869432 -0.11745492352812019 -0.00038822746276855
v 0.04650000187717353 -0.11745492335579315 -0.00038822746276855
v 0.04350000052384036 -0.11745492413714041 -0.00038822746276855
v 0.04949999763008241 -0.11996446487617961 -0.00106065940856934
v 0.04950000158309585 -0.12020285215512863 -0.00074999904632568
v 0.04650000188157506 -0.12020285198280158 -0.00074999904632568
v 0.04950000309007015 -0.12035270370327296 -0.00038822746276855
v 0.04650000338854934 -0.12035270353094590 -0.00038822746276855
v 0.04350000000624593 -0.11784314879606049 -0.00106065940856934
v 0.04300100064761968 -0.11784315251344819 -0.00106065940856934
v 0.04300100113051358 -0.11784267651268675 -0.00106003856658936
v 0.04349999657522845 -0.11996446548519982 -0.00106065940856934
v 0.04300100052022694 -0.11996446729523889 -0.00106065940856934
v 0.04300100102037603 -0.11760478035634675 -0.00074999904632568
v 0.04300100165250953 -0.12020238048077511 -0.00075061893463135
v 0.04300100116961564 -0.12020285648153654 -0.00074999904632568
v 0.04350000218005425 -0.12020285181047453 -0.00074999904632568
v 0.04300100116521411 -0.11745492785452812 -0.00038822746276855
v 0.04350000203521619 -0.12035270431229317 -0.00038822746276855
v 0.04300100016643538 -0.12035240995027621 -0.00038894796371460
v 0.04300100102477756 -0.12035270898335521 -0.00038822746276855
v 0.04949999750585593 -0.12884314584387435 -0.00106065940856934
v 0.04950000335604534 -0.13096447479383833 -0.00106065940856934
v 0.04649999780433513 -0.12884314567154728 -0.00106065940856934
v 0.04650000200271218 -0.13096447557518559 -0.00106065940856934
v 0.04949999953042465 -0.12860477273309862 -0.00074999904632568
v 0.04949999967966425 -0.13120284885828837 -0.00074999904632568
v 0.04649999982890386 -0.12860477256077155 -0.00074999904632568
v 0.04649999997814346 -0.13120284868596133 -0.00074999904632568
v 0.04349999810281434 -0.12884314549922024 -0.00106065940856934
v 0.04300099874418809 -0.12884314921660794 -0.00106065940856934
v 0.04300100087889434 -0.12884267226217219 -0.00106003665924072
v 0.04349999847557069 -0.12860477334211881 -0.00074999904632568
v 0.04300100242056918 -0.12860477515215787 -0.00074999904632568
v 0.04300100156222700 -0.12860447611907891 -0.00074927663803101
v 0.04350000230119138 -0.13096447540285855 -0.00106065940856934
v 0.04300100294256513 -0.13096447912024625 -0.00106065940856934
v 0.04300100140089030 -0.13120237623026054 -0.00075061941146851
v 0.04300100256980878 -0.13120285127734765 -0.00074999904632568
v 0.04349999862481029 -0.13120284946730859 -0.00074999904632568
v 0.04949999967526272 -0.12845492023127994 -0.00038822746276855
v 0.04950000118663855 -0.13135270040643271 -0.00038822746276855
v 0.04649999997374193 -0.12845492005895290 -0.00038822746276855
v 0.04650000148511775 -0.13135270023410567 -0.00038822746276855
v 0.04350000027222113 -0.12845491988662586 -0.00038822746276855
v 0.04300100091359488 -0.12845492360401356 -0.00038822746276855
v 0.04300100077315833 -0.13135270473284064 -0.00038822746276855
v 0.04350000013178459 -0.13135270101545293 -0.00038822746276855
v 0.04300099983531615 -0.13140371324028627 -0.00000077390670776
v 0.00348076333985972 -0.07593266668934608 -0.00499999904632568
v 0.00524871013088822 -0.07953074428714986 -0.00499999904632568
v 0.00566292450380546 -0.07984857982890452 -0.00499999904632568
v 0.00598076333985972 -0.08026279370826828 -0.00499999904632568
v 0.00476634787724932 -0.07933094187914307 -0.00499999904632568
v 0.00424871010404403 -0.07926278950242142 -0.00499999904632568
v 0.00373107076733162 -0.07933094118032130 -0.00499999904632568
v 0.00324871253229085 -0.07953074290069939 -0.00499999904632568
v -0.00019999879361925 -0.10170381537403410 -0.00499999904632568
v -0.00071763482670692 -0.10177196514458534 -0.00499999904632568
v -0.00120000399476697 -0.10197175555781310 -0.00499999904632568
v -0.00161420884846009 -0.10228960239739296 -0.00499999904632568
v -0.00193204960118813 -0.10270381537403410 -0.00499999904632568
v -0.00213185442761607 -0.10318616580945013 -0.00499999904632568
v -0.00220000159336434 -0.10370380497893153 -0.00499999904632568
v -0.00578579022559263 -0.10228959144813890 -0.00499999904632568
v -0.00546795138953837 -0.10270380532750265 -0.00499999904632568
v -0.00526815106543638 -0.10318616877351680 -0.00499999904632568
v -0.00620000129488514 -0.10197175399903560 -0.00499999904632568
v -0.00668236685214878 -0.10177195349837746 -0.00499999904632568
v -0.00719999699595953 -0.10170381433615476 -0.00499999904632568
v -0.00520000129488514 -0.10370380480660449 -0.00499999904632568
v 0.01489563455568004 -0.09570380359700240 -0.00499999904632568
v 0.01509543487978202 -0.09618616704301654 -0.00499999904632568
v 0.01516358134670853 -0.09670380498345284 -0.00499999904632568
v 0.01509543418096026 -0.09722144415293422 -0.00499999904632568
v 0.01489563698392685 -0.09770380780284925 -0.00499999904632568
v 0.01457779623119881 -0.09811802077949038 -0.00499999904632568
v 0.01416358374811116 -0.09843585440457125 -0.00499999904632568
v 0.01368122220944565 -0.09863565803229800 -0.00499999904632568
v 0.01316358617635797 -0.09870380780284924 -0.00499999904632568
v 0.03000000174213931 -0.11410381459438382 -0.00499999904632568
v 0.02699999683947079 -0.11610380541340466 -0.00499999904632568
v 0.03199999744321370 -0.11610380506483355 -0.00499999904632568
v 0.02400000002012930 -0.12170380870727969 -0.00499999904632568
v 0.02699999854001374 -0.12990381141058924 -0.00499999904632568
v 0.02699999715541400 -0.13119789928338826 -0.00482962810993195
v 0.02400000514489307 -0.12858383772523249 -0.00492622065544128
v 0.02400000184126834 -0.12858383963258113 -0.00492622065544128
v 0.02399999641894685 -0.12892542875158700 -0.00499999904632568
v 0.02399999972257159 -0.12892542684423836 -0.00499999904632568
v 0.02400000368231280 -0.12810734135651994 -0.00477311921119690
v 0.02400000037868806 -0.12810734326386855 -0.00477311921119690
v 0.02399999930090887 -0.12957609139710025 -0.00499999904632568
v 0.02400000214211768 -0.12990380933091356 -0.00499999904632568
v 0.02399999870621586 -0.13006679013512815 -0.00497854173183441
v 0.02399999992962731 -0.13046481013743971 -0.00492614257335663
v 0.02399999745389321 -0.13119789911106122 -0.00482962810993195
v 0.02399999616416765 -0.13116849319066759 -0.00483349943161011
v 0.02399999662172011 -0.13150067019166778 -0.00470421600341797
v 0.02400000079123831 -0.12777153617813358 -0.00462754523754120
v 0.02399999888803465 -0.13110481535239130 -0.00459012818336487
v 0.02399999989844634 -0.13172742910198740 -0.00461029112339020
v 0.02399999904582461 -0.12701337733223447 -0.00419438505172730
v 0.02400000130189181 -0.12679912495323639 -0.00404610097408295
v 0.02399999799826706 -0.12679912686058503 -0.00404610097408295
v 0.02400000187380146 -0.13240381649557076 -0.00433012604713440
v 0.02399999752820577 -0.13299940528225479 -0.00387310934066772
v 0.02700000157532225 -0.13240381666789783 -0.00433012604713440
v 0.02399999922945338 -0.12641749141982009 -0.00372230577468872
v 0.02400000130544484 -0.12629309773771075 -0.00359377503395081
v 0.02399999704307776 -0.12604422713485955 -0.00333091783523560
v 0.02399999704730785 -0.13238796188339721 -0.00346663522720337
v 0.02399999472818082 -0.12565945750034044 -0.00281735014915466
v 0.02399999765602288 -0.12554248106516397 -0.00263592600822449
v 0.02400000176247689 -0.12548708351466503 -0.00254999899864197
v 0.02400000176247689 -0.12548708351466503 -0.00254999899864197
v 0.02400000019888198 -0.12576694988602904 -0.00298153853416443
v 0.02400000378024679 -0.12575829672634189 -0.00297063517570496
v 0.02400000047662205 -0.12575829863369051 -0.00297063517570496
v 0.02399999646270553 -0.12698548742112928 -0.00255929088592529
v 0.02400000172406232 -0.13128578187342199 -0.00305006146430969
v 0.02400000146920795 -0.12967327838024345 -0.00289126038551331
v 0.02399999291442771 -0.13057141114593726 -0.00286320781707764
v 0.02399999720456482 -0.13115746288819613 -0.00262964510917664
v 0.02699999866840751 -0.13343934172330582 -0.00353553295135498
v 0.02400000054506575 -0.13317934977762910 -0.00373503279685974
v 0.02400000227051145 -0.13343933964363014 -0.00353553295135498
v 0.02400000358573728 -0.13353941668973451 -0.00340511202812195
v 0.02400000122947266 -0.13383663856071290 -0.00301776504516602
v 0.02399999887320803 -0.13413386043169129 -0.00263041424751282
v -0.00520000243812582 -0.11210380435233243 -0.00499999904632568
v -0.00220000273660503 -0.11210380452465948 -0.00499999904632568
v -0.00213184533665924 -0.11262145377224611 -0.00499999904632568
v -0.00071764048296612 -0.11403565774023514 -0.00499999904632568
v -0.00193205594557653 -0.11310380591110994 -0.00499999904632568
v -0.00161421380589752 -0.11351801788312506 -0.00499999904632568
v -0.00120000273660503 -0.11383585533222837 -0.00499999904632568
v -0.00019999940613610 -0.11410380820960815 -0.00499999904632568
v -0.00526815290749883 -0.11262144542916246 -0.00499999904632568
v -0.00546794680090750 -0.11310380717172884 -0.00499999904632568
v -0.00578579085726028 -0.11351802205571859 -0.00499999904632568
v -0.00620000003672319 -0.11383585377345085 -0.00499999904632568
v -0.00668236157538871 -0.11403565740117758 -0.00499999904632568
v -0.00719999760847638 -0.11410380717172884 -0.00499999904632568
v -0.00019999409570998 -0.12170381588165709 -0.00499999904632568
v 0.02999999578352825 -0.11225380579964563 -0.00064999914169312
v 0.02999999855368072 -0.11208557481888187 -0.00062785100936890
v 0.03000000394639504 -0.11242204808755972 -0.00062785100936890
v 0.03000000271168915 -0.11192881322193560 -0.00056291532516479
v 0.02999999978838661 -0.11257880968450597 -0.00056291532516479
v 0.02999999590407198 -0.11271342362317958 -0.00045961856842041
v 0.02999999926885683 -0.11281672382371651 -0.00032499885559082
v 0.03000000406693877 -0.11288166591109366 -0.00016823148727417
v 0.03299900032305826 -0.11851558632916320 -0.00144888782501221
v 0.03299899815365147 -0.11890381194175760 -0.00149999904632568
v 0.03299899928786942 -0.11929203564700336 -0.00144888782501221
v 0.03299900054668366 -0.11815380845721639 -0.00129903697967529
v 0.03299899906424403 -0.11965381351895016 -0.00129903697967529
v 0.02700000044344534 -0.11890381470742950 -0.00149999904632568
v 0.02700000261285213 -0.11851558909483512 -0.00144888782501221
v 0.02700000157766328 -0.11929203841267526 -0.00144888782501221
v 0.02699999953285278 -0.11815381313023693 -0.00129903697967529
v 0.02700000135403789 -0.11965381628462207 -0.00129903697967529
v 0.03299899841962667 -0.12951558303232297 -0.00144888782501221
v 0.03299899955384461 -0.12990380673756871 -0.00149999904632568
v 0.03299899864325206 -0.12915380516037617 -0.00129903697967529
v 0.03299899738443782 -0.13029203235016312 -0.00144888782501221
v 0.03299899716081242 -0.13065381022210992 -0.00129903697967529
v 0.02399999656744877 -0.12543597283204208 -0.00245050621032715
v 0.02400000054782679 -0.12534845531219654 -0.00228011441230774
v 0.02399999939518118 -0.12525840357210341 -0.00210480475425720
v 0.02400000051122219 -0.12951324254127600 -0.00236562323570251
v 0.02399999574361265 -0.13133374514779184 -0.00247673439979553
v 0.02399999958473507 -0.12889723599270556 -0.00204112362861633
v 0.02399999823381594 -0.13014542548634106 -0.00212166881561279
v 0.02399999741357892 -0.13015714281564889 -0.00192428016662598
v 0.02399999704463264 -0.13145836593149801 -0.00194501733779907
v 0.02400000323452077 -0.12507447314928077 -0.00163934040069580
v 0.02399999993089603 -0.12507447505662939 -0.00163934040069580
v 0.02699999854001374 -0.12990381141058924 -0.00149999904632568
v 0.02700000070942053 -0.12951558579799485 -0.00144888782501221
v 0.02699999967423168 -0.13029203511583501 -0.00144888782501221
v 0.02699999762942118 -0.12915380983339669 -0.00129903697967529
v 0.02699999945060629 -0.13065381298778184 -0.00129903697967529
v 0.02399999986858843 -0.12883704819089695 -0.00171549606323242
v 0.02400000117516156 -0.13115240384750268 -0.00174239873886108
v 0.02399999821797569 -0.13151675572013544 -0.00183920764923096
v 0.02399999512479043 -0.13083767321414391 -0.00161750555038452
v 0.02399999968364292 -0.13158636885444866 -0.00157588529586792
v 0.02399999955441933 -0.13272336203882998 -0.00183498907089233
v 0.02400000115422795 -0.13223342035177194 -0.00178757095336914
v 0.02399999673988544 -0.12921910759116034 -0.00138843011856079
v 0.02399999780860648 -0.12930255213022779 -0.00136064910888672
v 0.02399999780418192 -0.12924463738867750 -0.00133665990829468
v 0.02399999933931084 -0.12777652328734487 -0.00126008033752441
v 0.02399999328544100 -0.12920515507468394 -0.00132030725479126
v 0.02400000333642149 -0.12949985021786781 -0.00150762605667114
v 0.02399999700024492 -0.12978544562756542 -0.00148441648483276
v 0.02399999741590929 -0.12966142291001723 -0.00146808862686157
v 0.02400000100789973 -0.12951558562566781 -0.00144888782501221
v 0.02399999609061168 -0.12945582369070630 -0.00142413568496704
v 0.02399999589076437 -0.13137862150129892 -0.00154217767715454
v 0.02399999730549167 -0.13054466246486207 -0.00134424686431885
v 0.02399999974908550 -0.13065381281545480 -0.00129903697967529
v 0.02699999988995465 -0.13423393765012270 -0.00249999904632568
v 0.02400000018843386 -0.13423393747779566 -0.00249999904632568
v 0.02400000044180852 -0.13428787010659485 -0.00236979103088379
v 0.02400000373236230 -0.13444566694369650 -0.00198885583877563
v 0.02400000481039855 -0.13454579698473818 -0.00174711561203003
v 0.02700000160957757 -0.13473344471795240 -0.00129409408569336
v 0.02400000190805678 -0.13473344454562536 -0.00129409408569336
v 0.03299899935808769 -0.11784314508258982 -0.00106065940856934
v 0.03299899923069494 -0.11996445986438052 -0.00106065940856934
v 0.03299899973084404 -0.11760477292548838 -0.00074999904632568
v 0.03299899988008364 -0.12020284905067817 -0.00074999904632568
v 0.02699999834425681 -0.11784314975561036 -0.00106065940856934
v 0.02699999821686407 -0.11996446453740106 -0.00106065940856934
v 0.02700000202063790 -0.11760477569116029 -0.00074999904632568
v 0.02700000216987751 -0.12020285181635008 -0.00074999904632568
v 0.03299899822386974 -0.11745492137734405 -0.00038822746276855
v 0.03299899808343319 -0.12035270250617112 -0.00038822746276855
v 0.03299900240920299 -0.12035271762801873 -0.00038816261291504
v 0.03299900396186090 -0.11740382200187142 -0.00000006389617920
v 0.02700000051366361 -0.11745492414301596 -0.00038822746276855
v 0.02700000367685181 -0.12035270336449440 -0.00038822746276855
v 0.03299899745465609 -0.12884314178574957 -0.00106065940856934
v 0.03299899834940840 -0.13096447359673649 -0.00106065940856934
v 0.03299899782741244 -0.12860476962864814 -0.00074999904632568
v 0.03299899797665205 -0.13120284575383792 -0.00074999904632568
v 0.03299899632043814 -0.12845491808050380 -0.00038822746276855
v 0.03299899948362633 -0.13135269730198226 -0.00038822746276855
v 0.03299900050577138 -0.13135271433117848 -0.00038816261291504
v 0.03299900205842929 -0.12840381870503118 -0.00000006389617920
v 0.02400000214961465 -0.12493704298647683 -0.00115808773040771
v 0.02400000444736720 -0.12484744735692599 -0.00066568279266357
v 0.02400000114374246 -0.12484744926427462 -0.00066568279266357
v 0.02399999814064309 -0.12736033773951175 -0.00115243148803711
v 0.02699999644082521 -0.12884314645877012 -0.00106065940856934
v 0.02700000394282700 -0.13096447445505977 -0.00106065940856934
v 0.02700000011720631 -0.12860477239432003 -0.00074999904632568
v 0.02700000026644591 -0.13120284851950983 -0.00074999904632568
v 0.02399999804836263 -0.12775742467684528 -0.00123921251296997
v 0.02400000131081611 -0.13077052236859607 -0.00120948648452759
v 0.02400000186743112 -0.13088647487076749 -0.00112051057815552
v 0.02399999948834142 -0.13204262156793434 -0.00123484373092651
v 0.02400000264414564 -0.13176534431910383 -0.00115757417678833
v 0.02400000424130620 -0.13096447428273272 -0.00106065940856934
v 0.02400000166261169 -0.13099449911317779 -0.00102153491973877
v 0.02399999895482113 -0.12863749216484621 -0.00079264068603516
v 0.02400000041568551 -0.12860477222199299 -0.00074999904632568
v 0.02399999693660602 -0.13108365566138258 -0.00090532970428467
v 0.02399999983999489 -0.13117282542408634 -0.00078912353515625
v 0.02400000056492511 -0.13120284834718279 -0.00074999904632568
v 0.02400000585886738 -0.13194352676704804 -0.00076769065856934
v 0.02399999584503274 -0.13124046834591752 -0.00065916728973389
v 0.02400000254010466 -0.13216636037425117 -0.00089848470687866
v 0.02399999972549558 -0.12480653799432241 -0.00016686630249023
v 0.02699999861023201 -0.12845492084617574 -0.00038822746276855
v 0.02700000177342020 -0.13135270006765415 -0.00038822746276855
v 0.02399999864348825 -0.12854847947960574 -0.00061409235000610
v 0.02399999952779678 -0.12852030565726916 -0.00054607152938843
v 0.02400000029970215 -0.13129640715293986 -0.00052413368225098
v 0.02400000207189941 -0.13135269989532711 -0.00038822746276855
v 0.02400000000760785 -0.13223539437895127 -0.00038494443893433
v 0.02400000288846845 -0.13137190449570132 -0.00024238157272339
v 0.02400000315727161 -0.13139098607700472 -0.00009747314453125
v 0.02400000140844067 -0.13423219245956178 -0.00115978431701660
v 0.02400000140844067 -0.13423219245956178 -0.00115978527069092
v 0.02400000106467701 -0.13479743844617689 -0.00080794048309326
v 0.02399999954378739 -0.13486011128799302 -0.00033196449279785
v 0.02399999753882510 -0.13486178628209336 -0.00031916809082031
v 0.02399999823820073 -0.13358380287430685 -0.00014430952072144
v 0.02229953778966131 -0.03562393253250581 0.00000000095367432
v 0.02225527417358539 -0.03564948814316254 0.00038822937011719
v 0.02833012708080332 -0.03906921934592597 0.00000000095367432
v 0.02529903806431951 -0.04081921940553062 0.00000000095367432
v 0.02525477444824359 -0.04084477501618736 0.00038822937011719
v 0.01970146157830799 -0.03712393253250581 0.00000000095367432
v 0.01974572519438391 -0.03709837692184906 0.00038822937011719
v 0.02270096185296620 -0.04231921940553062 0.00000000095367432
v 0.02274522546904212 -0.04229366379487388 0.00038822937011719
v 0.02212549994769814 -0.03572441332741242 0.00075000095367432
v 0.02191905850247486 -0.03584360235138398 0.00106066131591797
v 0.02512500022235634 -0.04091970020043723 0.00075000095367432
v 0.02491855877713306 -0.04103888922440879 0.00106066131591797
v 0.01987549983322425 -0.03702345149918061 0.00075000095367432
v 0.02008194127844753 -0.03690426247520905 0.00106066131591797
v 0.02287500010788245 -0.04221873837220542 0.00075000095367432
v 0.02308144155310574 -0.04209954934823387 0.00106066131591797
v 0.02983012708080332 -0.04166729555727929 0.00000000095367432
v 0.02549999995864285 -0.04416729561688394 0.00000000095367432
v 0.01277325876098558 -0.04112393229408723 0.00000000095367432
v 0.01272899514490966 -0.04114948790474397 0.00038822937011719
v 0.01021944616570818 -0.04259837668343049 0.00038822937011719
v 0.01577275903564378 -0.04631921916711204 0.00000000095367432
v 0.01572849541956786 -0.04634477477776878 0.00038822937011719
v 0.01321894644036638 -0.04779366355645529 0.00038822937011719
v 0.01259922050606932 -0.04122441332741242 0.00075000095367432
v 0.01034922080454852 -0.04252345126076203 0.00075000095367432
v 0.01239277864789294 -0.04134360258980256 0.00106066131591797
v 0.01055566101091253 -0.04240426295204621 0.00106066131591797
v 0.01559872078072752 -0.04641970020043724 0.00075000095367432
v 0.01334872107920672 -0.04771873813378684 0.00075000095367432
v 0.01539227892255115 -0.04653888946282737 0.00106066131591797
v 0.01355516128557073 -0.04759954982507102 0.00106066131591797
v 0.02108327048193284 -0.04671729556920022 0.00000000095367432
v 0.02110453839210134 -0.04670501653553933 0.00049988842010498
v 0.02116813647196681 -0.04666829816700906 0.00099496173858643
v 0.02165001873682298 -0.03599893253250581 0.00129903888702393
v 0.02818258152181980 -0.03915440481412284 0.00129409599304199
v 0.02464951901148118 -0.04119421940553062 0.00129903888702393
v 0.02035098063114632 -0.03674893253250581 0.00129903888702393
v 0.02133671576804827 -0.03617981808586579 0.00144888973236084
v 0.02066428401287412 -0.03656804674072724 0.00144888973236084
v 0.02100049968398465 -0.03637393253250581 0.00150000095367432
v 0.02335048090580452 -0.04194421940553062 0.00129903888702393
v 0.02433621604270647 -0.04137510495889060 0.00144888973236084
v 0.02366378428753232 -0.04176333361375206 0.00144888973236084
v 0.02399999995864285 -0.04156921940553062 0.00150000095367432
v 0.02968258152181980 -0.04175248102547616 0.00129409599304199
v 0.02549999995864285 -0.04416729561688394 0.00150000095367432
v 0.01212373970814725 -0.04149893229408723 0.00129903888702393
v 0.01082470160247059 -0.04224893229408723 0.00129903888702393
v 0.01181043550051327 -0.04167981856270295 0.00144888973236084
v 0.01113800415829220 -0.04206804697914582 0.00144888973236084
v 0.01147422065530892 -0.04187393229408723 0.00150000095367432
v 0.01512323998280545 -0.04669421916711203 0.00129903888702393
v 0.01382420187712879 -0.04744421916711204 0.00129903888702393
v 0.01480993577517147 -0.04687510543572775 0.00144888973236084
v 0.01413750443295041 -0.04726333385217062 0.00144888973236084
v 0.01447372092996712 -0.04706921916711203 0.00150000095367432
v 0.02127345355095239 -0.04660749332310647 0.00148045301437378
v 0.02141947376445059 -0.04652318851353616 0.00195168638229370
v 0.02160479224604082 -0.04641619483830423 0.00240412425994873
v 0.04193012555492442 -0.06262510768596291 0.00000000095367432
v 0.04443012555492442 -0.06695523470488510 0.00000000095367432
v 0.04593012555492441 -0.06955331091623841 0.00000000095367432
v 0.03726987182679485 -0.07455331073742448 0.00000000095367432
v 0.04178257999594089 -0.06271029315415978 0.00129409599304199
v 0.04428257999594089 -0.06704042017308197 0.00129409599304199
v 0.04578257999594090 -0.06963849638443528 0.00129409599304199
v 0.04226506194222505 -0.06820523476448975 0.00200000095367432
v 0.04225030754118411 -0.06821375322190247 0.00212941074371338
v 0.04220704925941181 -0.06823872840252838 0.00225000095367432
v 0.04213823558198841 -0.06827845799771270 0.00235355472564697
v 0.04204855559127894 -0.06833023476448975 0.00243301391601563
v 0.04194412119952852 -0.06839052998867950 0.00248296356201172
v 0.04376506194222505 -0.07080331097584307 0.00200000095367432
v 0.04375030754118411 -0.07081182943325579 0.00212941074371338
v 0.04370704925941181 -0.07083680461388170 0.00225000095367432
v 0.04363823558198841 -0.07087653420906602 0.00235355472564697
v 0.04354855559127893 -0.07092831097584307 0.00243301391601563
v 0.04344412119952852 -0.07098860620003282 0.00248296356201172
v 0.03793493533625595 -0.07070523452607116 0.00200000095367432
v 0.03794968932434380 -0.07069671630707702 0.00212941074371338
v 0.03799294781259264 -0.07067174100724183 0.00225000095367432
v 0.03806176149001603 -0.07063201141205749 0.00235355472564697
v 0.03815144168720206 -0.07058023452607116 0.00243301391601563
v 0.03825587587247593 -0.07051993942109069 0.00248296356201172
v 0.03943493533625595 -0.07330331073742448 0.00200000095367432
v 0.03944968932434380 -0.07329479251843034 0.00212941074371338
v 0.03949294781259264 -0.07326981721859514 0.00225000095367432
v 0.03956176149001604 -0.07323008762341081 0.00235355472564697
v 0.03965144168720206 -0.07317831073742448 0.00243301391601563
v 0.03975587587247593 -0.07311801563244401 0.00248296356201172
v 0.03741741666311046 -0.07446812568646013 0.00129409599304199
v 0.01017518254963226 -0.04262393229408722 0.00000000095367432
v 0.01317468282429046 -0.04781921916711204 0.00000000095367432
v 0.00677756850726049 -0.04573909214818984 0.00000000095367432
v 0.00565173449125330 -0.04638909272039443 0.00000000095367432
v 0.00504551769969161 -0.04673909214818984 0.00000000095367432
v 0.00675838766202134 -0.04575016621435195 0.00016823339462280
v 0.00567091533649245 -0.04637801865423232 0.00016823339462280
v 0.00670215170988846 -0.04578263405645400 0.00032500076293945
v 0.00661269450737238 -0.04583428219640762 0.00045962047576904
v 0.00572715128862533 -0.04634555081213027 0.00032500076293945
v 0.00581661014295378 -0.04629390171850234 0.00045962047576904
v 0.00649610959030560 -0.04590159252965957 0.00056291770935059
v 0.00593319340820819 -0.04622659233892470 0.00056291770935059
v 0.00777756850726049 -0.04747114295575872 0.00000000095367432
v 0.00665173449125330 -0.04812114352796330 0.00000000095367432
v 0.00604551769969161 -0.04847114295575872 0.00000000095367432
v 0.00775838766202134 -0.04748221702192083 0.00016823339462280
v 0.00667091533649245 -0.04811006946180120 0.00016823339462280
v 0.00770215170988846 -0.04751468486402288 0.00032500076293945
v 0.00761269450737238 -0.04756633300397649 0.00045962047576904
v 0.00672715128862533 -0.04807760161969914 0.00032500076293945
v 0.00681661014295378 -0.04802595252607122 0.00045962047576904
v 0.00749610959030560 -0.04763364333722844 0.00056291770935059
v 0.00693319340820819 -0.04795864314649358 0.00056291770935059
v 0.00636034547981204 -0.04597997597539932 0.00062785291671753
v 0.00621465232516308 -0.04606409195745498 0.00065000104904175
v 0.00606895751870175 -0.04614820889318496 0.00062785291671753
v 0.00495699046753978 -0.04679020336950332 0.00077645826339722
v 0.00736034547981204 -0.04771202678296819 0.00062785291671753
v 0.00721465232516308 -0.04779614276502385 0.00065000104904175
v 0.00706895751870175 -0.04788025970075383 0.00062785291671753
v 0.00595699046753978 -0.04852225417707219 0.00077645826339722
v -0.00015063472301502 -0.04973909214818984 0.00000000095367432
v 0.00084936527698498 -0.05147114295575872 0.00000000095367432
v -0.00075685316638907 -0.05008909252965957 0.00000000095367432
v -0.00188268553058389 -0.05073909214818984 0.00000000095367432
v -0.00077603401162823 -0.05010016659582168 0.00016823339462280
v -0.00186350468534474 -0.05072801808202773 0.00016823339462280
v -0.00083226996376110 -0.05013263443792373 0.00032500076293945
v -0.00092172716627719 -0.05018428257787734 0.00045962047576904
v -0.00180727038502423 -0.05069555119360000 0.00032500076293945
v -0.00171781153069578 -0.05064390209997207 0.00045962047576904
v -0.00103831043153159 -0.05025159195745497 0.00056291770935059
v -0.00160122661362900 -0.05057659176672012 0.00056291770935059
v 0.00024314683361093 -0.05182114333722844 0.00000000095367432
v -0.00088268553058389 -0.05247114295575871 0.00000000095367432
v 0.00022396598837177 -0.05183221740339055 0.00016823339462280
v -0.00086350468534474 -0.05246006888959661 0.00016823339462280
v 0.00016773003623890 -0.05186468524549261 0.00032500076293945
v 0.00007827283372282 -0.05191633338544622 0.00045962047576904
v -0.00080727038502423 -0.05242760200116887 0.00032500076293945
v -0.00071781153069578 -0.05237595290754094 0.00045962047576904
v -0.00003831043153159 -0.05198364276502385 0.00056291770935059
v -0.00060122661362900 -0.05230864257428899 0.00056291770935059
v -0.00006210749086318 -0.04968798092687637 0.00077645826339722
v 0.00093789250913682 -0.05142003173444524 0.00077645826339722
v -0.00117407454202515 -0.05032997540319473 0.00062785291671753
v -0.00131977100029885 -0.05041409329259902 0.00065000104904175
v -0.00146546415494782 -0.05049820927465468 0.00062785291671753
v -0.00017407454202515 -0.05206202621076360 0.00062785291671753
v -0.00031977100029885 -0.05214614410016789 0.00065000104904175
v -0.00046546415494782 -0.05223026008222356 0.00062785291671753
v 0.00469744118985909 -0.04694005421484023 0.00150000095367432
v 0.00569744118985909 -0.04867210502240911 0.00150000095367432
v 0.00428455912531871 -0.04717843178594619 0.00212132167816162
v 0.00528455912531871 -0.04891048259351506 0.00212132167816162
v 0.00019744178681750 -0.04953813008153945 0.00150000095367432
v 0.00119744178681750 -0.05127018088910833 0.00150000095367432
v 0.00061032385135788 -0.04929975251043350 0.00212132167816162
v 0.00161032385135788 -0.05103180331800237 0.00212132167816162
v 0.02775000004619440 -0.03940415584552161 0.00250000095367432
v 0.02706186213633942 -0.03980145245301597 0.00353553485870361
v 0.02925000004619439 -0.04200223205687493 0.00250000095367432
v 0.02602926913571871 -0.04386172191502542 0.00307244586944580
v 0.02856186213633942 -0.04239952866436929 0.00353553485870361
v 0.02237690055391047 -0.04597041789891213 0.00360624599456787
v 0.02182762338655124 -0.04628754321934670 0.00283340930938721
v 0.02208582148171335 -0.04613847247960061 0.00323540687561035
v 0.02616506346810395 -0.04031921940553062 0.00433012771606445
v 0.02512071955059977 -0.04092217164742820 0.00482962989807129
v 0.02399999995864285 -0.04156921940553062 0.00500000095367432
v 0.02766506346810395 -0.04291729561688393 0.00433012771606445
v 0.02269805665164473 -0.04578499833943337 0.00394235420227051
v 0.02304619675625349 -0.04558399955632180 0.00424049568176270
v 0.02662071955059978 -0.04352024785878152 0.00482962989807129
v 0.02633933579110772 -0.04368270484806985 0.00487240600585937
v 0.02341796768862588 -0.04536935750843972 0.00449779987335205
v 0.02549999995864285 -0.04416729561688394 0.00500000095367432
v 0.02421789127794519 -0.04490752140881508 0.00488039684295654
v 0.02463140805138870 -0.04466877738835305 0.00500000095367432
v 0.02380979079726254 -0.04514313833119363 0.00471178627014160
v 0.01839859139983860 -0.04826729575993507 0.00500000095367432
v 0.04134999852031549 -0.06296004418555855 0.00250000095367432
v 0.04066186061046052 -0.06335734079305291 0.00353553485870361
v 0.04384999852031549 -0.06729017120448075 0.00250000095367432
v 0.04183204924033283 -0.06845523476448975 0.00250000095367432
v 0.04135881734410246 -0.07022135894224028 0.00250000095367432
v 0.04180710483147435 -0.07048017839395818 0.00250000095367432
v 0.04196602383654839 -0.07068728557205863 0.00250000095367432
v 0.04159999847092191 -0.07032126014624368 0.00250000095367432
v 0.04534999852031549 -0.06988824741583406 0.00250000095367432
v 0.04333204924033283 -0.07105331097584307 0.00250000095367432
v 0.04246602383654839 -0.07155331097584307 0.00250000095367432
v 0.04309999847092191 -0.07291933635759699 0.00250000095367432
v 0.04285881734410246 -0.07281943515359360 0.00250000095367432
v 0.04330710483147435 -0.07307825460531149 0.00250000095367432
v 0.04346602383654839 -0.07328536178341194 0.00250000095367432
v 0.04356592441155247 -0.07352654326800044 0.00250000095367432
v 0.04359999847092191 -0.07378536176138142 0.00250000095367432
v 0.04356592488804777 -0.07404418134612213 0.00250000095367432
v 0.04496602383654839 -0.07588343799476525 0.00250000095367432
v 0.04506592441155247 -0.07612461947935376 0.00250000095367432
v 0.04509999847092191 -0.07638343797273474 0.00250000095367432
v 0.04109999721864055 -0.07018728346913519 0.00250000095367432
v 0.04084117878914361 -0.07022135859282941 0.00250000095367432
v 0.04059999843276395 -0.07032126016827418 0.00250000095367432
v 0.04039289095236084 -0.07048017769607037 0.00250000095367432
v 0.04023397181485611 -0.07068728346913519 0.00250000095367432
v 0.04013407239043322 -0.07092846577092986 0.00250000095367432
v 0.04009999839460599 -0.07118728559408913 0.00250000095367432
v 0.04013407245397543 -0.07144610408747014 0.00250000095367432
v 0.04023397302897951 -0.07168728557205863 0.00250000095367432
v 0.03836794762519508 -0.07045523476448974 0.00250000095367432
v 0.04259999721864054 -0.07278535968048851 0.00250000095367432
v 0.04234117878914362 -0.07281943480418272 0.00250000095367432
v 0.04209999843276395 -0.07291933637962750 0.00250000095367432
v 0.04189289095236085 -0.07307825390742369 0.00250000095367432
v 0.04073397302897951 -0.07255331097584307 0.00250000095367432
v 0.04173397181485611 -0.07328535968048851 0.00250000095367432
v 0.04163407239043322 -0.07352654198228317 0.00250000095367432
v 0.04159999839460599 -0.07378536180544246 0.00250000095367432
v 0.04163407245397543 -0.07404418029882345 0.00250000095367432
v 0.04173397302897951 -0.07428536178341194 0.00250000095367432
v 0.04189289203405355 -0.07449246896151240 0.00250000095367432
v 0.04346602505067180 -0.07428536388633536 0.00250000095367432
v 0.04330710591316705 -0.07449246965940021 0.00250000095367432
v 0.04309999843276395 -0.07465138718719638 0.00250000095367432
v 0.04285881807638428 -0.07475128876264117 0.00250000095367432
v 0.04234117993437853 -0.07475128817481171 0.00250000095367432
v 0.04259999964688736 -0.07478536388633536 0.00250000095367432
v 0.04209999839460599 -0.07465138720922689 0.00250000095367432
v 0.04323397302897952 -0.07688343799476526 0.00250000095367432
v 0.04359999839460599 -0.07724946342058020 0.00250000095367432
v 0.04339289203405355 -0.07709054517286572 0.00250000095367432
v 0.03986794762519507 -0.07305331097584307 0.00250000095367432
v 0.04316186061046053 -0.06768746781197510 0.00353553485870361
v 0.04466186061046052 -0.07028554402332841 0.00353553485870361
v 0.03853813666802047 -0.07382107768993913 0.00353553485870361
v 0.03784999824197414 -0.07421837459545672 0.00250000095367432
v 0.03976506194222505 -0.06387510774556755 0.00433012771606445
v 0.03872071802472087 -0.06447805998746514 0.00482962989807129
v 0.03759999843276395 -0.06512510774556755 0.00500000095367432
v 0.04226506194222505 -0.06820523476448975 0.00433012771606445
v 0.04376506194222505 -0.07080331097584307 0.00433012771606445
v 0.03943493533625595 -0.07330331073742448 0.00433012771606445
v 0.04122071802472087 -0.06880818700638733 0.00482962989807129
v 0.04272071802472088 -0.07140626321774064 0.00482962989807129
v 0.04320836196580871 -0.07299170150869229 0.00491394042968750
v 0.04335326139569231 -0.07312805638184683 0.00490285968780518
v 0.04346602383654839 -0.07328536178341194 0.00489898014068604
v 0.04354588071942277 -0.07346168283706755 0.00490285968780518
v 0.04359151015916809 -0.07365533364641895 0.00491394042968750
v 0.04303931411838013 -0.07288733092682001 0.00493069744110107
v 0.04285883777504286 -0.07281944097711661 0.00494974613189697
v 0.04359738144015748 -0.07385393188218227 0.00493069744110107
v 0.04356593006019911 -0.07404416074064722 0.00494974613189697
v 0.04009999843276395 -0.06945523476448974 0.00500000095367432
v 0.04047927925376012 -0.07270035849552690 0.00482962989807129
v 0.04159999843276395 -0.07205331097584307 0.00500000095367432
v 0.04266860114688423 -0.07278798472272288 0.00496871852874756
v 0.04246999077347774 -0.07279385310050961 0.00498529815673828
v 0.04227632408025664 -0.07283948840718664 0.00499619865417480
v 0.04209999843276395 -0.07291933637962750 0.00500000095367432
v 0.04194268523644314 -0.07303211488347448 0.00499619865417480
v 0.04180633055494078 -0.07317701750633236 0.00498529815673828
v 0.04160848670635981 -0.07391538992040493 0.00491394042968750
v 0.04165412377549966 -0.07410905394425528 0.00490285968780518
v 0.04173397302897951 -0.07428536178341194 0.00489898014068604
v 0.04184674309923012 -0.07444268039947601 0.00490285968780518
v 0.04199163489971919 -0.07457902205813161 0.00491394042968750
v 0.04163406721828188 -0.07352656258775810 0.00494974613189697
v 0.04160262346771805 -0.07371680466072199 0.00493069744110107
v 0.04170194320399523 -0.07334608494626414 0.00496871852874756
v 0.04349805366153267 -0.07422463862055975 0.00496871852874756
v 0.04339367393998165 -0.07439371927499047 0.00498529815673828
v 0.04325731925847930 -0.07453862189784836 0.00499619865417480
v 0.04309999843276395 -0.07465138718719638 0.00500000095367432
v 0.04292368041466579 -0.07473124837413621 0.00499619865417480
v 0.04273001372144469 -0.07477688368081323 0.00498529815673828
v 0.04234115950343813 -0.07475128235128869 0.00494974613189697
v 0.04216069078949539 -0.07468340561608425 0.00493069744110107
v 0.04253139571864367 -0.07478273884410101 0.00496871852874756
v 0.03049858987395970 -0.06922510788861870 0.00500000095367432
v 0.03559666608531302 -0.07205523490754090 0.00500000095367432
v 0.03456113672564512 -0.07284983552260220 0.00500000095367432
v 0.03376654062516832 -0.07388536462634493 0.00500000095367432
v 0.03326703504775316 -0.07509126339765643 0.00500000095367432
v 0.03309666630747629 -0.07638536179819705 0.00500000095367432
v 0.03326703577841730 -0.07767945474193919 0.00500000095367432
v 0.03376653906639082 -0.07888536192646309 0.00500000095367432
v 0.00374647959401495 -0.04748909214818984 0.00259807682037354
v 0.00311987283055936 -0.04785086373174697 0.00289777851104736
v 0.00474647959401496 -0.04922114295575872 0.00259807682037354
v 0.00411987283055936 -0.04958291453931585 0.00289777851104736
v 0.00114840338266164 -0.04898909214818984 0.00259807682037354
v 0.00177501014611724 -0.04862732056463271 0.00289777851104736
v 0.00244744148833830 -0.04823909214818984 0.00300000095367432
v 0.00214840338266164 -0.05072114295575872 0.00259807682037354
v 0.00277501014611724 -0.05035937137220159 0.00289777851104736
v 0.00344744148833830 -0.04997114295575872 0.00300000095367432
v 0.00954884880828327 -0.04413909272039443 0.00500000095367432
v 0.01204884880828327 -0.04846921973931662 0.00500000095367432
v 0.00881679800071440 -0.04687114352796331 0.00500000095367432
v -0.00292191667585017 -0.05133909252965956 0.00500000095367432
v -0.00192191667585017 -0.05307114333722844 0.00500000095367432
v 0.02391679647483549 -0.07302510807935356 0.00500000095367432
v 0.02411659845074985 -0.07350747057169339 0.00500000095367432
v 0.02418474656948873 -0.07402510755845539 0.00500000095367432
v 0.02411659940374045 -0.07454274672793677 0.00500000095367432
v 0.02391679890308230 -0.07502511228520041 0.00500000095367432
v 0.02568475086841434 -0.07808729491449674 0.00500000095367432
v 0.02668474656948873 -0.07835523457737757 0.00500000095367432
v 0.02709895929059360 -0.07867307107280655 0.00500000095367432
v 0.02741679647483549 -0.07908728590584464 0.00500000095367432
v 0.02620238431584983 -0.07815543216937081 0.00500000095367432
v 0.02359896145397901 -0.07543932335449291 0.00500000095367432
v 0.02318474566726662 -0.07575715888692244 0.00500000095367432
v 0.02516710720593213 -0.07815543147054903 0.00500000095367432
v 0.02468474566726662 -0.07835523509827576 0.00500000095367432
v 0.01317808179827093 -0.07922510788861870 0.00500000095367432
v 0.01349592063432519 -0.07963932176798245 0.00500000095367432
v 0.01591013260583981 -0.07995715869618758 0.00500000095367432
v 0.01542777106717429 -0.08015696232391430 0.00500000095367432
v 0.01491013503408662 -0.08022511209446555 0.00500000095367432
v 0.01439249395725660 -0.08015696162509253 0.00500000095367432
v 0.01741013260583981 -0.08255523490754089 0.00500000095367432
v 0.01699591681912742 -0.08287307043997041 0.00500000095367432
v 0.01667808699941865 -0.08328729472376188 0.00500000095367432
v 0.01647827886936597 -0.08376964706652656 0.00500000095367432
v 0.01391013170361770 -0.07995715921708575 0.00500000095367432
v 0.01641013170361770 -0.08428728623600795 0.00500000095367432
v 0.01647828147416894 -0.08480492226909561 0.00500000095367432
v 0.01667808179827093 -0.08528728571510977 0.00500000095367432
v 0.05043012555492442 -0.07734753955029837 0.00000000095367432
v 0.04674320054214673 -0.07947618669890753 0.00000000095367432
v 0.04665702796852817 -0.07952593845748297 0.00037135410308838
v 0.04550376313040042 -0.08019177622222295 0.00000666475296021
v 0.04554718927760480 -0.08016670412444464 0.00002621364593506
v 0.04545679632338117 -0.08021889252089849 0.00000000095367432
v 0.04558419524308052 -0.08014533872031561 0.00005735158920288
v 0.04561232767250520 -0.08012909645461432 0.00009801435470581
v 0.04562972125676013 -0.08011905426406256 0.00014550542831421
v 0.04563522220490495 -0.08011587829017035 0.00019667577743530
v 0.04562846629231210 -0.08011977881812445 0.00024813318252563
v 0.04560990116013382 -0.08013049740218511 0.00029646492004395
v 0.04581038639437607 -0.08232414827498533 0.00020000076293945
v 0.04585735278844221 -0.08229703221472837 0.00020666456222534
v 0.04590077893564660 -0.08227196011695004 0.00022621345520020
v 0.04593778531407541 -0.08225059447440243 0.00025735187530518
v 0.04596591733054699 -0.08223435244711973 0.00029801416397095
v 0.04661346802452182 -0.07955108780288092 0.00035000848770142
v 0.04656739526094778 -0.07957768792533269 0.00034186649322510
v 0.04652186346592488 -0.07960397571944586 0.00034746742248535
v 0.04647989297837146 -0.07962820739173285 0.00036643981933594
v 0.04644426545031841 -0.07964877695464483 0.00039752626419067
v 0.04641734379936086 -0.07966432017707220 0.00043866539001465
v 0.04558075823449188 -0.08014732307814947 0.00033846664428711
v 0.04554296930995282 -0.08016914052390448 0.00037135410308838
v 0.04598331091480193 -0.08222431025656796 0.00034550523757935
v 0.04598881186294675 -0.08222113428267575 0.00039667606353760
v 0.04598205595035390 -0.08222503481062986 0.00044813299179077
v 0.04640091322171758 -0.07967380637549749 0.00048712873458862
v 0.04639606267469341 -0.07967660684012762 0.00053970384597778
v 0.04597398786136150 -0.07992029184722296 0.00054303073883057
v 0.04592967303910211 -0.07994587702178350 0.00053667831420898
v 0.04588511003203415 -0.07997160548591009 0.00054447937011719
v 0.04640311384874737 -0.07967253584288946 0.00059290456771851
v 0.04601511633755936 -0.07989654631041876 0.00056311464309692
v 0.04584325310658116 -0.07999577159308782 0.00056591653823853
v 0.04605033132547303 -0.07987621492766729 0.00059559917449951
v 0.04580687854638383 -0.08001677245520941 0.00059956836700439
v 0.04596349123112872 -0.08223575315627195 0.00049646472930908
v 0.04593434789253367 -0.08225257907065488 0.00053846693038940
v 0.04589655896799463 -0.08227439651640989 0.00057135391235352
v 0.05036434119814912 -0.07738552016639105 0.00086824178695679
v 0.04813023298195763 -0.08098478422316648 0.00091776418685913
v 0.04804060027437724 -0.08103653369101621 0.00088827657699585
v 0.04808667303795128 -0.08100993356856442 0.00089641857147217
v 0.04799506889230743 -0.08106282124671078 0.00089387750625610
v 0.04795309799180092 -0.08108705315741635 0.00091284990310669
v 0.04791747046374787 -0.08110762272032834 0.00094393634796143
v 0.04789054881279032 -0.08112316594275570 0.00098507547378540
v 0.04787411823514704 -0.08113265214118100 0.00103353929519653
v 0.04786926768812286 -0.08113545260581112 0.00108611440658569
v 0.04787631886217682 -0.08113138160857297 0.00113931465148926
v 0.04789480470736135 -0.08112070880087949 0.00118961334228516
v 0.04642159969393189 -0.07966186303519598 0.00064320325851440
v 0.04607729798831766 -0.07986064571761481 0.00063833045959473
v 0.04577839758454910 -0.08003321594619146 0.00064320325851440
v 0.04609422782624974 -0.07985087127112737 0.00068847417831421
v 0.04609999843276395 -0.07984753960990301 0.00074270677566528
v 0.04176987182679485 -0.08234753937148444 0.00000000095367432
v 0.04294668677830490 -0.08397750601920224 0.00020000076293945
v 0.04301665259485629 -0.08393711123618222 0.00089910268783569
v 0.04183565608033187 -0.08230955881499639 0.00086824178695679
v 0.05016898692402909 -0.07749830800914159 0.00171010160446167
v 0.04675646812352646 -0.08177792773398496 0.00128308868408203
v 0.04680078294578585 -0.08175234255942440 0.00128944063186646
v 0.04671190470350541 -0.08180365643653012 0.00129088973999023
v 0.04684191142198372 -0.08172859702262021 0.00130952501296997
v 0.04687712640989738 -0.08170826563986874 0.00134200954437256
v 0.04690409265978892 -0.08169269666823484 0.00138474035263062
v 0.04667004819100551 -0.08182782230528927 0.00131232690811157
v 0.04663367321785508 -0.08184882340582944 0.00134597826004028
v 0.04660519225602037 -0.08186526689681149 0.00138961315155029
v 0.04692102249772100 -0.08168292222174740 0.00143488454818726
v 0.04692679351718830 -0.08167959032210446 0.00148911714553833
v 0.04726506194222505 -0.07686548880233413 0.00200000095367432
v 0.04776506194222505 -0.07773151420611858 0.00200000095367432
v 0.04725030754118411 -0.07687400725974684 0.00212941074371338
v 0.04775030754118411 -0.07774003266353130 0.00212941074371338
v 0.04720704925941181 -0.07689898244037277 0.00225000095367432
v 0.04770704925941181 -0.07776500784415721 0.00225000095367432
v 0.04713823558198841 -0.07693871203555709 0.00235355472564697
v 0.04704855559127894 -0.07699048880233413 0.00243301391601563
v 0.04694412119952852 -0.07705078402652389 0.00248296356201172
v 0.04763823558198841 -0.07780473743934153 0.00235355472564697
v 0.04754855559127894 -0.07785651420611858 0.00243301391601563
v 0.04744412119952852 -0.07791680943030833 0.00248296356201172
v 0.04293493533625595 -0.07936548856391555 0.00200000095367432
v 0.04343493533625595 -0.08023151396769999 0.00200000095367432
v 0.04294968932434379 -0.07935697034492141 0.00212941074371338
v 0.04344968932434379 -0.08022299574870585 0.00212941074371338
v 0.04299294781259264 -0.07933199504508620 0.00225000095367432
v 0.04349294781259264 -0.08019802044887066 0.00225000095367432
v 0.04306176149001603 -0.07929226544990188 0.00235355472564697
v 0.04315144168720206 -0.07924048856391555 0.00243301391601563
v 0.04325587587247592 -0.07918019345893508 0.00248296356201172
v 0.04356176149001603 -0.08015829085368632 0.00235355472564697
v 0.04365144168720206 -0.08010651396769999 0.00243301391601563
v 0.04375587587247592 -0.08004621886271952 0.00248296356201172
v 0.04203101014797537 -0.08219677109145514 0.00171010160446167
v 0.04317439489483740 -0.08384603867682552 0.00157887697219849
v 0.04341652250745287 -0.08370624623450375 0.00222471141815186
v 0.06508012708080332 -0.10272208652408221 0.00000000095367432
v 0.06658012708080333 -0.10532016273543553 0.00000000095367432
v 0.06204903806431952 -0.10447208658368687 0.00000000095367432
v 0.06354903806431952 -0.10707016279504018 0.00000000095367432
v 0.06200477444824360 -0.10449764219434360 0.00038822937011719
v 0.06350477444824361 -0.10709571840569691 0.00038822937011719
v 0.05945096185296620 -0.10597208658368686 0.00000000095367432
v 0.06095096185296620 -0.10857016279504017 0.00000000095367432
v 0.05949522546904212 -0.10594653097303013 0.00038822937011719
v 0.06099522546904212 -0.10854460718438343 0.00038822937011719
v 0.06187500022235635 -0.10457256737859348 0.00075000095367432
v 0.06337500022235636 -0.10717064358994680 0.00075000095367432
v 0.06166855877713307 -0.10469175640256503 0.00106066131591797
v 0.06316855877713308 -0.10728983261391835 0.00106066131591797
v 0.05962500010788246 -0.10587160555036167 0.00075000095367432
v 0.06112500010788247 -0.10846968176171497 0.00075000095367432
v 0.05983144155310575 -0.10575241652639011 0.00106066131591797
v 0.06133144155310575 -0.10835049273774341 0.00106066131591797
v 0.06493258152181981 -0.10280727199227908 0.00129409599304199
v 0.06643258152181981 -0.10540534820363240 0.00129409599304199
v 0.06139951901148119 -0.10484708658368687 0.00129903888702393
v 0.06289951901148119 -0.10744516279504018 0.00129903888702393
v 0.06010048090580453 -0.10559708658368686 0.00129903888702393
v 0.06108621604270648 -0.10502797213704684 0.00144888973236084
v 0.06041378428753233 -0.10541620079190830 0.00144888973236084
v 0.06074999995864286 -0.10522208658368686 0.00150000095367432
v 0.06160048090580453 -0.10819516279504017 0.00129903888702393
v 0.06258621604270648 -0.10762604834840016 0.00144888973236084
v 0.06191378428753233 -0.10801427700326162 0.00144888973236084
v 0.06224999995864286 -0.10782016279504018 0.00150000095367432
v 0.02999999762959307 -0.10290380670830535 0.00000000095367432
v 0.02999999735589928 -0.10292595436657800 0.00016823339462280
v 0.03199999853181518 -0.10290380618740717 0.00000000095367432
v 0.03200000031460462 -0.10420381232704687 0.00000000095367432
v 0.03200000096006200 -0.10490381039325403 0.00000000095367432
v 0.03199999825812139 -0.10292595384567983 0.00016823339462280
v 0.03200000058829842 -0.10418166466877421 0.00016823339462280
v 0.03000000215398121 -0.10299089645395516 0.00032500076293945
v 0.03000000386695370 -0.10309419760816642 0.00045962047576904
v 0.03200000140439096 -0.10299089688673131 0.00032500076293945
v 0.03199999744202885 -0.10411672162772273 0.00032500076293945
v 0.03200000311736345 -0.10309419804094255 0.00045962047576904
v 0.03200000170663852 -0.10401343464168475 0.00045962047576904
v 0.03200000088486118 -0.10322881102594182 0.00056291770935059
v 0.03199999796155863 -0.10387880748851219 0.00056291770935059
v 0.03000000106419488 -0.10420381189427073 0.00000000095367432
v 0.03000000133788868 -0.10418166423599808 0.00016823339462280
v 0.02999999998263906 -0.10322881154684001 0.00056291770935059
v 0.02999999653980674 -0.10411672214862092 0.00032500076293945
v 0.03000000381961482 -0.10492149855156369 0.00032525014877319
v 0.03000000245622878 -0.10401343420890863 0.00045962047576904
v 0.02999999871114889 -0.10387880705573606 0.00056291770935059
v 0.03199999896359553 -0.11090381074996992 0.00000000095367432
v 0.03199999798683097 -0.11161619614312503 0.00012630081176758
v 0.03200000118871165 -0.11290238790720675 0.00004303073883057
v 0.02999999870683079 -0.11160380933707525 0.00000000095367432
v 0.03200000373489390 -0.11167061894085895 0.00028702354431152
v 0.03199999841422239 -0.11286914182967775 0.00020942783355713
v 0.02999999843313699 -0.11162595699534793 0.00016823339462280
v 0.03000000256637458 -0.11086869334133713 0.00045771455764771
v 0.03200000188273056 -0.11176477772012261 0.00042818593978882
v 0.03199999872808838 -0.11279397757838770 0.00036155271530151
v 0.03000000323121893 -0.11169089908272507 0.00032500076293945
v 0.02999999896660926 -0.11179418606876304 0.00045962047576904
v 0.03199999698276246 -0.11189225641574609 0.00054016780853271
v 0.03199999690037822 -0.11268199015977115 0.00048903846740723
v 0.03199999820145884 -0.11204438102414872 0.00061533880233765
v 0.03200000148572375 -0.11254083904420541 0.00058319759368896
v 0.03199999672685274 -0.10338557262288810 0.00062785291671753
v 0.03200000211956706 -0.10372204589156594 0.00062785291671753
v 0.03200000323790717 -0.10355381586447650 0.00065000104904175
v 0.03200000309105639 -0.10500603652687153 0.00077645826339722
v 0.02999999747644300 -0.10338557219011196 0.00062785291671753
v 0.03000000233568506 -0.10355381638537467 0.00065000104904175
v 0.03000000121734495 -0.10372204641246413 0.00062785291671753
v 0.02999999930803430 -0.10510729701169105 0.00108604812622070
v 0.03199999848441350 -0.11080158366267810 0.00077645826339722
v 0.03199999814783740 -0.11221077802600023 0.00064857530593872
v 0.03200000361120260 -0.11238011427105291 0.00063761234283447
v 0.02999999754944295 -0.11064919460048711 0.00120948505401611
v 0.03200000445319261 -0.10530574057683449 0.00150000095367432
v 0.03000000401834811 -0.10548367846120954 0.00177283334732056
v 0.03200000309985945 -0.11050189378088840 0.00150000095367432
v 0.03199999875224280 -0.10578248775206033 0.00212132167816162
v 0.03000000210184991 -0.10602498068372945 0.00233880329132080
v 0.03200000282322710 -0.11002513243748931 0.00212132167816162
v 0.02999999841087209 -0.11024261039916676 0.00187883138656616
v 0.02999999979381024 -0.10967664141997420 0.00242013835906982
v 0.04949999968729094 -0.11740381093814860 0.00000000095367432
v 0.04950000157869432 -0.11745492352812019 0.00038822937011719
v 0.04649999998577015 -0.11740381076582154 0.00000000095367432
v 0.04350000028424934 -0.11740381059349450 0.00000000095367432
v 0.04650000187717353 -0.11745492335579315 0.00038822937011719
v 0.04350000052384036 -0.11745492413714041 0.00038822937011719
v 0.04950000143385625 -0.11760477602993884 0.00075000095367432
v 0.04949999940928752 -0.11784314914071459 0.00106066131591797
v 0.04650000173233545 -0.11760477585761178 0.00075000095367432
v 0.04350000203081466 -0.11760477568528474 0.00075000095367432
v 0.04649999970776673 -0.11784314896838755 0.00106066131591797
v 0.04649999627674924 -0.11996446565752687 0.00106066131591797
v 0.04950000332966115 -0.12040381724691887 0.00000000095367432
v 0.04650000362814036 -0.12040381707459182 0.00000000095367432
v 0.04950000116382196 -0.12490381349557532 0.00000000095367432
v 0.04950000309007015 -0.12035270370327296 0.00038822937011719
v 0.04650000338854934 -0.12035270353094590 0.00038822937011719
v 0.04950000158309585 -0.12020285215512863 0.00075000095367432
v 0.04650000188157506 -0.12020285198280158 0.00075000095367432
v 0.04949999763008241 -0.11996446487617961 0.00106066131591797
v 0.04300100092562310 -0.11740381431088220 0.00000000095367432
v 0.04350000392661956 -0.12040381690226477 0.00000000095367432
v 0.04300100126436858 -0.12040382252700112 0.00000000095367432
v 0.04300100116521411 -0.11745492785452812 0.00038822937011719
v 0.04350000203521619 -0.12035270431229317 0.00038822937011719
v 0.04300100102477756 -0.12035270898335521 0.00038822937011719
v 0.04300100102037603 -0.11760478035634675 0.00075000095367432
v 0.04300100218929451 -0.11760525540343389 0.00075061988830566
v 0.04300100202795782 -0.12020315551461554 0.00074927902221680
v 0.04300100116961564 -0.12020285648153654 0.00075000095367432
v 0.04350000218005425 -0.12020285181047453 0.00075000095367432
v 0.04350000000624593 -0.11784314879606049 0.00106066131591797
v 0.04300100064761968 -0.11784315251344819 0.00106066131591797
v 0.04349999657522845 -0.11996446548519982 0.00106066131591797
v 0.04300100003733304 -0.11996494329600034 0.00106003904342651
v 0.04300100052022694 -0.11996446729523889 0.00106066131591797
v 0.04650000146230115 -0.12490381332324828 0.00000000095367432
v 0.04949999778385934 -0.12840380764130838 0.00000000095367432
v 0.04950000142622956 -0.13140381395007861 0.00000000095367432
v 0.04649999808233855 -0.12840380746898131 0.00000000095367432
v 0.04650000172470877 -0.13140381377775157 0.00000000095367432
v 0.04949999967526272 -0.12845492023127994 0.00038822937011719
v 0.04950000118663855 -0.13135270040643271 0.00038822937011719
v 0.04649999997374193 -0.12845492005895290 0.00038822937011719
v 0.04650000148511775 -0.13135270023410567 0.00038822937011719
v 0.04349999838081775 -0.12840380729665427 0.00000000095367432
v 0.04300099902219150 -0.12840381101404197 0.00000000095367432
v 0.04350000027222113 -0.12845491988662586 0.00038822937011719
v 0.04300100091359488 -0.12845492360401356 0.00038822937011719
v 0.04300100177193706 -0.12845522263709253 0.00038895273208618
v 0.04649999834474616 -0.13490380792348461 0.00000000095367432
v 0.04350000202318797 -0.13140381360542452 0.00000000095367432
v 0.04300100266456172 -0.13140381732281226 0.00000000095367432
v 0.04349999864322535 -0.13490380775115757 0.00000000095367432
v 0.04300099597300937 -0.13135279560086766 0.00038745546340942
v 0.04300100077315833 -0.13135270473284064 0.00038822937011719
v 0.04350000013178459 -0.13135270101545293 0.00038822937011719
v 0.04949999953042465 -0.12860477273309862 0.00075000095367432
v 0.04949999967966425 -0.13120284885828837 0.00075000095367432
v 0.04649999982890386 -0.12860477256077155 0.00075000095367432
v 0.04649999997814346 -0.13120284868596133 0.00075000095367432
v 0.04949999750585593 -0.12884314584387435 0.00106066131591797
v 0.04950000335604534 -0.13096447479383833 0.00106066131591797
v 0.04649999780433513 -0.12884314567154728 0.00106066131591797
v 0.04650000200271218 -0.13096447557518559 0.00106066131591797
v 0.04349999847557069 -0.12860477334211881 0.00075000095367432
v 0.04300100242056918 -0.12860477515215787 0.00075000095367432
v 0.04300100028586291 -0.12860525210659365 0.00075062131881714
v 0.04349999810281434 -0.12884314549922024 0.00106066131591797
v 0.04300099874418809 -0.12884314921660794 0.00106066131591797
v 0.04300100256980878 -0.13120285127734765 0.00075000095367432
v 0.04349999862481029 -0.13120284946730859 0.00075000095367432
v 0.04350000230119138 -0.13096447540285855 0.00106066131591797
v 0.04300100080785887 -0.13096495607468200 0.00106004142761230
v 0.04300100294256513 -0.13096447912024625 0.00106066131591797
v 0.04950000059788350 -0.11815381251534116 0.00129903888702393
v 0.04650000089636270 -0.11815381234301411 0.00129903888702393
v 0.04650000397636204 -0.11851558830761229 0.00144888973236084
v 0.04650000271754781 -0.11965381549739926 0.00129903888702393
v 0.04649999963754846 -0.11929203953280108 0.00144888973236084
v 0.04650000180695525 -0.11890381392020669 0.00150000095367432
v 0.04950000367788285 -0.11851558847993934 0.00144888973236084
v 0.04949999933906925 -0.11929203970512814 0.00144888973236084
v 0.04950000150847605 -0.11890381409253374 0.00150000095367432
v 0.04950000241906860 -0.11965381566972630 0.00129903888702393
v 0.04949999816276875 -0.12473343628832136 0.00129409599304199
v 0.04300100183621565 -0.11815381588807478 0.00129903888702393
v 0.04350000119484190 -0.11815381217068706 0.00129903888702393
v 0.04350000301602701 -0.11965381532507220 0.00129903888702393
v 0.04300100200558839 -0.11965381999613423 0.00129903888702393
v 0.04350000427484126 -0.11851558813528525 0.00144888973236084
v 0.04300100161259026 -0.11851559376002158 0.00144888973236084
v 0.04349999993602766 -0.11929203936047403 0.00144888973236084
v 0.04350000210543446 -0.11890381374787964 0.00150000095367432
v 0.04300100109499583 -0.11890381841894165 0.00150000095367432
v 0.04300100057740141 -0.11929204307786173 0.00144888973236084
v 0.04649999846124796 -0.12473343611599431 0.00129409599304199
v 0.04949999869445190 -0.12915380921850092 0.00129903888702393
v 0.04950000051563701 -0.13065381237288606 0.00129903888702393
v 0.04950000177445125 -0.12951558518309908 0.00144888973236084
v 0.04949999743563765 -0.13029203640828788 0.00144888973236084
v 0.04949999960504445 -0.12990381079569349 0.00150000095367432
v 0.04649999899293111 -0.12915380904617388 0.00129903888702393
v 0.04650000081411621 -0.13065381220055899 0.00129903888702393
v 0.04650000207293045 -0.12951558501077204 0.00144888973236084
v 0.04649999773411686 -0.13029203623596083 0.00144888973236084
v 0.04649999990352366 -0.12990381062336645 0.00150000095367432
v 0.04349999929141030 -0.12915380887384684 0.00129903888702393
v 0.04300099993278406 -0.12915381259123454 0.00129903888702393
v 0.04300100301278340 -0.12951558855583270 0.00144888973236084
v 0.04350000111259542 -0.13065381202823195 0.00129903888702393
v 0.04350000237140966 -0.12951558483844500 0.00144888973236084
v 0.04349999803259606 -0.13029203606363379 0.00144888973236084
v 0.04350000020200286 -0.12990381045103938 0.00150000095367432
v 0.04300100084337661 -0.12990381416842708 0.00150000095367432
v 0.04650000297308748 -0.13473344393072961 0.00129409599304199
v 0.04300100175396916 -0.13065381574561966 0.00129903888702393
v 0.04300099867396981 -0.13029203978102150 0.00144888973236084
v 0.04350000327156669 -0.13473344375840257 0.00129409599304199
v 0.04984999852031550 -0.07768247604989401 0.00250000095367432
v 0.05061026964897593 -0.07955293438586331 0.00257112216949463
v 0.04683204924033283 -0.07711548880233413 0.00250000095367432
v 0.04733204924033283 -0.07798151420611858 0.00250000095367432
v 0.04506592488804777 -0.07664225755747545 0.00250000095367432
v 0.04496602505067180 -0.07688344009768867 0.00250000095367432
v 0.04480710591316706 -0.07709054587075352 0.00250000095367432
v 0.04459999843276395 -0.07724946339854970 0.00250000095367432
v 0.04435881807638428 -0.07734936497399449 0.00250000095367432
v 0.04409999964688736 -0.07738344009768867 0.00250000095367432
v 0.04384117993437853 -0.07734936438616502 0.00250000095367432
v 0.04336794762519507 -0.07911548880233413 0.00250000095367432
v 0.04386794762519507 -0.07998151420611857 0.00250000095367432
v 0.04941706830580350 -0.07793242842578284 0.00321393871307373
v 0.05024695723479665 -0.07976269290598965 0.00313616657257080
v 0.04981599752920365 -0.08001150760802365 0.00363379573822021
v 0.04234999824197413 -0.08201260322951666 0.00250000095367432
v 0.04278292917915404 -0.08176265043639531 0.00321393871307373
v 0.04888335059153898 -0.07824057049178472 0.00383022308349609
v 0.04932665451539692 -0.08029402992877102 0.00405331325531006
v 0.04826506194222505 -0.07859753960990301 0.00433012771606445
v 0.04331664627398893 -0.08145450872802129 0.00383022308349609
v 0.04393493533625595 -0.08109753937148444 0.00433012771606445
v 0.04517334224150823 -0.08269194588812924 0.00425331306457520
v 0.04758098903937411 -0.07899248928450933 0.00469846439361572
v 0.04685191705098955 -0.07941341919326178 0.00492403984069824
v 0.04573265169129599 -0.08236902842673398 0.00453289794921875
v 0.04692679351718830 -0.08167959032210446 0.00479583263397217
v 0.04632135390334665 -0.08202914104613400 0.00471504211425781
v 0.04609999843276395 -0.07984753960990301 0.00500000095367432
v 0.04534807981453836 -0.08028166002654424 0.00492403984069824
v 0.04461900782615381 -0.08070258993529669 0.00469846439361572
v 0.06450000004619440 -0.10305702302367786 0.00250000095367432
v 0.06600000004619440 -0.10565509923503118 0.00250000095367432
v 0.06381186213633942 -0.10345431963117221 0.00353553485870361
v 0.06531186213633942 -0.10605239584252553 0.00353553485870361
v 0.06291506346810397 -0.10397208658368687 0.00433012771606445
v 0.06441506346810395 -0.10657016279504018 0.00433012771606445
v 0.06187071955059978 -0.10457503882558444 0.00482962989807129
v 0.06337071955059978 -0.10717311503693776 0.00482962989807129
v 0.06074999995864286 -0.10522208658368686 0.00500000095367432
v 0.06224999995864286 -0.10782016279504018 0.00500000095367432
v 0.05624666761119192 -0.10782208672673800 0.00500000095367432
v 0.05506688541992309 -0.10831451362798411 0.00500000095367432
v 0.05380079220305452 -0.10849166442651993 0.00500000095367432
v 0.04949999853904708 -0.10613651311192955 0.00500000095367432
v 0.04950000015477742 -0.10613124399883550 0.00500000095367432
v 0.05253115968118809 -0.10834195857432266 0.00500000095367432
v 0.05134099587895724 -0.10787519229747869 0.00500000095367432
v 0.05030810296279458 -0.10712187485431322 0.00500000095367432
v 0.03200000278124711 -0.10640381354763916 0.00259807682037354
v 0.02999999826140260 -0.10669432370228973 0.00274538803100586
v 0.03199999714241042 -0.10940380759558478 0.00259807682037354
v 0.02999999931620201 -0.10898985775581842 0.00279651737213135
v 0.03199999966003890 -0.10712735321601086 0.00289777851104736
v 0.03199999861180625 -0.10868026888088740 0.00289777851104736
v 0.03000000329990318 -0.10744610244875999 0.00296487808227539
v 0.03200000295061985 -0.10790381765569861 0.00300000095367432
v 0.02999999621576859 -0.10822905679244849 0.00298231792449951
v 0.03701034811057768 -0.09570380476398561 0.00500000095367432
v 0.03721015008649203 -0.09618616725632545 0.00500000095367432
v 0.03727829820523092 -0.09670380424308743 0.00500000095367432
v 0.03721015103948264 -0.09722144341256882 0.00500000095367432
v 0.03701035053882450 -0.09770380896983247 0.00500000095367432
v 0.04349999833754232 -0.10170380645875958 0.00500000095367432
v 0.03669251308972120 -0.09811802003912495 0.00500000095367432
v 0.03627829730300881 -0.09843585557155449 0.00500000095367432
v 0.03527829973125562 -0.09870380896983247 0.00500000095367432
v 0.03579593741615566 -0.09863565824560690 0.00500000095367432
v 0.02557881331777802 -0.09870380493142579 0.00500000095367432
v 0.02506117987034254 -0.09863566767655174 0.00500000095367432
v 0.02384676771135687 -0.09770381394007789 0.00500000095367432
v 0.02457881761670364 -0.09843586526854496 0.00500000095367432
v 0.02416460654741113 -0.09811802781944165 0.00500000095367432
v 0.03199999727929611 -0.10170380706973831 0.00500000095367432
v 0.02999999802888637 -0.10170380663696216 0.00500000095367432
v 0.04950000242072800 -0.12423394338866492 0.00250000095367432
v 0.04950000119918086 -0.12343934746184805 0.00353553485870361
v 0.04650000271920721 -0.12423394321633786 0.00250000095367432
v 0.04650000125346457 -0.13423393686289989 0.00250000095367432
v 0.04350000155194378 -0.13423393669057282 0.00250000095367432
v 0.04650000149766007 -0.12343934728952100 0.00353553485870361
v 0.04650000003191743 -0.13343934093608301 0.00353553485870361
v 0.04349999702677190 -0.13343934267110458 0.00353553485870361
v 0.04949999930995749 -0.11518137910172657 0.00500000095367432
v 0.04650000302107866 -0.11990381602313011 0.00500000095367432
v 0.04949999812851344 -0.12240380823826677 0.00433012771606445
v 0.04649999842699264 -0.12240380806593971 0.00433012771606445
v 0.04949999968618735 -0.12119790502193048 0.00482962989807129
v 0.04950000272259945 -0.11990381619545716 0.00500000095367432
v 0.04649999998466656 -0.12119790484960344 0.00482962989807129
v 0.04650000293883217 -0.13240381588067501 0.00433012771606445
v 0.04350000323731137 -0.13240381570834797 0.00433012771606445
v 0.04649999686711155 -0.13119789944983976 0.00482962989807129
v 0.04649999990352366 -0.12990381062336645 0.00500000095367432
v 0.04350000020200286 -0.12990381045103938 0.00500000095367432
v 0.04349999551377839 -0.13119790023118702 0.00482962989807129
v 0.00348076333985972 -0.07593266668934608 0.00500000095367432
v 0.00524871013088822 -0.07953074428714986 0.00500000095367432
v 0.00566292450380546 -0.07984857982890452 0.00500000095367432
v 0.00598076333985972 -0.08026279370826828 0.00500000095367432
v 0.00476634787724932 -0.07933094187914307 0.00500000095367432
v 0.00424871010404403 -0.07926278950242142 0.00500000095367432
v 0.00373107076733162 -0.07933094118032130 0.00500000095367432
v 0.00324871253229085 -0.07953074290069939 0.00500000095367432
v -0.00019999879361925 -0.10170381537403410 0.00500000095367432
v -0.00071763482670692 -0.10177196514458534 0.00500000095367432
v -0.00120000399476697 -0.10197175555781310 0.00500000095367432
v -0.00161420884846009 -0.10228960239739296 0.00500000095367432
v -0.00193204960118813 -0.10270381537403410 0.00500000095367432
v -0.00213185442761607 -0.10318616580945013 0.00500000095367432
v -0.00220000159336434 -0.10370380497893153 0.00500000095367432
v -0.00578579022559263 -0.10228959144813890 0.00500000095367432
v -0.00546795138953837 -0.10270380532750265 0.00500000095367432
v -0.00526815106543638 -0.10318616877351680 0.00500000095367432
v -0.00620000129488514 -0.10197175399903560 0.00500000095367432
v -0.00668236685214878 -0.10177195349837746 0.00500000095367432
v -0.00719999699595953 -0.10170381433615476 0.00500000095367432
v -0.00520000129488514 -0.10370380480660449 0.00500000095367432
v 0.03000000379324497 -0.11290381356936632 0.00000000095367432
v 0.03000000406693877 -0.11288166591109366 0.00016823339462280
v 0.02999999926885683 -0.11281672382371651 0.00032500076293945
v 0.02999999590407198 -0.11271342362317958 0.00045962047576904
v 0.03000000271168915 -0.11192881322193560 0.00056291770935059
v 0.02999999978838661 -0.11257880968450597 0.00056291770935059
v 0.02999999855368072 -0.11208557481888187 0.00062785291671753
v 0.03000000394639504 -0.11242204808755972 0.00062785291671753
v 0.02999999578352825 -0.11225380579964563 0.00065000104904175
v 0.03299899963609110 -0.11740380688002383 0.00000000095367432
v 0.03299899997483658 -0.12040381509614273 0.00000000095367432
v 0.03299900327846132 -0.12040381318879409 0.00000006580352783
v 0.03299900152749448 -0.11745491946999542 0.00038816452026367
v 0.03299899822386974 -0.11745492137734405 0.00038822937011719
v 0.03299899808343319 -0.12035270250617112 0.00038822937011719
v 0.02699999862226023 -0.11740381155304437 0.00000000095367432
v 0.02700000226463044 -0.12040381786181463 0.00000000095367432
v 0.02700000051366361 -0.11745492414301596 0.00038822937011719
v 0.02700000367685181 -0.12035270336449440 0.00038822937011719
v 0.03299899973084404 -0.11760477292548838 0.00075000095367432
v 0.03299899988008364 -0.12020284905067817 0.00075000095367432
v 0.03299899935808769 -0.11784314508258982 0.00106066131591797
v 0.03299899923069494 -0.11996445986438052 0.00106066131591797
v 0.02700000202063790 -0.11760477569116029 0.00075000095367432
v 0.02700000216987751 -0.12020285181635008 0.00075000095367432
v 0.02699999834425681 -0.11784314975561036 0.00106066131591797
v 0.02699999821686407 -0.11996446453740106 0.00106066131591797
v 0.03299899773265950 -0.12840380358318360 0.00000000095367432
v 0.03299899807140497 -0.13140381179930249 0.00000000095367432
v 0.03299900137502972 -0.13140380989195388 0.00000006580352783
v 0.03299899632043814 -0.12845491808050380 0.00038822937011719
v 0.03299899962406289 -0.12845491617315516 0.00038816452026367
v 0.03299899948362633 -0.13135269730198226 0.00038822937011719
v 0.03299899782741244 -0.12860476962864814 0.00075000095367432
v 0.03299899797665205 -0.13120284575383792 0.00075000095367432
v 0.03299899745465609 -0.12884314178574957 0.00106066131591797
v 0.03299899834940840 -0.13096447359673649 0.00106066131591797
v 0.02399999930098210 -0.12481473122877004 0.00033355712890625
v 0.02400000102698166 -0.12483201479690226 0.00048378753662109
v 0.02699999671882863 -0.12840380825620412 0.00000000095367432
v 0.02699999861023201 -0.12845492084617574 0.00038822937011719
v 0.02400000031258298 -0.12680793519038686 0.00051113319396973
v 0.02700000177342020 -0.13135270006765415 0.00038822937011719
v 0.02399999890993387 -0.12844461336395466 0.00030996274948120
v 0.02399999883849294 -0.12990381123826220 0.00000000095367432
v 0.02400000065967805 -0.13140381439264734 0.00000000095367432
v 0.02400000418995452 -0.13139738129828119 0.00004889535903931
v 0.02399999755109146 -0.13137825053673774 0.00019411516189575
v 0.02399999871354552 -0.13200451140026487 0.00027656316757202
v 0.02399999930421941 -0.13211898385888896 0.00030445432662964
v 0.02399999850037020 -0.13251622978103442 0.00000000095367432
v 0.02399999820691113 -0.13237175142851010 0.00008079290390015
v 0.02399999890871121 -0.12845492067384867 0.00038822937011719
v 0.02399999978775082 -0.12842355775547196 0.00040965604782104
v 0.02399999935881277 -0.12837383624836929 0.00040995550155640
v 0.02399999583578447 -0.12846198780011389 0.00040530061721802
v 0.02399999831710517 -0.12853873617747724 0.00059058332443237
v 0.02399999854162294 -0.13135913298969329 0.00033933591842651
v 0.02400000207189941 -0.13135269989532711 0.00038822937011719
v 0.02400000348816704 -0.13131508180394103 0.00047906017303467
v 0.02399999903349763 -0.13125914299691868 0.00061409378051758
v 0.02700000011720631 -0.12860477239432003 0.00075000095367432
v 0.02700000026644591 -0.13120284851950983 0.00075000095367432
v 0.02699999644082521 -0.12884314645877012 0.00106066131591797
v 0.02700000394282700 -0.13096447445505977 0.00106066131591797
v 0.02400000183195313 -0.12856715413060690 0.00065917015075684
v 0.02400000041568551 -0.12860477222199299 0.00075000095367432
v 0.02400000041568551 -0.12860477222199299 0.00075000095367432
v 0.02400000114061573 -0.12863479514508944 0.00078912591934204
v 0.02399999647868158 -0.12870749520026545 0.00088388061523438
v 0.02400000056492511 -0.13120284834718279 0.00075000095367432
v 0.02400000212225832 -0.13188031076135992 0.00067093133926392
v 0.02399999499609355 -0.13111329249807027 0.00086670780181885
v 0.02400000234186460 -0.13212370408606508 0.00089191293716431
v 0.02400000105482056 -0.13102432899306987 0.00098266267776489
v 0.02400000424130620 -0.13096447428273272 0.00106066131591797
v 0.02399999704009314 -0.13092534590410410 0.00109068441390991
v 0.02400000199519585 -0.13080914354909373 0.00117985105514526
v 0.02700000036119884 -0.13140381456497441 0.00000000095367432
v 0.02699999698123624 -0.13490380871070742 0.00000000095367432
v 0.02400000058334018 -0.13490380663103174 0.00000000095367432
v 0.02399999777356938 -0.13488234790694406 0.00016298151016235
v 0.02400000506039575 -0.13481863219557805 0.00064704799652100
v 0.02399999632333064 -0.13477788372513502 0.00095649814605713
v 0.02400000158126824 -0.13406061530529462 0.00119040775299072
v 0.03299900054668366 -0.11815380845721639 0.00129903888702393
v 0.03299899906424403 -0.11965381351895016 0.00129903888702393
v 0.03299900032305826 -0.11851558632916320 0.00144888973236084
v 0.03299899928786942 -0.11929203564700336 0.00144888973236084
v 0.03299899815365147 -0.11890381194175760 0.00150000095367432
v 0.02699999953285278 -0.11815381313023693 0.00129903888702393
v 0.02700000135403789 -0.11965381628462207 0.00129903888702393
v 0.02700000261285213 -0.11851558909483512 0.00144888973236084
v 0.02700000157766328 -0.11929203841267526 0.00144888973236084
v 0.02700000044344534 -0.11890381470742950 0.00150000095367432
v 0.03299899864325206 -0.12915380516037617 0.00129903888702393
v 0.03299899841962667 -0.12951558303232297 0.00144888973236084
v 0.03299899955384461 -0.12990380673756871 0.00150000095367432
v 0.03299899716081242 -0.13065381022210992 0.00129903888702393
v 0.03299899738443782 -0.13029203235016312 0.00144888973236084
v 0.02399999644163612 -0.12497316591246800 0.00129951810836792
v 0.02399999862093913 -0.12497758710656515 0.00131997823715210
v 0.02400000422176257 -0.12513069586753447 0.00179647636413574
v 0.02400000091813782 -0.12513069777488312 0.00179647636413574
v 0.02399999911432069 -0.12705483558075598 0.00140496253967285
v 0.02699999762942118 -0.12915380983339669 0.00129903888702393
v 0.02699999945060629 -0.13065381298778184 0.00129903888702393
v 0.02700000070942053 -0.12951558579799485 0.00144888973236084
v 0.02699999967423168 -0.13029203511583501 0.00144888973236084
v 0.02699999854001374 -0.12990381141058924 0.00150000095367432
v 0.02399999620065732 -0.12652860067574453 0.00170412063598633
v 0.02399999550398405 -0.12935484763801636 0.00138231182098389
v 0.02400000094513867 -0.12937817249206010 0.00154848337173462
v 0.02400000364667382 -0.13069294310143204 0.00126901769638062
v 0.02399999974908550 -0.13065381281545480 0.00129903888702393
v 0.02399999974908550 -0.13065381281545480 0.00129903888702393
v 0.02399999828135124 -0.13064923263654571 0.00130093526840210
v 0.02400000113161821 -0.12942475789805993 0.00141126585006714
v 0.02400000100789973 -0.12951558562566781 0.00144888973236084
v 0.02400000100789973 -0.12951558562566781 0.00144888973236084
v 0.02399999964676672 -0.12956448005766705 0.00145532655715942
v 0.02400000298803055 -0.12967563849383154 0.00146996068954468
v 0.02399999934052720 -0.12976578110195167 0.00148182916641235
v 0.02400000019962596 -0.12985491680626296 0.00149356365203857
v 0.02399999883849294 -0.12990381123826220 0.00150000095367432
v 0.02399999883849294 -0.12990381123826220 0.00150000095367432
v 0.02399999734601499 -0.12991739660487472 0.00149821233749390
v 0.02399999783322893 -0.13080884642336341 0.00145541477203369
v 0.02399999727667455 -0.12993066400186340 0.00156910467147827
v 0.02399999556665104 -0.13163538821286735 0.00162831306457520
v 0.02399999962597521 -0.13173926945036604 0.00160965490341187
v 0.02400000134003869 -0.13204760676979702 0.00176658868789673
v 0.02399999964084160 -0.12532976172465052 0.00225567340850830
v 0.02399999964084160 -0.12532976172465052 0.00225567340850830
v 0.02399999913644980 -0.12534484416400660 0.00228281116485596
v 0.02400000364869913 -0.12539144469185404 0.00236666011810303
v 0.02400000125769421 -0.12945687786740656 0.00191682577133179
v 0.02400000109717472 -0.13138138473049193 0.00192560911178589
v 0.02400000535390088 -0.12958308277718603 0.00206623935699463
v 0.02700000160957757 -0.13473344471795240 0.00129409599304199
v 0.02400000190805678 -0.13473344454562536 0.00129409599304199
v 0.02400000020557825 -0.13470830274186560 0.00135479116439819
v 0.02400000439034308 -0.13323100743882138 0.00150753211975098
v 0.02400000416488055 -0.13460802883785961 0.00159686660766602
v 0.02400000058971683 -0.13442158313133423 0.00204697895050049
v 0.02400000321912139 -0.13434491989995201 0.00223208236694336
v 0.01489563455568004 -0.09570380359700240 0.00500000095367432
v 0.01509543487978202 -0.09618616704301654 0.00500000095367432
v 0.01516358134670853 -0.09670380498345284 0.00500000095367432
v 0.01509543418096026 -0.09722144415293422 0.00500000095367432
v 0.01489563698392685 -0.09770380780284925 0.00500000095367432
v 0.01457779623119881 -0.09811802077949038 0.00500000095367432
v 0.01416358374811116 -0.09843585440457125 0.00500000095367432
v 0.01368122220944565 -0.09863565803229800 0.00500000095367432
v 0.01316358617635797 -0.09870380780284924 0.00500000095367432
v 0.03000000174213931 -0.11410381459438382 0.00500000095367432
v 0.02699999683947079 -0.11610380541340466 0.00500000095367432
v 0.02400000066932982 -0.12622845277606393 0.00250339794158936
v 0.02399999593456282 -0.12605821752442567 0.00283684444427490
v 0.02399999646058418 -0.12581318517136125 0.00304036045074463
v 0.02399999929020805 -0.12585770758950338 0.00310468387603760
v 0.02399999929020805 -0.12585770758950338 0.00310468387603760
v 0.02399999526539624 -0.12965233257633263 0.00269977092742920
v 0.02399999825820849 -0.13070150920778942 0.00297706794738770
v 0.02399999825820849 -0.13070150920778942 0.00297704410552979
v 0.02399999951039535 -0.12647706221892585 0.00320949840545654
v 0.02399999955441108 -0.12610599906274145 0.00339732933044434
v 0.02399999625558919 -0.12620833404725654 0.00351229667663574
v 0.02400000173852520 -0.13283011631009353 0.00313161849975586
v 0.02400000231743858 -0.13294851788653139 0.00314145183563232
v 0.02399999782061774 -0.13286706631118816 0.00315611934661865
v 0.02399999780650600 -0.13074848260754668 0.00367330741882324
v 0.02399999692679129 -0.13254701166244937 0.00344469165802002
v 0.02400000228344031 -0.13218776801075016 0.00367289066314697
v 0.02699999988995465 -0.13423393765012270 0.00250000095367432
v 0.02400000018843386 -0.13423393747779566 0.00250000095367432
v 0.02400000080984980 -0.13380360255558449 0.00306082725524902
v 0.02400000011784360 -0.13363884458209221 0.00327553558349609
v 0.02699999866840751 -0.13343934172330582 0.00353553485870361
v 0.02399999896688671 -0.13343934155097878 0.00353553485870361
v 0.02399999725753831 -0.13337689962545674 0.00358344841003418
v 0.03199999744321370 -0.11610380506483355 0.00500000095367432
v 0.02400000047411611 -0.12654114317280712 0.00383438396453857
v 0.02400000047411611 -0.12654114317280712 0.00383438396453857
v 0.02400000104880766 -0.12693317297679582 0.00414551925659180
v 0.02400000104880766 -0.12693317297679582 0.00414551925659180
v 0.02399999717787534 -0.12971620155046473 0.00407422542572022
v 0.02400000362905706 -0.13231728694298919 0.00421206951141357
v 0.02400000187380146 -0.13240381649557076 0.00433012771606445
v 0.02400000169014553 -0.13238103480539906 0.00433956527709961
v 0.02400000002012930 -0.12170380870727969 0.00500000095367432
v 0.02400000316744378 -0.12735381568446719 0.00441673088073730
v 0.02399999986381903 -0.12735381759181583 0.00441673088073730
v 0.02699999715541400 -0.13119789928338826 0.00482962989807129
v 0.02699999854001374 -0.12990381141058924 0.00500000095367432
v 0.02400000196824933 -0.12779900403708899 0.00464540672302246
v 0.02399999866462459 -0.12779900594443760 0.00464540672302246
v 0.02400000270597456 -0.13210104541496420 0.00445553874969482
v 0.02400000614205194 -0.13165093997726468 0.00464197826385498
v 0.02400000116760202 -0.12826447201067870 0.00482934474945068
v 0.02400000116760202 -0.12826447201067870 0.00482934474945068
v 0.02400000110486810 -0.12874572647965712 0.00496677398681641
v 0.02400000110486810 -0.12874572647965712 0.00496677398681641
v 0.02399999658801865 -0.12892833584374436 0.00500000095367432
v 0.02399999989164339 -0.12892833393639572 0.00500000095367432
v 0.02400000140135352 -0.12924555151711067 0.00500000095367432
v 0.02399999745389321 -0.13119789911106122 0.00482962989807129
v 0.02399999252353419 -0.13129593592055000 0.00478901958465576
v 0.02399999836062136 -0.12964771452433388 0.00500000095367432
v 0.02399999883849294 -0.12990381123826220 0.00500000095367432
v 0.02399999400198188 -0.13101976965805431 0.00485308074951172
v 0.02400000510142490 -0.13071175970804888 0.00489363288879395
v 0.02400000433987553 -0.13022872616244416 0.00495722579956055
v 0.02399999671630378 -0.12998919574611650 0.00498875904083252
v 0.02700000157532225 -0.13240381666789783 0.00433012771606445
v -0.00520000243812582 -0.11210380435233243 0.00500000095367432
v -0.00220000273660503 -0.11210380452465948 0.00500000095367432
v -0.00213184533665924 -0.11262145377224611 0.00500000095367432
v -0.00071764048296612 -0.11403565774023514 0.00500000095367432
v -0.00193205594557653 -0.11310380591110994 0.00500000095367432
v -0.00161421380589752 -0.11351801788312506 0.00500000095367432
v -0.00120000273660503 -0.11383585533222837 0.00500000095367432
v -0.00019999940613610 -0.11410380820960815 0.00500000095367432
v -0.00526815290749883 -0.11262144542916246 0.00500000095367432
v -0.00546794680090750 -0.11310380717172884 0.00500000095367432
v -0.00578579085726028 -0.11351802205571859 0.00500000095367432
v -0.00620000003672319 -0.11383585377345085 0.00500000095367432
v -0.00668236157538871 -0.11403565740117758 0.00500000095367432
v -0.00719999760847638 -0.11410380717172884 0.00500000095367432
v -0.00019999409570998 -0.12170381588165709 0.00500000095367432
v -0.07479999963693962 -0.00819999987721823 -0.00499999904632568
v -0.06779999993887048 -0.01580000197989701 -0.00499999904632568
v -0.06831763787930679 -0.01586814844682351 -0.00499999904632568
v -0.06880000132532094 -0.01606794877092550 -0.00499999904632568
v -0.06921421520468471 -0.01638578760697976 -0.00499999904632568
v -0.06953205074643937 -0.01680000197989701 -0.00499999904632568
v -0.06973185315444615 -0.01728236423353591 -0.00499999904632568
v -0.07480000144483551 -0.01580000284936631 -0.00499999904632568
v -0.07379999862543911 -0.01606794721214800 -0.00499999904632568
v -0.07338578564879798 -0.01638578796487604 -0.00499999904632568
v -0.07306795202371709 -0.01680000044796369 -0.00499999904632568
v -0.07428236227535412 -0.01586815001511459 -0.00499999904632568
v -0.07286814839599036 -0.01728236198662920 -0.00499999904632568
v -0.07279999862543911 -0.01779999801971687 -0.00499999904632568
v -0.06979999892391830 -0.01779999819204392 -0.00499999904632568
v -0.10200000286889564 0.00249999874613761 -0.00433012604713440
v -0.09900000299308928 -0.00000000172806089 -0.00499999904632568
v -0.09900000211956207 0.00129409465933623 -0.00482962810993195
v -0.09900000275222809 -0.00112347626633848 -0.00496866118907928
v -0.09900000313484174 -0.00131997828917908 -0.00492622065544128
v -0.09900000369733020 -0.00136065724656109 -0.00491315066814423
v -0.10200000269461007 -0.00000000155573384 -0.00499999904632568
v -0.10200000182108286 0.00129409483166328 -0.00482962810993195
v -0.09900000087110089 -0.00820000235169477 -0.00499999904632568
v -0.09900000316737484 0.00249999857381056 -0.00433012604713440
v -0.09900000051353783 -0.00263866263898093 -0.00436120820045471
v -0.09900000300619007 -0.00269314745732279 -0.00433093011379242
v -0.09900000043304141 -0.00278128667977201 -0.00426992750167847
v -0.10700000210888255 -0.01379999938689145 -0.00499999904632568
v -0.09900000172520694 0.00353553379562905 -0.00353553295135498
v -0.10200000142672774 0.00353553396795610 -0.00353553295135498
v -0.09899999647466774 0.00400595316822526 -0.00292247390747070
v -0.09900000258520258 0.00423005432815393 -0.00263041710853577
v -0.09900000257887467 -0.00382176453046259 -0.00337570333480835
v -0.09900000222036126 -0.00383438416998072 -0.00336266255378723
v -0.09900000281587511 -0.00384402669320797 -0.00335051441192627
v -0.09899999963227467 -0.00021413413607662 -0.00304131674766541
v -0.09900000193310242 -0.00044272206987137 -0.00268152594566345
v -0.10199999820151491 -0.01379999713097169 -0.00499999904632568
v -0.10499999738213754 -0.01579999786086676 -0.00499999904632568
v -0.08816358563105346 -0.03119999804515186 -0.00499999904632568
v -0.08868122166414114 -0.03126814781570311 -0.00499999904632568
v -0.08916358511015529 -0.03146794813980509 -0.00499999904632568
v -0.08957779898951905 -0.03178578697585936 -0.00499999904632568
v -0.08989563643862235 -0.03219999804515186 -0.00499999904632568
v -0.09009543693928049 -0.03268236360241550 -0.00499999904632568
v -0.09016358931600214 -0.03320000137562078 -0.00499999904632568
v -0.09009543954545089 -0.03371763740870845 -0.00499999904632568
v -0.08989563591772416 -0.03419999894737397 -0.00499999904632568
v -0.09899999868945504 0.00433012997798219 -0.00249999904632568
v -0.09899999832221920 0.00440889521105169 -0.00230983734130859
v -0.10199999743730152 0.00433012849849686 -0.00249999904632568
v -0.09899999973360978 0.00472184016053468 -0.00155431795120239
v -0.09900000085167975 0.00482963018302617 -0.00129409408569336
v -0.10199999959952623 0.00482962870354085 -0.00129409408569336
v -0.09899999677889905 0.00253023042856776 -0.00189621925354004
v -0.09900000464200699 -0.00057069284177821 -0.00218386292457581
v -0.09900000127148713 -0.00057803815722892 -0.00214760398864746
v -0.09899999951340065 -0.00282421124626935 -0.00247676587104797
v -0.09900000334695637 -0.00241784779483261 -0.00212039351463318
v -0.09899999954221413 -0.00336466224616762 -0.00202212595939636
v -0.09899999853005489 -0.00253837005396633 -0.00187602996826172
v -0.09900000034172124 0.00234464394818962 -0.00179910898208618
v -0.09900000251659058 -0.00059497325650584 -0.00158079957962036
v -0.09899999744719143 0.00152618800698257 -0.00142942953109741
v -0.09900000493558100 0.00004889079658971 -0.00149356222152710
v -0.09900000043514651 0.00123569635610070 -0.00140904140472412
v -0.09900000025736223 0.00047905847492711 -0.00141126441955566
v -0.09899999955843547 0.00019411463739731 -0.00147444343566895
v -0.09900000078853939 0.00033933466350764 -0.00145532464981079
v -0.09900000273103111 0.00038822718815824 -0.00144888782501221
v -0.09900000273103111 0.00038822718815824 -0.00144888782501221
v -0.09900000299308928 -0.00000000172806089 -0.00149999904632568
v -0.09900000358222466 -0.00010464548303909 -0.00148622274398804
v -0.09900000238486918 -0.00009747592606026 -0.00148716640472412
v -0.09900000438640515 0.00061409065105327 -0.00135533142089844
v -0.09900000277525139 0.00092593173252345 -0.00129213666915894
v -0.09900000295000752 0.00074999819731931 -0.00129903697967529
v -0.09900000417794307 0.00079447969428326 -0.00126490449905396
v -0.09900000359369285 -0.00087377998465998 -0.00140514945983887
v -0.09900000299303678 -0.00066011220178464 -0.00133856868743896
v -0.09900000025877040 -0.00066348913005575 -0.00133487081527710
v -0.09900000375032358 -0.00083145183250824 -0.00133708047866821
v -0.09900000262292484 -0.00126526115826702 -0.00135090351104736
v -0.09900000303617104 -0.00075000165344109 -0.00129903697967529
v -0.09900000257827922 -0.00077582031762674 -0.00127922487258911
v -0.09900000011602965 -0.00095978454330558 -0.00125081539154053
v -0.09900000057399204 -0.00254131146005240 -0.00182107686996460
v -0.09899999726425220 -0.00306699773468218 -0.00177073097229004
v -0.09900000146123548 -0.00322502574361417 -0.00160152959823608
v -0.10200000269461007 -0.00000000155573384 -0.00149999904632568
v -0.10200000243255192 0.00038822736048529 -0.00144888782501221
v -0.10200000295666824 -0.00038823047195298 -0.00144888782501221
v -0.10200000265152832 0.00074999836964636 -0.00129903697967529
v -0.10200000273769184 -0.00075000148111404 -0.00129903697967529
v -0.09899999861980043 -0.00334850478621781 -0.00151718664169312
v -0.10799899779280761 0.00038822815397439 -0.00144888782501221
v -0.10799899801178403 0.00074999916313545 -0.00129903697967529
v -0.10799899805486578 -0.00000000076224474 -0.00149999904632568
v -0.10799899831692394 -0.00038822967846388 -0.00144888782501221
v -0.10799899809794755 -0.00075000068762494 -0.00129903697967529
v -0.10200000269069304 -0.01100000156251834 -0.00149999904632568
v -0.10200000242863488 -0.01061177264629921 -0.00144888782501221
v -0.10200000295275120 -0.01138823047873748 -0.00144888782501221
v -0.10200000360128560 -0.01024999998532577 -0.00129903697967529
v -0.10200000178010049 -0.01175000313971091 -0.00129903697967529
v -0.10799899805094876 -0.01100000076902924 -0.00149999904632568
v -0.10799899778889059 -0.01061177185281011 -0.00144888782501221
v -0.10799899831300691 -0.01138822968524838 -0.00144888782501221
v -0.10799899800786698 -0.01025000084364905 -0.00129903697967529
v -0.10799899809403052 -0.01175000069440944 -0.00129903697967529
v -0.09899999830739707 0.00486115043440243 -0.00105466556549072
v -0.09900000111476777 0.00325443532620802 -0.00053730869293213
v -0.09900000231913707 0.00495556351086963 -0.00033751773834229
v -0.09900000119937837 0.00495722477939848 -0.00032491254806519
v -0.09899999884223046 0.00495839562345635 -0.00031601619720459
v -0.09900000245441150 0.00395203896489840 -0.00011456823348999
v -0.09899999835761024 0.00314053894910857 -0.00103379011154175
v -0.09900000152732796 0.00207351257886916 -0.00078041410446167
v -0.09900000369275094 0.00148678537246051 -0.00077893257141113
v -0.09900000306244694 0.00145051413914042 -0.00071531391143799
v -0.10199999862915091 0.00106066034799682 -0.00106065940856934
v -0.10200000015281976 -0.00106065964476724 -0.00106065940856934
v -0.10200000111741751 0.00129903746053537 -0.00074999904632568
v -0.10199999766455317 -0.00129903675730579 -0.00074999904632568
v -0.09899999865446933 -0.00177813119101329 -0.00060359334945679
v -0.09900000517320587 -0.00182342324495696 -0.00042516088485718
v -0.09900000185493188 0.00149572383965518 -0.00003247737884521
v -0.09900000168024087 -0.00166736240041854 -0.00021951150894165
v -0.09900000323797589 -0.00148126351093608 -0.00014233160018921
v -0.09900000145632497 -0.00149356518083038 -0.00004889345169067
v -0.10199999836709274 0.00144888926421596 -0.00038822746276855
v -0.10200000041487793 -0.00144888856098638 -0.00038822746276855
v -0.10799900155033042 0.00106065897860103 -0.00106065940856934
v -0.10799899646674979 -0.00106065719946578 -0.00106065940856934
v -0.10799899647767322 0.00129903825402447 -0.00074999904632568
v -0.10799900058573268 -0.00129903812670159 -0.00074999904632568
v -0.10799900128827225 0.00144888789482016 -0.00038822746276855
v -0.10799899672880796 -0.00144888611568491 -0.00038822746276855
v -0.10199999957890819 -0.00993933800697530 -0.00106065940856934
v -0.10199999919522841 -0.01206066130336411 -0.00106065940856934
v -0.10200000111350048 -0.00970096254624913 -0.00074999904632568
v -0.10199999766063612 -0.01229903676409029 -0.00074999904632568
v -0.10799900154641338 -0.00993934102818347 -0.00106065940856934
v -0.10799899889080264 -0.00993929985146902 -0.00106060743331909
v -0.10799899646283276 -0.01206065720625028 -0.00106065940856934
v -0.10799899647375619 -0.00970096175276003 -0.00074999904632568
v -0.10799900131059850 -0.00970093811631433 -0.00074993848800659
v -0.10799899792620489 -0.01229899695677163 -0.00075005054473877
v -0.10799900058181564 -0.01229903813348609 -0.00074999904632568
v -0.10199999931685004 -0.00955110909075617 -0.00038822746276855
v -0.10199999945728658 -0.01244889021958325 -0.00038822746276855
v -0.10799900128435522 -0.00955111211196434 -0.00038822746276855
v -0.10799899849180301 -0.00955110169001759 -0.00038816261291504
v -0.10799900060805892 -0.01244886413783608 -0.00038828802108765
v -0.10799899672489091 -0.01244888612246941 -0.00038822746276855
v -0.10799900195180955 -0.01249999401254016 -0.00000006389617920
v -0.10500000044919711 -0.01764999865207936 -0.00064999914169312
v -0.10500000098266937 -0.01748176957866424 -0.00062785100936890
v -0.10499999800837621 -0.01781823102911923 -0.00062785100936890
v -0.10500000063935820 -0.01732500137446849 -0.00056291532516479
v -0.10499999835168738 -0.01797499923331497 -0.00056291532516479
v -0.10499999726611610 -0.01719037892119678 -0.00045961856842041
v -0.10500000202717706 -0.01708708393163322 -0.00032499885559082
v -0.10499999970693699 -0.01702214654415691 -0.00016823148727417
v -0.06980000146343511 -0.02620000294874525 -0.00499999904632568
v -0.06779999673669007 -0.02820000142272055 -0.00499999904632568
v -0.06831763781352010 -0.02813185095334754 -0.00499999904632568
v -0.06880000337078375 -0.02793205045268939 -0.00499999904632568
v -0.06973185169288386 -0.02671763898183292 -0.00499999904632568
v -0.06953204806515713 -0.02720000052049844 -0.00499999904632568
v -0.06921421444007624 -0.02761421300358610 -0.00499999904632568
v -0.07280000116495590 -0.02620000277641820 -0.00499999904632568
v -0.07286814693442807 -0.02671763673492622 -0.00499999904632568
v -0.07306794934243485 -0.02719999898856512 -0.00499999904632568
v -0.07338578488418951 -0.02761421336148236 -0.00499999904632568
v -0.07379999876355327 -0.02793205219753663 -0.00499999904632568
v -0.07428236220956741 -0.02813185252163861 -0.00499999904632568
v -0.07480000015000372 -0.02819999898856512 -0.00499999904632568
v -0.07824871007963773 -0.05037306625092643 -0.00499999904632568
v -0.07873107161830323 -0.05057286987865316 -0.00499999904632568
v -0.07924871146608817 -0.05064101304195493 -0.00499999904632568
v -0.07976634872822091 -0.05057286917983139 -0.00499999904632568
v -0.08098076088720658 -0.04964101544335756 -0.00499999904632568
v -0.08066292535477707 -0.05005523123006995 -0.00499999904632568
v -0.08024871428548457 -0.05037306867917325 -0.00499999904632568
v -0.07848076088720658 -0.05397114246227975 -0.00499999904632568
v -0.11850000300623482 0.00129409304620723 -0.00482962810993195
v -0.11849999774934972 0.00000000129941356 -0.00499999904632568
v -0.12149999745087051 0.00000000147174061 -0.00499999904632568
v -0.12150000270775563 0.00129409321853427 -0.00482962810993195
v -0.11849999792363528 0.00250000160128501 -0.00433012604713440
v -0.12149999762515608 0.00250000177361206 -0.00433012604713440
v -0.12150000248745052 -0.00870590716304536 -0.00482962810993195
v -0.12449999740892337 -0.00999999791160578 -0.00499999904632568
v -0.12450000218897132 -0.00870590699071830 -0.00482962810993195
v -0.12149999788168814 -0.00749999778206138 -0.00433012604713440
v -0.12449999758320893 -0.00749999760973434 -0.00433012604713440
v -0.12149999770740258 -0.00999999808393284 -0.00499999904632568
v -0.12450000181274146 -0.01472243291092221 -0.00499999904632568
v -0.11850000261187971 0.00353553218250005 -0.00353553295135498
v -0.12150000231340051 0.00353553235482710 -0.00353553295135498
v -0.12150000209309539 -0.00646446802675253 -0.00353553295135498
v -0.12450000179461621 -0.00646446785442548 -0.00353553295135498
v -0.10500000078720660 -0.02820000111838757 -0.00499999904632568
v -0.10699999838580397 -0.02819999973193711 -0.00499999904632568
v -0.09916460218740936 -0.03178578463580892 -0.00499999904632568
v -0.09957881986395134 -0.03146795100140289 -0.00499999904632568
v -0.09884676665497984 -0.03220000042252131 -0.00499999904632568
v -0.10006117881396549 -0.03126814668604747 -0.00499999904632568
v -0.10057881798344689 -0.03119999952029920 -0.00499999904632568
v -0.11079594017447589 -0.03126814950974283 -0.00499999904632568
v -0.11027830414138821 -0.03119999973919159 -0.00499999904632568
v -0.11127830362049004 -0.03146794983384481 -0.00499999904632568
v -0.11169251749985379 -0.03178578866989908 -0.00499999904632568
v -0.11850000274767492 -0.02820000225026447 -0.00499999904632568
v -0.11201035494895710 -0.03219999973919158 -0.00499999904632568
v -0.11221015544961524 -0.03268236529645522 -0.00499999904632568
v -0.11227830121908741 -0.03319999925496324 -0.00499999904632568
v -0.11221015144853617 -0.03371763528805091 -0.00499999904632568
v -0.11201035442805891 -0.03420000064141369 -0.00499999904632568
v -0.10500000238829681 -0.02200000139697579 -0.00299999904632568
v -0.10500000186418047 -0.02122354356453752 -0.00289777636528015
v -0.10699999998689419 -0.02200000001052534 -0.00299999904632568
v -0.10699999946277786 -0.02122354217808707 -0.00289777636528015
v -0.10700000051101050 -0.02277645784296361 -0.00289777636528015
v -0.10500000230213329 -0.02050000154621539 -0.00259807515144348
v -0.10699999990073066 -0.02050000015976494 -0.00259807515144348
v -0.10500000291241313 -0.02277645922941406 -0.00289777636528015
v -0.10500000247446033 -0.02350000124773619 -0.00259807515144348
v -0.10700000007305771 -0.02349999986128574 -0.00259807515144348
v -0.12530809777688662 -0.02278193712410019 -0.00499999904632568
v -0.12634099355407222 -0.02202861472549762 -0.00499999904632568
v -0.12753116352095079 -0.02156184540056517 -0.00499999904632568
v -0.12450000129736731 -0.02376729464342018 -0.00499999904632568
v -0.12449999770212428 -0.02377256515279033 -0.00499999904632568
v -0.12880079318179427 -0.02141214450380501 -0.00499999904632568
v -0.13006688461908231 -0.02158929647731604 -0.00499999904632568
v -0.13124666185491404 -0.02208172051753920 -0.00499999904632568
v -0.13725000452619229 -0.02208365040970151 -0.00499999904632568
v -0.13575000452619229 -0.02468172662105483 -0.00499999904632568
v -0.13837071296841572 -0.02273069173050229 -0.00482962810993195
v -0.13687071296841571 -0.02532876794185561 -0.00482962810993195
v -0.13941506803565340 -0.02333365040970151 -0.00433012604713440
v -0.13791506803565340 -0.02593172662105482 -0.00433012604713440
v -0.14031185679301464 -0.02385141164017026 -0.00353553295135498
v -0.13881185679301464 -0.02644948785152357 -0.00353553295135498
v -0.11961900315131838 -0.04920121352851862 -0.00469846212863922
v -0.12034808670238953 -0.04962215011299127 -0.00492403781414032
v -0.12110000490766201 -0.05005627029121393 -0.00499999904632568
v -0.12227320734551911 -0.04842421795776615 -0.00479583048820496
v -0.12185192311293452 -0.05049039046943658 -0.00492403781414032
v -0.12287864282982984 -0.04877376629760990 -0.00471504044532776
v -0.12258099344950671 -0.05091131942451471 -0.00469846212863922
v -0.12346734875845833 -0.04911365582397709 -0.00453289544582367
v -0.11893494139820092 -0.04880627029121393 -0.00433012604713440
v -0.11987334861855251 -0.04703865887573490 -0.00405331099033356
v -0.11831664820640297 -0.04844929855049127 -0.00383022117614746
v -0.12402665242690281 -0.04943656994751224 -0.00425331091880798
v -0.12326506841712312 -0.05130627029121393 -0.00433012604713440
v -0.12388334839442210 -0.05166323440254205 -0.00383022117614746
v -0.11778292780794336 -0.04814115493476862 -0.00321393704414368
v -0.11858973183316113 -0.04629756237915286 -0.00257111978530884
v -0.11938400250759758 -0.04675613476684818 -0.00363379383087158
v -0.11895303805304402 -0.04650731732300052 -0.00313616466522217
v -0.12441706879288172 -0.05197137801826471 -0.00321393704414368
v -0.11849999909929064 0.00433012753894700 -0.00249999904632568
v -0.12149999880081144 0.00433012771127405 -0.00249999904632568
v -0.12149999905734349 -0.00566987184439940 -0.00249999904632568
v -0.11850000173835250 0.00482962856989717 -0.00129409408569336
v -0.11800099857126710 0.00038822707023466 -0.00144888782501221
v -0.11800100069759212 0.00075000138302046 -0.00129903697967529
v -0.12150000143987330 0.00482962874222421 -0.00129409408569336
v -0.11800100074067389 0.00000000145764026 -0.00149999904632568
v -0.11849999774934972 0.00000000129941356 -0.00149999904632568
v -0.11849999748729155 0.00038823021563269 -0.00144888782501221
v -0.11849999801140788 -0.00038822761680558 -0.00144888782501221
v -0.11849999770626796 0.00075000122479376 -0.00129903697967529
v -0.11800100100273206 -0.00038822745857888 -0.00144888782501221
v -0.11800100078375564 -0.00074999846773994 -0.00129903697967529
v -0.11849999779243148 -0.00074999862596664 -0.00129903697967529
v -0.12149999745087051 0.00000000147174061 -0.00149999904632568
v -0.12149999718881235 0.00038823038795974 -0.00144888782501221
v -0.12149999771292867 -0.00038822744447853 -0.00144888782501221
v -0.12149999740778876 0.00075000139712080 -0.00129903697967529
v -0.12149999749395228 -0.00074999845363959 -0.00129903697967529
v -0.12449999715239131 0.00000000164406765 -0.00149999904632568
v -0.12449999689033314 0.00038823056028679 -0.00144888782501221
v -0.12449999741444948 -0.00038822727215148 -0.00144888782501221
v -0.12449999710930955 0.00075000156944785 -0.00129903697967529
v -0.12449999719547307 -0.00074999828131254 -0.00129903697967529
v -0.12150000121956819 -0.00517037163935541 -0.00129409408569336
v -0.11800099856735005 -0.01061177293654984 -0.00144888782501221
v -0.11800100073675686 -0.01099999854914424 -0.00149999904632568
v -0.11849999774543268 -0.01099999870737094 -0.00149999904632568
v -0.11849999748337452 -0.01061176979115181 -0.00144888782501221
v -0.11800100099881501 -0.01138822746536338 -0.00144888782501221
v -0.11849999800749085 -0.01138822762359008 -0.00144888782501221
v -0.11800100069367510 -0.01024999862376404 -0.00129903697967529
v -0.11849999770235092 -0.01024999878199074 -0.00129903697967529
v -0.11849999778851446 -0.01174999863275114 -0.00129903697967529
v -0.11800100077983862 -0.01174999847452444 -0.00129903697967529
v -0.12449999875886428 -0.00566987167207235 -0.00249999904632568
v -0.12450000092108898 -0.00517037146702837 -0.00129409408569336
v -0.12449999710539252 -0.01024999843733664 -0.00129903697967529
v -0.12449999714847428 -0.01099999836271684 -0.00149999904632568
v -0.12449999688641612 -0.01061176944649770 -0.00144888782501221
v -0.12449999741053243 -0.01138822727893597 -0.00144888782501221
v -0.12149999744695347 -0.01099999853504389 -0.00149999904632568
v -0.12149999718489532 -0.01061176961882476 -0.00144888782501221
v -0.12149999740387173 -0.01024999860966370 -0.00129903697967529
v -0.12149999770901164 -0.01138822745126303 -0.00144888782501221
v -0.12149999749003525 -0.01174999846042409 -0.00129903697967529
v -0.12449999719155604 -0.01174999828809704 -0.00129903697967529
v -0.11800099619837756 0.00106066253546474 -0.00106065940856934
v -0.11850000076797719 0.00106066021435314 -0.00106065940856934
v -0.11850000277940663 0.00129903650098550 -0.00074999904632568
v -0.11800099773296983 0.00129903799619092 -0.00074999904632568
v -0.11800099724520927 -0.00106065828320551 -0.00106065940856934
v -0.11850000181480888 -0.00106066060431711 -0.00106065940856934
v -0.11800100136419214 -0.00129903921044132 -0.00074999904632568
v -0.11849999932654229 -0.00129903771685565 -0.00074999904632568
v -0.12150000046949798 0.00106066038668019 -0.00106065940856934
v -0.12150000103949252 -0.00106066125789625 -0.00106065940856934
v -0.12450000017101878 0.00106066055900724 -0.00106065940856934
v -0.12450000074101331 -0.00106066108556920 -0.00106065940856934
v -0.12150000248092742 0.00129903667331255 -0.00074999904632568
v -0.12149999902806308 -0.00129903754452861 -0.00074999904632568
v -0.12450000218244822 0.00129903684563960 -0.00074999904632568
v -0.12449999872958388 -0.00129903737220156 -0.00074999904632568
v -0.11850000002908186 0.00144888830466609 -0.00038822746276855
v -0.11800100254356888 0.00144888763698661 -0.00038822746276855
v -0.11800099750726742 -0.00144888719942465 -0.00038822746276855
v -0.11850000207686705 -0.00144888952053625 -0.00038822746276855
v -0.12149999973060267 0.00144888847699314 -0.00038822746276855
v -0.12150000177838784 -0.00144888934820920 -0.00038822746276855
v -0.12449999943212346 0.00144888864932019 -0.00038822746276855
v -0.12450000147990864 -0.00144888917588215 -0.00038822746276855
v -0.11800100232487284 -0.00993934211192321 -0.00106065940856934
v -0.11850000028722299 -0.00993934061833754 -0.00106065940856934
v -0.11800099724129223 -0.01206065828999001 -0.00106065940856934
v -0.11850000181089185 -0.01206066061110161 -0.00106065940856934
v -0.11850000277548960 -0.00970096350579900 -0.00074999904632568
v -0.11800099820588997 -0.00970096118468740 -0.00074999904632568
v -0.11800100136027511 -0.01229903921722582 -0.00074999904632568
v -0.11800100206281469 -0.00955111319570407 -0.00038822746276855
v -0.11850000002516484 -0.00955111170211840 -0.00038822746276855
v -0.11800099750335040 -0.01244888720620915 -0.00038822746276855
v -0.12449999969026460 -0.00993934027368344 -0.00106065940856934
v -0.12150000247701039 -0.00970096333347195 -0.00074999904632568
v -0.12450000217853117 -0.00970096316114489 -0.00074999904632568
v -0.12149999972668563 -0.00955111152979136 -0.00038822746276855
v -0.12449999942820643 -0.00955111135746430 -0.00038822746276855
v -0.12149999998874379 -0.00993934044601049 -0.00106065940856934
v -0.12150000151241264 -0.01206066043877456 -0.00106065940856934
v -0.11849999932262524 -0.01229903772364016 -0.00074999904632568
v -0.12149999902414606 -0.01229903755131311 -0.00074999904632568
v -0.12450000121393345 -0.01206066026644751 -0.00106065940856934
v -0.12449999872566685 -0.01229903737898605 -0.00074999904632568
v -0.11850000207295001 -0.01244888952732075 -0.00038822746276855
v -0.12150000177447080 -0.01244888935499370 -0.00038822746276855
v -0.12450000147599159 -0.01244888918266664 -0.00038822746276855
v -0.10500000086462795 -0.01987868140421172 -0.00212131929397583
v -0.10699999846322533 -0.01987868001776127 -0.00212131929397583
v -0.10499999730471618 -0.02412131757504260 -0.00212131929397583
v -0.10700000151056302 -0.02412132000328941 -0.00212131929397583
v -0.10499999923391166 -0.01940192336443737 -0.00149999904632568
v -0.10699999683250905 -0.01940192197798691 -0.00149999904632568
v -0.10499999893543246 -0.02459807561481695 -0.00149999904632568
v -0.10700000314127930 -0.02459807804306376 -0.00149999904632568
v -0.10699999858126674 -0.01748176819221378 -0.00062785100936890
v -0.10699999804779448 -0.01764999726562891 -0.00064999914169312
v -0.10700000221422307 -0.01781823345736604 -0.00062785100936890
v -0.10500000034051163 -0.01910222357177345 -0.00077645635604858
v -0.10699999793910900 -0.01910222218532300 -0.00077645635604858
v -0.10499999782883251 -0.02489777540748087 -0.00077645635604858
v -0.10500000016096792 -0.02618176795013509 -0.00062785100936890
v -0.10499999772014702 -0.02635000032717496 -0.00064999914169312
v -0.10500000379392424 -0.02651823321528735 -0.00062785100936890
v -0.10700000203467935 -0.02489777783572768 -0.00077645635604858
v -0.10700000192599388 -0.02635000275542177 -0.00064999914169312
v -0.10699999775956529 -0.02618176656368464 -0.00062785100936890
v -0.10700000139252161 -0.02651823182883690 -0.00062785100936890
v -0.10699999823795558 -0.01732499998801804 -0.00056291532516479
v -0.10700000255753424 -0.01797500166156178 -0.00056291532516479
v -0.10500000172492949 -0.01810962168658668 -0.00045961856842041
v -0.10499999696386852 -0.01821291667615024 -0.00032499885559082
v -0.10700000147196295 -0.01719038134944359 -0.00045961856842041
v -0.10699999962577444 -0.01708708254518277 -0.00032499885559082
v -0.10699999932352687 -0.01810962030013623 -0.00045961856842041
v -0.10700000116971538 -0.01821291910439705 -0.00032499885559082
v -0.10500000119145723 -0.01827785076000181 -0.00016823148727417
v -0.10699999730553436 -0.01702214515770646 -0.00016823148727417
v -0.10699999879005460 -0.01827784937355136 -0.00016823148727417
v -0.10499999981765676 -0.02602499974593935 -0.00056291532516479
v -0.10500000305166413 -0.02589038110736490 -0.00045961856842041
v -0.10500000120547562 -0.02578708230310408 -0.00032499885559082
v -0.10499999752998593 -0.02667499760478583 -0.00056291532516479
v -0.10499999697788691 -0.02572214821925251 -0.00016823148727417
v -0.10699999741625411 -0.02602499835948889 -0.00056291532516479
v -0.10700000173583277 -0.02667500003303264 -0.00056291532516479
v -0.10700000065026148 -0.02589037972091445 -0.00045961856842041
v -0.10699999850182540 -0.02680961867160708 -0.00045961856842041
v -0.10699999880407297 -0.02578708091665362 -0.00032499885559082
v -0.10700000034801392 -0.02691291747586791 -0.00032499885559082
v -0.10500000090322804 -0.02680962005805754 -0.00045961856842041
v -0.10500000274941655 -0.02691291886231836 -0.00032499885559082
v -0.10700000118373376 -0.02572215064749932 -0.00016823148727417
v -0.10699999606100451 -0.02697785104864695 -0.00016823148727417
v -0.10499999846240714 -0.02697785243509741 -0.00016823148727417
v -0.14100000182631048 -0.02424871236038510 -0.00249999904632568
v -0.13950000182631048 -0.02684678857173842 -0.00249999904632568
v -0.13725000452619229 -0.02208365040970151 -0.00149999904632568
v -0.13691378802917559 -0.02188953572464292 -0.00144888782501221
v -0.13758622102320903 -0.02227776509476010 -0.00144888782501221
v -0.13660048547335396 -0.02170865040970151 -0.00129903697967529
v -0.13575000452619229 -0.02468172662105483 -0.00149999904632568
v -0.13541378802917559 -0.02448761193599623 -0.00144888782501221
v -0.13608622102320903 -0.02487584130611342 -0.00144888782501221
v -0.13510048547335396 -0.02430672662105483 -0.00129903697967529
v -0.13789952357903063 -0.02245865040970151 -0.00129903697967529
v -0.13639952357903062 -0.02505672662105482 -0.00129903697967529
v -0.14143257844973703 -0.02449846059036557 -0.00129409408569336
v -0.13993257844973703 -0.02709653680171889 -0.00129409408569336
v -0.13633143827454644 -0.02155331593704526 -0.00106065940856934
v -0.13483143827454644 -0.02415139214839858 -0.00106065940856934
v -0.13612500137180716 -0.02143412953567807 -0.00074999904632568
v -0.13462500137180716 -0.02403220574703139 -0.00074999904632568
v -0.13816855756333923 -0.02261397725296323 -0.00106065940856934
v -0.13666855756333923 -0.02521205346431655 -0.00106065940856934
v -0.13837499446607848 -0.02273316365433042 -0.00074999904632568
v -0.13687499446607848 -0.02533123986568373 -0.00074999904632568
v -0.13599522177752971 -0.02135920125198667 -0.00038822746276855
v -0.13449522177752971 -0.02395727746333998 -0.00038822746276855
v -0.13850477406035591 -0.02280809193802182 -0.00038822746276855
v -0.13700477406035591 -0.02540616814937514 -0.00038822746276855
v -0.11734999439304490 -0.04789120071113580 -0.00249999904632568
v -0.11703100960267086 -0.04770703475654596 -0.00171009969711304
v -0.11875588193442090 -0.04985759079997884 -0.00248296189308167
v -0.11865144774914703 -0.04979729569499837 -0.00243301177024841
v -0.11886795410009314 -0.04992229569499837 -0.00249999904632568
v -0.11856176094471152 -0.04974551499431477 -0.00235355234146118
v -0.11825588193442090 -0.05072361620376327 -0.00248296189308167
v -0.11815144774914703 -0.05066332109878281 -0.00243301177024841
v -0.11836795410009314 -0.05078832109878281 -0.00249999904632568
v -0.11806176094471152 -0.05061154039809921 -0.00235355234146118
v -0.11849295304863142 -0.04970578873699056 -0.00224999904632568
v -0.11799295304863143 -0.05057181414077499 -0.00224999904632568
v -0.11884118558337042 -0.05255444503811477 -0.00249999904632568
v -0.11910000421443680 -0.05252037310705300 -0.00249999904632568
v -0.11935882223098063 -0.05255444799232862 -0.00249999904632568
v -0.11960000490766201 -0.05265434650256724 -0.00249999904632568
v -0.11980711089366958 -0.05281326757240674 -0.00249999904632568
v -0.11996602961822123 -0.05302037310705300 -0.00249999904632568
v -0.11844968877903929 -0.04968081009929524 -0.00212940859794617
v -0.11794968877903929 -0.05054683550307968 -0.00212940859794617
v -0.11843494139820092 -0.04967229569499837 -0.00199999904632568
v -0.11793494139820092 -0.05053832109878281 -0.00199999904632568
v -0.12006593177589893 -0.05326155258206008 -0.00249999904632568
v -0.12233205571523090 -0.05192229569499837 -0.00249999904632568
v -0.12244412788090314 -0.05198700059001790 -0.00248296189308167
v -0.12254856206617699 -0.05204729569499837 -0.00243301177024841
v -0.12263823565611355 -0.05209906876628743 -0.00235355234146118
v -0.12183205571523090 -0.05278832109878280 -0.00249999904632568
v -0.12194412788090314 -0.05285302599380234 -0.00248296189308167
v -0.12204856206617701 -0.05291332109878280 -0.00243301177024841
v -0.12213823565611355 -0.05296509417007186 -0.00235355234146118
v -0.12270705676669261 -0.05213880265300618 -0.00224999904632568
v -0.12220705676669261 -0.05300482805679062 -0.00224999904632568
v -0.12485000220778018 -0.05222133224189753 -0.00249999904632568
v -0.12578348042002002 -0.05045087506225834 -0.00222470974922180
v -0.12275030782178578 -0.05216377366130696 -0.00212940859794617
v -0.12225030782178578 -0.05302979906509140 -0.00212940859794617
v -0.12276506841712312 -0.05217229569499837 -0.00199999904632568
v -0.12226506841712312 -0.05303832109878280 -0.00199999904632568
v -0.12227320734551911 -0.04842421795776615 -0.00148911523818970
v -0.12227898208156425 -0.04842755200317631 -0.00143488264083862
v -0.12229590985473086 -0.04843732525757084 -0.00138473844528198
v -0.12259480860668706 -0.04860989453247318 -0.00138961124420166
v -0.12232286743260747 -0.04845288922241459 -0.00134200763702393
v -0.12256633136143016 -0.04859345318725834 -0.00134597635269165
v -0.12235808407233351 -0.04847322155884037 -0.00130952310562134
v -0.12239922080759322 -0.04849697186401615 -0.00128943872451782
v -0.12252995184579572 -0.04857244946411381 -0.00131232500076294
v -0.12248808831309325 -0.04854827954223880 -0.00129088783264160
v -0.12244352902260312 -0.04852255322387942 -0.00128308677673340
v -0.12602560968444784 -0.05059066845825443 -0.00157887506484985
v -0.12516898699815421 -0.05240549819648736 -0.00171009969711304
v -0.11683565966455829 -0.04759424941719049 -0.00086823987960815
v -0.12130519243876825 -0.04786533429077396 -0.00118961143493652
v -0.12132367952281205 -0.04787600781372318 -0.00113931274414062
v -0.12133073606525621 -0.04788008191040287 -0.00108611202239990
v -0.12132588634413821 -0.04787728192260990 -0.00103353691101074
v -0.12130944750743308 -0.04786779095581302 -0.00098507356643677
v -0.12128252957305337 -0.04785224987915287 -0.00094393444061279
v -0.12106976292531267 -0.04772940899780521 -0.00091776227951050
v -0.12111333112838088 -0.04775456311157474 -0.00089641666412354
v -0.12120493403516545 -0.04780745007446537 -0.00089387559890747
v -0.12115939687175235 -0.04778115918091068 -0.00088827466964722
v -0.12124690328385959 -0.04783168103149662 -0.00091284799575806
v -0.12110000490766201 -0.05005627029121393 -0.00074270486831665
v -0.12110576642920819 -0.05005959670722955 -0.00068847227096558
v -0.12077840364649409 -0.04987059371650690 -0.00064320135116577
v -0.12112270741687378 -0.05006937759101861 -0.00063832807540894
v -0.12142160616882995 -0.05024194686592096 -0.00064320135116577
v -0.12618335115852278 -0.05068174054077396 -0.00089910078048706
v -0.12536433693626678 -0.05251828353584283 -0.00086823987960815
v -0.12079689073053788 -0.04988126723945611 -0.00059290266036987
v -0.12114966499475037 -0.05008494155586236 -0.00059559726715088
v -0.12139311570907411 -0.05022549789131159 -0.00059956645965576
v -0.12118488163447640 -0.05010527389228814 -0.00056311273574829
v -0.12135674940793863 -0.05020450179756158 -0.00056591463088989
v -0.12080393405848310 -0.04988533370674127 -0.00053970193862915
v -0.12079908433736510 -0.04988253371894830 -0.00048712682723999
v -0.12122600515523717 -0.05012901656806940 -0.00054302883148193
v -0.12127032658474603 -0.05015460555732721 -0.00053667640686035
v -0.12131488587523616 -0.05018033187568659 -0.00054447746276855
v -0.12054297413303854 -0.04973466842353814 -0.00037135171890259
v -0.12058652912160775 -0.04975981490791315 -0.00035000658035278
v -0.12067813202839232 -0.04981270187080377 -0.00034746503829956
v -0.12063260807947819 -0.04978641860664362 -0.00034186458587646
v -0.12078265871515892 -0.04987305038154596 -0.00043866300582886
v -0.12075572756628024 -0.04985750167549127 -0.00039752435684204
v -0.12072010127708648 -0.04983693282783502 -0.00036643791198730
v -0.12161924221526245 -0.05035605209053033 -0.00033846473693848
v -0.12159009103055864 -0.05033922164619440 -0.00029646301269531
v -0.12157153787402006 -0.05032850997627252 -0.00024813079833984
v -0.12156477205055299 -0.05032460372627252 -0.00019667387008667
v -0.12157028249661893 -0.05032778518379205 -0.00014550352096558
v -0.12158767277724913 -0.05033782546699518 -0.00009801244735718
v -0.12161580644553309 -0.05035406844795221 -0.00005734968185425
v -0.12330343611336948 -0.04901902081421146 -0.00057135200500488
v -0.12326565586084538 -0.04899720837524662 -0.00053846502304077
v -0.12323650467614158 -0.04898037793091068 -0.00049646282196045
v -0.12321793830510402 -0.04896965863159427 -0.00044813108444214
v -0.12321118569613593 -0.04896576001098880 -0.00039667367935181
v -0.12321668292770292 -0.04896893383911381 -0.00034550333023071
v -0.12165703568228552 -0.05037787215888971 -0.00037135171890259
v -0.12323408642283207 -0.04897898175171146 -0.00029801225662231
v -0.12326222009111602 -0.04899522473266849 -0.00025734949111938
v -0.12329922068820154 -0.04901658703735599 -0.00022621154785156
v -0.12334264353178118 -0.04904165722778568 -0.00020666265487671
v -0.12338960786108187 -0.04906877209594974 -0.00019999885559082
v -0.12165280704261859 -0.05037543075263971 -0.00002621173858643
v -0.12169622988619824 -0.05040050094306939 -0.00000666236877441
v -0.12625330871601231 -0.05072213055542240 -0.00019999885559082
v -0.09167808264924253 -0.04461652534386470 -0.00499999904632568
v -0.09147828283621307 -0.04509888027528074 -0.00499999904632568
v -0.09141013585821403 -0.04561652673031516 -0.00499999904632568
v -0.08891013585821403 -0.04994665374923735 -0.00499999904632568
v -0.09147828353503483 -0.04613415738519844 -0.00499999904632568
v -0.09167808403569300 -0.04661652294246207 -0.00499999904632568
v -0.09199592148479628 -0.04703073401175457 -0.00499999904632568
v -0.09241013345681141 -0.04734857615143358 -0.00499999904632568
v -0.08939249480822820 -0.04974684943388193 -0.00499999904632568
v -0.08991013588505822 -0.04967869896450892 -0.00499999904632568
v -0.09042777191814590 -0.04974684873506017 -0.00499999904632568
v -0.09091013345681141 -0.04994665236278689 -0.00499999904632568
v -0.08849591818167206 -0.05026448738364338 -0.00499999904632568
v -0.08817808264924253 -0.05067870317035578 -0.00499999904632568
v -0.09968474817005059 -0.05154857691437302 -0.00499999904632568
v -0.10016711352341337 -0.05174837393485027 -0.00499999904632568
v -0.09818474817005059 -0.05414665312572634 -0.00499999904632568
v -0.09859896395676297 -0.05446448865815587 -0.00499999904632568
v -0.10120239063333107 -0.05174837323602851 -0.00499999904632568
v -0.10241679897761946 -0.05081652610680415 -0.00499999904632568
v -0.10209896065263772 -0.05123073147156979 -0.00499999904632568
v -0.10168474576864796 -0.05154857552792257 -0.00499999904632568
v -0.10068474955650104 -0.05181652370540152 -0.00499999904632568
v -0.09891680140586628 -0.05487869972744837 -0.00499999904632568
v -0.09911660190652442 -0.05536106528471200 -0.00499999904632568
v -0.09918474576864796 -0.05587870254684477 -0.00499999904632568
v -0.09911659599809672 -0.05639633857993243 -0.00499999904632568
v -0.09891679897761947 -0.05687870393329522 -0.00499999904632568
v -0.07307808417512143 -0.07683266772174602 -0.00499999904632568
v -0.07207808417512143 -0.07856471852931490 -0.00499999904632568
v -0.08381680050349838 -0.08303266848468548 -0.00499999904632568
v -0.08704885131106725 -0.08143459227333216 -0.00499999904632568
v -0.08454885131106725 -0.08576471929225435 -0.00499999904632568
v -0.07844743903568517 -0.07993266619586711 -0.00299999904632568
v -0.07777501264890122 -0.07954444064044719 -0.00289777636528015
v -0.07714840093000851 -0.07918266619586711 -0.00259807515144348
v -0.07744743903568517 -0.08166471700343600 -0.00299999904632568
v -0.07677501264890121 -0.08127649144801607 -0.00289777636528015
v -0.07614840093000851 -0.08091471700343600 -0.00259807515144348
v -0.07911987202971860 -0.08032089556598430 -0.00289777636528015
v -0.07974647714136182 -0.08068266619586711 -0.00259807515144348
v -0.07811987202971860 -0.08205294637355319 -0.00289777636528015
v -0.07874647714136182 -0.08241471700343600 -0.00259807515144348
v -0.10876653991736243 -0.05101844913251138 -0.00499999904632568
v -0.10826704126999237 -0.05222435018662296 -0.00499999904632568
v -0.10809666963616646 -0.05351845069128888 -0.00499999904632568
v -0.10826703640979729 -0.05481253914671993 -0.00499999904632568
v -0.10876653486889044 -0.05601844261793228 -0.00499999904632568
v -0.10956113789145039 -0.05705398452780754 -0.00499999904632568
v -0.11059666032903513 -0.05784857233673631 -0.00499999904632568
v -0.10549859072493131 -0.06067870317035577 -0.00499999904632568
v -0.11753139765105772 -0.05512106843441157 -0.00496871685981751
v -0.11716068709798297 -0.05522040282028585 -0.00493069553375244
v -0.11734116283212830 -0.05515253013819725 -0.00494974434375763
v -0.11773001530020305 -0.05512693660801508 -0.00498529589176178
v -0.11792368266191351 -0.05517256789581163 -0.00499619674682617
v -0.11810000490766201 -0.05525242271392056 -0.00499999904632568
v -0.11825732233163319 -0.05536519484893664 -0.00499619674682617
v -0.11839367386692763 -0.05551010006016353 -0.00498529589176178
v -0.11849805146441579 -0.05567916627376704 -0.00496871685981751
v -0.11670194322906065 -0.05655772563587317 -0.00496871685981751
v -0.11660261596150837 -0.05618701038289758 -0.00493069553375244
v -0.11663407054697204 -0.05637724990172785 -0.00494974434375763
v -0.11699163740250317 -0.05532478995451719 -0.00491393828392029
v -0.11684673930959828 -0.05546113678991078 -0.00490285813808441
v -0.11673397759652895 -0.05561845142132974 -0.00489897847175598
v -0.11665411998586780 -0.05579476324513151 -0.00490285813808441
v -0.11660849302384105 -0.05598841548499437 -0.00491393828392029
v -0.11680633594839641 -0.05672679617524647 -0.00498529589176178
v -0.11694268557634221 -0.05687170469009810 -0.00499619674682617
v -0.11710000300031338 -0.05698447682511418 -0.00499999904632568
v -0.11727632524606191 -0.05706433164322310 -0.00499619674682617
v -0.11746999451512100 -0.05710995962739491 -0.00498529589176178
v -0.11766859704241872 -0.05711582347522864 -0.00496871685981751
v -0.11660000300031338 -0.05785050222889861 -0.00499999904632568
v -0.11547928134359101 -0.05720345327870330 -0.00482962810993195
v -0.11510000300031338 -0.06044857844025193 -0.00499999904632568
v -0.11856593545365474 -0.05585965294093163 -0.00494974434375763
v -0.11859738063931671 -0.05604987822311789 -0.00493069553375244
v -0.11785884316849848 -0.05708437270446223 -0.00494974434375763
v -0.11803930950284211 -0.05701648578572961 -0.00493069553375244
v -0.11859150357698403 -0.05624847312102110 -0.00491393828392029
v -0.11854587280026001 -0.05644213196813344 -0.00490285813808441
v -0.11846602840409783 -0.05661845142132974 -0.00489897847175598
v -0.11835325347652953 -0.05677575842335416 -0.00490285813808441
v -0.11820835919832191 -0.05691209865149828 -0.00491393828392029
v -0.11772071144253682 -0.05849754354969940 -0.00482962810993195
v -0.11622071144253682 -0.06109561976105271 -0.00482962810993195
v -0.11443493949085229 -0.05660050222889861 -0.00433012604713440
v -0.11876506650977449 -0.05910050222889861 -0.00433012604713440
v -0.11726506650977449 -0.06169857844025193 -0.00433012604713440
v -0.11260000300031338 -0.06477870545917412 -0.00499999904632568
v -0.11372071144253681 -0.06542574677997490 -0.00482962810993195
v -0.11476506650977449 -0.06602870545917412 -0.00433012604713440
v -0.11353813751899207 -0.05608273336903533 -0.00353553295135498
v -0.11966185526713574 -0.05961826345936736 -0.00353553295135498
v -0.11816185526713574 -0.06221633967072068 -0.00353553295135498
v -0.11566185526713574 -0.06654646668964287 -0.00353553295135498
v -0.09339859225081021 -0.08163651529903938 -0.00499999904632568
v -0.09880979082232796 -0.08476067225094369 -0.00471178460121155
v -0.09963140229511083 -0.08523502985592415 -0.00499999904632568
v -0.09921789419368225 -0.08499629084225228 -0.00488039469718933
v -0.10050000452619229 -0.08573651758785775 -0.00499999904632568
v -0.09841796771369130 -0.08453445307369760 -0.00449779736995697
v -0.10133933664207932 -0.08622110621090462 -0.00487240397930145
v -0.10162071296841572 -0.08638355890865854 -0.00482962810993195
v -0.09804619099997561 -0.08431980768795541 -0.00424049401283264
v -0.09769805502489778 -0.08411881128902962 -0.00394235229492187
v -0.10266506803565340 -0.08698651758785775 -0.00433012604713440
v -0.09900000452619229 -0.08833459379921106 -0.00499999904632568
v -0.10012071296841572 -0.08898163512001185 -0.00482962810993195
v -0.10116506803565339 -0.08958459379921106 -0.00433012604713440
v -0.09708582728812207 -0.08376534144039681 -0.00323540472984314
v -0.09682762919295997 -0.08361627070065072 -0.00283340716362000
v -0.09737690305669444 -0.08393339411373665 -0.00360624361038208
v -0.10356185679301465 -0.08750427881832649 -0.00353553295135498
v -0.10096346343368630 -0.08600409571285775 -0.00269043231010437
v -0.10206185679301465 -0.09010235502967981 -0.00353553295135498
v -0.07661032635414186 -0.07887200869464642 -0.00212131929397583
v -0.07561032635414186 -0.08060405950221529 -0.00212131929397583
v -0.07619743933416437 -0.07863362826251750 -0.00149999904632568
v -0.07519743933416437 -0.08036567907008639 -0.00149999904632568
v -0.08028455832447796 -0.08099332751178509 -0.00212131929397583
v -0.07928455832447796 -0.08272537831935396 -0.00212131929397583
v -0.08069743873720596 -0.08123170412921672 -0.00149999904632568
v -0.07969743873720596 -0.08296375493678561 -0.00149999904632568
v -0.07453453999964853 -0.07767355288409954 -0.00062785100936890
v -0.07468022985067276 -0.07775766695880656 -0.00064999914169312
v -0.07482592630894645 -0.07784178484821086 -0.00062785100936890
v -0.07353453999964853 -0.07940560369166842 -0.00062785100936890
v -0.07368022985067275 -0.07948971776637545 -0.00064999914169312
v -0.07382592630894645 -0.07957383565577975 -0.00062785100936890
v -0.07593789336010844 -0.07848377932452923 -0.00077645635604858
v -0.07493789336010843 -0.08021583013209811 -0.00077645635604858
v -0.07439877423734260 -0.07759516848468548 -0.00056291532516479
v -0.07496169207125239 -0.07792016924762493 -0.00056291532516479
v -0.07428218932027583 -0.07752785815143352 -0.00045961856842041
v -0.07419273376957211 -0.07747621096515422 -0.00032499885559082
v -0.07507827038106969 -0.07798747576617962 -0.00045961856842041
v -0.07516773253902288 -0.07803912676715617 -0.00032499885559082
v -0.07413649286200213 -0.07744374026202923 -0.00016823148727417
v -0.07522396683934338 -0.07807159365558392 -0.00016823148727417
v -0.07339877423734260 -0.07932721929225435 -0.00056291532516479
v -0.07396169207125239 -0.07965222005519380 -0.00056291532516479
v -0.07328218932027583 -0.07925990895900241 -0.00045961856842041
v -0.07319273376957211 -0.07920826177272311 -0.00032499885559082
v -0.07407827038106969 -0.07971952657374849 -0.00045961856842041
v -0.07416773253902288 -0.07977117757472506 -0.00032499885559082
v -0.07313649286200213 -0.07917579106959810 -0.00016823148727417
v -0.07422396683934337 -0.07980364446315280 -0.00016823148727417
v -0.08095699131851139 -0.08138155688190227 -0.00077645635604858
v -0.08206895836967336 -0.08202355135822063 -0.00062785100936890
v -0.08221465482794706 -0.08210766924762493 -0.00064999914169312
v -0.08236034467897127 -0.08219178332233196 -0.00062785100936890
v -0.07995699131851139 -0.08311360768947115 -0.00077645635604858
v -0.08106895836967336 -0.08375560216578951 -0.00062785100936890
v -0.08121465482794706 -0.08383972005519380 -0.00064999914169312
v -0.08136034467897127 -0.08392383412990083 -0.00062785100936890
v -0.08193319260736744 -0.08194516695880656 -0.00056291532516479
v -0.08249611044127721 -0.08227016772174602 -0.00056291532516479
v -0.08181660769030065 -0.08187785662555462 -0.00045961856842041
v -0.08172715213959694 -0.08182620943927532 -0.00032499885559082
v -0.08261269535834398 -0.08233747805499797 -0.00045961856842041
v -0.08270215090904770 -0.08238912524127727 -0.00032499885559082
v -0.08167091783927644 -0.08179374255084758 -0.00016823148727417
v -0.08275838520936821 -0.08242159212970501 -0.00016823148727417
v -0.08093319260736744 -0.08367721776637545 -0.00056291532516479
v -0.08149611044127721 -0.08400221852931489 -0.00056291532516479
v -0.08081660769030065 -0.08360990743312349 -0.00045961856842041
v -0.08072715213959694 -0.08355826024684421 -0.00032499885559082
v -0.08161269535834399 -0.08406952886256684 -0.00045961856842041
v -0.08170215090904770 -0.08412117604884614 -0.00032499885559082
v -0.08067091783927643 -0.08352579335841646 -0.00016823148727417
v -0.08175838520936821 -0.08415364293727387 -0.00016823148727417
v -0.11284999248569627 -0.05568543264882049 -0.00249999904632568
v -0.11241741586226969 -0.05543568441884002 -0.00129409408569336
v -0.11475588002707227 -0.05678579733387908 -0.00248296189308167
v -0.11465144584179840 -0.05672550222889861 -0.00243301177024841
v -0.11486795219274451 -0.05685050222889861 -0.00249999904632568
v -0.11456175903736289 -0.05667372152821502 -0.00235355234146118
v -0.11449295114128279 -0.05663399527089080 -0.00224999904632568
v -0.11839289727009233 -0.05281326401299549 -0.00249999904632568
v -0.11860000280473859 -0.05265434528844384 -0.00249999904632568
v -0.11823397950387758 -0.05302037190635168 -0.00249999904632568
v -0.11710000089738996 -0.05525242480342190 -0.00249999904632568
v -0.11760000421443680 -0.05511844931840632 -0.00249999904632568
v -0.11734118367602178 -0.05515252455309282 -0.00249999904632568
v -0.11785882223098063 -0.05515252420368193 -0.00249999904632568
v -0.11810000490766201 -0.05525242271392056 -0.00249999904632568
v -0.11830711089366958 -0.05541134378376006 -0.00249999904632568
v -0.11846602961822122 -0.05561844931840632 -0.00249999904632568
v -0.11689289536274371 -0.05541134352797354 -0.00249999904632568
v -0.11673397759652895 -0.05561845142132974 -0.00249999904632568
v -0.11663407578266557 -0.05585963219066250 -0.00249999904632568
v -0.11660000089738996 -0.05611845020720633 -0.00249999904632568
v -0.11663407613207648 -0.05637727074562135 -0.00249999904632568
v -0.11673398019710281 -0.05661844691700368 -0.00249999904632568
v -0.11573397759652895 -0.05735050222889861 -0.00249999904632568
v -0.11689289892165446 -0.05682555245164993 -0.00249999904632568
v -0.11710000300031338 -0.05698447682511418 -0.00249999904632568
v -0.11734118758434341 -0.05708437203172806 -0.00249999904632568
v -0.11760000560088725 -0.05711844691700368 -0.00249999904632568
v -0.11444968687169066 -0.05660901663319549 -0.00212940859794617
v -0.11443493949085229 -0.05660050222889861 -0.00199999904632568
v -0.11325588002707226 -0.05938387354523240 -0.00248296189308167
v -0.11315144584179840 -0.05932357844025193 -0.00243301177024841
v -0.11336795219274451 -0.05944857844025193 -0.00249999904632568
v -0.11306175903736289 -0.05927179773956834 -0.00235355234146118
v -0.11299295114128279 -0.05923207148224412 -0.00224999904632568
v -0.11523397759652895 -0.05821652763268306 -0.00249999904632568
v -0.11513407578266557 -0.05845770840201581 -0.00249999904632568
v -0.11510000089738996 -0.05871652641855965 -0.00249999904632568
v -0.11513407613207648 -0.05897534695697466 -0.00249999904632568
v -0.11523398019710281 -0.05921652312835700 -0.00249999904632568
v -0.11539289892165445 -0.05942362866300325 -0.00249999904632568
v -0.11560000300031338 -0.05958255303646750 -0.00249999904632568
v -0.11584118758434341 -0.05968244824308137 -0.00249999904632568
v -0.11610000560088725 -0.05971652312835700 -0.00249999904632568
v -0.11294968687169066 -0.05920709284454880 -0.00212940859794617
v -0.11293493949085229 -0.05919857844025193 -0.00199999904632568
v -0.12009999379608648 -0.05352036549108056 -0.00249999904632568
v -0.12006593212530982 -0.05377919113701893 -0.00249999904632568
v -0.11996603031144647 -0.05402037190635169 -0.00249999904632568
v -0.11856592986855030 -0.05585963209703813 -0.00249999904632568
v -0.11859999188873785 -0.05611844500605861 -0.00249999904632568
v -0.11856593021796119 -0.05637727065199698 -0.00249999904632568
v -0.11846602840409783 -0.05661845142132974 -0.00249999904632568
v -0.11830711063788306 -0.05682555931468593 -0.00249999904632568
v -0.11785882232460498 -0.05708437828956666 -0.00249999904632568
v -0.11809999188873785 -0.05698447040984305 -0.00249999904632568
v -0.11746602840409782 -0.05835050222889861 -0.00249999904632568
v -0.11833205380788227 -0.05885050222889861 -0.00249999904632568
v -0.11844412597355451 -0.05891520712391814 -0.00248296189308167
v -0.11854856015882836 -0.05897550222889861 -0.00243301177024841
v -0.11863823374876492 -0.05902727530018768 -0.00235355234146118
v -0.11870705485934398 -0.05906700918690642 -0.00224999904632568
v -0.12035000030043155 -0.06001556417958221 -0.00249999904632568
v -0.11875030591443715 -0.05909198019520721 -0.00212940859794617
v -0.11876506650977449 -0.05910050222889861 -0.00199999904632568
v -0.11659999188873785 -0.05958254662119637 -0.00249999904632568
v -0.11696602840409782 -0.05921652763268306 -0.00249999904632568
v -0.11680711063788306 -0.05942363552603925 -0.00249999904632568
v -0.11635882232460498 -0.05968245450091998 -0.00249999904632568
v -0.11683205380788227 -0.06144857844025193 -0.00249999904632568
v -0.11694412597355451 -0.06151328333527146 -0.00248296189308167
v -0.11704856015882836 -0.06157357844025193 -0.00243301177024841
v -0.11713823374876492 -0.06162535151154099 -0.00235355234146118
v -0.11720705485934398 -0.06166508539825974 -0.00224999904632568
v -0.11885000030043155 -0.06261364039093552 -0.00249999904632568
v -0.11725030591443715 -0.06169005640656052 -0.00212940859794617
v -0.11726506650977449 -0.06169857844025193 -0.00199999904632568
v -0.12078257692385812 -0.06026531240956268 -0.00129409408569336
v -0.11928257692385812 -0.06286338862091599 -0.00129409408569336
v -0.11635000030043155 -0.06694376740985772 -0.00249999904632568
v -0.11678257692385811 -0.06719351563983818 -0.00129409408569336
v -0.09660479309701243 -0.08348761622067025 -0.00240412235260010
v -0.09641947296360982 -0.08338062159176400 -0.00195168447494507
v -0.09627345275011163 -0.08329631678219368 -0.00148045063018799
v -0.08947371847731400 -0.08283458998451380 -0.00149999904632568
v -0.08913750198029728 -0.08264047529945520 -0.00144888782501221
v -0.08980993497433071 -0.08302870466957239 -0.00144888782501221
v -0.08882419942447567 -0.08245958998451380 -0.00129903697967529
v -0.09012323753015231 -0.08320958998451380 -0.00129903697967529
v -0.08647421820265579 -0.08802987685753862 -0.00149999904632568
v -0.08613800170563907 -0.08783576217248001 -0.00144888782501221
v -0.08681043469967251 -0.08822399154259720 -0.00144888782501221
v -0.08582469914981747 -0.08765487685753862 -0.00129903697967529
v -0.08712373725549410 -0.08840487685753862 -0.00129903697967529
v -0.10425000182631046 -0.08790157953854134 -0.00249999904632568
v -0.10063787139383271 -0.08581611506100228 -0.00161642694473267
v -0.10050000452619229 -0.08573651758785775 -0.00149999904632568
v -0.10468257844973702 -0.08815132776852182 -0.00129409408569336
v -0.10275000182631046 -0.09049965574989466 -0.00249999904632568
v -0.09900000452619229 -0.08833459379921106 -0.00149999904632568
v -0.09866378802917558 -0.08814047911415247 -0.00144888782501221
v -0.09933622102320901 -0.08852870848426966 -0.00144888782501221
v -0.09835048547335395 -0.08795959379921106 -0.00129903697967529
v -0.09600050425153409 -0.09352988067223587 -0.00149999904632568
v -0.09566428775451738 -0.09333576598717729 -0.00144888782501221
v -0.09633672074855081 -0.09372399535729448 -0.00144888782501221
v -0.09535098519869575 -0.09315488067223587 -0.00129903697967529
v -0.09964952357903062 -0.08870959379921106 -0.00129903697967529
v -0.10318257844973702 -0.09074940397987513 -0.00129409408569336
v -0.09665002330437242 -0.09390488067223587 -0.00129903697967529
v -0.09616813319340750 -0.08323551050777962 -0.00099495983123779
v -0.09610453180991729 -0.08319879023190072 -0.00049988651275635
v -0.08855515883291760 -0.08230425932655482 -0.00106065940856934
v -0.09039227812171038 -0.08336492064247278 -0.00106065940856934
v -0.08834872193017833 -0.08218507292518763 -0.00074999904632568
v -0.09059872163169912 -0.08348411085853724 -0.00074999904632568
v -0.08555565855825940 -0.08749954619957963 -0.00106065940856934
v -0.08739277784705217 -0.08856020751549759 -0.00106065940856934
v -0.08534922165552013 -0.08738035979821245 -0.00074999904632568
v -0.08759922135704092 -0.08867939773156205 -0.00074999904632568
v -0.08821894894315035 -0.08211014845619349 -0.00038822746276855
v -0.09072849461872710 -0.08355903532753138 -0.00038822746276855
v -0.08521944866849215 -0.08730543532921831 -0.00038822746276855
v -0.08772899434406890 -0.08875432220055619 -0.00038822746276855
v -0.09808143827454642 -0.08780425932655482 -0.00106065940856934
v -0.09787500137180716 -0.08768507292518762 -0.00074999904632568
v -0.09508193799988822 -0.09299954619957963 -0.00106065940856934
v -0.09487550109714896 -0.09288035979821244 -0.00074999904632568
v -0.09991855756333921 -0.08886492064247278 -0.00106065940856934
v -0.10012499446607846 -0.08898410704383997 -0.00074999904632568
v -0.09691905728868100 -0.09406020751549760 -0.00106065940856934
v -0.09712549419142026 -0.09417939391686478 -0.00074999904632568
v -0.09774522177752971 -0.08761014464149622 -0.00038822746276855
v -0.09474572150287150 -0.09280543151452103 -0.00038822746276855
v -0.10025477406035592 -0.08905903532753137 -0.00038822746276855
v -0.09725527378569772 -0.09425432220055618 -0.00038822746276855
v -0.09900000334166043 0.00499999887568202 0.00000000095367432
v -0.10200000304318121 0.00499999904800906 0.00000000095367432
v -0.10200000260844655 0.00149999829502656 0.00000000095367432
v -0.09899999998283499 0.00401928016740072 0.00093716573715210
v -0.09900000291142368 0.00483625606506045 0.00124374628067017
v -0.09899999788423924 0.00306668559014346 0.00021136236190796
v -0.09900000290692576 0.00149999812269951 0.00000000095367432
v -0.09900000357617927 0.00149356007289623 0.00004889535903931
v -0.09899999939419550 0.00148943295644097 0.00008026266098022
v -0.09900000299308928 -0.00000000172806089 0.00000000095367432
v -0.09900000307925280 -0.00150000157882129 0.00000000095367432
v -0.09900000307925280 -0.00150000157882129 0.00000000095367432
v -0.09900000248900788 -0.00148716995955392 0.00009747505187988
v -0.09900000346867389 -0.00147419829201950 0.00019600534439087
v -0.09900000271957918 -0.00168731909632554 0.00027857828140259
v -0.09899999778261642 0.00282841942291663 0.00037236928939819
v -0.09900000079261731 -0.00160529118392139 0.00043013763427734
v -0.10200000278077360 -0.00150000140649424 0.00000000095367432
v -0.10199999836709274 0.00144888926421596 0.00038822937011719
v -0.10200000041487793 -0.00144888856098638 0.00038822937011719
v -0.09900000320697779 0.00180312974592048 0.00081698942184448
v -0.09900000294368337 0.00189233217074057 0.00084143304824829
v -0.09900000191445396 0.00179136298083636 0.00082587289810181
v -0.09900000162244198 0.00085511369575990 0.00121838140487671
v -0.09899999974105424 -0.00090503665762582 0.00118007516860962
v -0.09900000007816433 -0.00086670599560902 0.00120948743820190
v -0.10200000111741751 0.00129903746053537 0.00075000095367432
v -0.10199999766455317 -0.00129903675730579 0.00075000095367432
v -0.10199999862915091 0.00106066034799682 0.00106066131591797
v -0.10200000015281976 -0.00106065964476724 0.00106066131591797
v -0.09900000261888668 -0.00270109795725348 0.00101662206649780
v -0.10799899796870226 0.00149999908851565 0.00000000095367432
v -0.10799899814102931 -0.00150000061300514 0.00000000095367432
v -0.10799900128827225 0.00144888789482016 0.00038822937011719
v -0.10799899672880796 -0.00144888611568491 0.00038822937011719
v -0.10799899647767322 0.00129903825402447 0.00075000095367432
v -0.10799900058573268 -0.00129903812670159 0.00075000095367432
v -0.10799900155033042 0.00106065897860103 0.00106066131591797
v -0.10799899646674979 -0.00106065719946578 0.00106066131591797
v -0.10200000260452952 -0.00950000171175795 0.00000000095367432
v -0.10200000277685656 -0.01250000141327874 0.00000000095367432
v -0.10199999931685004 -0.00955110909075617 0.00038822937011719
v -0.10199999945728658 -0.01244889021958325 0.00038822937011719
v -0.10799899796478524 -0.00950000091826885 0.00000000095367432
v -0.10799900075733744 -0.00950001134021559 0.00000006580352783
v -0.10799899813711228 -0.01250000061978964 0.00000000095367432
v -0.10799900128435522 -0.00955111211196434 0.00038822937011719
v -0.10799899740118721 -0.00955113409659767 0.00038828945159912
v -0.10799899951744313 -0.01244889654441616 0.00038816452026367
v -0.10799899672489091 -0.01244888612246941 0.00038822937011719
v -0.10200000111350048 -0.00970096254624913 0.00075000095367432
v -0.10199999766063612 -0.01229903676409029 0.00075000095367432
v -0.10199999957890819 -0.00993933800697530 0.00106066131591797
v -0.10199999919522841 -0.01206066130336411 0.00106066131591797
v -0.10799899647375619 -0.00970096175276003 0.00075000095367432
v -0.10799899912936692 -0.00970100292947449 0.00075005292892456
v -0.10799899669864763 -0.01229906011811942 0.00074994087219238
v -0.10799900058181564 -0.01229903813348609 0.00075000095367432
v -0.10799900154641338 -0.00993934102818347 0.00106066131591797
v -0.10799899911844349 -0.01206069838296473 0.00106060934066772
v -0.10799899646283276 -0.01206065720625028 0.00106066131591797
v -0.09899999989800543 0.00482962853121380 0.00129409599304199
v -0.10199999959952623 0.00482962870354085 0.00129409599304199
v -0.09900000075855310 0.00470421803442140 0.00159686756134033
v -0.09899999650272828 0.00453111495999160 0.00201477527618408
v -0.09900000176688237 0.00450530620668017 0.00207707977294922
v -0.09900000303289858 0.00078912187604708 0.00126901674270630
v -0.09900000058002847 0.00101406269591081 0.00132155466079712
v -0.09900000295000752 0.00074999819731931 0.00129903888702393
v -0.09900000447000210 0.00065916525873807 0.00133666276931763
v -0.09900000129463350 0.00052413473442429 0.00139259529113770
v -0.09900000147738444 0.00136387198943476 0.00145619487762451
v -0.09899999767168835 0.00172835209211170 0.00151572418212891
v -0.09900000273103111 0.00038822718815824 0.00144888973236084
v -0.09900000155464998 0.00024238164474697 0.00146809053421021
v -0.09900000360130939 0.00009747246993848 0.00148716831207275
v -0.09900000105059756 -0.00004889425271149 0.00149356412887573
v -0.09900000299308928 -0.00000000172806089 0.00150000095367432
v -0.09900000154005227 -0.00008682675456044 0.00148857021331787
v -0.09900000303617104 -0.00075000165344109 0.00129903888702393
v -0.09900000303617104 -0.00075000165344109 0.00129903936386108
v -0.09900000199869705 -0.00112662088203940 0.00128466463088989
v -0.09900000321599520 -0.00067706433025778 0.00132925033569336
v -0.09900000068961166 -0.00065956687502771 0.00145569467544556
v -0.09899999876931430 0.00228223277743530 0.00181303024291992
v -0.09900000200185008 -0.00056405984142192 0.00166166353225708
v -0.10200000265152832 0.00074999836964636 0.00129903888702393
v -0.10200000273769184 -0.00075000148111404 0.00129903888702393
v -0.10200000243255192 0.00038822736048529 0.00144888973236084
v -0.10200000295666824 -0.00038823047195298 0.00144888973236084
v -0.10200000269461007 -0.00000000155573384 0.00150000095367432
v -0.09900000140967925 -0.00370088642861531 0.00164245271682739
v -0.09899999832264986 -0.00292627934874926 0.00181967830657959
v -0.09900000229859883 -0.00049492175419582 0.00212259483337402
v -0.09900000170633212 -0.00206584563159438 0.00195271492004395
v -0.09900000415751348 -0.00218133516043777 0.00201008701324463
v -0.09900000168520388 -0.00273871248947859 0.00198657560348511
v -0.09900000001001574 -0.00263686297399739 0.00202333641052246
v -0.09900000125597352 -0.00355363938038835 0.00213850975036621
v -0.09899999852593891 -0.00467576019781419 0.00202105903625488
v -0.09899999930256383 -0.00423055316418381 0.00228841972351074
v -0.09900000284176362 -0.00457405289348495 0.00225567340850830
v -0.09899999903374709 -0.00455896854678024 0.00228281307220459
v -0.09900000187056844 -0.00451561341353496 0.00236082935333252
v -0.10799899801178403 0.00074999916313545 0.00129903888702393
v -0.10799899779280761 0.00038822815397439 0.00144888973236084
v -0.10799899809794755 -0.00075000068762494 0.00129903888702393
v -0.10799899805486578 -0.00000000076224474 0.00150000095367432
v -0.10799899831692394 -0.00038822967846388 0.00144888973236084
v -0.10200000360128560 -0.01024999998532577 0.00129903888702393
v -0.10200000178010049 -0.01175000313971091 0.00129903888702393
v -0.10200000242863488 -0.01061177264629921 0.00144888973236084
v -0.10200000295275120 -0.01138823047873748 0.00144888973236084
v -0.10200000269069304 -0.01100000156251834 0.00150000095367432
v -0.10799899800786698 -0.01025000084364905 0.00129903888702393
v -0.10799899809403052 -0.01175000069440944 0.00129903888702393
v -0.10799899778889059 -0.01061177185281011 0.00144888973236084
v -0.10799899805094876 -0.01100000076902924 0.00150000095367432
v -0.10799899831300691 -0.01138822968524838 0.00144888973236084
v -0.10500000273686794 -0.01700000079323289 0.00000000095367432
v -0.10499999970693699 -0.01702214654415691 0.00016823339462280
v -0.10500000202717706 -0.01708708393163322 0.00032500076293945
v -0.10499999726611610 -0.01719037892119678 0.00045962047576904
v -0.10500000063935820 -0.01732500137446849 0.00056291770935059
v -0.10499999835168738 -0.01797499923331497 0.00056291770935059
v -0.10500000098266937 -0.01748176957866424 0.00062785291671753
v -0.10499999800837621 -0.01781823102911923 0.00062785291671753
v -0.10500000044919711 -0.01764999865207936 0.00065000104904175
v -0.07479999963693962 -0.00819999987721823 0.00500000095367432
v -0.06779999993887048 -0.01580000197989701 0.00500000095367432
v -0.06831763787930679 -0.01586814844682351 0.00500000095367432
v -0.06880000132532094 -0.01606794877092550 0.00500000095367432
v -0.06921421520468471 -0.01638578760697976 0.00500000095367432
v -0.06953205074643937 -0.01680000197989701 0.00500000095367432
v -0.06973185315444615 -0.01728236423353591 0.00500000095367432
v -0.07480000144483551 -0.01580000284936631 0.00500000095367432
v -0.07379999862543911 -0.01606794721214800 0.00500000095367432
v -0.07338578564879798 -0.01638578796487604 0.00500000095367432
v -0.07306795202371709 -0.01680000044796369 0.00500000095367432
v -0.07428236227535412 -0.01586815001511459 0.00500000095367432
v -0.07286814839599036 -0.01728236198662920 0.00500000095367432
v -0.07279999862543911 -0.01779999801971687 0.00500000095367432
v -0.06979999892391830 -0.01779999819204392 0.00500000095367432
v -0.09899999868945504 0.00433012997798219 0.00250000095367432
v -0.10199999743730152 0.00433012849849686 0.00250000095367432
v -0.09899999910887516 0.00403162301400947 0.00288902091979980
v -0.09900000075983637 0.00393168080519880 0.00301926708221436
v -0.09900000172520694 0.00353553379562905 0.00353553485870361
v -0.10200000142672774 0.00353553396795610 0.00353553485870361
v -0.09900000357468600 -0.00037434459277616 0.00284341335296631
v -0.09899999936613132 -0.00019017829822230 0.00326045036315918
v -0.09899999950263288 -0.00378080001003682 0.00341737842559814
v -0.09900000255154719 -0.00372230779068579 0.00348632144927979
v -0.09900000072252660 -0.00368042558266584 0.00352685356140137
v -0.10200000286889564 0.00249999874613761 0.00433012771606445
v -0.09900000316737484 0.00249999857381056 0.00433012771606445
v -0.09900000211956207 0.00129409465933623 0.00482962989807129
v -0.09900000299308928 -0.00000000172806089 0.00500000095367432
v -0.10200000182108286 0.00129409483166328 0.00482962989807129
v -0.10200000269461007 -0.00000000155573384 0.00500000095367432
v -0.09900000087110089 -0.00820000235169477 0.00500000095367432
v -0.10700000210888255 -0.01379999938689145 0.00500000095367432
v -0.10199999820151491 -0.01379999713097169 0.00500000095367432
v -0.10499999738213754 -0.01579999786086676 0.00500000095367432
v -0.08816358563105346 -0.03119999804515186 0.00500000095367432
v -0.08868122166414114 -0.03126814781570311 0.00500000095367432
v -0.08916358511015529 -0.03146794813980509 0.00500000095367432
v -0.08957779898951905 -0.03178578697585936 0.00500000095367432
v -0.08989563643862235 -0.03219999804515186 0.00500000095367432
v -0.09009543693928049 -0.03268236360241550 0.00500000095367432
v -0.09016358931600214 -0.03320000137562078 0.00500000095367432
v -0.09009543954545089 -0.03371763740870845 0.00500000095367432
v -0.08989563591772416 -0.03419999894737397 0.00500000095367432
v -0.06980000146343511 -0.02620000294874525 0.00500000095367432
v -0.06779999673669007 -0.02820000142272055 0.00500000095367432
v -0.06831763781352010 -0.02813185095334754 0.00500000095367432
v -0.06880000337078375 -0.02793205045268939 0.00500000095367432
v -0.06973185169288386 -0.02671763898183292 0.00500000095367432
v -0.06953204806515713 -0.02720000052049844 0.00500000095367432
v -0.06921421444007624 -0.02761421300358610 0.00500000095367432
v -0.07280000116495590 -0.02620000277641820 0.00500000095367432
v -0.07286814693442807 -0.02671763673492622 0.00500000095367432
v -0.07306794934243485 -0.02719999898856512 0.00500000095367432
v -0.07338578488418951 -0.02761421336148236 0.00500000095367432
v -0.07379999876355327 -0.02793205219753663 0.00500000095367432
v -0.07428236220956741 -0.02813185252163861 0.00500000095367432
v -0.07480000015000372 -0.02819999898856512 0.00500000095367432
v -0.07824871007963773 -0.05037306625092643 0.00500000095367432
v -0.07873107161830323 -0.05057286987865316 0.00500000095367432
v -0.07924871146608817 -0.05064101304195493 0.00500000095367432
v -0.07976634872822091 -0.05057286917983139 0.00500000095367432
v -0.08098076088720658 -0.04964101544335756 0.00500000095367432
v -0.08066292535477707 -0.05005523123006995 0.00500000095367432
v -0.08024871428548457 -0.05037306867917325 0.00500000095367432
v -0.07848076088720658 -0.05397114246227975 0.00500000095367432
v -0.11849999762108368 0.00500000107725028 0.00000000095367432
v -0.11800100065451037 0.00150000130840066 0.00000000095367432
v -0.11849999766318620 0.00150000115017396 0.00000000095367432
v -0.12149999732260450 0.00500000124957733 0.00000000095367432
v -0.11850000002908186 0.00144888830466609 0.00038822937011719
v -0.11800100254356888 0.00144888763698661 0.00038822937011719
v -0.11800100082683741 -0.00149999839312014 0.00000000095367432
v -0.11849999783551324 -0.00149999855134684 0.00000000095367432
v -0.11800099750726742 -0.00144888719942465 0.00038822937011719
v -0.11850000207686705 -0.00144888952053625 0.00038822937011719
v -0.12149999736470699 0.00150000132250100 0.00000000095367432
v -0.12149999753703404 -0.00149999837901979 0.00000000095367432
v -0.12449999706622777 0.00150000149482805 0.00000000095367432
v -0.12449999723855483 -0.00149999820669274 0.00000000095367432
v -0.12149999973060267 0.00144888847699314 0.00038822937011719
v -0.12150000177838784 -0.00144888934820920 0.00038822937011719
v -0.12449999943212346 0.00144888864932019 0.00038822937011719
v -0.12450000147990864 -0.00144888917588215 0.00038822937011719
v -0.12149999710229938 -0.00499999913200230 0.00000000095367432
v -0.11850000277940663 0.00129903650098550 0.00075000095367432
v -0.11800099773296983 0.00129903799619092 0.00075000095367432
v -0.11800099619837756 0.00106066253546474 0.00106066131591797
v -0.11850000076797719 0.00106066021435314 0.00106066131591797
v -0.11800100136419214 -0.00129903921044132 0.00075000095367432
v -0.11849999932654229 -0.00129903771685565 0.00075000095367432
v -0.11800099724520927 -0.00106065828320551 0.00106066131591797
v -0.11850000181480888 -0.00106066060431711 0.00106066131591797
v -0.12150000248092742 0.00129903667331255 0.00075000095367432
v -0.12149999902806308 -0.00129903754452861 0.00075000095367432
v -0.12450000218244822 0.00129903684563960 0.00075000095367432
v -0.12449999872958388 -0.00129903737220156 0.00075000095367432
v -0.12150000046949798 0.00106066038668019 0.00106066131591797
v -0.12150000103949252 -0.00106066125789625 0.00106066131591797
v -0.12450000017101878 0.00106066055900724 0.00106066131591797
v -0.12450000074101331 -0.00106066108556920 0.00106066131591797
v -0.11800100065059332 -0.00949999869838384 0.00000000095367432
v -0.11849999765926916 -0.00949999885661054 0.00000000095367432
v -0.11800100082292038 -0.01249999839990464 0.00000000095367432
v -0.11800100206281469 -0.00955111319570407 0.00038822937011719
v -0.11850000002516484 -0.00955111170211840 0.00038822937011719
v -0.11800099750335040 -0.01244888720620915 0.00038822937011719
v -0.11850000277548960 -0.00970096350579900 0.00075000095367432
v -0.11800099820588997 -0.00970096118468740 0.00075000095367432
v -0.11800100136027511 -0.01229903921722582 0.00075000095367432
v -0.11800100232487284 -0.00993934211192321 0.00106066131591797
v -0.11850000028722299 -0.00993934061833754 0.00106066131591797
v -0.11800099724129223 -0.01206065828999001 0.00106066131591797
v -0.11850000181089185 -0.01206066061110161 0.00106066131591797
v -0.12449999680382018 -0.00499999895967525 0.00000000095367432
v -0.12149999736078995 -0.00949999868428350 0.00000000095367432
v -0.12449999706231075 -0.00949999851195644 0.00000000095367432
v -0.12149999972668563 -0.00955111152979136 0.00038822937011719
v -0.12449999942820643 -0.00955111135746430 0.00038822937011719
v -0.12150000247701039 -0.00970096333347195 0.00075000095367432
v -0.12450000217853117 -0.00970096316114489 0.00075000095367432
v -0.12449999969026460 -0.00993934027368344 0.00106066131591797
v -0.11849999783159620 -0.01249999855813134 0.00000000095367432
v -0.12149999753311699 -0.01249999838580429 0.00000000095367432
v -0.11850000207295001 -0.01244888952732075 0.00038822937011719
v -0.12150000177447080 -0.01244888935499370 0.00038822937011719
v -0.12449999723463781 -0.01249999821347724 0.00000000095367432
v -0.12450000147599159 -0.01244888918266664 0.00038822937011719
v -0.11849999932262524 -0.01229903772364016 0.00075000095367432
v -0.12149999902414606 -0.01229903755131311 0.00075000095367432
v -0.12149999998874379 -0.00993934044601049 0.00106066131591797
v -0.12150000151241264 -0.01206066043877456 0.00106066131591797
v -0.12449999872566685 -0.01229903737898605 0.00075000095367432
v -0.12450000121393345 -0.01206066026644751 0.00106066131591797
v -0.11850000173835250 0.00482962856989717 0.00129409599304199
v -0.11800100069759212 0.00075000138302046 0.00129903888702393
v -0.11800099857126710 0.00038822707023466 0.00144888973236084
v -0.12150000143987330 0.00482962874222421 0.00129409599304199
v -0.11849999770626796 0.00075000122479376 0.00129903888702393
v -0.11849999748729155 0.00038823021563269 0.00144888973236084
v -0.11849999801140788 -0.00038822761680558 0.00144888973236084
v -0.11800100074067389 0.00000000145764026 0.00150000095367432
v -0.11849999774934972 0.00000000129941356 0.00150000095367432
v -0.11800100078375564 -0.00074999846773994 0.00129903888702393
v -0.11849999779243148 -0.00074999862596664 0.00129903888702393
v -0.11800100100273206 -0.00038822745857888 0.00144888973236084
v -0.12149999740778876 0.00075000139712080 0.00129903888702393
v -0.12149999749395228 -0.00074999845363959 0.00129903888702393
v -0.12149999718881235 0.00038823038795974 0.00144888973236084
v -0.12149999745087051 0.00000000147174061 0.00150000095367432
v -0.12149999771292867 -0.00038822744447853 0.00144888973236084
v -0.12449999710930955 0.00075000156944785 0.00129903888702393
v -0.12449999689033314 0.00038823056028679 0.00144888973236084
v -0.12449999741444948 -0.00038822727215148 0.00144888973236084
v -0.12449999715239131 0.00000000164406765 0.00150000095367432
v -0.12449999719547307 -0.00074999828131254 0.00129903888702393
v -0.12150000121956819 -0.00517037163935541 0.00129409599304199
v -0.11800100069367510 -0.01024999862376404 0.00129903888702393
v -0.11849999770235092 -0.01024999878199074 0.00129903888702393
v -0.11849999778851446 -0.01174999863275114 0.00129903888702393
v -0.11800099856735005 -0.01061177293654984 0.00144888973236084
v -0.11849999748337452 -0.01061176979115181 0.00144888973236084
v -0.11800100099881501 -0.01138822746536338 0.00144888973236084
v -0.11849999800749085 -0.01138822762359008 0.00144888973236084
v -0.11800100073675686 -0.01099999854914424 0.00150000095367432
v -0.11849999774543268 -0.01099999870737094 0.00150000095367432
v -0.11800100077983862 -0.01174999847452444 0.00129903888702393
v -0.12450000092108898 -0.00517037146702837 0.00129409599304199
v -0.12449999710539252 -0.01024999843733664 0.00129903888702393
v -0.12449999688641612 -0.01061176944649770 0.00144888973236084
v -0.12449999741053243 -0.01138822727893597 0.00144888973236084
v -0.12449999714847428 -0.01099999836271684 0.00150000095367432
v -0.12149999740387173 -0.01024999860966370 0.00129903888702393
v -0.12149999718489532 -0.01061176961882476 0.00144888973236084
v -0.12149999744695347 -0.01099999853504389 0.00150000095367432
v -0.12149999749003525 -0.01174999846042409 0.00129903888702393
v -0.12149999770901164 -0.01138822745126303 0.00144888973236084
v -0.12449999719155604 -0.01174999828809704 0.00129903888702393
v -0.10499999625417765 -0.01829999981455058 0.00000000095367432
v -0.10700000033546531 -0.01699999940678243 0.00000000095367432
v -0.10700000046002450 -0.01830000224279739 0.00000000095367432
v -0.10500000119145723 -0.01827785076000181 0.00016823339462280
v -0.10699999730553436 -0.01702214515770646 0.00016823339462280
v -0.10699999879005460 -0.01827784937355136 0.00016823339462280
v -0.10500000221596976 -0.01900000169545500 0.00000000095367432
v -0.10699999981456713 -0.01900000030900454 0.00000000095367432
v -0.10499999696386852 -0.01821291667615024 0.00032500076293945
v -0.10500000172492949 -0.01810962168658668 0.00045962047576904
v -0.10699999962577444 -0.01708708254518277 0.00032500076293945
v -0.10700000147196295 -0.01719038134944359 0.00045962047576904
v -0.10700000116971538 -0.01821291910439705 0.00032500076293945
v -0.10699999932352687 -0.01810962030013623 0.00045962047576904
v -0.10699999823795558 -0.01732499998801804 0.00056291770935059
v -0.10700000255753424 -0.01797500166156178 0.00056291770935059
v -0.10500000256062386 -0.02500000109849659 0.00000000095367432
v -0.10500000191516648 -0.02569999916470374 0.00000000095367432
v -0.10499999697788691 -0.02572214821925251 0.00016823339462280
v -0.10500000120547562 -0.02578708230310408 0.00032500076293945
v -0.10500000305166413 -0.02589038110736490 0.00045962047576904
v -0.10499999981765676 -0.02602499974593935 0.00056291770935059
v -0.10499999752998593 -0.02667499760478583 0.00056291770935059
v -0.10700000015922123 -0.02499999971204613 0.00000000095367432
v -0.10699999951376385 -0.02569999777825329 0.00000000095367432
v -0.10699999963832305 -0.02700000061426825 0.00000000095367432
v -0.10700000118373376 -0.02572215064749932 0.00016823339462280
v -0.10699999606100451 -0.02697785104864695 0.00016823339462280
v -0.10500000203972568 -0.02700000200071870 0.00000000095367432
v -0.10499999846240714 -0.02697785243509741 0.00016823339462280
v -0.10699999880407297 -0.02578708091665362 0.00032500076293945
v -0.10700000034801392 -0.02691291747586791 0.00032500076293945
v -0.10700000065026148 -0.02589037972091445 0.00045962047576904
v -0.10699999850182540 -0.02680961867160708 0.00045962047576904
v -0.10699999741625411 -0.02602499835948889 0.00056291770935059
v -0.10700000173583277 -0.02667500003303264 0.00056291770935059
v -0.10500000274941655 -0.02691291886231836 0.00032500076293945
v -0.10500000090322804 -0.02680962005805754 0.00045962047576904
v -0.10699999858126674 -0.01748176819221378 0.00062785291671753
v -0.10699999804779448 -0.01764999726562891 0.00065000104904175
v -0.10700000221422307 -0.01781823345736604 0.00062785291671753
v -0.10500000034051163 -0.01910222357177345 0.00077645826339722
v -0.10699999793910900 -0.01910222218532300 0.00077645826339722
v -0.10500000016096792 -0.02618176795013509 0.00062785291671753
v -0.10499999782883251 -0.02489777540748087 0.00077645826339722
v -0.10500000379392424 -0.02651823321528735 0.00062785291671753
v -0.10499999772014702 -0.02635000032717496 0.00065000104904175
v -0.10700000203467935 -0.02489777783572768 0.00077645826339722
v -0.10699999775956529 -0.02618176656368464 0.00062785291671753
v -0.10700000192599388 -0.02635000275542177 0.00065000104904175
v -0.10700000139252161 -0.02651823182883690 0.00062785291671753
v -0.10499999923391166 -0.01940192336443737 0.00150000095367432
v -0.10699999683250905 -0.01940192197798691 0.00150000095367432
v -0.10499999893543246 -0.02459807561481695 0.00150000095367432
v -0.10700000314127930 -0.02459807804306376 0.00150000095367432
v -0.10500000086462795 -0.01987868140421172 0.00212132167816162
v -0.10699999846322533 -0.01987868001776127 0.00212132167816162
v -0.10499999730471618 -0.02412131757504260 0.00212132167816162
v -0.10700000151056302 -0.02412132000328941 0.00212132167816162
v -0.13595096642051566 -0.02133365040970151 0.00000000095367432
v -0.13445096642051566 -0.02393172662105483 0.00000000095367432
v -0.13599522177752971 -0.02135920125198667 0.00038822937011719
v -0.13449522177752971 -0.02395727746333998 0.00038822937011719
v -0.13854904263186896 -0.02283365040970151 0.00000000095367432
v -0.13704904263186896 -0.02543172662105482 0.00000000095367432
v -0.14158013154511448 -0.02458365040970151 0.00000000095367432
v -0.14008013154511448 -0.02718172662105483 0.00000000095367432
v -0.13850477406035591 -0.02280809193802182 0.00038822937011719
v -0.13700477406035591 -0.02540616814937514 0.00038822937011719
v -0.13612500137180716 -0.02143412953567807 0.00075000095367432
v -0.13462500137180716 -0.02403220574703139 0.00075000095367432
v -0.13633143827454644 -0.02155331593704526 0.00106066131591797
v -0.13483143827454644 -0.02415139214839858 0.00106066131591797
v -0.13837499446607848 -0.02273316365433042 0.00075000095367432
v -0.13687499446607848 -0.02533123986568373 0.00075000095367432
v -0.13816855756333923 -0.02261397725296323 0.00106066131591797
v -0.13666855756333923 -0.02521205346431655 0.00106066131591797
v -0.13660048547335396 -0.02170865040970151 0.00129903888702393
v -0.13691378802917559 -0.02188953572464292 0.00144888973236084
v -0.13758622102320903 -0.02227776509476010 0.00144888973236084
v -0.13725000452619229 -0.02208365040970151 0.00150000095367432
v -0.13510048547335396 -0.02430672662105483 0.00129903888702393
v -0.13541378802917559 -0.02448761193599623 0.00144888973236084
v -0.13608622102320903 -0.02487584130611342 0.00144888973236084
v -0.13575000452619229 -0.02468172662105483 0.00150000095367432
v -0.13789952357903063 -0.02245865040970151 0.00129903888702393
v -0.13639952357903062 -0.02505672662105482 0.00129903888702393
v -0.14143257844973703 -0.02449846059036557 0.00129409599304199
v -0.13993257844973703 -0.02709653680171889 0.00129409599304199
v -0.11676987788873983 -0.04755627029121393 0.00000000095367432
v -0.11794668788481276 -0.04592630078247318 0.00020000076293945
v -0.11683565966455829 -0.04759424941719049 0.00086824178695679
v -0.11801665865680128 -0.04596669842651615 0.00089910268783569
v -0.12045680238532615 -0.04968491714179987 0.00000000095367432
v -0.12050376671462684 -0.04971203200996393 0.00000666475296021
v -0.12054718955820648 -0.04973710220039362 0.00002621364593506
v -0.12058420336979096 -0.04975847213447564 0.00005735158920288
v -0.12061232382357595 -0.04977470748603815 0.00009801435470581
v -0.12062972731870510 -0.04978475539863580 0.00014550542831421
v -0.12081038873974320 -0.04757965924194583 0.00020000076293945
v -0.12085735306904390 -0.04760677411010990 0.00020666456222534
v -0.12090077591262355 -0.04763184430053959 0.00022621345520020
v -0.12093778972420802 -0.04765321423462161 0.00025735187530518
v -0.12096592339249197 -0.04766945721557864 0.00029801416397095
v -0.12063522455027209 -0.04978792922676081 0.00019667577743530
v -0.12062847194130399 -0.04978403060615533 0.00024813318252563
v -0.12060990557026643 -0.04977331130683893 0.00029646492004395
v -0.12098331367312215 -0.04767949749878177 0.00034550523757935
v -0.12098881090468915 -0.04768267132690678 0.00039667606353760
v -0.12098205829572105 -0.04767877270630130 0.00044813299179077
v -0.12058075438556264 -0.04975648086250299 0.00033846664428711
v -0.12054297413303854 -0.04973466842353814 0.00037135410308838
v -0.12152186457243275 -0.05029983108222955 0.00034746742248535
v -0.12156740173584585 -0.05032612197578424 0.00034186649322510
v -0.12161346747921732 -0.05035271804512018 0.00035000848770142
v -0.12147989532373861 -0.05027560012519831 0.00036643981933594
v -0.12144426903454483 -0.05025503127754205 0.00039752626419067
v -0.12141735110016512 -0.05023949020088190 0.00043866539001465
v -0.12096349192468350 -0.04766805340698490 0.00049646472930908
v -0.12093435395447866 -0.04765123059204349 0.00053846693038940
v -0.12089656048745559 -0.04762941052368411 0.00057135391235352
v -0.12092967001607904 -0.04995792739570611 0.00053667831420898
v -0.12088511072558891 -0.04993220107734674 0.00054447937011719
v -0.12097399144558792 -0.04998351638496393 0.00054303073883057
v -0.12140091226345999 -0.05022999923408502 0.00048712873458862
v -0.12139606254234199 -0.05022719924629206 0.00053970384597778
v -0.12084326040738540 -0.04990803878486627 0.00056591653823853
v -0.12101511496634867 -0.05000725906074518 0.00056311464309692
v -0.12080688089175097 -0.04988703506172174 0.00059956836700439
v -0.12105033160607472 -0.05002759139717096 0.00059559917449951
v -0.12140311908478615 -0.05023127334297174 0.00059290456771851
v -0.12174320742999790 -0.05042762344062799 0.00000000095367432
v -0.12543013192658420 -0.05255627029121393 0.00000000095367432
v -0.12165703568228552 -0.05037787215888971 0.00037135410308838
v -0.12077840364649409 -0.04987059371650690 0.00064320325851440
v -0.12107730239845026 -0.05004316299140924 0.00063833045959473
v -0.12109423017161688 -0.05005293624580377 0.00068847417831421
v -0.12142160616882995 -0.05024194686592096 0.00064320325851440
v -0.12110000490766201 -0.05005627029121393 0.00074270677566528
v -0.12299507578015859 -0.04884098889282474 0.00089387750625610
v -0.12304059972907273 -0.04886727215698489 0.00088827657699585
v -0.12308667868694316 -0.04889387585571536 0.00089641857147217
v -0.12295309331696548 -0.04881675030639896 0.00091284990310669
v -0.12313023367551240 -0.04891902234009037 0.00091776418685913
v -0.12536433693626678 -0.05251828353584283 0.00086824178695679
v -0.12291746702777172 -0.04879618145874271 0.00094393634796143
v -0.12289054909339200 -0.04878064038208255 0.00098507547378540
v -0.12287412347118583 -0.04877115704468021 0.00103353929519653
v -0.12286927375006784 -0.04876835705688724 0.00108611440658569
v -0.12287631707801304 -0.04877242352417240 0.00113931465148926
v -0.12289480416205684 -0.04878309704712162 0.00118961334228516
v -0.11817440013087620 -0.04605777050903568 0.00157887697219849
v -0.11703100960267086 -0.04770703475654596 0.00171010160446167
v -0.11841652939530403 -0.04619756390503177 0.00222471141815186
v -0.12167004475502935 -0.04807598187378177 0.00131232690811157
v -0.12163367845389388 -0.04805498578003177 0.00134597826004028
v -0.12160518799413803 -0.04803853680542240 0.00138961315155029
v -0.12175646757822196 -0.04812587811401615 0.00128308868408203
v -0.12171190828773182 -0.04810015179565677 0.00129088973999023
v -0.12180078900773082 -0.04815146710327396 0.00128944063186646
v -0.12184191252849158 -0.04817520977905521 0.00130952501296997
v -0.12187712916821762 -0.04819554211548099 0.00134200954437256
v -0.12190409996059318 -0.04821111370971927 0.00138474035263062
v -0.12192102773375979 -0.04822088696411380 0.00143488454818726
v -0.12192678925530596 -0.04822421338012943 0.00148911714553833
v -0.12516898699815421 -0.05240549819648736 0.00171010160446167
v -0.11843494139820092 -0.04967229569499837 0.00200000095367432
v -0.11793494139820092 -0.05053832109878281 0.00200000095367432
v -0.11844968877903929 -0.04968081009929524 0.00212941074371338
v -0.11794968877903929 -0.05054683550307968 0.00212941074371338
v -0.11849295304863142 -0.04970578873699056 0.00225000095367432
v -0.11799295304863143 -0.05057181414077499 0.00225000095367432
v -0.11856176094471152 -0.04974551499431477 0.00235355472564697
v -0.11865144774914703 -0.04979729569499837 0.00243301391601563
v -0.11875588193442090 -0.04985759079997884 0.00248296356201172
v -0.11806176094471152 -0.05061154039809921 0.00235355472564697
v -0.11815144774914703 -0.05066332109878281 0.00243301391601563
v -0.11825588193442090 -0.05072361620376327 0.00248296356201172
v -0.12276506841712312 -0.05217229569499837 0.00200000095367432
v -0.12226506841712312 -0.05303832109878280 0.00200000095367432
v -0.12275030782178578 -0.05216377366130696 0.00212941074371338
v -0.12225030782178578 -0.05302979906509140 0.00212941074371338
v -0.12270705676669261 -0.05213880265300618 0.00225000095367432
v -0.12220705676669261 -0.05300482805679062 0.00225000095367432
v -0.12263823565611355 -0.05209906876628743 0.00235355472564697
v -0.12254856206617699 -0.05204729569499837 0.00243301391601563
v -0.12244412788090314 -0.05198700059001790 0.00248296356201172
v -0.12213823565611355 -0.05296509417007186 0.00235355472564697
v -0.12204856206617701 -0.05291332109878280 0.00243301391601563
v -0.12194412788090314 -0.05285302599380234 0.00248296356201172
v -0.11849999909929064 0.00433012753894700 0.00250000095367432
v -0.12149999880081144 0.00433012771127405 0.00250000095367432
v -0.12149999905734349 -0.00566987184439940 0.00250000095367432
v -0.11850000261187971 0.00353553218250005 0.00353553485870361
v -0.12150000231340051 0.00353553235482710 0.00353553485870361
v -0.12150000209309539 -0.00646446802675253 0.00353553485870361
v -0.12449999875886428 -0.00566987167207235 0.00250000095367432
v -0.12450000179461621 -0.00646446785442548 0.00353553485870361
v -0.11849999792363528 0.00250000160128501 0.00433012771606445
v -0.12149999762515608 0.00250000177361206 0.00433012771606445
v -0.11850000300623482 0.00129409304620723 0.00482962989807129
v -0.11849999774934972 0.00000000129941356 0.00500000095367432
v -0.12150000270775563 0.00129409321853427 0.00482962989807129
v -0.12149999745087051 0.00000000147174061 0.00500000095367432
v -0.12149999788168814 -0.00749999778206138 0.00433012771606445
v -0.12449999758320893 -0.00749999760973434 0.00433012771606445
v -0.12150000248745052 -0.00870590716304536 0.00482962989807129
v -0.12450000218897132 -0.00870590699071830 0.00482962989807129
v -0.12449999740892337 -0.00999999791160578 0.00500000095367432
v -0.12149999770740258 -0.00999999808393284 0.00500000095367432
v -0.12450000181274146 -0.01472243291092221 0.00500000095367432
v -0.10500000230213329 -0.02050000154621539 0.00259807682037354
v -0.10699999990073066 -0.02050000015976494 0.00259807682037354
v -0.10500000186418047 -0.02122354356453752 0.00289777851104736
v -0.10500000238829681 -0.02200000139697579 0.00300000095367432
v -0.10699999946277786 -0.02122354217808707 0.00289777851104736
v -0.10700000051101050 -0.02277645784296361 0.00289777851104736
v -0.10699999998689419 -0.02200000001052534 0.00300000095367432
v -0.10500000247446033 -0.02350000124773619 0.00259807682037354
v -0.10500000291241313 -0.02277645922941406 0.00289777851104736
v -0.10700000007305771 -0.02349999986128574 0.00259807682037354
v -0.10500000078720660 -0.02820000111838757 0.00500000095367432
v -0.10699999838580397 -0.02819999973193711 0.00500000095367432
v -0.09916460218740936 -0.03178578463580892 0.00500000095367432
v -0.09957881986395134 -0.03146795100140289 0.00500000095367432
v -0.09884676665497984 -0.03220000042252131 0.00500000095367432
v -0.10006117881396549 -0.03126814668604747 0.00500000095367432
v -0.10057881798344689 -0.03119999952029920 0.00500000095367432
v -0.11079594017447589 -0.03126814950974283 0.00500000095367432
v -0.11027830414138821 -0.03119999973919159 0.00500000095367432
v -0.11127830362049004 -0.03146794983384481 0.00500000095367432
v -0.11169251749985379 -0.03178578866989908 0.00500000095367432
v -0.11850000274767492 -0.02820000225026447 0.00500000095367432
v -0.11201035494895710 -0.03219999973919158 0.00500000095367432
v -0.11221015544961524 -0.03268236529645522 0.00500000095367432
v -0.11227830121908741 -0.03319999925496324 0.00500000095367432
v -0.11221015144853617 -0.03371763528805091 0.00500000095367432
v -0.11201035442805891 -0.03420000064141369 0.00500000095367432
v -0.14100000182631048 -0.02424871236038510 0.00250000095367432
v -0.13950000182631048 -0.02684678857173842 0.00250000095367432
v -0.14031185679301464 -0.02385141164017026 0.00353553485870361
v -0.13881185679301464 -0.02644948785152357 0.00353553485870361
v -0.12530809777688662 -0.02278193712410019 0.00500000095367432
v -0.12634099355407222 -0.02202861472549762 0.00500000095367432
v -0.12753116352095079 -0.02156184540056517 0.00500000095367432
v -0.12450000129736731 -0.02376729464342018 0.00500000095367432
v -0.12449999770212428 -0.02377256515279033 0.00500000095367432
v -0.12880079318179427 -0.02141214450380501 0.00500000095367432
v -0.13006688461908231 -0.02158929647731604 0.00500000095367432
v -0.13124666185491404 -0.02208172051753920 0.00500000095367432
v -0.13941506803565340 -0.02333365040970151 0.00433012771606445
v -0.13791506803565340 -0.02593172662105482 0.00433012771606445
v -0.13725000452619229 -0.02208365040970151 0.00500000095367432
v -0.13575000452619229 -0.02468172662105483 0.00500000095367432
v -0.13837071296841572 -0.02273069173050229 0.00482962989807129
v -0.13687071296841571 -0.02532876794185561 0.00482962989807129
v -0.11734999439304490 -0.04789120071113580 0.00250000095367432
v -0.11778292780794336 -0.04814115493476862 0.00321393871307373
v -0.11886795410009314 -0.04992229569499837 0.00250000095367432
v -0.11836795410009314 -0.05078832109878281 0.00250000095367432
v -0.11884118558337042 -0.05255444503811477 0.00250000095367432
v -0.11910000421443680 -0.05252037310705300 0.00250000095367432
v -0.11935882223098063 -0.05255444799232862 0.00250000095367432
v -0.11960000490766201 -0.05265434650256724 0.00250000095367432
v -0.11980711089366958 -0.05281326757240674 0.00250000095367432
v -0.11996602961822123 -0.05302037310705300 0.00250000095367432
v -0.12006593177589893 -0.05326155258206008 0.00250000095367432
v -0.12233205571523090 -0.05192229569499837 0.00250000095367432
v -0.12183205571523090 -0.05278832109878280 0.00250000095367432
v -0.12561027798216293 -0.05035087658813724 0.00257112216949463
v -0.12485000220778018 -0.05222133224189753 0.00250000095367432
v -0.12524695854778106 -0.05014111401489505 0.00313616657257080
v -0.12441706879288172 -0.05197137801826471 0.00321393871307373
v -0.12481599409322751 -0.04989229657104740 0.00363379573822021
v -0.11831664820640297 -0.04844929855049127 0.00383022308349609
v -0.12017334417392228 -0.04721186139038334 0.00425331306457520
v -0.11893494139820092 -0.04880627029121393 0.00433012771606445
v -0.12432666119677155 -0.04960978009155521 0.00405331325531006
v -0.12388334839442210 -0.05166323440254205 0.00383022308349609
v -0.12326506841712312 -0.05130627029121393 0.00433012771606445
v -0.12073264784236674 -0.04753477551391849 0.00453289794921875
v -0.11961900315131838 -0.04920121352851862 0.00469846439361572
v -0.12132135377099523 -0.04787466504028568 0.00471504211425781
v -0.12192678925530596 -0.04822421338012943 0.00479583263397217
v -0.12034808670238953 -0.04962215011299127 0.00492403984069824
v -0.12110000490766201 -0.05005627029121393 0.00500000095367432
v -0.12258099344950671 -0.05091131942451471 0.00469846439361572
v -0.12185192311293452 -0.05049039046943658 0.00492403984069824
v -0.07411731201676297 -0.07743266619586711 0.00000000095367432
v -0.07524314768458254 -0.07808266772174602 0.00000000095367432
v -0.07413649286200213 -0.07744374026202923 0.00016823339462280
v -0.07522396683934338 -0.07807159365558392 0.00016823339462280
v -0.07419273376957211 -0.07747621096515422 0.00032500076293945
v -0.07428218932027583 -0.07752785815143352 0.00045962047576904
v -0.07516773253902288 -0.07803912676715617 0.00032500076293945
v -0.07507827038106969 -0.07798747576617962 0.00045962047576904
v -0.07439877423734260 -0.07759516848468548 0.00056291770935059
v -0.07496169207125239 -0.07792016924762493 0.00056291770935059
v -0.07311731201676297 -0.07916471700343600 0.00000000095367432
v -0.07424314768458254 -0.07981471852931490 0.00000000095367432
v -0.07313649286200213 -0.07917579106959810 0.00016823339462280
v -0.07422396683934337 -0.07980364446315280 0.00016823339462280
v -0.07319273376957211 -0.07920826177272311 0.00032500076293945
v -0.07328218932027583 -0.07925990895900241 0.00045962047576904
v -0.07416773253902288 -0.07977117757472506 0.00032500076293945
v -0.07407827038106969 -0.07971952657374849 0.00045962047576904
v -0.07339877423734260 -0.07932721929225435 0.00056291770935059
v -0.07396169207125239 -0.07965222005519380 0.00056291770935059
v -0.07584936282433186 -0.07843266619586711 0.00000000095367432
v -0.07484936282433186 -0.08016471700343600 0.00000000095367432
v -0.07453453999964853 -0.07767355288409954 0.00062785291671753
v -0.07482592630894645 -0.07784178484821086 0.00062785291671753
v -0.07468022985067276 -0.07775766695880656 0.00065000104904175
v -0.07353453999964853 -0.07940560369166842 0.00062785291671753
v -0.07382592630894645 -0.07957383565577975 0.00062785291671753
v -0.07368022985067275 -0.07948971776637545 0.00065000104904175
v -0.07593789336010844 -0.07848377932452923 0.00077645826339722
v -0.07493789336010843 -0.08021583013209811 0.00077645826339722
v -0.08104551524703849 -0.08143266619586711 0.00000000095367432
v -0.08165173699403729 -0.08178266848468548 0.00000000095367432
v -0.08277756605460737 -0.08243266619586712 0.00000000095367432
v -0.08167091783927644 -0.08179374255084758 0.00016823339462280
v -0.08275838520936821 -0.08242159212970501 0.00016823339462280
v -0.08172715213959694 -0.08182620943927532 0.00032500076293945
v -0.08181660769030065 -0.08187785662555462 0.00045962047576904
v -0.08270215090904770 -0.08238912524127727 0.00032500076293945
v -0.08261269535834398 -0.08233747805499797 0.00045962047576904
v -0.08193319260736744 -0.08194516695880656 0.00056291770935059
v -0.08249611044127721 -0.08227016772174602 0.00056291770935059
v -0.08004551524703848 -0.08316471700343600 0.00000000095367432
v -0.08065173699403728 -0.08351471929225436 0.00000000095367432
v -0.08177756605460737 -0.08416471700343599 0.00000000095367432
v -0.08067091783927643 -0.08352579335841646 0.00016823339462280
v -0.08175838520936821 -0.08415364293727387 0.00016823339462280
v -0.08072715213959694 -0.08355826024684421 0.00032500076293945
v -0.08081660769030065 -0.08360990743312349 0.00045962047576904
v -0.08170215090904770 -0.08412117604884614 0.00032500076293945
v -0.08161269535834399 -0.08406952886256684 0.00045962047576904
v -0.08093319260736744 -0.08367721776637545 0.00056291770935059
v -0.08149611044127721 -0.08400221852931489 0.00056291770935059
v -0.08817468037163734 -0.08208458998451380 0.00000000095367432
v -0.08517518009697914 -0.08727987685753862 0.00000000095367432
v -0.08095699131851139 -0.08138155688190227 0.00077645826339722
v -0.08206895836967336 -0.08202355135822063 0.00062785291671753
v -0.08236034467897127 -0.08219178332233196 0.00062785291671753
v -0.08221465482794706 -0.08210766924762493 0.00065000104904175
v -0.07995699131851139 -0.08311360768947115 0.00077645826339722
v -0.08106895836967336 -0.08375560216578951 0.00062785291671753
v -0.08136034467897127 -0.08392383412990083 0.00062785291671753
v -0.08121465482794706 -0.08383972005519380 0.00065000104904175
v -0.07619743933416437 -0.07863362826251750 0.00150000095367432
v -0.07519743933416437 -0.08036567907008639 0.00150000095367432
v -0.07661032635414186 -0.07887200869464642 0.00212132167816162
v -0.07561032635414186 -0.08060405950221529 0.00212132167816162
v -0.08069743873720596 -0.08123170412921672 0.00150000095367432
v -0.07969743873720596 -0.08296375493678561 0.00150000095367432
v -0.08028455832447796 -0.08099332751178509 0.00212132167816162
v -0.07928455832447796 -0.08272537831935396 0.00212132167816162
v -0.11226987598139120 -0.05535050222889861 0.00000000095367432
v -0.12093013001923558 -0.06035050222889862 0.00000000095367432
v -0.11943013001923558 -0.06294857844025192 0.00000000095367432
v -0.11693013001923558 -0.06727870545917412 0.00000000095367432
v -0.11241741586226969 -0.05543568441884002 0.00129409599304199
v -0.12078257692385812 -0.06026531240956268 0.00129409599304199
v -0.11928257692385812 -0.06286338862091599 0.00129409599304199
v -0.11443493949085229 -0.05660050222889861 0.00200000095367432
v -0.11444968687169066 -0.05660901663319549 0.00212941074371338
v -0.11449295114128279 -0.05663399527089080 0.00225000095367432
v -0.11456175903736289 -0.05667372152821502 0.00235355472564697
v -0.11465144584179840 -0.05672550222889861 0.00243301391601563
v -0.11475588002707227 -0.05678579733387908 0.00248296356201172
v -0.11293493949085229 -0.05919857844025193 0.00200000095367432
v -0.11294968687169066 -0.05920709284454880 0.00212941074371338
v -0.11299295114128279 -0.05923207148224412 0.00225000095367432
v -0.11306175903736289 -0.05927179773956834 0.00235355472564697
v -0.11315144584179840 -0.05932357844025193 0.00243301391601563
v -0.11325588002707226 -0.05938387354523240 0.00248296356201172
v -0.11876506650977449 -0.05910050222889861 0.00200000095367432
v -0.11875030591443715 -0.05909198019520721 0.00212941074371338
v -0.11870705485934398 -0.05906700918690642 0.00225000095367432
v -0.11863823374876492 -0.05902727530018768 0.00235355472564697
v -0.11854856015882836 -0.05897550222889861 0.00243301391601563
v -0.11844412597355451 -0.05891520712391814 0.00248296356201172
v -0.11726506650977449 -0.06169857844025193 0.00200000095367432
v -0.11725030591443715 -0.06169005640656052 0.00212941074371338
v -0.11720705485934398 -0.06166508539825974 0.00225000095367432
v -0.11713823374876492 -0.06162535151154099 0.00235355472564697
v -0.11704856015882836 -0.06157357844025193 0.00243301391601563
v -0.11694412597355451 -0.06151328333527146 0.00248296356201172
v -0.11678257692385811 -0.06719351563983818 0.00129409599304199
v -0.09608326968109208 -0.08318651453609993 0.00000000095367432
v -0.09610453180991729 -0.08319879023190072 0.00049988842010498
v -0.09616813319340750 -0.08323551050777962 0.00099496173858643
v -0.09077275658299064 -0.08358458998451380 0.00000000095367432
v -0.08821894894315035 -0.08211014845619349 0.00038822937011719
v -0.09072849461872710 -0.08355903532753138 0.00038822937011719
v -0.08777325630833244 -0.08877987685753862 0.00000000095367432
v -0.08521944866849215 -0.08730543532921831 0.00038822937011719
v -0.08772899434406890 -0.08875432220055619 0.00038822937011719
v -0.08834872193017833 -0.08218507292518763 0.00075000095367432
v -0.09059872163169912 -0.08348411085853724 0.00075000095367432
v -0.08855515883291760 -0.08230425932655482 0.00106066131591797
v -0.09039227812171038 -0.08336492064247278 0.00106066131591797
v -0.08534922165552013 -0.08738035979821245 0.00075000095367432
v -0.08759922135704092 -0.08867939773156205 0.00075000095367432
v -0.08555565855825940 -0.08749954619957963 0.00106066131591797
v -0.08739277784705217 -0.08856020751549759 0.00106066131591797
v -0.10050000452619229 -0.08573651758785775 0.00000000095367432
v -0.10483013154511449 -0.08823651758785775 0.00000000095367432
v -0.09770096642051562 -0.08758459379921106 0.00000000095367432
v -0.09774522177752971 -0.08761014464149622 0.00038822937011719
v -0.09470146614585742 -0.09277988067223587 0.00000000095367432
v -0.09474572150287150 -0.09280543151452103 0.00038822937011719
v -0.10029904263186895 -0.08908459379921106 0.00000000095367432
v -0.10333013154511449 -0.09083459379921106 0.00000000095367432
v -0.10025477406035592 -0.08905903532753137 0.00038822937011719
v -0.09729954235721074 -0.09427988067223587 0.00000000095367432
v -0.09725527378569772 -0.09425432220055618 0.00038822937011719
v -0.09787500137180716 -0.08768507292518762 0.00075000095367432
v -0.09808143827454642 -0.08780425932655482 0.00106066131591797
v -0.09487550109714896 -0.09288035979821244 0.00075000095367432
v -0.09508193799988822 -0.09299954619957963 0.00106066131591797
v -0.10012499446607846 -0.08898410704383997 0.00075000095367432
v -0.09991855756333921 -0.08886492064247278 0.00106066131591797
v -0.09712549419142026 -0.09417939391686478 0.00075000095367432
v -0.09691905728868100 -0.09406020751549760 0.00106066131591797
v -0.09627345275011163 -0.08329631678219368 0.00148045301437378
v -0.09641947296360982 -0.08338062159176400 0.00195168638229370
v -0.09660479309701243 -0.08348761622067025 0.00240412425994873
v -0.08882419942447567 -0.08245958998451380 0.00129903888702393
v -0.08913750198029728 -0.08264047529945520 0.00144888973236084
v -0.08980993497433071 -0.08302870466957239 0.00144888973236084
v -0.08947371847731400 -0.08283458998451380 0.00150000095367432
v -0.09012323753015231 -0.08320958998451380 0.00129903888702393
v -0.08582469914981747 -0.08765487685753862 0.00129903888702393
v -0.08613800170563907 -0.08783576217248001 0.00144888973236084
v -0.08681043469967251 -0.08822399154259720 0.00144888973236084
v -0.08647421820265579 -0.08802987685753862 0.00150000095367432
v -0.08712373725549410 -0.08840487685753862 0.00129903888702393
v -0.10050000452619229 -0.08573651758785775 0.00150000095367432
v -0.10468257844973702 -0.08815132776852182 0.00129409599304199
v -0.09835048547335395 -0.08795959379921106 0.00129903888702393
v -0.09866378802917558 -0.08814047911415247 0.00144888973236084
v -0.09933622102320901 -0.08852870848426966 0.00144888973236084
v -0.09900000452619229 -0.08833459379921106 0.00150000095367432
v -0.09535098519869575 -0.09315488067223587 0.00129903888702393
v -0.09566428775451738 -0.09333576598717729 0.00144888973236084
v -0.09633672074855081 -0.09372399535729448 0.00144888973236084
v -0.09600050425153409 -0.09352988067223587 0.00150000095367432
v -0.09964952357903062 -0.08870959379921106 0.00129903888702393
v -0.10318257844973702 -0.09074940397987513 0.00129409599304199
v -0.09665002330437242 -0.09390488067223587 0.00129903888702393
v -0.09167808264924253 -0.04461652534386470 0.00500000095367432
v -0.09147828283621307 -0.04509888027528074 0.00500000095367432
v -0.09141013585821403 -0.04561652673031516 0.00500000095367432
v -0.08891013585821403 -0.04994665374923735 0.00500000095367432
v -0.09147828353503483 -0.04613415738519844 0.00500000095367432
v -0.09167808403569300 -0.04661652294246207 0.00500000095367432
v -0.09199592148479628 -0.04703073401175457 0.00500000095367432
v -0.09241013345681141 -0.04734857615143358 0.00500000095367432
v -0.08939249480822820 -0.04974684943388193 0.00500000095367432
v -0.08991013588505822 -0.04967869896450892 0.00500000095367432
v -0.09042777191814590 -0.04974684873506017 0.00500000095367432
v -0.09091013345681141 -0.04994665236278689 0.00500000095367432
v -0.08849591818167206 -0.05026448738364338 0.00500000095367432
v -0.08817808264924253 -0.05067870317035578 0.00500000095367432
v -0.09968474817005059 -0.05154857691437302 0.00500000095367432
v -0.10016711352341337 -0.05174837393485027 0.00500000095367432
v -0.09818474817005059 -0.05414665312572634 0.00500000095367432
v -0.09859896395676297 -0.05446448865815587 0.00500000095367432
v -0.10120239063333107 -0.05174837323602851 0.00500000095367432
v -0.10241679897761946 -0.05081652610680415 0.00500000095367432
v -0.10209896065263772 -0.05123073147156979 0.00500000095367432
v -0.10168474576864796 -0.05154857552792257 0.00500000095367432
v -0.10068474955650104 -0.05181652370540152 0.00500000095367432
v -0.09891680140586628 -0.05487869972744837 0.00500000095367432
v -0.09911660190652442 -0.05536106528471200 0.00500000095367432
v -0.09918474576864796 -0.05587870254684477 0.00500000095367432
v -0.09911659599809672 -0.05639633857993243 0.00500000095367432
v -0.09891679897761947 -0.05687870393329522 0.00500000095367432
v -0.07714840093000851 -0.07918266619586711 0.00259807682037354
v -0.07777501264890122 -0.07954444064044719 0.00289777851104736
v -0.07844743903568517 -0.07993266619586711 0.00300000095367432
v -0.07614840093000851 -0.08091471700343600 0.00259807682037354
v -0.07677501264890121 -0.08127649144801607 0.00289777851104736
v -0.07744743903568517 -0.08166471700343600 0.00300000095367432
v -0.07974647714136182 -0.08068266619586711 0.00259807682037354
v -0.07911987202971860 -0.08032089556598430 0.00289777851104736
v -0.07874647714136182 -0.08241471700343600 0.00259807682037354
v -0.07811987202971860 -0.08205294637355319 0.00289777851104736
v -0.07307808417512143 -0.07683266772174602 0.00500000095367432
v -0.07207808417512143 -0.07856471852931490 0.00500000095367432
v -0.08381680050349838 -0.08303266848468548 0.00500000095367432
v -0.08704885131106725 -0.08143459227333216 0.00500000095367432
v -0.08454885131106725 -0.08576471929225435 0.00500000095367432
v -0.11284999248569627 -0.05568543264882049 0.00250000095367432
v -0.11486795219274451 -0.05685050222889861 0.00250000095367432
v -0.11839289727009233 -0.05281326401299549 0.00250000095367432
v -0.11860000280473859 -0.05265434528844384 0.00250000095367432
v -0.11823397950387758 -0.05302037190635168 0.00250000095367432
v -0.11710000089738996 -0.05525242480342190 0.00250000095367432
v -0.11760000421443680 -0.05511844931840632 0.00250000095367432
v -0.11734118367602178 -0.05515252455309282 0.00250000095367432
v -0.11785882223098063 -0.05515252420368193 0.00250000095367432
v -0.11810000490766201 -0.05525242271392056 0.00250000095367432
v -0.11830711089366958 -0.05541134378376006 0.00250000095367432
v -0.11846602961822122 -0.05561844931840632 0.00250000095367432
v -0.11689289536274371 -0.05541134352797354 0.00250000095367432
v -0.11673397759652895 -0.05561845142132974 0.00250000095367432
v -0.11663407578266557 -0.05585963219066250 0.00250000095367432
v -0.11660000089738996 -0.05611845020720633 0.00250000095367432
v -0.11663407613207648 -0.05637727074562135 0.00250000095367432
v -0.11673398019710281 -0.05661844691700368 0.00250000095367432
v -0.11573397759652895 -0.05735050222889861 0.00250000095367432
v -0.11689289892165446 -0.05682555245164993 0.00250000095367432
v -0.11710000300031338 -0.05698447682511418 0.00250000095367432
v -0.11734118758434341 -0.05708437203172806 0.00250000095367432
v -0.11760000560088725 -0.05711844691700368 0.00250000095367432
v -0.11336795219274451 -0.05944857844025193 0.00250000095367432
v -0.11523397759652895 -0.05821652763268306 0.00250000095367432
v -0.11513407578266557 -0.05845770840201581 0.00250000095367432
v -0.11510000089738996 -0.05871652641855965 0.00250000095367432
v -0.11513407613207648 -0.05897534695697466 0.00250000095367432
v -0.11523398019710281 -0.05921652312835700 0.00250000095367432
v -0.11539289892165445 -0.05942362866300325 0.00250000095367432
v -0.11560000300031338 -0.05958255303646750 0.00250000095367432
v -0.11584118758434341 -0.05968244824308137 0.00250000095367432
v -0.11610000560088725 -0.05971652312835700 0.00250000095367432
v -0.12009999379608648 -0.05352036549108056 0.00250000095367432
v -0.12006593212530982 -0.05377919113701893 0.00250000095367432
v -0.11996603031144647 -0.05402037190635169 0.00250000095367432
v -0.11856592986855030 -0.05585963209703813 0.00250000095367432
v -0.11859999188873785 -0.05611844500605861 0.00250000095367432
v -0.11856593021796119 -0.05637727065199698 0.00250000095367432
v -0.11846602840409783 -0.05661845142132974 0.00250000095367432
v -0.11830711063788306 -0.05682555931468593 0.00250000095367432
v -0.11785882232460498 -0.05708437828956666 0.00250000095367432
v -0.11809999188873785 -0.05698447040984305 0.00250000095367432
v -0.11746602840409782 -0.05835050222889861 0.00250000095367432
v -0.11833205380788227 -0.05885050222889861 0.00250000095367432
v -0.12035000030043155 -0.06001556417958221 0.00250000095367432
v -0.11659999188873785 -0.05958254662119637 0.00250000095367432
v -0.11696602840409782 -0.05921652763268306 0.00250000095367432
v -0.11680711063788306 -0.05942363552603925 0.00250000095367432
v -0.11635882232460498 -0.05968245450091998 0.00250000095367432
v -0.11683205380788227 -0.06144857844025193 0.00250000095367432
v -0.11885000030043155 -0.06261364039093552 0.00250000095367432
v -0.11353813751899207 -0.05608273336903533 0.00353553485870361
v -0.11966185526713574 -0.05961826345936736 0.00353553485870361
v -0.11816185526713574 -0.06221633967072068 0.00353553485870361
v -0.11635000030043155 -0.06694376740985772 0.00250000095367432
v -0.11566185526713574 -0.06654646668964287 0.00353553485870361
v -0.10876653991736243 -0.05101844913251138 0.00500000095367432
v -0.10826704126999237 -0.05222435018662296 0.00500000095367432
v -0.10809666963616646 -0.05351845069128888 0.00500000095367432
v -0.10826703640979729 -0.05481253914671993 0.00500000095367432
v -0.10876653486889044 -0.05601844261793228 0.00500000095367432
v -0.10956113789145039 -0.05705398452780754 0.00500000095367432
v -0.11059666032903513 -0.05784857233673631 0.00500000095367432
v -0.10549859072493131 -0.06067870317035577 0.00500000095367432
v -0.11443493949085229 -0.05660050222889861 0.00433012771606445
v -0.11876506650977449 -0.05910050222889861 0.00433012771606445
v -0.11726506650977449 -0.06169857844025193 0.00433012771606445
v -0.11716068709798297 -0.05522040282028585 0.00493069744110107
v -0.11734116283212830 -0.05515253013819725 0.00494974613189697
v -0.11753139765105772 -0.05512106843441157 0.00496871852874756
v -0.11773001530020305 -0.05512693660801508 0.00498529815673828
v -0.11792368266191351 -0.05517256789581163 0.00499619865417480
v -0.11810000490766201 -0.05525242271392056 0.00500000095367432
v -0.11825732233163319 -0.05536519484893664 0.00499619865417480
v -0.11849805146441579 -0.05567916627376704 0.00496871852874756
v -0.11839367386692763 -0.05551010006016353 0.00498529815673828
v -0.11547928134359101 -0.05720345327870330 0.00482962989807129
v -0.11673397759652895 -0.05561845142132974 0.00489898014068604
v -0.11684673930959828 -0.05546113678991078 0.00490285968780518
v -0.11699163740250317 -0.05532478995451719 0.00491394042968750
v -0.11665411998586780 -0.05579476324513151 0.00490285968780518
v -0.11660849302384105 -0.05598841548499437 0.00491394042968750
v -0.11660261596150837 -0.05618701038289758 0.00493069744110107
v -0.11663407054697204 -0.05637724990172785 0.00494974613189697
v -0.11670194322906065 -0.05655772563587317 0.00496871852874756
v -0.11680633594839641 -0.05672679617524647 0.00498529815673828
v -0.11694268557634221 -0.05687170469009810 0.00499619865417480
v -0.11710000300031338 -0.05698447682511418 0.00500000095367432
v -0.11727632524606191 -0.05706433164322310 0.00499619865417480
v -0.11766859704241872 -0.05711582347522864 0.00496871852874756
v -0.11746999451512100 -0.05710995962739491 0.00498529815673828
v -0.11660000300031338 -0.05785050222889861 0.00500000095367432
v -0.11510000300031338 -0.06044857844025193 0.00500000095367432
v -0.11859738063931671 -0.05604987822311789 0.00493069744110107
v -0.11856593545365474 -0.05585965294093163 0.00494974613189697
v -0.11772071144253682 -0.05849754354969940 0.00482962989807129
v -0.11846602840409783 -0.05661845142132974 0.00489898014068604
v -0.11854587280026001 -0.05644213196813344 0.00490285968780518
v -0.11859150357698403 -0.05624847312102110 0.00491394042968750
v -0.11835325347652953 -0.05677575842335416 0.00490285968780518
v -0.11820835919832191 -0.05691209865149828 0.00491394042968750
v -0.11803930950284211 -0.05701648578572961 0.00493069744110107
v -0.11785884316849848 -0.05708437270446223 0.00494974613189697
v -0.11622071144253682 -0.06109561976105271 0.00482962989807129
v -0.11476506650977449 -0.06602870545917412 0.00433012771606445
v -0.11260000300031338 -0.06477870545917412 0.00500000095367432
v -0.11372071144253681 -0.06542574677997490 0.00482962989807129
v -0.09682762919295997 -0.08361627070065072 0.00283340930938721
v -0.09708582728812207 -0.08376534144039681 0.00323540687561035
v -0.10102927163850270 -0.08604209009762337 0.00307244110107422
v -0.10425000182631046 -0.08790157953854134 0.00250000095367432
v -0.09737690305669444 -0.08393339411373665 0.00360624599456787
v -0.10356185679301465 -0.08750427881832649 0.00353553485870361
v -0.10275000182631046 -0.09049965574989466 0.00250000095367432
v -0.10206185679301465 -0.09010235502967981 0.00353553485870361
v -0.09339859225081021 -0.08163651529903938 0.00500000095367432
v -0.09769805502489778 -0.08411881128902962 0.00394235420227051
v -0.09804619099997561 -0.08431980768795541 0.00424049568176270
v -0.10266506803565340 -0.08698651758785775 0.00433012771606445
v -0.09841796771369130 -0.08453445307369760 0.00449779987335205
v -0.09880979082232796 -0.08476067225094369 0.00471178627014160
v -0.09921789419368225 -0.08499629084225228 0.00488039684295654
v -0.09963141550960979 -0.08523503748531869 0.00500000095367432
v -0.10050000452619229 -0.08573651758785775 0.00500000095367432
v -0.10162071296841572 -0.08638355890865854 0.00482962989807129
v -0.10133933664207932 -0.08622110621090462 0.00487240600585937
v -0.10116506803565339 -0.08958459379921106 0.00433012771606445
v -0.09900000452619229 -0.08833459379921106 0.00500000095367432
v -0.10012071296841572 -0.08898163512001185 0.00482962989807129
v -0.02349591369357384 -0.09497176005157830 -0.00499999904632568
v -0.02391012948028623 -0.09528959558400782 -0.00499999904632568
v -0.02422796692938952 -0.09570380665330032 -0.00499999904632568
v -0.02442776743004767 -0.09618617221056397 -0.00499999904632568
v -0.02249591126532702 -0.09870381506499402 -0.00499999904632568
v -0.02301355234215705 -0.09863566459562101 -0.00499999904632568
v -0.02449591129217121 -0.09670380947269672 -0.00499999904632568
v -0.02442776812886944 -0.09722144932048166 -0.00499999904632568
v -0.02422796450114272 -0.09770381085914717 -0.00499999904632568
v -0.02349591129217121 -0.09843586028026560 -0.00499999904632568
v -0.02391012896871319 -0.09811802664585956 -0.00499999904632568
v -0.03462027177480279 -0.10170380665330032 -0.00499999904632568
v -0.03496755960169889 -0.10173419872371141 -0.00499999904632568
v -0.03530431061848537 -0.10182442128477738 -0.00499999904632568
v -0.03562026934655598 -0.10197176005157829 -0.00499999904632568
v -0.04848076088720658 -0.10593266668934606 -0.00499999904632568
v -0.04524871007963771 -0.10753074290069939 -0.00499999904632568
v -0.04566292586635010 -0.10784857843312891 -0.00499999904632568
v -0.04598076331545339 -0.10826278950242141 -0.00499999904632568
v -0.04618056381611154 -0.10874515505968504 -0.00499999904632568
v -0.04624871428548456 -0.10926279613651507 -0.00499999904632568
v -0.04618056451493330 -0.10978043216960275 -0.00499999904632568
v -0.04598076088720658 -0.11026279370826826 -0.00499999904632568
v -0.04434050209814408 -0.11310380526848592 -0.00499999904632568
v -0.04260844886232840 -0.11410380947433277 -0.00499999904632568
v -0.04312608993915841 -0.11403565900495974 -0.00499999904632568
v -0.04402266656571455 -0.11351802105519830 -0.00499999904632568
v -0.04360845549642206 -0.11383585850430160 -0.00499999904632568
v -0.04399999863037050 -0.12037368932091688 -0.00499999904632568
v -0.04150000470098754 -0.11970380582522196 -0.00499999904632568
v -0.04279409478370672 -0.11987418025160007 -0.00499999904632568
v -0.04503553148990200 -0.12116827433729342 -0.00499999904632568
v -0.00666446770962121 -0.12116827402098694 -0.00499999904632568
v -0.00770000199010194 -0.12037368421292596 -0.00499999904632568
v -0.00890590927601156 -0.11987417914658333 -0.00499999904632568
v -0.01019999773144260 -0.11970381237295248 -0.00499999904632568
v -0.00586987227129792 -0.12220380967307065 -0.00499999904632568
v -0.00537036980923058 -0.12340971733443171 -0.00499999904632568
v -0.00520000199010194 -0.12470381123184816 -0.00499999904632568
v -0.00020000621036561 -0.12990380710548929 -0.00499999904632568
v -0.00019999666194607 -0.13119790628543859 -0.00482962810993195
v -0.00819999852378010 -0.12860971559423709 -0.00482962810993195
v -0.01058314388496795 -0.12898012517457202 -0.00491393828392029
v -0.00949290740967627 -0.12919668669477635 -0.00494974434375763
v -0.00964192495741698 -0.12907433817715921 -0.00493069553375244
v -0.00927631920468747 -0.12952065049162151 -0.00498529589176178
v -0.00937055005845097 -0.12934570385647348 -0.00496871685981751
v -0.00921900488843407 -0.12971118461675626 -0.00499619674682617
v -0.00920000531492799 -0.12990380658850814 -0.00499999904632568
v -0.00981685140680799 -0.12898012743117948 -0.00491393828392029
v -0.01000737829272590 -0.12892281500389771 -0.00490285813808441
v -0.01019999439533081 -0.12890381509950979 -0.00489897847175598
v -0.01039262018177993 -0.12892280806576639 -0.00490285813808441
v -0.00520000351048378 -0.12990380554671177 -0.00499999904632568
v -0.00520000056931372 -0.13119790854135838 -0.00482962810993195
v -0.00820000321200457 -0.12990380537438473 -0.00499999904632568
v -0.00921900801186814 -0.13009643311305980 -0.00499619674682617
v -0.00927632323170210 -0.13028697042092444 -0.00498529589176178
v -0.00937054719218080 -0.13046190449970999 -0.00496871685981751
v -0.00949290510959965 -0.13061093628409470 -0.00494974434375763
v -0.00820000027083451 -0.13119790836903134 -0.00482962810993195
v -0.00819999861791855 -0.12740381333157511 -0.00433012604713440
v -0.00520000047517526 -0.13240381080402033 -0.00433012604713440
v -0.00820000017669605 -0.13240381063169329 -0.00433012604713440
v -0.01719999419298822 -0.12668987544640939 -0.00383022117614746
v -0.01919999879697676 -0.12733268419189051 -0.00405331099033356
v -0.01075806790581534 -0.12907433416229697 -0.00493069553375244
v -0.01102945442902309 -0.12934570347615856 -0.00496871685981751
v -0.01090709548945918 -0.12919668872097007 -0.00494974434375763
v -0.01112368499675125 -0.12952064136964136 -0.00498529589176178
v -0.01118100021658522 -0.12971117867750601 -0.00499619674682617
v -0.01120000291352537 -0.12990380520205766 -0.00499999904632568
v -0.01118099571062476 -0.13009644038830848 -0.00499619674682617
v -0.01112368139437136 -0.13028697451344326 -0.00498529589176178
v -0.01102945817000239 -0.13046190793409232 -0.00496871685981751
v -0.01090708658213308 -0.13061093449559114 -0.00494974434375763
v -0.01075806903439237 -0.13073328301320827 -0.00493069553375244
v -0.01058314919225083 -0.13082749757388526 -0.00491393828392029
v -0.00964192608599401 -0.13073328702807052 -0.00493069553375244
v -0.00981685671409088 -0.13082749983049274 -0.00491393828392029
v -0.01000737381002942 -0.13088481312460110 -0.00490285813808441
v -0.01039262230633293 -0.13088481000116703 -0.00490285813808441
v -0.01019999959647854 -0.13090380609085769 -0.00489897847175598
v -0.01719999688824712 -0.12903557390308401 -0.00492403781414032
v -0.01720000231656696 -0.12990380485740358 -0.00499999904632568
v -0.01720000182005868 -0.12819370745077960 -0.00469846212863922
v -0.01720000011549228 -0.13077204902622208 -0.00492403781414032
v -0.01919999885462360 -0.13010381751489478 -0.00479583048820496
v -0.01919999748056803 -0.13080291657451634 -0.00471504044532776
v -0.01719999518368070 -0.13161391547852652 -0.00469846212863922
v -0.01920000077447212 -0.13148268992204148 -0.00453289544582367
v -0.01719999772248095 -0.12740381281459395 -0.00433012604713440
v -0.01719999928125845 -0.13240381011471211 -0.00433012604713440
v -0.01720000281075116 -0.13311774748289673 -0.00383022117614746
v -0.00820000003677360 -0.12636827315431950 -0.00353553295135498
v -0.00519999905632021 -0.13343935098127593 -0.00353553295135498
v -0.01720000156292196 -0.12607359070865345 -0.00321393704414368
v -0.01919999940197143 -0.12676765018502459 -0.00363379383087158
v -0.01920000179383527 -0.12627001115449960 -0.00313616466522217
v -0.01920000456768289 -0.12585049646235927 -0.00257111978530884
v -0.00819999875784100 -0.13343935080894889 -0.00353553295135498
v -0.01720000204806691 -0.13373403603534992 -0.00321393704414368
v -0.00020000317505709 -0.13240381236279783 -0.00433012604713440
v -0.00019999514895256 -0.13343934872535615 -0.00353553295135498
v -0.01919999715215139 -0.13212852444315537 -0.00425331091880798
v -0.00519999861286691 -0.12765381402963302 -0.00243301177024841
v -0.00520000079170385 -0.12755024885440955 -0.00235355234146118
v -0.00519999778360520 -0.12747080154994081 -0.00224999904632568
v -0.00519999498230522 -0.12742084912654406 -0.00212940859794617
v -0.00519999891639776 -0.12740381350390215 -0.00199999904632568
v -0.00519999830933605 -0.12790381455536387 -0.00249999904632568
v -0.00520000012933196 -0.12777440161299944 -0.00248296189308167
v -0.00820000456194549 -0.12557367913485129 -0.00249999904632568
v -0.00820000049322464 -0.12755024868208251 -0.00235355234146118
v -0.00819999831438770 -0.12765381385730595 -0.00243301177024841
v -0.00819999983085276 -0.12777440144067237 -0.00248296189308167
v -0.00819999801085685 -0.12790381438303683 -0.00249999904632568
v -0.00819999748512599 -0.12747080137761377 -0.00224999904632568
v -0.00819999679673345 -0.12890381648596025 -0.00249999904632568
v -0.00949289978028174 -0.12919669990927535 -0.00249999904632568
v -0.00994118148631034 -0.12893787711969734 -0.00249999904632568
v -0.00970000531492799 -0.12903778118472370 -0.00249999904632568
v -0.00933397540681750 -0.12940380398793425 -0.00249999904632568
v -0.00923408020020362 -0.12964498857196430 -0.00249999904632568
v -0.00920000531492799 -0.12990380658850814 -0.00249999904632568
v -0.01019999439533081 -0.12890381509950979 -0.00249999904632568
v -0.01045882004126918 -0.12893787677028648 -0.00249999904632568
v -0.00820000129107550 -0.12742085276891427 -0.00212940859794617
v -0.00819999861791855 -0.12740381333157511 -0.00199999904632568
v -0.00670000561340720 -0.12903778135705074 -0.00249999904632568
v -0.00649289347151147 -0.12919669626690514 -0.00249999904632568
v -0.00633397570529670 -0.12940380416026132 -0.00249999904632568
v -0.00623407389143334 -0.12964498492959409 -0.00249999904632568
v -0.00620000561340720 -0.12990380676083518 -0.00249999904632568
v -0.00694118178478954 -0.12893787729202438 -0.00249999904632568
v -0.00719999469381002 -0.12890381527183684 -0.00249999904632568
v -0.00623407424084422 -0.13016262348455290 -0.00249999904632568
v -0.00633397449117330 -0.13040380626318476 -0.00249999904632568
v -0.00649289321572495 -0.13061091179783099 -0.00249999904632568
v -0.00670000110908114 -0.13076982956404576 -0.00249999904632568
v -0.00694118187841390 -0.13086973137790911 -0.00249999904632568
v -0.00520000108223696 -0.13190380975255861 -0.00249999904632568
v -0.00519999926224105 -0.13203322269492307 -0.00248296189308167
v -0.00520000077870611 -0.13215381027828949 -0.00243301177024841
v -0.00519999962201423 -0.13225735842431671 -0.00235355234146118
v -0.00520000160796782 -0.13233682275798167 -0.00224999904632568
v -0.00820000199788116 -0.13090380747730815 -0.00249999904632568
v -0.00719999989495774 -0.13090380626318476 -0.00249999904632568
v -0.00923407394236502 -0.13016262331222586 -0.00249999904632568
v -0.00933397419269410 -0.13040380609085769 -0.00249999904632568
v -0.00949289291724574 -0.13061091162550395 -0.00249999904632568
v -0.00820000078375776 -0.13190380958023157 -0.00249999904632568
v -0.00819999896376184 -0.13203322252259603 -0.00248296189308167
v -0.00820000048022691 -0.13215381010596244 -0.00243301177024841
v -0.00819999932353502 -0.13225735825198967 -0.00235355234146118
v -0.00820000130948862 -0.13233682258565463 -0.00224999904632568
v -0.00520000216054285 -0.13423393178624521 -0.00249999904632568
v -0.00519999780201831 -0.13238677136668117 -0.00212940859794617
v -0.00520000047517526 -0.13240381080402033 -0.00199999904632568
v -0.00819999750353911 -0.13238677119435410 -0.00212940859794617
v -0.00820000017669605 -0.13240381063169329 -0.00199999904632568
v -0.00819999534854913 -0.12507418337417189 -0.00129409408569336
v -0.00519999713729520 -0.13473343694672629 -0.00129409408569336
v -0.01720000366650787 -0.12557367861787014 -0.00249999904632568
v -0.01720000376399664 -0.12520534653983495 -0.00171009969711304
v -0.01070000081060194 -0.12903777858414983 -0.00249999904632568
v -0.01090710870395813 -0.12919669635036460 -0.00249999904632568
v -0.01106601979911525 -0.12940381509950979 -0.00249999904632568
v -0.01116592767883886 -0.12964498466364266 -0.00249999904632568
v -0.01120000291352537 -0.12990380520205766 -0.00249999904632568
v -0.01116592802824974 -0.13016262321860150 -0.00249999904632568
v -0.01106602621438639 -0.13040380398793425 -0.00249999904632568
v -0.01070000291352537 -0.13076983060584213 -0.00249999904632568
v -0.01090710844817161 -0.13061091188129045 -0.00249999904632568
v -0.01520000199918966 -0.12755024955155181 -0.00235355234146118
v -0.01520000133681778 -0.12777440231014167 -0.00248296189308167
v -0.01519999951682187 -0.12790381525250613 -0.00249999904632568
v -0.01519999982035272 -0.12765381472677528 -0.00243301177024841
v -0.01619999683249173 -0.12777439970956783 -0.00248296189308167
v -0.01619999501249581 -0.12790381265193226 -0.00249999904632568
v -0.01619999531602666 -0.12765381212620142 -0.00243301177024841
v -0.01620000410211309 -0.12755025076567522 -0.00235355234146118
v -0.01519999899109101 -0.12747080224708307 -0.00224999904632568
v -0.01620000109401444 -0.12747080346120648 -0.00224999904632568
v -0.01319999409685161 -0.12890381492718275 -0.00249999904632568
v -0.01345881974278997 -0.12893787659795941 -0.00249999904632568
v -0.01370000051212273 -0.12903777841182279 -0.00249999904632568
v -0.01390710840547894 -0.12919669617803756 -0.00249999904632568
v -0.01406601950063605 -0.12940381492718273 -0.00249999904632568
v -0.01319999929799933 -0.13090380591853065 -0.00249999904632568
v -0.01416592738035965 -0.12964498449131559 -0.00249999904632568
v -0.01420000261504616 -0.12990380502973062 -0.00249999904632568
v -0.01416592772977053 -0.13016262304627446 -0.00249999904632568
v -0.01406602591590718 -0.13040380381560721 -0.00249999904632568
v -0.01390710814969241 -0.13061091170896341 -0.00249999904632568
v -0.01370000261504616 -0.13076983043351506 -0.00249999904632568
v -0.01345881983641434 -0.13086973068384414 -0.00249999904632568
v -0.01519999618979104 -0.12742084982368632 -0.00212940859794617
v -0.01619999829271446 -0.12742085103780973 -0.00212940859794617
v -0.01520000012388357 -0.12740381420104444 -0.00199999904632568
v -0.01619999561955751 -0.12740381160047057 -0.00199999904632568
v -0.00970000081060194 -0.13076982939171872 -0.00249999904632568
v -0.00994118157993469 -0.13086973120558207 -0.00249999904632568
v -0.01019999959647854 -0.13090380609085769 -0.00249999904632568
v -0.01045882013489354 -0.13086973085617118 -0.00249999904632568
v -0.00820000186206365 -0.13423393161391814 -0.00249999904632568
v -0.01520000228972278 -0.13190381044970087 -0.00249999904632568
v -0.01619999778539672 -0.13190380784912703 -0.00249999904632568
v -0.01619999596540081 -0.13203322079149146 -0.00248296189308167
v -0.01619999748186587 -0.13215380837485788 -0.00243301177024841
v -0.01520000046972686 -0.13203322339206533 -0.00248296189308167
v -0.01520000198619192 -0.13215381097543172 -0.00243301177024841
v -0.01520000082950004 -0.13225735912145897 -0.00235355234146118
v -0.01620000293242346 -0.13225736033558239 -0.00235355234146118
v -0.01520000281545363 -0.13233682345512396 -0.00224999904632568
v -0.01619999831112758 -0.13233682085455006 -0.00224999904632568
v -0.01720000096662604 -0.13423393109693701 -0.00249999904632568
v -0.01519999900950413 -0.13238677206382343 -0.00212940859794617
v -0.01620000111242755 -0.13238677327794682 -0.00212940859794617
v -0.01520000168266107 -0.13240381150116259 -0.00199999904632568
v -0.01619999717833501 -0.13240380890058873 -0.00199999904632568
v -0.00820000344606548 -0.13473344058909653 -0.00129409408569336
v -0.01719999984699223 -0.13460228020416842 -0.00171009969711304
v -0.01919999885462360 -0.13010381751489478 -0.00148911523818970
v -0.01919999570426389 -0.13011047580350912 -0.00143488264083862
v -0.01920000519956152 -0.13013002112474931 -0.00138473844528198
v -0.01919999521896856 -0.13016116634133090 -0.00134200763702393
v -0.01920000252564799 -0.13020181835864247 -0.00130952310562134
v -0.01919999543837212 -0.13024931598572687 -0.00128943872451782
v -0.01920000236606694 -0.13047516458231057 -0.00138961124420166
v -0.01920000121577887 -0.13044226862544919 -0.00134597635269165
v -0.01919999891237911 -0.13040028042755464 -0.00131232500076294
v -0.01919999457522708 -0.13035194809597228 -0.00129088783264160
v -0.01920000039140780 -0.13030048538533304 -0.00128308677673340
v -0.01720000132587447 -0.12497976482528643 -0.00086823987960815
v -0.01920000019031066 -0.12898604786743256 -0.00118961143493652
v -0.01920000453555523 -0.12900738738714665 -0.00113931274414062
v -0.01919999378985986 -0.12901553893380729 -0.00108611202239990
v -0.01919999507676180 -0.12900993672924183 -0.00103353691101074
v -0.01919999912356886 -0.12899096304516167 -0.00098507356643677
v -0.01919999840833214 -0.12895988213066772 -0.00094393444061279
v -0.01720000231656696 -0.12990380485740358 -0.00074270486831665
v -0.01719999880512362 -0.12953245778998779 -0.00064320135116577
v -0.01719999814406218 -0.12991048017521417 -0.00068847227096558
v -0.01720000103211034 -0.12993002168175707 -0.00063832807540894
v -0.01719999819861578 -0.13027516513931833 -0.00064320135116577
v -0.01919999936180554 -0.12871419871650802 -0.00091776227951050
v -0.01919999989996572 -0.12891874185177005 -0.00091284799575806
v -0.01919999493470344 -0.12876449935322379 -0.00089641666412354
v -0.01920000373997411 -0.12887027328661790 -0.00089387559890747
v -0.01920000127154882 -0.12881769577494656 -0.00088827466964722
v -0.01720000330725946 -0.13482784488952071 -0.00086823987960815
v -0.01720000315036816 -0.12955379730970187 -0.00059290266036987
v -0.01720000528816139 -0.12996115749853698 -0.00059559726715088
v -0.01720000496544629 -0.13000182273034749 -0.00056311273574829
v -0.01720000365557717 -0.13024227299715424 -0.00059956645965576
v -0.01720000237432245 -0.13020026777006344 -0.00056591463088989
v -0.01719999901192229 -0.12956195267105980 -0.00053970193862915
v -0.01720000029882423 -0.12955635046649430 -0.00048712682723999
v -0.01720000464441991 -0.13015193925317833 -0.00054447746276855
v -0.01719999787817041 -0.13004932035743189 -0.00054302883148193
v -0.01719999622395662 -0.13010048594234078 -0.00053667640686035
v -0.01719999773838182 -0.12953737296771692 -0.00043866300582886
v -0.01719999702314508 -0.12950629205322295 -0.00039752435684204
v -0.01719999797661850 -0.12926060863906327 -0.00037135171890259
v -0.01719999851477866 -0.12946515177432530 -0.00036643791198730
v -0.01720000015676587 -0.12931091309047629 -0.00035000658035278
v -0.01720000235478706 -0.12941668320917316 -0.00034746503829956
v -0.01719999988636176 -0.12936410569750184 -0.00034186458587646
v -0.01719999902712090 -0.13054701429024282 -0.00037135171890259
v -0.01720000030386327 -0.13050337194214143 -0.00033846473693848
v -0.01919999940798239 -0.13129342226933988 -0.00057135200500488
v -0.01920000068472476 -0.13124977992123846 -0.00053846502304077
v -0.01919999621378250 -0.13121614203525483 -0.00049646282196045
v -0.01920000151870154 -0.13118689700702174 -0.00039667367935181
v -0.01919999800140825 -0.13119470034036337 -0.00044813108444214
v -0.01919999592305925 -0.13119325435520851 -0.00034550333023071
v -0.01720000346231554 -0.13046972084165881 -0.00029646301269531
v -0.01719999762054676 -0.13044829236126634 -0.00024813079833984
v -0.01720000113784005 -0.13044048902792471 -0.00019667387008667
v -0.01719999554219776 -0.13044684637611145 -0.00014550352096558
v -0.01720000080214176 -0.13046691783202743 -0.00009801244735718
v -0.01719999903276811 -0.13049940685858655 -0.00005734968185425
v -0.01720000465682208 -0.13054213698560344 -0.00002621173858643
v -0.01720000282177596 -0.13059228054485589 -0.00000666236877441
v -0.01919999355360872 -0.13121333902562343 -0.00029801225662231
v -0.01919999941362962 -0.13124581483768361 -0.00025734949111938
v -0.01920000503768357 -0.13128854496470047 -0.00022621154785156
v -0.01920000320263745 -0.13133868852395295 -0.00020666265487671
v -0.01920000209092061 -0.13139292018583112 -0.00019999885559082
v -0.00020000486042469 -0.13423393334502270 -0.00249999904632568
v -0.00019999983717703 -0.13473343850550382 -0.00129409408569336
v -0.01920000080935452 -0.13415712833818588 -0.00222470974922180
v -0.01919999560189709 -0.13443670889096987 -0.00157887506484985
v -0.01919999365827049 -0.13461885642246896 -0.00089910078048706
v -0.01919999827033896 -0.13469964372221796 -0.00019999885559082
v -0.06632808417512144 -0.08852401067283594 -0.00499999904632568
v -0.06354249633410709 -0.09452036016663762 -0.00499999904632568
v -0.06406013359623987 -0.09445221630451409 -0.00499999904632568
v -0.06457777344402479 -0.09452035946781585 -0.00499999904632568
v -0.06506013498269031 -0.09472016309554257 -0.00499999904632568
v -0.06264591970755096 -0.09503799811639907 -0.00499999904632568
v -0.06306013738409294 -0.09472016448199304 -0.00499999904632568
v -0.06232808417512143 -0.09545221390311145 -0.00499999904632568
v -0.07204371357085398 -0.09875213407332578 -0.00499999904632568
v -0.07241289059608892 -0.09902632070374892 -0.00499999904632568
v -0.07270967735926649 -0.09937758161985676 -0.00499999904632568
v -0.07291838901419115 -0.09978733792255953 -0.00499999904632568
v -0.07302799609725885 -0.10023393697761374 -0.00499999904632568
v -0.07692468037163734 -0.10157016156966367 -0.00499999904632568
v -0.07303270724177537 -0.10069376409649619 -0.00499999904632568
v -0.07293226538898720 -0.10114251476216916 -0.00499999904632568
v -0.07273197432452512 -0.10155646092247110 -0.00499999904632568
v -0.07244244130361623 -0.10191372075093545 -0.00499999904632568
v -0.05049999732209409 -0.11593906128889230 -0.00499999904632568
v -0.05030019369436736 -0.11642142282755781 -0.00499999904632568
v -0.05488503663837890 -0.11909274495556396 -0.00499999904632568
v -0.05023205053106559 -0.11693906267534274 -0.00499999904632568
v -0.05030020202258365 -0.11745668672297654 -0.00499999904632568
v -0.05050000252324181 -0.11793905228024018 -0.00499999904632568
v -0.05081783997234510 -0.11835326334953268 -0.00499999904632568
v -0.05123204812966296 -0.11867111209646115 -0.00499999904632568
v -0.04583013171990973 -0.12220380582522195 -0.00499999904632568
v -0.04632962636430562 -0.12340971590368380 -0.00499999904632568
v -0.04649999593048867 -0.12470381478106159 -0.00499999904632568
v -0.05248630890561666 -0.11939525989309202 -0.00499999904632568
v -0.05296447290401816 -0.11959392628104941 -0.00499999904632568
v -0.05347759855233822 -0.11966318965878142 -0.00499999904632568
v -0.05399131922117988 -0.11959839630769159 -0.00499999904632568
v -0.05447118558430473 -0.11940390110075978 -0.00499999904632568
v -0.04949999897357640 -0.12840380576921301 -0.00499999904632568
v -0.04949999715239130 -0.12990380892359815 -0.00499999904632568
v -0.08058974388109844 -0.10022208535831036 -0.00499999904632568
v -0.08171046553782081 -0.10086913430850566 -0.00482962810993195
v -0.07908974388109843 -0.10282016156966367 -0.00499999904632568
v -0.08021046553782081 -0.10346721051985898 -0.00482962810993195
v -0.08275481399780900 -0.10147208917300762 -0.00433012604713440
v -0.08125481399780900 -0.10407016538436094 -0.00433012604713440
v -0.09075000452619229 -0.10262401296165430 -0.00499999904632568
v -0.08925000452619229 -0.10522208917300761 -0.00499999904632568
v -0.09187071296841572 -0.10327105428245509 -0.00482962810993195
v -0.09037071296841571 -0.10586913049380840 -0.00482962810993195
v -0.09291506803565339 -0.10387401296165430 -0.00433012604713440
v -0.09141506803565340 -0.10647208917300761 -0.00433012604713440
v -0.08365160275517027 -0.10198985040347637 -0.00353553295135498
v -0.08215160275517026 -0.10458792661482968 -0.00353553295135498
v -0.09381185679301464 -0.10439177419212306 -0.00353553295135498
v -0.09231185679301464 -0.10698985040347637 -0.00353553295135498
v -0.04649999836146306 -0.12915380751873262 -0.00129903697967529
v -0.04949999715239130 -0.12990380892359815 -0.00149999904632568
v -0.04949999498298450 -0.12951558331100377 -0.00144888782501221
v -0.04949999932179809 -0.13029203453619251 -0.00144888782501221
v -0.04949999806298386 -0.12915380734640555 -0.00129903697967529
v -0.04949999624179875 -0.13065381050079072 -0.00129903697967529
v -0.04650000285368376 -0.12884314605145469 -0.00106065940856934
v -0.04950000255520457 -0.12884314587912762 -0.00106065940856934
v -0.04949999835682752 -0.13096447578276590 -0.00106065940856934
v -0.04650000248092741 -0.12860477389435324 -0.00074999904632568
v -0.04950000218244821 -0.12860477372202619 -0.00074999904632568
v -0.04650000068427698 -0.12845492043886028 -0.00038822746276855
v -0.04950000038579777 -0.12845492026653324 -0.00038822746276855
v -0.08433974778846608 -0.10238715112369122 -0.00249999904632568
v -0.08283974778846608 -0.10498522733504453 -0.00249999904632568
v -0.08147321875197219 -0.09669186199474664 -0.00149999904632568
v -0.08122371847731399 -0.09712400914695704 -0.00149999904632568
v -0.08113700225495547 -0.09649774730968803 -0.00144888782501221
v -0.08088750198029727 -0.09692989446189844 -0.00144888782501221
v -0.08180943524898891 -0.09688597667980522 -0.00144888782501221
v -0.08155993497433070 -0.09731812383201563 -0.00144888782501221
v -0.08082369969913387 -0.09631686199474664 -0.00129903697967529
v -0.08057419942447566 -0.09674900914695704 -0.00129903697967529
v -0.08212273780481051 -0.09706686199474664 -0.00129903697967529
v -0.08187323753015231 -0.09749900914695704 -0.00129903697967529
v -0.07972371847731399 -0.09972208535831036 -0.00149999904632568
v -0.07938750198029727 -0.09952797067325177 -0.00144888782501221
v -0.08005993497433070 -0.09991620004336894 -0.00144888782501221
v -0.07907419942447566 -0.09934708535831036 -0.00129903697967529
v -0.07822371847731399 -0.10232016156966367 -0.00149999904632568
v -0.07788750198029727 -0.10212604688460508 -0.00144888782501221
v -0.07855993497433070 -0.10251427625472226 -0.00144888782501221
v -0.07757419942447567 -0.10194516156966367 -0.00129903697967529
v -0.08037323753015231 -0.10009708535831036 -0.00129903697967529
v -0.07887323753015231 -0.10269516156966367 -0.00129903697967529
v -0.08477232441189264 -0.10263689935367168 -0.00129409408569336
v -0.08327232441189264 -0.10523497556502499 -0.00129409408569336
v -0.09450000182631045 -0.10478907491233790 -0.00249999904632568
v -0.09300000182631045 -0.10738715112369121 -0.00249999904632568
v -0.09099950480085049 -0.10219186580944389 -0.00149999904632568
v -0.09075000452619229 -0.10262401296165430 -0.00149999904632568
v -0.09066328830383379 -0.10199775112438531 -0.00144888782501221
v -0.09041378802917557 -0.10242989827659571 -0.00144888782501221
v -0.09133572129786721 -0.10238598049450250 -0.00144888782501221
v -0.09108622102320901 -0.10281812764671290 -0.00144888782501221
v -0.09034998574801216 -0.10181686580944389 -0.00129903697967529
v -0.09010048547335396 -0.10224901296165430 -0.00129903697967529
v -0.08925000452619229 -0.10522208917300761 -0.00149999904632568
v -0.08891378802917559 -0.10502797448794902 -0.00144888782501221
v -0.08958622102320901 -0.10541620385806622 -0.00144888782501221
v -0.08860048547335396 -0.10484708917300763 -0.00129903697967529
v -0.08775000452619229 -0.10782016538436094 -0.00149999904632568
v -0.08741378802917558 -0.10762605069930234 -0.00144888782501221
v -0.08808622102320901 -0.10801428006941953 -0.00144888782501221
v -0.08710048547335396 -0.10744516538436094 -0.00129903697967529
v -0.09164902385368882 -0.10256686580944389 -0.00129903697967529
v -0.09139952357903061 -0.10299901296165430 -0.00129903697967529
v -0.09493257844973703 -0.10503882314231837 -0.00129409408569336
v -0.08989952357903061 -0.10559708917300761 -0.00129903697967529
v -0.08839952357903062 -0.10819516538436094 -0.00129903697967529
v -0.09343257844973703 -0.10763689935367168 -0.00129409408569336
v -0.08055465910757581 -0.09616153133678765 -0.00106065940856934
v -0.08030515883291760 -0.09659367848899805 -0.00106065940856934
v -0.08239177839636858 -0.09722219265270561 -0.00106065940856934
v -0.08214227812171038 -0.09765433980491602 -0.00106065940856934
v -0.08034822220483653 -0.09604234493542047 -0.00074999904632568
v -0.08009872193017833 -0.09647449208763087 -0.00074999904632568
v -0.08259822190635732 -0.09734138286877007 -0.00074999904632568
v -0.08234872163169912 -0.09777353002098048 -0.00074999904632568
v -0.07880515883291760 -0.09919175470035137 -0.00106065940856934
v -0.07730515883291759 -0.10178983091170468 -0.00106065940856934
v -0.08064227812171038 -0.10025241601626934 -0.00106065940856934
v -0.07914227812171037 -0.10285049222762266 -0.00106065940856934
v -0.07859872193017833 -0.09907256829898418 -0.00074999904632568
v -0.07709872193017833 -0.10167064451033750 -0.00074999904632568
v -0.08084872163169912 -0.10037160623233379 -0.00074999904632568
v -0.07934872163169912 -0.10296968244368711 -0.00074999904632568
v -0.08021844921780856 -0.09596742046642633 -0.00038822746276855
v -0.07996894894315035 -0.09639956761863673 -0.00038822746276855
v -0.08272799489338531 -0.09741630733776421 -0.00038822746276855
v -0.08247849461872710 -0.09784845448997462 -0.00038822746276855
v -0.07846894894315036 -0.09899764382999005 -0.00038822746276855
v -0.07696894894315036 -0.10159572004134336 -0.00038822746276855
v -0.08097849461872710 -0.10044653070132793 -0.00038822746276855
v -0.07947849461872709 -0.10304460691268125 -0.00038822746276855
v -0.09008093854920463 -0.10166153133678765 -0.00106065940856934
v -0.08983143827454641 -0.10209367848899806 -0.00106065940856934
v -0.08987450164646536 -0.10154234493542046 -0.00074999904632568
v -0.08962500137180716 -0.10197449208763086 -0.00074999904632568
v -0.08833143827454641 -0.10469175470035137 -0.00106065940856934
v -0.08683143827454641 -0.10728983091170469 -0.00106065940856934
v -0.08812500137180716 -0.10457256829898418 -0.00074999904632568
v -0.08662500137180716 -0.10717064451033750 -0.00074999904632568
v -0.09191805783799741 -0.10272219265270562 -0.00106065940856934
v -0.09166855756333921 -0.10315433980491602 -0.00106065940856934
v -0.09212449474073667 -0.10284137905407280 -0.00074999904632568
v -0.09187499446607847 -0.10327352620628320 -0.00074999904632568
v -0.09016855756333921 -0.10575241601626933 -0.00106065940856934
v -0.08866855756333920 -0.10835049222762265 -0.00106065940856934
v -0.09037499446607847 -0.10587160241763653 -0.00074999904632568
v -0.08887499446607847 -0.10846967862898985 -0.00074999904632568
v -0.08974472205218791 -0.10146741665172905 -0.00038822746276855
v -0.08949522177752971 -0.10189956380393946 -0.00038822746276855
v -0.08799522177752971 -0.10449764001529277 -0.00038822746276855
v -0.08649522177752970 -0.10709571622664610 -0.00038822746276855
v -0.09225427433501412 -0.10291630733776422 -0.00038822746276855
v -0.09200477406035591 -0.10334845448997462 -0.00038822746276855
v -0.09050477406035591 -0.10594653070132794 -0.00038822746276855
v -0.08900477406035591 -0.10854460691268125 -0.00038822746276855
v -0.04649999745087050 -0.12990380909592519 -0.00499999904632568
v -0.04650000213909498 -0.13119789887607283 -0.00482962810993195
v -0.04950000184061577 -0.13119789870374579 -0.00482962810993195
v -0.04649999441556199 -0.13240381435323376 -0.00433012604713440
v -0.04949999411708279 -0.13240381418090669 -0.00433012604713440
v -0.04650000062610148 -0.13343934131599039 -0.00353553295135498
v -0.04950000032762226 -0.13343934114366335 -0.00353553295135498
v -0.04650000270817906 -0.13423393915015588 -0.00249999904632568
v -0.04649999745087050 -0.12990380909592519 -0.00149999904632568
v -0.04649999528146370 -0.12951558348333081 -0.00144888782501221
v -0.04649999962027730 -0.13029203470851958 -0.00144888782501221
v -0.04649999654027796 -0.13065381067311777 -0.00129903697967529
v -0.04649999768493141 -0.13473344431063697 -0.00129409408569336
v -0.04950000240969987 -0.13423393897782884 -0.00249999904632568
v -0.04949999738645221 -0.13473344413830993 -0.00129409408569336
v -0.04649999865530672 -0.13096447595509295 -0.00106065940856934
v -0.04649999902806307 -0.13120284811219440 -0.00074999904632568
v -0.04949999872958388 -0.13120284793986736 -0.00074999904632568
v -0.04650000082471352 -0.13135270156768736 -0.00038822746276855
v -0.04950000052623431 -0.13135270139536029 -0.00038822746276855
v -0.02349591369357384 -0.09497176005157830 0.00500000095367432
v -0.02391012948028623 -0.09528959558400782 0.00500000095367432
v -0.02422796692938952 -0.09570380665330032 0.00500000095367432
v -0.02442776743004767 -0.09618617221056397 0.00500000095367432
v -0.02249591126532702 -0.09870381506499402 0.00500000095367432
v -0.02301355234215705 -0.09863566459562101 0.00500000095367432
v -0.02449591129217121 -0.09670380947269672 0.00500000095367432
v -0.02442776812886944 -0.09722144932048166 0.00500000095367432
v -0.02422796450114272 -0.09770381085914717 0.00500000095367432
v -0.02349591129217121 -0.09843586028026560 0.00500000095367432
v -0.02391012896871319 -0.09811802664585956 0.00500000095367432
v -0.03462027177480279 -0.10170380665330032 0.00500000095367432
v -0.03496755960169889 -0.10173419872371141 0.00500000095367432
v -0.03530431061848537 -0.10182442128477738 0.00500000095367432
v -0.03562026934655598 -0.10197176005157829 0.00500000095367432
v -0.04848076088720658 -0.10593266668934606 0.00500000095367432
v -0.04524871007963771 -0.10753074290069939 0.00500000095367432
v -0.04566292586635010 -0.10784857843312891 0.00500000095367432
v -0.04598076331545339 -0.10826278950242141 0.00500000095367432
v -0.04618056381611154 -0.10874515505968504 0.00500000095367432
v -0.04624871428548456 -0.10926279613651507 0.00500000095367432
v -0.04618056451493330 -0.10978043216960275 0.00500000095367432
v -0.04598076088720658 -0.11026279370826826 0.00500000095367432
v -0.04434050209814408 -0.11310380526848592 0.00500000095367432
v -0.04260844886232840 -0.11410380947433277 0.00500000095367432
v -0.04312608993915841 -0.11403565900495974 0.00500000095367432
v -0.04402266656571455 -0.11351802105519830 0.00500000095367432
v -0.04360845549642206 -0.11383585850430160 0.00500000095367432
v -0.04399999863037050 -0.12037368932091688 0.00500000095367432
v -0.04150000470098754 -0.11970380582522196 0.00500000095367432
v -0.04279409478370672 -0.11987418025160007 0.00500000095367432
v -0.04503553148990200 -0.12116827433729342 0.00500000095367432
v -0.00820000165322706 -0.12490380807426656 0.00000000095367432
v -0.00519999743986674 -0.13490381606132890 0.00000000095367432
v -0.01720000075778946 -0.12490380755728540 0.00000000095367432
v -0.01920000053784465 -0.12510798024888448 0.00020000076293945
v -0.01920000434665753 -0.12841469057077237 0.00020000076293945
v -0.01720000132587447 -0.12497976482528643 0.00086824178695679
v -0.01920000514991312 -0.12518876754863351 0.00089910268783569
v -0.00819999714138754 -0.13490381588900183 0.00000000095367432
v -0.01719999529368028 -0.12916111072257200 0.00000000095367432
v -0.01719999418196342 -0.12921534238445020 0.00000666475296021
v -0.01720000658356132 -0.12926547654390097 0.00002621364593506
v -0.01719999797097127 -0.12930821607071954 0.00005735158920288
v -0.01720000171005912 -0.13064651220673409 0.00000000095367432
v -0.01720000383099215 -0.12934069188277969 0.00009801435470581
v -0.01720000146154162 -0.12936077655319467 0.00014550542831421
v -0.01719999586589934 -0.12936713390138138 0.00019667577743530
v -0.01719999938319262 -0.12935933056803975 0.00024813318252563
v -0.01720000117081839 -0.12933788887314832 0.00029646492004395
v -0.01920000323494069 -0.12846892223265052 0.00020666456222534
v -0.01920000139989456 -0.12851906579190303 0.00022621345520020
v -0.01919999939455400 -0.12856180913341886 0.00025735187530518
v -0.01920000525457488 -0.12859428494547903 0.00029801416397095
v -0.01720000432927064 -0.12930423777266573 0.00033846664428711
v -0.01719999797661850 -0.12926060863906327 0.00037135410308838
v -0.01720000125620181 -0.13039094353483019 0.00034746742248535
v -0.01719999711737762 -0.13044351723180428 0.00034186649322510
v -0.01720000345422300 -0.13049671365352708 0.00035000848770142
v -0.01719999848896072 -0.13034247115498079 0.00036643981933594
v -0.01719999902712090 -0.13054701429024282 0.00037135410308838
v -0.01719999998059430 -0.13030133087608314 0.00039752626419067
v -0.01719999926535757 -0.13027024996158917 0.00043866539001465
v -0.01720000077978277 -0.12970713698696532 0.00053667831420898
v -0.01720000659596348 -0.12965567427632604 0.00054447937011719
v -0.01719999912556897 -0.12975830257187423 0.00054303073883057
v -0.01720000331216464 -0.13025127627750904 0.00048712873458862
v -0.01720000459906658 -0.13024567407294357 0.00053970384597778
v -0.01720000225881147 -0.12960734194474369 0.00056591653823853
v -0.01720000097755674 -0.12956533671765291 0.00059956836700439
v -0.01719999864554258 -0.12980580401365588 0.00056311464309692
v -0.01720000595222200 -0.12984645603096742 0.00059559917449951
v -0.01720000148276575 -0.13025381240510528 0.00059290456771851
v -0.01920000288512435 -0.12861436961589395 0.00034550523757935
v -0.01919999728948206 -0.12862072696408069 0.00039667606353760
v -0.01920000080677535 -0.12861292363073906 0.00044813299179077
v -0.01920000259440110 -0.12859148193584763 0.00049646472930908
v -0.01919999914560390 -0.12855782702066776 0.00053846693038940
v -0.01919999940020121 -0.12851420170176259 0.00057135391235352
v -0.01719999624594994 -0.13490381537202070 0.00000000095367432
v -0.01719999880512362 -0.12953245778998779 0.00064320325851440
v -0.01719999597162905 -0.12987760124754902 0.00063833045959473
v -0.01719999885967720 -0.12989714275409195 0.00068847417831421
v -0.01719999819861578 -0.13027516513931833 0.00064320325851440
v -0.01720000231656696 -0.12990380485740358 0.00074270677566528
v -0.01919999506820949 -0.13093735068448453 0.00089387750625610
v -0.01919999753663479 -0.13098992819615587 0.00088827657699585
v -0.01920000387348016 -0.13104312461787868 0.00089641857147217
v -0.01919999890821788 -0.13088888211933239 0.00091284990310669
v -0.01919999944637806 -0.13109342525459441 0.00091776418685913
v -0.01920000039985147 -0.13084774184043474 0.00094393634796143
v -0.01919999968461474 -0.13081666092594077 0.00098507547378540
v -0.01920000373142181 -0.13079768724186064 0.00103353929519653
v -0.01919999841107426 -0.13079208122259789 0.00108611440658569
v -0.01920000190202291 -0.13080022336945687 0.00113931465148926
v -0.01919999861787294 -0.13082157610366990 0.00118961334228516
v -0.01720000330725946 -0.13482784488952071 0.00086824178695679
v -0.00819999534854913 -0.12507418337417189 0.00129409599304199
v -0.00519999713729520 -0.13473343694672629 0.00129409599304199
v -0.00519999891639776 -0.12740381350390215 0.00200000095367432
v -0.00519999498230522 -0.12742084912654406 0.00212941074371338
v -0.00519999778360520 -0.12747080154994081 0.00225000095367432
v -0.00520000079170385 -0.12755024885440955 0.00235355472564697
v -0.00519999861286691 -0.12765381402963302 0.00243301391601563
v -0.00520000012933196 -0.12777440161299944 0.00248296356201172
v -0.00819999861791855 -0.12740381333157511 0.00200000095367432
v -0.00820000129107550 -0.12742085276891427 0.00212941074371338
v -0.00819999748512599 -0.12747080137761377 0.00225000095367432
v -0.00820000049322464 -0.12755024868208251 0.00235355472564697
v -0.00819999831438770 -0.12765381385730595 0.00243301391601563
v -0.00819999983085276 -0.12777440144067237 0.00248296356201172
v -0.00520000047517526 -0.13240381080402033 0.00200000095367432
v -0.00519999780201831 -0.13238677136668117 0.00212941074371338
v -0.00820000017669605 -0.13240381063169329 0.00200000095367432
v -0.00819999750353911 -0.13238677119435410 0.00212941074371338
v -0.00520000160796782 -0.13233682275798167 0.00225000095367432
v -0.00519999962201423 -0.13225735842431671 0.00235355472564697
v -0.00520000077870611 -0.13215381027828949 0.00243301391601563
v -0.00519999926224105 -0.13203322269492307 0.00248296356201172
v -0.00820000130948862 -0.13233682258565463 0.00225000095367432
v -0.00819999932353502 -0.13225735825198967 0.00235355472564697
v -0.00819999896376184 -0.13203322252259603 0.00248296356201172
v -0.00820000048022691 -0.13215381010596244 0.00243301391601563
v -0.01720000376399664 -0.12520534653983495 0.00171010160446167
v -0.01920000320628653 -0.12537091508013257 0.00157887697219849
v -0.01919999799882908 -0.12565049563291655 0.00222471141815186
v -0.00820000344606548 -0.13473344058909653 0.00129409599304199
v -0.01919999989580451 -0.12940734354354780 0.00131232690811157
v -0.01919999644211666 -0.12933245938879187 0.00138961315155029
v -0.01920000522179926 -0.12936534213115428 0.00134597826004028
v -0.01919999841677580 -0.12950713858576943 0.00128308868408203
v -0.01920000423295652 -0.12945567587513016 0.00129088973999023
v -0.01919999676256201 -0.12955830417067832 0.00128944063186646
v -0.01920000391193016 -0.12960579239796102 0.00130952501296997
v -0.01920000358921505 -0.12964645762977153 0.00134200954437256
v -0.01919999360862210 -0.12967760284635313 0.00138474035263062
v -0.01920000310391973 -0.12969714816759331 0.00143488454818726
v -0.01919999995356000 -0.12970380645620769 0.00148911714553833
v -0.01719999984699223 -0.13460228020416842 0.00171010160446167
v -0.01520000012388357 -0.12740381420104444 0.00200000095367432
v -0.01619999561955751 -0.12740381160047057 0.00200000095367432
v -0.01519999618979104 -0.12742084982368632 0.00212941074371338
v -0.01619999829271446 -0.12742085103780973 0.00212941074371338
v -0.01519999899109101 -0.12747080224708307 0.00225000095367432
v -0.01620000109401444 -0.12747080346120648 0.00225000095367432
v -0.01520000199918966 -0.12755024955155181 0.00235355472564697
v -0.01620000410211309 -0.12755025076567522 0.00235355472564697
v -0.01519999982035272 -0.12765381472677528 0.00243301391601563
v -0.01520000133681778 -0.12777440231014167 0.00248296356201172
v -0.01619999531602666 -0.12765381212620142 0.00243301391601563
v -0.01619999683249173 -0.12777439970956783 0.00248296356201172
v -0.01520000168266107 -0.13240381150116259 0.00200000095367432
v -0.01619999717833501 -0.13240380890058873 0.00200000095367432
v -0.01519999900950413 -0.13238677206382343 0.00212941074371338
v -0.01620000111242755 -0.13238677327794682 0.00212941074371338
v -0.01520000281545363 -0.13233682345512396 0.00225000095367432
v -0.01619999831112758 -0.13233682085455006 0.00225000095367432
v -0.01619999748186587 -0.13215380837485788 0.00243301391601563
v -0.01619999596540081 -0.13203322079149146 0.00248296356201172
v -0.01520000082950004 -0.13225735912145897 0.00235355472564697
v -0.01620000293242346 -0.13225736033558239 0.00235355472564697
v -0.01520000198619192 -0.13215381097543172 0.00243301391601563
v -0.01520000046972686 -0.13203322339206533 0.00248296356201172
v -0.00020000013974858 -0.13490381762010639 0.00000000095367432
v -0.00019999983717703 -0.13473343850550382 0.00129409599304199
v -0.00519999830933605 -0.12790381455536387 0.00250000095367432
v -0.00820000456194549 -0.12557367913485129 0.00250000095367432
v -0.00819999801085685 -0.12790381438303683 0.00250000095367432
v -0.00819999679673345 -0.12890381648596025 0.00250000095367432
v -0.00949289978028174 -0.12919669990927535 0.00250000095367432
v -0.00994118148631034 -0.12893787711969734 0.00250000095367432
v -0.00970000531492799 -0.12903778118472370 0.00250000095367432
v -0.00933397540681750 -0.12940380398793425 0.00250000095367432
v -0.00923408020020362 -0.12964498857196430 0.00250000095367432
v -0.00920000531492799 -0.12990380658850814 0.00250000095367432
v -0.01019999439533081 -0.12890381509950979 0.00250000095367432
v -0.01045882004126918 -0.12893787677028648 0.00250000095367432
v -0.00670000561340720 -0.12903778135705074 0.00250000095367432
v -0.00649289347151147 -0.12919669626690514 0.00250000095367432
v -0.00633397570529670 -0.12940380416026132 0.00250000095367432
v -0.00623407389143334 -0.12964498492959409 0.00250000095367432
v -0.00620000561340720 -0.12990380676083518 0.00250000095367432
v -0.00694118178478954 -0.12893787729202438 0.00250000095367432
v -0.00719999469381002 -0.12890381527183684 0.00250000095367432
v -0.00623407424084422 -0.13016262348455290 0.00250000095367432
v -0.00633397449117330 -0.13040380626318476 0.00250000095367432
v -0.00649289321572495 -0.13061091179783099 0.00250000095367432
v -0.00670000110908114 -0.13076982956404576 0.00250000095367432
v -0.00694118187841390 -0.13086973137790911 0.00250000095367432
v -0.00520000108223696 -0.13190380975255861 0.00250000095367432
v -0.00820000199788116 -0.13090380747730815 0.00250000095367432
v -0.00719999989495774 -0.13090380626318476 0.00250000095367432
v -0.00923407394236502 -0.13016262331222586 0.00250000095367432
v -0.00933397419269410 -0.13040380609085769 0.00250000095367432
v -0.00949289291724574 -0.13061091162550395 0.00250000095367432
v -0.00820000078375776 -0.13190380958023157 0.00250000095367432
v -0.00520000216054285 -0.13423393178624521 0.00250000095367432
v -0.00820000003677360 -0.12636827315431950 0.00353553485870361
v -0.00519999905632021 -0.13343935098127593 0.00353553485870361
v -0.01720000366650787 -0.12557367861787014 0.00250000095367432
v -0.01720000156292196 -0.12607359070865345 0.00321393871307373
v -0.01070000081060194 -0.12903777858414983 0.00250000095367432
v -0.01090710870395813 -0.12919669635036460 0.00250000095367432
v -0.01106601979911525 -0.12940381509950979 0.00250000095367432
v -0.01116592767883886 -0.12964498466364266 0.00250000095367432
v -0.01120000291352537 -0.12990380520205766 0.00250000095367432
v -0.01116592802824974 -0.13016262321860150 0.00250000095367432
v -0.01106602621438639 -0.13040380398793425 0.00250000095367432
v -0.01070000291352537 -0.13076983060584213 0.00250000095367432
v -0.01090710844817161 -0.13061091188129045 0.00250000095367432
v -0.01519999951682187 -0.12790381525250613 0.00250000095367432
v -0.01619999501249581 -0.12790381265193226 0.00250000095367432
v -0.01319999409685161 -0.12890381492718275 0.00250000095367432
v -0.01345881974278997 -0.12893787659795941 0.00250000095367432
v -0.01370000051212273 -0.12903777841182279 0.00250000095367432
v -0.01390710840547894 -0.12919669617803756 0.00250000095367432
v -0.01406601950063605 -0.12940381492718273 0.00250000095367432
v -0.01319999929799933 -0.13090380591853065 0.00250000095367432
v -0.01416592738035965 -0.12964498449131559 0.00250000095367432
v -0.01420000261504616 -0.12990380502973062 0.00250000095367432
v -0.01416592772977053 -0.13016262304627446 0.00250000095367432
v -0.01406602591590718 -0.13040380381560721 0.00250000095367432
v -0.01390710814969241 -0.13061091170896341 0.00250000095367432
v -0.01370000261504616 -0.13076983043351506 0.00250000095367432
v -0.01345881983641434 -0.13086973068384414 0.00250000095367432
v -0.00970000081060194 -0.13076982939171872 0.00250000095367432
v -0.00994118157993469 -0.13086973120558207 0.00250000095367432
v -0.01019999959647854 -0.13090380609085769 0.00250000095367432
v -0.01045882013489354 -0.13086973085617118 0.00250000095367432
v -0.00820000186206365 -0.13423393161391814 0.00250000095367432
v -0.01520000228972278 -0.13190381044970087 0.00250000095367432
v -0.01619999778539672 -0.13190380784912703 0.00250000095367432
v -0.01720000096662604 -0.13423393109693701 0.00250000095367432
v -0.00819999875784100 -0.13343935080894889 0.00353553485870361
v -0.01720000204806691 -0.13373403603534992 0.00321393871307373
v -0.00666446770962121 -0.12116827402098694 0.00500000095367432
v -0.00770000199010194 -0.12037368421292596 0.00500000095367432
v -0.00890590927601156 -0.11987417914658333 0.00500000095367432
v -0.01019999773144260 -0.11970381237295248 0.00500000095367432
v -0.00819999861791855 -0.12740381333157511 0.00433012771606445
v -0.00520000047517526 -0.13240381080402033 0.00433012771606445
v -0.00820000017669605 -0.13240381063169329 0.00433012771606445
v -0.00586987227129792 -0.12220380967307065 0.00500000095367432
v -0.00537036980923058 -0.12340971733443171 0.00500000095367432
v -0.00520000199010194 -0.12470381123184816 0.00500000095367432
v -0.00019999666194607 -0.13119790628543859 0.00482962989807129
v -0.00020000621036561 -0.12990380710548929 0.00500000095367432
v -0.00819999852378010 -0.12860971559423709 0.00482962989807129
v -0.01058314388496795 -0.12898012517457202 0.00491394042968750
v -0.00981685140680799 -0.12898012743117948 0.00491394042968750
v -0.01000737829272590 -0.12892281500389771 0.00490285968780518
v -0.01019999439533081 -0.12890381509950979 0.00489898014068604
v -0.01039262018177993 -0.12892280806576639 0.00490285968780518
v -0.00949290740967627 -0.12919668669477635 0.00494974613189697
v -0.00964192495741698 -0.12907433817715921 0.00493069744110107
v -0.00937055005845097 -0.12934570385647348 0.00496871852874756
v -0.00927631920468747 -0.12952065049162151 0.00498529815673828
v -0.00921900488843407 -0.12971118461675626 0.00499619865417480
v -0.00920000531492799 -0.12990380658850814 0.00500000095367432
v -0.00520000056931372 -0.13119790854135838 0.00482962989807129
v -0.00520000351048378 -0.12990380554671177 0.00500000095367432
v -0.00820000027083451 -0.13119790836903134 0.00482962989807129
v -0.00820000321200457 -0.12990380537438473 0.00500000095367432
v -0.00921900801186814 -0.13009643311305980 0.00499619865417480
v -0.00949290510959965 -0.13061093628409470 0.00494974613189697
v -0.00937054719218080 -0.13046190449970999 0.00496871852874756
v -0.00927632323170210 -0.13028697042092444 0.00498529815673828
v -0.01719999419298822 -0.12668987544640939 0.00383022308349609
v -0.01920000165603222 -0.12767909952794709 0.00425331306457520
v -0.01919999803371148 -0.12832493404906098 0.00453289794921875
v -0.01720000281075116 -0.13311774748289673 0.00383022308349609
v -0.01719999772248095 -0.12740381281459395 0.00433012771606445
v -0.01719999928125845 -0.13240381011471211 0.00433012771606445
v -0.01075806790581534 -0.12907433416229697 0.00493069744110107
v -0.01058314919225083 -0.13082749757388526 0.00491394042968750
v -0.01090709548945918 -0.12919668872097007 0.00494974613189697
v -0.01102945442902309 -0.12934570347615856 0.00496871852874756
v -0.01112368499675125 -0.12952064136964136 0.00498529815673828
v -0.01118100021658522 -0.12971117867750601 0.00499619865417480
v -0.01120000291352537 -0.12990380520205766 0.00500000095367432
v -0.01118099571062476 -0.13009644038830848 0.00499619865417480
v -0.01075806903439237 -0.13073328301320827 0.00493069744110107
v -0.01090708658213308 -0.13061093449559114 0.00494974613189697
v -0.01102945817000239 -0.13046190793409232 0.00496871852874756
v -0.01112368139437136 -0.13028697451344326 0.00498529815673828
v -0.00981685671409088 -0.13082749983049274 0.00491394042968750
v -0.01000737381002942 -0.13088481312460110 0.00490285968780518
v -0.01019999959647854 -0.13090380609085769 0.00489898014068604
v -0.01039262230633293 -0.13088481000116703 0.00490285968780518
v -0.00964192608599401 -0.13073328702807052 0.00493069744110107
v -0.01720000182005868 -0.12819370745077960 0.00469846439361572
v -0.01719999688824712 -0.12903557390308401 0.00492403984069824
v -0.01720000231656696 -0.12990380485740358 0.00500000095367432
v -0.01920000132761557 -0.12900470739658609 0.00471504211425781
v -0.01919999995356000 -0.12970380645620769 0.00479583263397217
v -0.01720000011549228 -0.13077204902622208 0.00492403984069824
v -0.01719999518368070 -0.13161391547852652 0.00469846439361572
v -0.00020000486042469 -0.13423393334502270 0.00250000095367432
v -0.00019999514895256 -0.13343934872535615 0.00353553485870361
v -0.00020000317505709 -0.13240381236279783 0.00433012771606445
v -0.01919999424050072 -0.13395712750874320 0.00257112216949463
v -0.01920000464374286 -0.13353759960210390 0.00313616657257080
v -0.01919999940621217 -0.13303997378607785 0.00363379573822021
v -0.01919999340395737 -0.13247493596451468 0.00405331325531006
v -0.08017418064629554 -0.09594186199474664 0.00000000095367432
v -0.07992468037163734 -0.09637400914695704 0.00000000095367432
v -0.07842468037163734 -0.09897208535831035 0.00000000095367432
v -0.07692468037163734 -0.10157016156966367 0.00000000095367432
v -0.04649999927205561 -0.12840380594154005 0.00000000095367432
v -0.04949999897357640 -0.12840380576921301 0.00000000095367432
v -0.04650000068427698 -0.12845492043886028 0.00038822937011719
v -0.04950000038579777 -0.12845492026653324 0.00038822937011719
v -0.04650000248092741 -0.12860477389435324 0.00075000095367432
v -0.04950000218244821 -0.12860477372202619 0.00075000095367432
v -0.04650000285368376 -0.12884314605145469 0.00106066131591797
v -0.04950000255520457 -0.12884314587912762 0.00106066131591797
v -0.04949999835682752 -0.13096447578276590 0.00106066131591797
v -0.04649999836146306 -0.12915380751873262 0.00129903888702393
v -0.04949999806298386 -0.12915380734640555 0.00129903888702393
v -0.04949999624179875 -0.13065381050079072 0.00129903888702393
v -0.04949999498298450 -0.12951558331100377 0.00144888973236084
v -0.04949999932179809 -0.13029203453619251 0.00144888973236084
v -0.04949999715239130 -0.12990380892359815 0.00150000095367432
v -0.08277225685764884 -0.09744186199474664 0.00000000095367432
v -0.08252275658299064 -0.09787400914695704 0.00000000095367432
v -0.08021844921780856 -0.09596742046642633 0.00038822937011719
v -0.07996894894315035 -0.09639956761863673 0.00038822937011719
v -0.08272799489338531 -0.09741630733776421 0.00038822937011719
v -0.08247849461872710 -0.09784845448997462 0.00038822937011719
v -0.08102275658299064 -0.10047208535831036 0.00000000095367432
v -0.07952275658299064 -0.10307016156966367 0.00000000095367432
v -0.07846894894315036 -0.09899764382999005 0.00038822937011719
v -0.07696894894315036 -0.10159572004134336 0.00038822937011719
v -0.08097849461872710 -0.10044653070132793 0.00038822937011719
v -0.07947849461872709 -0.10304460691268125 0.00038822937011719
v -0.08491987750727011 -0.10272208917300762 0.00000000095367432
v -0.08341987750727010 -0.10532016538436094 0.00000000095367432
v -0.08034822220483653 -0.09604234493542047 0.00075000095367432
v -0.08009872193017833 -0.09647449208763087 0.00075000095367432
v -0.08259822190635732 -0.09734138286877007 0.00075000095367432
v -0.08234872163169912 -0.09777353002098048 0.00075000095367432
v -0.08055465910757581 -0.09616153133678765 0.00106066131591797
v -0.08030515883291760 -0.09659367848899805 0.00106066131591797
v -0.08239177839636858 -0.09722219265270561 0.00106066131591797
v -0.08214227812171038 -0.09765433980491602 0.00106066131591797
v -0.07859872193017833 -0.09907256829898418 0.00075000095367432
v -0.07709872193017833 -0.10167064451033750 0.00075000095367432
v -0.08084872163169912 -0.10037160623233379 0.00075000095367432
v -0.07934872163169912 -0.10296968244368711 0.00075000095367432
v -0.07880515883291760 -0.09919175470035137 0.00106066131591797
v -0.07730515883291759 -0.10178983091170468 0.00106066131591797
v -0.08064227812171038 -0.10025241601626934 0.00106066131591797
v -0.07914227812171037 -0.10285049222762266 0.00106066131591797
v -0.08970046669517383 -0.10144186580944389 0.00000000095367432
v -0.08945096642051563 -0.10187401296165430 0.00000000095367432
v -0.08974472205218791 -0.10146741665172905 0.00038822937011719
v -0.08949522177752971 -0.10189956380393946 0.00038822937011719
v -0.08795096642051563 -0.10447208917300763 0.00000000095367432
v -0.08645096642051563 -0.10707016538436094 0.00000000095367432
v -0.08799522177752971 -0.10449764001529277 0.00038822937011719
v -0.08649522177752970 -0.10709571622664610 0.00038822937011719
v -0.09229854290652714 -0.10294186580944389 0.00000000095367432
v -0.09204904263186894 -0.10337401296165430 0.00000000095367432
v -0.09508013154511448 -0.10512401296165430 0.00000000095367432
v -0.09225427433501412 -0.10291630733776422 0.00038822937011719
v -0.09200477406035591 -0.10334845448997462 0.00038822937011719
v -0.09054904263186894 -0.10597208917300761 0.00000000095367432
v -0.08904904263186894 -0.10857016538436094 0.00000000095367432
v -0.09358013154511448 -0.10772208917300762 0.00000000095367432
v -0.09050477406035591 -0.10594653070132794 0.00038822937011719
v -0.08900477406035591 -0.10854460691268125 0.00038822937011719
v -0.08987450164646536 -0.10154234493542046 0.00075000095367432
v -0.08962500137180716 -0.10197449208763086 0.00075000095367432
v -0.09008093854920463 -0.10166153133678765 0.00106066131591797
v -0.08983143827454641 -0.10209367848899806 0.00106066131591797
v -0.08812500137180716 -0.10457256829898418 0.00075000095367432
v -0.08662500137180716 -0.10717064451033750 0.00075000095367432
v -0.08833143827454641 -0.10469175470035137 0.00106066131591797
v -0.08683143827454641 -0.10728983091170469 0.00106066131591797
v -0.09212449474073667 -0.10284137905407280 0.00075000095367432
v -0.09187499446607847 -0.10327352620628320 0.00075000095367432
v -0.09191805783799741 -0.10272219265270562 0.00106066131591797
v -0.09166855756333921 -0.10315433980491602 0.00106066131591797
v -0.09037499446607847 -0.10587160241763653 0.00075000095367432
v -0.08887499446607847 -0.10846967862898985 0.00075000095367432
v -0.09016855756333921 -0.10575241601626933 0.00106066131591797
v -0.08866855756333920 -0.10835049222762265 0.00106066131591797
v -0.08082369969913387 -0.09631686199474664 0.00129903888702393
v -0.08057419942447566 -0.09674900914695704 0.00129903888702393
v -0.08113700225495547 -0.09649774730968803 0.00144888973236084
v -0.08088750198029727 -0.09692989446189844 0.00144888973236084
v -0.08180943524898891 -0.09688597667980522 0.00144888973236084
v -0.08155993497433070 -0.09731812383201563 0.00144888973236084
v -0.08147321875197219 -0.09669186199474664 0.00150000095367432
v -0.08122371847731399 -0.09712400914695704 0.00150000095367432
v -0.08212273780481051 -0.09706686199474664 0.00129903888702393
v -0.08187323753015231 -0.09749900914695704 0.00129903888702393
v -0.07907419942447566 -0.09934708535831036 0.00129903888702393
v -0.07938750198029727 -0.09952797067325177 0.00144888973236084
v -0.08005993497433070 -0.09991620004336894 0.00144888973236084
v -0.07972371847731399 -0.09972208535831036 0.00150000095367432
v -0.07757419942447567 -0.10194516156966367 0.00129903888702393
v -0.07788750198029727 -0.10212604688460508 0.00144888973236084
v -0.07855993497433070 -0.10251427625472226 0.00144888973236084
v -0.07822371847731399 -0.10232016156966367 0.00150000095367432
v -0.08037323753015231 -0.10009708535831036 0.00129903888702393
v -0.07887323753015231 -0.10269516156966367 0.00129903888702393
v -0.08477232441189264 -0.10263689935367168 0.00129409599304199
v -0.08327232441189264 -0.10523497556502499 0.00129409599304199
v -0.09034998574801216 -0.10181686580944389 0.00129903888702393
v -0.09010048547335396 -0.10224901296165430 0.00129903888702393
v -0.09066328830383379 -0.10199775112438531 0.00144888973236084
v -0.09041378802917557 -0.10242989827659571 0.00144888973236084
v -0.09133572129786721 -0.10238598049450250 0.00144888973236084
v -0.09108622102320901 -0.10281812764671290 0.00144888973236084
v -0.09099950480085049 -0.10219186580944389 0.00150000095367432
v -0.09075000452619229 -0.10262401296165430 0.00150000095367432
v -0.08860048547335396 -0.10484708917300763 0.00129903888702393
v -0.08891378802917559 -0.10502797448794902 0.00144888973236084
v -0.08958622102320901 -0.10541620385806622 0.00144888973236084
v -0.08925000452619229 -0.10522208917300761 0.00150000095367432
v -0.08710048547335396 -0.10744516538436094 0.00129903888702393
v -0.08741378802917558 -0.10762605069930234 0.00144888973236084
v -0.08808622102320901 -0.10801428006941953 0.00144888973236084
v -0.08775000452619229 -0.10782016538436094 0.00150000095367432
v -0.09164902385368882 -0.10256686580944389 0.00129903888702393
v -0.09139952357903061 -0.10299901296165430 0.00129903888702393
v -0.09493257844973703 -0.10503882314231837 0.00129409599304199
v -0.08989952357903061 -0.10559708917300761 0.00129903888702393
v -0.08839952357903062 -0.10819516538436094 0.00129903888702393
v -0.09343257844973703 -0.10763689935367168 0.00129409599304199
v -0.06632808417512144 -0.08852401067283594 0.00500000095367432
v -0.06354249633410709 -0.09452036016663762 0.00500000095367432
v -0.06406013359623987 -0.09445221630451409 0.00500000095367432
v -0.06457777344402479 -0.09452035946781585 0.00500000095367432
v -0.06506013498269031 -0.09472016309554257 0.00500000095367432
v -0.06264591970755096 -0.09503799811639907 0.00500000095367432
v -0.06306013738409294 -0.09472016448199304 0.00500000095367432
v -0.06232808417512143 -0.09545221390311145 0.00500000095367432
v -0.07204371357085398 -0.09875213407332578 0.00500000095367432
v -0.07241289059608892 -0.09902632070374892 0.00500000095367432
v -0.07270967735926649 -0.09937758161985676 0.00500000095367432
v -0.07291838901419115 -0.09978733792255953 0.00500000095367432
v -0.07302799609725885 -0.10023393697761374 0.00500000095367432
v -0.07692468037163734 -0.10157016156966367 0.00500000095367432
v -0.07303270724177537 -0.10069376409649619 0.00500000095367432
v -0.07293226538898720 -0.10114251476216916 0.00500000095367432
v -0.07273197432452512 -0.10155646092247110 0.00500000095367432
v -0.07244244130361623 -0.10191372075093545 0.00500000095367432
v -0.05049999732209409 -0.11593906128889230 0.00500000095367432
v -0.05030019369436736 -0.11642142282755781 0.00500000095367432
v -0.05488503663837890 -0.11909274495556396 0.00500000095367432
v -0.05023205053106559 -0.11693906267534274 0.00500000095367432
v -0.05030020202258365 -0.11745668672297654 0.00500000095367432
v -0.05050000252324181 -0.11793905228024018 0.00500000095367432
v -0.05081783997234510 -0.11835326334953268 0.00500000095367432
v -0.05123204812966296 -0.11867111209646115 0.00500000095367432
v -0.04583013171990973 -0.12220380582522195 0.00500000095367432
v -0.04632962636430562 -0.12340971590368380 0.00500000095367432
v -0.04649999593048867 -0.12470381478106159 0.00500000095367432
v -0.05248630890561666 -0.11939525989309202 0.00500000095367432
v -0.05296447290401816 -0.11959392628104941 0.00500000095367432
v -0.05347759855233822 -0.11966318965878142 0.00500000095367432
v -0.05399131922117988 -0.11959839630769159 0.00500000095367432
v -0.05447118558430473 -0.11940390110075978 0.00500000095367432
v -0.04949999897357640 -0.12840380576921301 0.00500000095367432
v -0.04949999715239130 -0.12990380892359815 0.00500000095367432
v -0.08433974778846608 -0.10238715112369122 0.00250000095367432
v -0.08283974778846608 -0.10498522733504453 0.00250000095367432
v -0.08365160275517027 -0.10198985040347637 0.00353553485870361
v -0.08215160275517026 -0.10458792661482968 0.00353553485870361
v -0.09450000182631045 -0.10478907491233790 0.00250000095367432
v -0.09300000182631045 -0.10738715112369121 0.00250000095367432
v -0.09381185679301464 -0.10439177419212306 0.00353553485870361
v -0.09231185679301464 -0.10698985040347637 0.00353553485870361
v -0.08275481399780900 -0.10147208917300762 0.00433012771606445
v -0.08125481399780900 -0.10407016538436094 0.00433012771606445
v -0.08171046553782081 -0.10086913430850566 0.00482962989807129
v -0.08058974388109844 -0.10022208535831036 0.00500000095367432
v -0.08021046553782081 -0.10346721051985898 0.00482962989807129
v -0.07908974388109843 -0.10282016156966367 0.00500000095367432
v -0.09291506803565339 -0.10387401296165430 0.00433012771606445
v -0.09141506803565340 -0.10647208917300761 0.00433012771606445
v -0.09075000452619229 -0.10262401296165430 0.00500000095367432
v -0.08925000452619229 -0.10522208917300761 0.00500000095367432
v -0.09187071296841572 -0.10327105428245509 0.00482962989807129
v -0.09037071296841571 -0.10586913049380840 0.00482962989807129
v -0.04649999562968540 -0.13140381225031034 0.00000000095367432
v -0.04949999533120619 -0.13140381207798327 0.00000000095367432
v -0.04649999900964800 -0.13490380639604338 0.00000000095367432
v -0.04650000082471352 -0.13135270156768736 0.00038822937011719
v -0.04950000052623431 -0.13135270139536029 0.00038822937011719
v -0.04649999902806307 -0.13120284811219440 0.00075000095367432
v -0.04949999872958388 -0.13120284793986736 0.00075000095367432
v -0.04649999865530672 -0.13096447595509295 0.00106066131591797
v -0.04949999871116881 -0.13490380622371631 0.00000000095367432
v -0.04649999654027796 -0.13065381067311777 0.00129903888702393
v -0.04649999528146370 -0.12951558348333081 0.00144888973236084
v -0.04649999745087050 -0.12990380909592519 0.00150000095367432
v -0.04649999962027730 -0.13029203470851958 0.00144888973236084
v -0.04649999768493141 -0.13473344431063697 0.00129409599304199
v -0.04949999738645221 -0.13473344413830993 0.00129409599304199
v -0.04650000270817906 -0.13423393915015588 0.00250000095367432
v -0.04650000062610148 -0.13343934131599039 0.00353553485870361
v -0.04950000240969987 -0.13423393897782884 0.00250000095367432
v -0.04950000032762226 -0.13343934114366335 0.00353553485870361
v -0.04649999441556199 -0.13240381435323376 0.00433012771606445
v -0.04650000213909498 -0.13119789887607283 0.00482962989807129
v -0.04649999745087050 -0.12990380909592519 0.00500000095367432
v -0.04950000184061577 -0.13119789870374579 0.00482962989807129
v -0.04949999411708279 -0.13240381418090669 0.00433012771606445
f 2 3 4
f 1 2 4
f 1 4 5
f 1 5 6
f 5 7 6
f 3 13 4
f 6 7 8
f 1 6 17
f 4 12 5
f 1 175 2
f 7 10 8
f 5 15 7
f 4 13 12
f 3 14 13
f 3 174 14
f 8 10 9
f 6 8 19
f 6 19 17
f 8 9 480
f 7 16 10
f 5 12 15
f 1 17 175
f 7 15 16
f 9 10 11
f 10 18 11
f 15 170 172
f 10 16 18
f 12 13 169
f 12 170 15
f 8 480 19
f 9 11 478
f 9 478 480
f 15 172 16
f 16 172 175
f 16 175 18
f 17 18 175
f 17 20 18
f 11 18 20
f 11 20 479
f 11 479 478
f 17 19 20
f 19 481 20
f 19 480 481
f 20 481 479
f 21 22 23
f 21 26 22
f 21 25 26
f 22 26 24
f 22 24 23
f 23 24 29
f 25 34 26
f 25 33 34
f 21 23 85
f 23 30 32
f 23 29 30
f 28 31 32
f 27 28 30
f 27 30 29
f 27 29 59
f 28 32 30
f 23 32 36
f 31 36 32
f 31 35 36
f 27 59 103
f 21 85 25
f 33 74 34
f 24 26 93
f 33 73 74
f 25 86 33
f 26 34 93
f 34 74 89
f 23 98 88
f 23 87 85
f 23 88 87
f 24 93 115
f 23 36 98
f 35 98 36
f 27 101 28
f 28 149 31
f 35 97 98
f 31 161 35
f 24 115 113
f 27 104 101
f 27 103 104
f 59 105 103
f 59 106 105
f 38 59 52
f 2 37 3
f 3 37 38
f 3 38 44
f 38 43 44
f 38 39 40
f 38 52 39
f 38 40 41
f 38 41 42
f 38 42 43
f 43 47 44
f 44 47 45
f 45 47 48
f 45 48 49
f 45 49 46
f 46 50 446
f 46 49 50
f 50 51 446
f 51 53 446
f 2 170 37
f 37 171 38
f 3 44 174
f 37 170 169
f 37 169 171
f 2 172 170
f 38 171 173
f 56 59 57
f 55 59 56
f 57 59 58
f 52 59 55
f 29 62 59
f 24 72 29
f 58 59 60
f 59 61 60
f 59 62 61
f 29 63 62
f 29 64 63
f 29 72 64
f 24 113 72
f 64 72 68
f 68 72 69
f 69 72 70
f 70 72 71
f 66 71 72
f 65 67 72
f 66 72 67
f 38 625 59
f 72 113 117
f 72 117 119
f 33 77 73
f 25 85 86
f 73 78 74
f 33 86 77
f 34 89 93
f 73 75 78
f 73 122 75
f 73 77 122
f 76 77 82
f 74 78 79
f 74 79 91
f 74 91 89
f 79 80 92
f 88 98 130
f 81 82 86
f 81 86 85
f 81 85 83
f 83 85 87
f 77 86 82
f 83 87 84
f 84 87 88
f 90 91 92
f 89 91 90
f 89 90 94
f 89 94 93
f 79 92 91
f 93 94 96
f 93 96 95
f 97 100 98
f 35 161 97
f 28 101 145
f 28 145 149
f 59 147 106
f 59 151 147
f 59 163 151
f 97 99 100
f 98 100 130
f 97 538 99
f 93 95 115
f 95 111 115
f 31 149 161
f 59 625 163
f 104 107 108
f 103 107 104
f 103 105 109
f 103 109 107
f 101 104 108
f 101 108 102
f 105 106 110
f 105 110 109
f 107 109 108
f 102 108 109
f 102 109 110
f 114 115 116
f 113 115 114
f 113 114 118
f 113 118 117
f 111 116 115
f 111 112 116
f 117 118 120
f 117 120 119
f 76 122 77
f 76 121 122
f 121 124 122
f 75 122 124
f 75 507 78
f 121 123 124
f 123 138 124
f 75 124 138
f 78 125 79
f 79 125 80
f 80 125 126
f 80 128 92
f 78 127 125
f 80 126 128
f 125 127 126
f 78 139 127
f 126 127 128
f 127 139 128
f 84 88 129
f 88 130 129
f 129 130 131
f 100 132 130
f 130 132 131
f 131 132 141
f 100 142 132
f 90 92 128
f 90 128 94
f 94 128 96
f 95 96 134
f 95 134 133
f 96 128 134
f 133 134 136
f 128 136 134
f 133 136 135
f 128 144 136
f 135 136 144
f 75 138 502
f 75 502 507
f 123 137 138
f 76 567 121
f 121 522 123
f 137 504 138
f 123 520 137
f 137 503 504
f 138 504 502
f 78 507 139
f 128 139 140
f 139 508 140
f 139 507 508
f 140 508 509
f 81 575 82
f 81 83 574
f 83 84 572
f 132 142 141
f 76 82 573
f 84 129 530
f 129 131 528
f 131 141 514
f 141 142 512
f 142 513 512
f 142 537 513
f 135 144 143
f 128 517 144
f 143 144 517
f 128 140 533
f 128 519 517
f 143 517 516
f 99 537 100
f 95 133 111
f 133 135 153
f 111 133 153
f 135 143 157
f 135 157 153
f 101 102 145
f 102 146 145
f 97 161 538
f 145 146 149
f 106 148 110
f 106 147 148
f 147 152 148
f 102 110 146
f 110 148 146
f 146 148 150
f 146 150 149
f 149 150 161
f 147 151 152
f 151 164 152
f 148 152 150
f 150 152 162
f 111 153 112
f 112 153 154
f 153 157 154
f 119 120 156
f 119 156 155
f 155 156 160
f 154 157 158
f 157 165 158
f 112 559 116
f 155 160 159
f 114 116 559
f 114 559 118
f 118 559 120
f 159 160 168
f 99 536 537
f 100 537 142
f 99 538 536
f 143 165 157
f 143 516 165
f 165 516 544
f 150 162 161
f 151 163 164
f 152 164 162
f 161 162 538
f 162 539 538
f 163 626 164
f 163 625 626
f 162 164 539
f 164 626 539
f 158 165 166
f 112 154 559
f 154 158 559
f 120 559 156
f 159 168 167
f 156 559 160
f 165 544 166
f 166 544 545
f 158 166 559
f 167 168 628
f 167 628 627
f 160 563 168
f 38 610 625
f 52 55 664
f 2 175 172
f 38 173 176
f 38 176 178
f 38 178 180
f 44 177 174
f 44 179 177
f 44 181 179
f 38 180 610
f 12 169 170
f 13 171 169
f 14 173 171
f 13 14 171
f 14 174 173
f 39 651 40
f 41 653 42
f 40 652 41
f 42 654 43
f 44 611 181
f 44 45 657
f 45 46 658
f 46 446 957
f 43 659 47
f 47 659 48
f 48 660 49
f 49 661 50
f 50 662 51
f 51 663 53
f 39 52 664
f 53 665 54
f 173 174 176
f 174 177 176
f 176 177 178
f 177 179 178
f 178 179 180
f 179 181 180
f 180 181 610
f 181 611 610
f 55 56 668
f 56 57 668
f 57 58 669
f 58 60 670
f 72 119 155
f 72 155 159
f 72 159 167
f 60 61 672
f 61 62 673
f 62 63 674
f 63 64 676
f 64 68 676
f 72 167 627
f 54 677 65
f 65 677 67
f 66 678 71
f 66 67 679
f 68 69 681
f 69 70 682
f 70 71 683
f 72 684 1068
f 184 235 259
f 184 259 332
f 235 260 259
f 186 188 189
f 185 187 186
f 186 187 188
f 186 189 198
f 185 186 194
f 182 192 185
f 182 185 210
f 185 192 187
f 185 240 210
f 195 196 220
f 185 220 240
f 186 201 208
f 186 198 199
f 186 199 200
f 186 200 201
f 186 208 194
f 189 202 198
f 189 203 202
f 189 204 203
f 189 205 204
f 190 206 205
f 190 207 206
f 185 194 195
f 185 195 220
f 189 190 205
f 190 191 229
f 190 209 207
f 190 233 209
f 190 229 233
f 191 230 229
f 191 234 230
f 191 211 242
f 191 242 234
f 210 240 212
f 188 318 189
f 194 208 277
f 194 278 195
f 196 279 197
f 193 197 280
f 195 278 196
f 212 240 248
f 198 306 199
f 198 202 307
f 202 203 308
f 203 204 308
f 204 205 309
f 205 206 310
f 200 304 201
f 201 305 208
f 199 304 200
f 206 207 311
f 207 209 311
f 209 233 312
f 211 214 242
f 243 453 2884
f 211 213 214
f 213 249 214
f 215 219 216
f 215 218 219
f 218 223 219
f 216 219 220
f 193 220 197
f 193 217 220
f 216 220 217
f 196 197 220
f 219 223 224
f 230 234 231
f 219 224 225
f 219 225 226
f 219 226 234
f 226 228 234
f 227 234 228
f 227 232 234
f 231 234 232
f 221 235 222
f 221 237 235
f 222 235 236
f 183 236 235
f 222 236 241
f 183 241 236
f 215 216 338
f 215 339 218
f 193 337 217
f 216 217 337
f 219 341 220
f 183 253 241
f 221 222 343
f 220 335 240
f 222 241 343
f 223 366 224
f 218 366 223
f 224 367 225
f 225 368 226
f 229 364 233
f 229 230 365
f 230 231 365
f 227 369 232
f 231 232 370
f 226 371 228
f 227 228 371
f 219 234 372
f 214 254 242
f 234 242 373
f 183 235 184
f 183 184 253
f 221 382 237
f 245 2884 246
f 243 2884 244
f 244 2884 245
f 212 248 247
f 187 318 188
f 187 192 318
f 189 402 190
f 190 402 191
f 182 320 192
f 182 210 320
f 191 406 211
f 194 277 278
f 196 278 279
f 197 279 280
f 214 251 254
f 199 306 304
f 198 307 306
f 201 304 305
f 208 305 277
f 202 308 307
f 204 309 308
f 205 310 309
f 206 311 310
f 209 312 311
f 247 276 261
f 210 212 403
f 212 247 403
f 247 248 276
f 248 342 276
f 251 330 378
f 214 249 250
f 214 250 251
f 211 391 213
f 213 391 249
f 250 252 251
f 251 252 330
f 249 398 250
f 241 253 344
f 240 333 248
f 216 337 338
f 215 338 339
f 193 280 337
f 219 372 341
f 220 341 335
f 184 332 253
f 221 343 381
f 229 365 364
f 231 370 365
f 218 339 366
f 224 366 367
f 225 367 368
f 226 368 371
f 232 369 370
f 227 371 369
f 233 364 312
f 242 254 375
f 234 373 372
f 221 381 382
f 237 382 383
f 237 383 384
f 237 384 385
f 237 385 386
f 240 335 334
f 240 334 333
f 241 344 343
f 253 345 344
f 248 333 336
f 248 336 342
f 253 332 347
f 253 346 345
f 253 347 346
f 251 378 254
f 242 374 373
f 242 375 374
f 254 376 375
f 254 377 376
f 254 378 377
f 237 386 387
f 255 261 317
f 255 317 256
f 255 407 261
f 255 256 407
f 256 317 390
f 256 390 257
f 256 257 407
f 257 390 258
f 257 435 407
f 258 390 687
f 257 258 435
f 258 687 435
f 259 388 332
f 235 685 260
f 259 260 388
f 260 750 388
f 260 685 750
f 261 276 317
f 192 320 318
f 189 318 402
f 263 266 268
f 262 266 263
f 262 269 267
f 262 263 269
f 263 265 269
f 264 265 268
f 263 268 265
f 265 271 269
f 266 267 268
f 262 267 266
f 264 268 267
f 264 267 270
f 267 269 297
f 264 270 271
f 264 271 265
f 269 271 273
f 270 273 271
f 269 273 275
f 267 272 270
f 267 294 274
f 267 274 272
f 267 297 294
f 247 261 425
f 210 403 320
f 270 272 273
f 272 274 275
f 272 275 273
f 211 406 391
f 191 402 406
f 276 361 329
f 282 288 283
f 281 288 282
f 283 288 307
f 284 307 285
f 283 307 284
f 286 308 287
f 285 308 286
f 287 309 289
f 290 293 291
f 289 309 290
f 291 293 292
f 294 295 296
f 294 297 295
f 295 298 296
f 294 296 300
f 295 297 298
f 296 298 299
f 296 299 300
f 294 300 302
f 299 301 300
f 294 302 313
f 300 301 302
f 297 316 298
f 301 303 302
f 294 313 315
f 302 303 313
f 298 316 299
f 299 316 301
f 301 316 303
f 288 304 306
f 277 305 288
f 288 305 304
f 288 306 307
f 285 307 308
f 277 288 278
f 287 308 309
f 290 309 293
f 293 309 310
f 293 310 311
f 293 311 312
f 293 312 364
f 293 364 365
f 303 314 313
f 314 316 315
f 313 314 315
f 303 316 314
f 317 329 390
f 247 425 403
f 318 320 319
f 320 321 322
f 320 327 326
f 320 322 323
f 320 328 327
f 320 323 324
f 320 324 328
f 319 320 325
f 320 326 325
f 330 398 427
f 276 329 317
f 250 398 252
f 249 391 398
f 252 398 330
f 330 331 378
f 330 427 331
f 331 445 389
f 243 953 448
f 342 346 347
f 278 341 279
f 279 341 280
f 280 341 337
f 337 341 338
f 338 341 339
f 339 341 366
f 334 335 343
f 333 334 344
f 335 341 340
f 335 340 348
f 335 348 343
f 333 345 336
f 341 372 366
f 276 342 360
f 276 360 361
f 336 346 342
f 342 347 360
f 333 344 345
f 336 345 346
f 332 362 347
f 332 363 362
f 334 343 344
f 343 348 349
f 343 349 350
f 343 350 351
f 343 351 352
f 343 352 355
f 343 355 381
f 355 356 381
f 356 357 381
f 357 358 381
f 354 381 359
f 358 359 381
f 347 362 360
f 361 362 363
f 360 362 361
f 332 388 363
f 365 370 372
f 366 372 367
f 367 372 368
f 368 372 371
f 369 372 370
f 369 371 372
f 353 372 373
f 353 373 354
f 354 373 381
f 373 374 382
f 374 375 383
f 375 376 384
f 377 378 379
f 378 380 379
f 376 377 385
f 377 379 386
f 379 380 387
f 378 389 380
f 373 382 381
f 374 383 382
f 375 384 383
f 376 385 384
f 377 386 385
f 379 387 386
f 331 389 378
f 237 387 813
f 237 950 238
f 238 951 239
f 239 952 246
f 453 3868 2884
f 243 244 954
f 244 245 955
f 245 246 956
f 261 407 425
f 318 319 402
f 319 325 404
f 320 403 321
f 325 326 405
f 391 392 393
f 391 393 394
f 321 413 322
f 326 327 415
f 322 414 323
f 327 328 416
f 323 418 324
f 324 420 328
f 319 404 402
f 391 394 395
f 391 395 396
f 391 396 397
f 391 397 399
f 391 399 401
f 391 400 398
f 391 401 400
f 391 406 392
f 392 417 393
f 269 766 297
f 325 405 404
f 321 403 413
f 322 413 414
f 326 415 405
f 327 416 415
f 323 414 418
f 324 418 420
f 328 420 419
f 328 419 416
f 393 421 394
f 394 422 395
f 395 423 396
f 396 428 397
f 397 429 399
f 399 430 401
f 400 401 431
f 398 400 427
f 269 275 766
f 274 294 765
f 274 765 275
f 392 406 417
f 294 315 765
f 402 404 406
f 404 405 417
f 404 417 406
f 393 417 421
f 394 421 422
f 395 422 423
f 329 361 727
f 329 727 390
f 281 282 834
f 281 833 288
f 282 283 835
f 283 284 836
f 284 285 837
f 285 286 838
f 286 287 839
f 287 289 841
f 289 290 842
f 290 291 843
f 291 292 844
f 292 293 845
f 297 827 316
f 315 316 778
f 278 288 830
f 293 365 845
f 390 727 687
f 407 408 425
f 407 435 408
f 408 435 409
f 408 409 426
f 409 410 437
f 409 435 410
f 410 435 411
f 411 435 412
f 410 411 438
f 411 412 439
f 408 426 425
f 409 437 426
f 410 438 437
f 405 415 421
f 405 421 417
f 415 416 422
f 403 425 413
f 413 426 414
f 414 437 418
f 415 422 421
f 416 419 423
f 416 423 422
f 396 423 424
f 396 424 428
f 397 428 429
f 400 431 427
f 399 429 430
f 401 430 431
f 413 425 426
f 418 438 420
f 419 420 439
f 414 426 437
f 419 424 423
f 418 437 438
f 420 438 439
f 419 440 424
f 427 694 445
f 435 687 692
f 412 435 432
f 432 435 433
f 412 432 441
f 433 435 434
f 434 435 436
f 432 433 442
f 433 434 443
f 411 439 438
f 412 440 439
f 412 441 440
f 434 436 444
f 435 692 436
f 432 442 441
f 433 443 442
f 434 444 443
f 436 692 444
f 419 439 440
f 427 431 694
f 430 693 431
f 424 698 428
f 428 697 429
f 429 696 430
f 424 440 698
f 431 693 694
f 430 695 693
f 430 696 695
f 429 697 696
f 428 698 697
f 331 427 445
f 445 694 747
f 445 747 751
f 363 388 750
f 361 363 796
f 278 867 341
f 340 866 348
f 340 341 866
f 348 869 349
f 349 870 350
f 350 871 351
f 351 872 352
f 352 873 355
f 353 354 875
f 355 876 356
f 356 877 357
f 357 878 358
f 358 879 359
f 354 359 880
f 380 389 751
f 365 372 882
f 389 445 751
f 353 889 372
f 380 806 387
f 53 449 446
f 53 454 449
f 447 449 451
f 447 452 448
f 449 454 451
f 448 452 453
f 447 450 452
f 447 451 450
f 53 54 454
f 54 455 454
f 54 456 455
f 54 462 456
f 54 65 462
f 456 462 457
f 457 462 458
f 458 462 459
f 459 462 460
f 460 462 461
f 243 448 453
f 461 462 463
f 462 464 463
f 65 72 462
f 72 1068 462
f 462 477 464
f 464 476 465
f 465 475 466
f 466 473 3049
f 466 472 473
f 466 469 467
f 466 467 468
f 466 468 472
f 466 470 469
f 466 471 470
f 466 474 471
f 466 475 474
f 465 476 475
f 464 477 476
f 462 3069 477
f 447 448 959
f 446 449 960
f 447 958 449
f 450 961 452
f 450 451 962
f 452 963 453
f 451 454 965
f 454 455 965
f 455 456 967
f 456 457 968
f 457 458 969
f 458 459 970
f 459 460 971
f 460 461 972
f 461 463 972
f 462 1666 973
f 463 464 975
f 464 465 975
f 465 466 977
f 466 3049 977
f 468 979 472
f 467 978 468
f 467 469 980
f 469 470 981
f 470 471 982
f 471 474 985
f 472 983 473
f 474 475 986
f 475 476 987
f 476 477 988
f 478 479 487
f 478 487 480
f 480 493 482
f 479 481 483
f 480 483 481
f 480 482 483
f 479 483 488
f 482 485 483
f 479 488 487
f 482 484 485
f 484 486 485
f 483 485 488
f 484 616 486
f 486 616 489
f 489 616 619
f 480 487 493
f 482 494 484
f 487 488 493
f 482 493 494
f 485 495 488
f 489 619 490
f 485 486 495
f 490 621 492
f 488 495 493
f 484 497 616
f 486 489 496
f 486 496 495
f 489 490 498
f 493 495 494
f 484 494 497
f 490 492 500
f 491 624 501
f 491 501 492
f 489 498 496
f 494 495 496
f 497 499 616
f 490 500 498
f 494 496 497
f 492 501 500
f 496 498 497
f 497 498 499
f 498 500 499
f 499 500 649
f 500 501 649
f 137 505 503
f 503 506 504
f 137 520 505
f 503 505 506
f 502 504 506
f 502 569 507
f 502 506 566
f 123 522 520
f 121 567 522
f 76 573 567
f 505 521 506
f 507 510 508
f 508 510 509
f 509 510 511
f 507 569 510
f 510 524 511
f 141 512 514
f 131 514 528
f 512 513 514
f 129 528 530
f 513 515 514
f 513 537 515
f 84 530 572
f 83 572 574
f 82 575 573
f 81 574 575
f 514 515 528
f 140 509 533
f 128 533 519
f 516 517 519
f 516 519 518
f 509 511 533
f 518 519 533
f 502 566 569
f 505 520 521
f 520 523 521
f 506 521 566
f 520 522 523
f 522 568 523
f 522 567 568
f 521 523 566
f 511 524 525
f 510 569 524
f 524 526 525
f 524 569 526
f 525 526 527
f 525 527 585
f 526 569 570
f 526 570 527
f 527 570 571
f 515 529 528
f 528 529 530
f 515 589 529
f 529 531 530
f 530 531 572
f 531 576 572
f 529 589 531
f 511 525 533
f 518 533 532
f 525 535 533
f 532 533 535
f 525 581 535
f 532 535 534
f 525 585 581
f 534 535 581
f 534 581 580
f 536 589 537
f 515 537 589
f 536 538 588
f 516 518 546
f 516 546 544
f 518 558 546
f 538 539 540
f 539 541 540
f 543 626 625
f 542 543 625
f 539 626 541
f 541 626 543
f 540 541 550
f 542 553 543
f 541 543 551
f 544 546 545
f 166 545 559
f 545 546 547
f 549 627 628
f 168 563 628
f 548 627 549
f 545 547 559
f 546 558 547
f 160 559 563
f 549 628 563
f 548 549 561
f 536 588 589
f 518 532 558
f 532 562 558
f 532 534 562
f 534 580 600
f 534 600 562
f 541 551 550
f 550 551 554
f 542 552 553
f 552 557 553
f 543 553 551
f 551 553 555
f 538 540 633
f 551 555 554
f 554 555 590
f 555 591 590
f 552 556 557
f 556 596 557
f 556 592 596
f 553 557 555
f 555 557 591
f 557 596 591
f 547 558 559
f 558 562 559
f 548 561 560
f 549 563 561
f 560 561 565
f 559 562 563
f 562 600 563
f 563 600 601
f 561 563 565
f 560 565 564
f 563 601 565
f 564 565 603
f 564 603 602
f 567 577 568
f 566 630 569
f 523 629 566
f 523 568 629
f 570 582 571
f 569 630 570
f 570 630 582
f 582 630 586
f 567 573 577
f 572 576 574
f 574 576 578
f 573 575 579
f 573 579 577
f 574 578 575
f 575 578 579
f 531 634 576
f 527 571 587
f 571 582 583
f 527 587 585
f 580 581 585
f 580 585 584
f 582 586 583
f 583 586 587
f 571 583 587
f 584 587 586
f 584 585 587
f 566 629 630
f 568 577 631
f 568 631 629
f 577 579 637
f 584 586 632
f 538 633 588
f 588 634 589
f 531 589 634
f 580 584 604
f 580 604 600
f 590 591 593
f 591 597 593
f 592 594 598
f 592 598 596
f 593 597 595
f 594 595 599
f 595 597 599
f 594 599 598
f 591 596 597
f 596 598 597
f 597 598 599
f 540 550 643
f 542 625 671
f 565 601 605
f 600 604 601
f 601 604 605
f 565 605 603
f 602 603 607
f 602 607 606
f 604 608 605
f 605 608 609
f 606 609 608
f 606 607 609
f 603 605 609
f 603 609 607
f 588 633 634
f 540 635 633
f 542 671 552
f 550 554 645
f 554 590 645
f 552 671 556
f 556 671 592
f 610 611 612
f 611 613 612
f 612 613 614
f 44 656 611
f 613 615 614
f 614 615 617
f 615 618 617
f 617 618 620
f 618 624 620
f 490 619 621
f 620 624 622
f 492 621 623
f 491 623 622
f 491 622 624
f 491 492 623
f 610 612 650
f 39 664 651
f 40 651 652
f 41 652 653
f 42 653 654
f 43 654 655
f 43 655 659
f 611 656 613
f 44 657 656
f 45 658 657
f 46 957 658
f 48 659 660
f 49 660 661
f 50 661 662
f 51 662 663
f 612 614 650
f 614 617 650
f 499 619 616
f 617 620 650
f 613 656 615
f 615 656 618
f 618 656 624
f 53 663 665
f 54 665 666
f 54 666 677
f 72 627 684
f 610 671 625
f 55 668 667
f 57 669 668
f 58 670 669
f 60 672 670
f 55 667 664
f 61 673 672
f 62 674 673
f 63 675 674
f 63 676 675
f 548 684 627
f 548 560 684
f 560 564 684
f 564 602 684
f 67 677 679
f 66 679 678
f 68 680 676
f 68 681 680
f 69 682 681
f 70 683 682
f 71 678 683
f 629 632 630
f 577 637 631
f 586 630 632
f 584 632 638
f 576 641 578
f 578 641 579
f 576 634 641
f 584 642 604
f 629 631 632
f 579 639 637
f 584 638 642
f 540 643 635
f 633 636 634
f 604 642 608
f 590 593 646
f 593 595 646
f 592 671 594
f 594 671 595
f 633 635 636
f 634 636 641
f 550 645 643
f 590 646 645
f 631 638 632
f 631 637 638
f 579 641 639
f 637 640 638
f 637 639 640
f 639 642 640
f 638 640 642
f 639 641 642
f 641 648 642
f 635 644 636
f 636 644 641
f 635 643 644
f 595 671 646
f 643 647 644
f 641 644 647
f 641 647 648
f 643 645 647
f 645 648 647
f 645 646 648
f 646 671 648
f 610 650 671
f 499 621 619
f 621 649 623
f 622 623 649
f 620 622 650
f 650 664 671
f 499 649 621
f 622 649 650
f 501 624 656
f 501 650 649
f 501 656 650
f 650 656 655
f 650 652 651
f 650 651 664
f 650 653 652
f 650 654 653
f 650 655 654
f 655 656 659
f 656 657 659
f 657 660 659
f 657 661 660
f 657 658 661
f 658 957 662
f 658 662 661
f 662 957 663
f 663 957 665
f 602 606 684
f 606 608 684
f 668 669 671
f 667 668 671
f 669 670 671
f 664 667 671
f 608 642 684
f 648 671 674
f 642 648 684
f 670 672 671
f 671 672 673
f 671 673 674
f 648 674 675
f 648 675 676
f 648 676 684
f 676 680 684
f 680 681 684
f 681 682 684
f 682 683 684
f 678 684 683
f 677 684 679
f 678 679 684
f 732 825 818
f 732 820 744
f 732 818 819
f 685 792 750
f 685 686 792
f 686 861 792
f 686 822 861
f 685 949 686
f 687 727 728
f 687 728 692
f 688 745 694
f 688 693 689
f 688 689 745
f 689 690 745
f 689 695 690
f 690 696 691
f 690 691 745
f 691 702 745
f 691 697 702
f 440 441 712
f 441 442 710
f 443 444 708
f 444 692 709
f 442 443 708
f 440 715 698
f 688 694 693
f 690 695 696
f 689 693 695
f 691 696 697
f 444 709 708
f 442 708 710
f 440 712 715
f 441 710 712
f 692 711 709
f 698 720 699
f 697 698 702
f 698 699 702
f 699 700 703
f 692 728 711
f 702 703 745
f 703 704 745
f 704 705 745
f 699 703 702
f 700 704 703
f 705 706 745
f 706 707 745
f 701 705 704
f 705 713 706
f 709 711 730
f 708 709 729
f 708 731 710
f 710 733 712
f 712 739 715
f 715 739 716
f 706 714 707
f 698 715 720
f 699 719 700
f 700 721 701
f 715 716 720
f 699 720 719
f 701 725 713
f 713 726 714
f 700 719 721
f 700 701 704
f 701 713 705
f 706 713 714
f 716 717 723
f 717 718 724
f 716 723 720
f 701 721 725
f 713 725 726
f 714 726 737
f 718 722 735
f 717 724 723
f 718 735 724
f 361 794 727
f 709 730 729
f 711 732 730
f 708 729 731
f 710 731 733
f 712 733 739
f 716 740 717
f 717 741 718
f 718 742 722
f 716 739 740
f 717 740 741
f 718 741 742
f 722 743 734
f 719 752 721
f 719 720 754
f 720 723 754
f 721 753 725
f 723 724 755
f 724 735 756
f 735 736 757
f 275 765 766
f 297 766 827
f 315 826 765
f 722 734 736
f 722 736 735
f 734 738 736
f 725 758 726
f 726 759 737
f 315 777 826
f 711 728 763
f 729 744 731
f 729 730 744
f 730 732 744
f 731 744 733
f 733 744 739
f 722 742 743
f 734 743 744
f 739 744 740
f 740 744 741
f 736 738 761
f 723 755 754
f 721 752 753
f 719 754 752
f 724 756 755
f 725 753 758
f 726 758 759
f 741 744 742
f 742 744 743
f 735 757 756
f 736 761 757
f 737 759 760
f 738 762 761
f 707 714 859
f 727 764 728
f 278 830 867
f 727 794 764
f 281 834 833
f 282 835 834
f 283 836 835
f 284 837 836
f 285 838 837
f 286 839 838
f 287 841 839
f 288 833 840
f 288 840 830
f 289 842 841
f 290 843 842
f 291 844 843
f 292 845 844
f 315 778 777
f 316 847 778
f 365 882 845
f 316 827 847
f 694 745 747
f 745 746 747
f 707 748 745
f 745 748 746
f 747 749 751
f 746 749 747
f 746 748 749
f 707 789 748
f 748 789 749
f 363 750 796
f 380 751 806
f 235 949 685
f 361 796 794
f 348 866 869
f 341 867 866
f 349 869 870
f 350 870 871
f 351 871 872
f 352 872 873
f 353 875 874
f 354 880 875
f 355 873 876
f 356 876 877
f 357 877 878
f 359 879 880
f 358 878 879
f 750 792 796
f 372 889 882
f 749 793 751
f 353 874 889
f 751 793 806
f 387 806 813
f 237 813 950
f 728 764 763
f 711 825 732
f 711 763 825
f 752 754 760
f 754 755 760
f 755 756 760
f 756 757 760
f 757 761 760
f 752 760 753
f 753 760 758
f 758 760 759
f 760 761 762
f 714 737 860
f 763 764 828
f 763 828 825
f 734 744 896
f 765 767 768
f 765 768 766
f 765 769 767
f 767 770 768
f 734 898 738
f 737 760 897
f 738 903 762
f 760 762 924
f 765 771 769
f 767 769 770
f 765 775 771
f 766 768 827
f 769 771 772
f 769 772 770
f 768 770 827
f 765 776 775
f 765 826 776
f 771 775 773
f 771 773 772
f 770 772 827
f 774 775 776
f 773 775 774
f 772 773 827
f 774 776 827
f 773 774 827
f 776 826 827
f 777 846 826
f 764 794 828
f 778 780 779
f 777 778 779
f 777 779 781
f 779 780 781
f 778 782 780
f 777 781 783
f 777 783 784
f 780 782 781
f 777 784 785
f 777 785 846
f 781 782 783
f 778 847 787
f 782 788 783
f 778 788 782
f 778 786 788
f 778 787 786
f 783 788 784
f 784 788 786
f 784 786 785
f 785 787 846
f 785 786 787
f 787 847 846
f 707 791 789
f 707 859 791
f 789 791 790
f 749 789 790
f 749 790 793
f 714 860 859
f 790 791 859
f 790 859 891
f 790 891 793
f 238 950 951
f 239 951 952
f 246 952 956
f 795 796 797
f 794 796 795
f 795 797 798
f 792 861 796
f 797 802 798
f 799 802 803
f 794 795 828
f 795 798 828
f 798 802 799
f 799 803 800
f 800 804 801
f 801 805 862
f 796 861 797
f 797 861 802
f 800 803 804
f 801 804 805
f 805 868 862
f 793 891 806
f 806 807 814
f 806 891 807
f 807 891 808
f 807 808 815
f 808 811 816
f 810 817 811
f 809 890 892
f 809 812 810
f 806 814 813
f 807 815 814
f 808 816 815
f 811 817 816
f 810 812 817
f 809 892 812
f 243 954 953
f 244 955 954
f 245 956 955
f 732 819 820
f 818 825 857
f 818 857 819
f 744 820 821
f 819 895 820
f 820 895 821
f 686 949 822
f 822 823 893
f 822 949 823
f 825 828 857
f 826 846 827
f 827 846 847
f 737 922 860
f 737 897 922
f 798 858 828
f 828 858 857
f 834 835 840
f 833 834 840
f 835 851 840
f 836 837 851
f 835 836 851
f 838 839 852
f 837 838 852
f 839 841 853
f 842 843 845
f 841 842 853
f 843 844 845
f 840 850 848
f 840 848 849
f 829 840 849
f 840 851 850
f 837 852 851
f 829 830 840
f 839 853 852
f 842 845 853
f 845 854 853
f 845 855 854
f 845 856 855
f 845 881 856
f 845 882 881
f 859 860 891
f 857 858 895
f 744 821 896
f 734 896 898
f 819 857 895
f 760 924 923
f 760 923 897
f 738 898 901
f 762 900 924
f 762 899 900
f 738 901 903
f 829 906 830
f 830 907 831
f 831 908 832
f 848 911 849
f 829 849 910
f 848 850 913
f 850 851 914
f 851 852 915
f 852 853 917
f 853 854 918
f 854 855 920
f 855 856 921
f 860 922 894
f 830 831 867
f 831 832 867
f 832 863 867
f 863 864 867
f 864 865 867
f 865 883 867
f 862 866 867
f 862 869 866
f 862 868 869
f 867 883 889
f 798 799 858
f 799 800 858
f 802 861 893
f 802 893 803
f 803 893 804
f 868 870 869
f 868 871 870
f 868 872 871
f 868 873 872
f 868 876 873
f 868 892 876
f 876 892 877
f 877 892 878
f 878 892 879
f 875 880 892
f 879 892 880
f 800 801 925
f 801 862 925
f 804 893 805
f 822 893 861
f 805 926 868
f 882 889 887
f 883 884 889
f 884 885 889
f 885 888 889
f 886 887 889
f 886 889 888
f 874 890 889
f 874 875 890
f 875 892 890
f 808 894 811
f 810 811 894
f 808 891 894
f 860 894 891
f 809 927 890
f 809 810 927
f 813 814 950
f 862 867 928
f 800 925 858
f 832 909 863
f 863 930 864
f 864 931 865
f 867 889 933
f 868 935 892
f 805 893 926
f 881 882 936
f 882 887 938
f 865 932 883
f 883 941 884
f 884 943 885
f 885 942 888
f 886 939 887
f 886 888 944
f 856 881 946
f 889 890 947
f 810 894 927
f 812 892 935
f 814 815 950
f 815 816 950
f 816 817 950
f 812 950 817
f 762 903 899
f 821 895 896
f 895 925 896
f 858 925 895
f 830 906 905
f 829 910 906
f 830 905 907
f 831 907 908
f 832 908 909
f 849 911 910
f 848 912 911
f 848 913 912
f 855 921 919
f 855 919 920
f 850 914 913
f 851 915 914
f 852 916 915
f 852 917 916
f 854 920 918
f 853 918 917
f 856 946 921
f 897 927 922
f 900 902 924
f 896 925 898
f 897 923 902
f 902 923 924
f 899 904 900
f 898 906 901
f 901 914 903
f 900 904 902
f 899 903 904
f 898 925 928
f 905 928 907
f 897 902 927
f 902 947 927
f 898 905 906
f 898 928 905
f 901 906 910
f 901 910 911
f 901 911 912
f 901 912 913
f 901 913 914
f 903 914 915
f 903 916 917
f 903 915 916
f 903 917 918
f 904 920 919
f 904 918 920
f 902 904 936
f 903 918 904
f 902 936 937
f 902 937 947
f 904 946 936
f 904 919 921
f 904 921 946
f 953 3868 964
f 862 928 925
f 868 926 934
f 823 926 893
f 863 909 929
f 863 929 930
f 864 930 931
f 865 931 932
f 867 933 928
f 868 934 935
f 894 922 927
f 890 927 947
f 882 937 936
f 882 938 937
f 881 936 946
f 886 944 939
f 887 939 938
f 888 945 944
f 888 942 945
f 883 940 941
f 883 932 940
f 884 941 943
f 885 943 942
f 889 947 933
f 823 824 926
f 823 949 824
f 812 935 950
f 907 928 908
f 908 928 909
f 909 928 929
f 928 930 929
f 928 933 930
f 930 933 931
f 931 933 932
f 932 933 940
f 937 938 947
f 933 941 940
f 942 947 945
f 938 939 947
f 939 944 947
f 944 945 947
f 933 947 942
f 933 943 941
f 933 942 943
f 824 934 926
f 824 948 934
f 934 948 935
f 935 949 950
f 824 949 948
f 935 948 949
f 955 956 3868
f 953 954 3868
f 954 955 3868
f 447 959 958
f 446 960 957
f 449 958 960
f 452 961 963
f 450 962 961
f 451 965 962
f 453 963 964
f 455 966 965
f 455 967 966
f 456 968 967
f 457 969 968
f 458 970 969
f 459 971 970
f 460 972 971
f 448 953 959
f 453 964 3868
f 463 974 972
f 463 975 974
f 465 976 975
f 465 977 976
f 462 973 3933
f 977 3049 3913
f 472 979 983
f 468 978 979
f 467 980 978
f 469 981 980
f 470 982 981
f 471 985 982
f 473 983 984
f 474 986 985
f 475 987 986
f 476 988 987
f 665 957 960
f 665 960 965
f 958 962 960
f 958 959 963
f 960 962 965
f 959 964 963
f 958 963 961
f 958 961 962
f 665 965 666
f 666 965 966
f 666 966 967
f 666 967 973
f 666 973 677
f 967 968 973
f 968 969 973
f 969 970 973
f 970 971 973
f 971 972 973
f 953 964 959
f 972 974 973
f 973 974 975
f 677 973 684
f 684 973 2196
f 973 975 988
f 975 976 987
f 976 977 986
f 977 3913 984
f 977 984 983
f 977 978 980
f 977 979 978
f 977 983 979
f 977 980 981
f 977 981 982
f 977 982 985
f 977 985 986
f 976 986 987
f 975 987 988
f 973 988 3933
f 989 993 990
f 990 993 992
f 989 999 993
f 989 991 999
f 990 992 994
f 990 994 995
f 990 995 1003
f 991 1005 999
f 991 1004 1005
f 989 990 1116
f 992 1000 994
f 1003 995 996
f 994 1000 1006
f 990 1003 1066
f 990 1066 1129
f 1003 996 997
f 1003 997 998
f 1003 998 1001
f 1003 1001 1002
f 1003 1002 1007
f 1003 1007 1008
f 989 1116 991
f 1004 1120 1005
f 1004 1108 1120
f 991 1116 1004
f 990 1118 1116
f 990 1119 1118
f 990 1127 1119
f 990 1129 1127
f 1066 1128 1129
f 1066 1130 1128
f 1066 1131 1130
f 1003 1008 1009
f 1003 1009 1132
f 1003 1132 1133
f 1003 1133 1134
f 1010 1011 1012
f 1011 1061 1012
f 1010 1013 1011
f 1010 1050 1013
f 1010 1012 1050
f 1014 1021 1015
f 1015 1021 1016
f 1014 1027 1021
f 1016 1021 1017
f 1017 1021 1020
f 1022 1023 1298
f 1018 1298 1023
f 1022 1298 1042
f 1018 1019 1298
f 1020 1021 1299
f 1019 1020 1299
f 1021 1051 1299
f 1011 1013 1024
f 1011 1024 1054
f 1025 1027 1026
f 1025 1026 1028
f 1021 1027 1025
f 1025 1028 1029
f 1025 1029 1030
f 1025 1030 1031
f 1025 1031 1032
f 1025 1032 1040
f 1032 1033 1040
f 1033 1034 1040
f 1034 1035 1040
f 1035 1036 1040
f 1036 1039 1040
f 1041 1302 1043
f 1041 1042 1298
f 1043 1302 1044
f 1044 1302 1045
f 1045 1302 1046
f 1048 1303 1049
f 1037 1049 1303
f 1046 1303 1047
f 1047 1303 1048
f 1037 1303 1038
f 1039 1305 1040
f 1038 1305 1039
f 1040 1305 1052
f 1012 1062 1050
f 1013 1164 1024
f 1012 1061 1062
f 1013 1050 1164
f 1021 1025 1180
f 1014 1182 1027
f 1014 1015 1182
f 1015 1016 1181
f 1016 1017 1183
f 1018 1185 1019
f 1017 1020 1184
f 1019 1184 1020
f 1022 1042 1188
f 1022 1188 1023
f 1018 1023 1187
f 1051 1063 1308
f 1021 1176 1051
f 1024 1204 1054
f 1026 1027 1210
f 1026 1211 1028
f 1028 1212 1029
f 1029 1212 1030
f 1030 1213 1031
f 1025 1040 1214
f 1031 1215 1032
f 1032 1216 1033
f 1033 1216 1034
f 1034 1217 1035
f 1035 1218 1036
f 1037 1038 1220
f 1036 1219 1039
f 1038 1039 1219
f 1041 1221 1042
f 1041 1043 1222
f 1043 1044 1223
f 1044 1045 1223
f 1045 1046 1224
f 1046 1047 1226
f 1047 1048 1225
f 1048 1049 1225
f 1037 1227 1049
f 1040 1052 1231
f 1052 1311 1064
f 1003 1053 1080
f 1011 1054 1053
f 1053 1054 1055
f 1053 1055 1056
f 1053 1056 1057
f 1053 1057 1058
f 1053 1058 1081
f 1058 1059 1087
f 1059 1060 1088
f 1011 1161 1061
f 1011 1162 1161
f 1050 1062 1165
f 1061 1163 1062
f 1051 1178 1063
f 1015 1181 1182
f 1016 1183 1181
f 1017 1184 1183
f 1019 1185 1184
f 1018 1187 1185
f 1021 1180 1176
f 1023 1188 1187
f 1024 1164 1203
f 1024 1203 1204
f 1054 1204 1205
f 1054 1205 1206
f 1054 1206 1207
f 1054 1207 1208
f 1025 1214 1180
f 1026 1210 1211
f 1027 1182 1210
f 1028 1211 1212
f 1030 1212 1213
f 1031 1213 1215
f 1032 1215 1216
f 1034 1216 1217
f 1035 1217 1218
f 1036 1218 1219
f 1038 1219 1220
f 1037 1220 1227
f 1040 1231 1214
f 1042 1221 1188
f 1041 1222 1221
f 1043 1223 1222
f 1045 1224 1223
f 1046 1226 1224
f 1047 1225 1226
f 1049 1227 1225
f 1052 1064 1233
f 1061 1161 1163
f 1050 1165 1164
f 1062 1166 1165
f 1062 1163 1172
f 1062 1167 1166
f 1062 1172 1167
f 1063 1175 1312
f 1051 1177 1178
f 1051 1176 1177
f 1063 1186 1175
f 1063 1178 1179
f 1063 1179 1186
f 1054 1208 1209
f 1052 1232 1231
f 1052 1233 1232
f 1064 1234 1233
f 1064 1240 1235
f 1064 1235 1234
f 1064 1315 1240
f 1065 1066 1067
f 1065 1067 1068
f 1066 1080 1067
f 1003 1080 1066
f 1067 1069 1068
f 1065 1068 1074
f 1067 1077 1069
f 1065 1074 1070
f 1065 1070 1071
f 1065 1071 1242
f 1067 1072 1077
f 1067 1073 1072
f 1067 1243 1073
f 1065 1242 1251
f 1070 1072 1071
f 1067 1245 1243
f 1071 1072 1073
f 1068 1075 1074
f 1068 1076 1075
f 1068 1246 1076
f 1069 1077 1078
f 1069 1078 1079
f 1069 1079 1247
f 1070 1074 1077
f 1074 1075 1078
f 1075 1076 1079
f 1070 1077 1072
f 1074 1078 1077
f 1075 1079 1078
f 1068 1248 1246
f 1069 1247 1249
f 1053 1081 1080
f 1058 1087 1081
f 1081 1086 1082
f 1082 1089 1083
f 1083 1085 1084
f 1081 1087 1086
f 1082 1086 1089
f 1083 1089 1085
f 1059 1088 1087
f 1084 1092 1090
f 1090 1093 1091
f 1084 1085 1092
f 1090 1092 1093
f 1091 1093 1100
f 1091 1100 1096
f 1096 1100 1097
f 1097 1101 1098
f 1098 1103 1099
f 1097 1100 1101
f 1098 1101 1102
f 1098 1102 1103
f 1099 1103 1105
f 1099 1105 1104
f 1095 1104 1106
f 1104 1105 1106
f 1004 1117 1108
f 1108 1121 1120
f 1004 1116 1117
f 1108 1110 1121
f 1108 1137 1110
f 1108 1117 1111
f 1108 1111 1137
f 1109 1111 1117
f 1112 1115 1113
f 1112 1114 1115
f 1109 1113 1139
f 1113 1115 1139
f 1112 1113 1116
f 1112 1118 1114
f 1113 1117 1116
f 1112 1116 1118
f 1109 1117 1113
f 1114 1119 1115
f 1114 1118 1119
f 1123 1126 1124
f 1123 1125 1126
f 1122 1124 1148
f 1124 1126 1148
f 1123 1124 1128
f 1123 1130 1125
f 1124 1129 1128
f 1123 1128 1130
f 1122 1129 1124
f 1122 1127 1129
f 1125 1131 1126
f 1125 1130 1131
f 1003 1134 1159
f 1003 1159 1160
f 1003 2074 1053
f 1135 1143 1136
f 1109 1135 1111
f 1111 1135 1137
f 1135 1136 1137
f 1110 1137 1138
f 1110 1906 1121
f 1136 1138 1137
f 1136 1143 1138
f 1110 1138 1144
f 1109 1139 1140
f 1109 1140 1145
f 1115 1141 1139
f 1115 1119 1141
f 1139 1141 1142
f 1139 1142 1140
f 1140 1142 1146
f 1135 1889 1143
f 1135 1890 1889
f 1110 1144 1891
f 1110 1891 1906
f 1138 1143 1144
f 1143 1889 1144
f 1144 1889 1892
f 1144 1892 1891
f 1109 1145 1894
f 1109 1903 1135
f 1109 1894 1895
f 1109 1895 1902
f 1140 1146 1145
f 1145 1146 1896
f 1145 1896 1894
f 1119 1151 1141
f 1141 1151 1142
f 1119 1127 1151
f 1142 1153 1146
f 1142 1151 1153
f 1122 1148 1147
f 1147 1148 1149
f 1148 1155 1149
f 1148 1150 1155
f 1122 1147 1127
f 1127 1147 1151
f 1147 1149 1151
f 1126 1152 1148
f 1126 1131 1152
f 1148 1152 1154
f 1149 1153 1151
f 1149 1155 1153
f 1148 1154 1150
f 1150 1154 1158
f 1146 1153 1157
f 1146 1157 1896
f 1157 1911 1896
f 1150 1156 1155
f 1155 1156 1908
f 1153 1155 1157
f 1150 1158 1156
f 1155 1908 1157
f 1157 1908 1911
f 1156 1158 1984
f 1156 1984 1983
f 1003 1160 2074
f 1011 1951 1162
f 1163 1173 1172
f 1163 1174 1173
f 1164 1165 1177
f 1165 1166 1178
f 1164 1177 1176
f 1165 1178 1177
f 1166 1167 1179
f 1166 1179 1178
f 1164 1171 1168
f 1164 1169 1171
f 1164 1176 1169
f 1164 1168 1194
f 1164 1194 1195
f 1164 1195 1196
f 1167 1172 1186
f 1167 1186 1179
f 1172 1192 1186
f 1161 1238 1163
f 1163 1238 1174
f 1172 1173 1192
f 1173 1174 1193
f 1173 1193 1192
f 1175 1186 1192
f 1175 1192 1193
f 1169 1176 1170
f 1170 1176 1180
f 1180 1181 1183
f 1180 1183 1184
f 1180 1182 1181
f 1180 1210 1182
f 1184 1185 1189
f 1185 1187 1189
f 1187 1188 1189
f 1188 1221 1189
f 1189 1222 1386
f 1189 1191 1190
f 1189 1386 1191
f 1175 1193 1239
f 1164 1196 1203
f 1196 1197 1203
f 1197 1198 1203
f 1198 1199 1203
f 1199 1200 1203
f 1200 1201 1203
f 1203 1231 1204
f 1201 1231 1203
f 1204 1231 1232
f 1204 1232 1205
f 1205 1232 1233
f 1205 1233 1206
f 1206 1233 1234
f 1206 1234 1207
f 1207 1234 1235
f 1207 1235 1208
f 1208 1235 1236
f 1208 1236 1209
f 1209 1236 1237
f 1180 1211 1210
f 1180 1212 1211
f 1180 1214 1212
f 1212 1214 1213
f 1213 1214 1215
f 1201 1202 1231
f 1202 1214 1231
f 1214 1216 1215
f 1214 1217 1216
f 1214 1218 1217
f 1214 1219 1218
f 1189 1221 1222
f 1222 1223 1394
f 1223 1224 1396
f 1222 1393 1386
f 1222 1394 1393
f 1223 1395 1394
f 1223 1396 1395
f 1224 1397 1396
f 1219 1228 1220
f 1225 1228 1226
f 1224 1226 1228
f 1225 1227 1228
f 1220 1228 1227
f 1224 1228 1398
f 1224 1398 1397
f 1228 1229 1398
f 1228 1230 1229
f 1235 1240 1236
f 1236 1240 1237
f 1161 1162 1238
f 1175 1239 1413
f 1054 1209 1970
f 1011 1053 2175
f 1237 1240 1241
f 1054 2176 1055
f 1055 2177 1056
f 1056 2178 1057
f 1240 1427 1241
f 1057 2179 1058
f 1058 2180 1059
f 1059 2181 1060
f 1174 1238 1952
f 1162 1952 1238
f 1168 2079 1194
f 1169 2080 1171
f 1169 1170 2081
f 1168 1171 2082
f 1174 1958 1193
f 1193 1953 1239
f 1239 1953 1428
f 1170 1180 2081
f 1180 1184 2085
f 1184 1189 2089
f 1189 1190 2094
f 1190 1191 2095
f 1194 2096 1195
f 1195 2097 1196
f 1196 2098 1197
f 1197 2099 1198
f 1198 2100 1199
f 1199 2101 1200
f 1200 2102 1201
f 1201 2103 1202
f 1209 1237 1976
f 1202 2110 1214
f 1214 2115 1219
f 1219 2124 1228
f 1228 2124 1230
f 1229 2125 1398
f 1229 1230 2126
f 1162 1951 1952
f 1237 1241 1954
f 1241 1485 1954
f 1065 1251 1258
f 1065 1258 1260
f 1065 1260 1261
f 1066 1152 1131
f 1066 1154 1152
f 1066 1158 1154
f 1067 1268 1266
f 1067 1269 1268
f 1071 1073 1242
f 1242 1243 1244
f 1067 1254 1245
f 1073 1243 1242
f 1067 1255 1254
f 1067 1266 1255
f 1065 1261 1264
f 1065 1264 1985
f 1065 2194 1066
f 1066 1984 1158
f 1067 1272 1269
f 1067 1996 1272
f 1242 1244 1251
f 1244 1245 1253
f 1243 1245 1244
f 1076 1246 1247
f 1076 1247 1079
f 1246 1249 1247
f 1068 1278 1248
f 1068 1283 1278
f 1068 1286 1283
f 1068 1287 1286
f 1069 1249 1279
f 1069 1279 1281
f 1069 1281 1291
f 1069 1291 1294
f 1069 1294 1295
f 1246 1248 1249
f 1248 1275 1249
f 1068 1289 1287
f 1068 2018 1289
f 1069 1295 1297
f 1069 1297 2028
f 1069 2197 1094
f 1244 1253 1252
f 1244 1250 1251
f 1244 1252 1250
f 1250 1254 1251
f 1250 1252 1256
f 1252 1253 1259
f 1245 1256 1257
f 1245 1257 1253
f 1245 1254 1256
f 1251 1254 1255
f 1250 1256 1254
f 1256 1267 1257
f 1251 1255 1258
f 1252 1259 1267
f 1258 1266 1260
f 1253 1262 1259
f 1253 1263 1262
f 1259 1262 1270
f 1260 1268 1261
f 1262 1263 1271
f 1253 1987 1263
f 1253 1257 1987
f 1261 1269 1264
f 1263 1987 1265
f 1263 1265 1273
f 1264 1272 1985
f 1265 1986 1997
f 1265 1987 1986
f 1255 1266 1258
f 1252 1267 1256
f 1260 1266 1268
f 1257 1267 1270
f 1259 1270 1267
f 1257 1270 1271
f 1261 1268 1269
f 1262 1271 1270
f 1257 1271 1998
f 1264 1269 1272
f 1263 1273 1271
f 1257 1998 1987
f 1271 1273 1998
f 1272 1996 1985
f 1265 1997 1273
f 1273 1997 1998
f 1248 1274 1275
f 1248 1277 1274
f 1249 1275 1280
f 1248 1276 1277
f 1248 1278 1276
f 1274 1277 1282
f 1276 1279 1277
f 1276 1278 1281
f 1249 1280 1279
f 1275 1290 1280
f 1277 1279 1280
f 1276 1281 1279
f 1274 1284 1285
f 1274 1285 2015
f 1274 2015 2016
f 1285 1288 2015
f 1288 2017 2015
f 1274 2016 1275
f 1275 1293 1292
f 1275 2016 1293
f 1293 2016 1296
f 1296 2016 2027
f 1274 1282 1284
f 1277 1280 1282
f 1278 1283 1291
f 1282 1290 1284
f 1283 1286 1294
f 1284 1292 1285
f 1286 1287 1295
f 1285 1293 1288
f 1287 1289 1297
f 1288 1296 2017
f 1289 2018 2028
f 1280 1290 1282
f 1275 1292 1290
f 1278 1291 1281
f 1284 1290 1292
f 1283 1294 1291
f 1285 1292 1293
f 1286 1295 1294
f 1288 1293 1296
f 1287 1297 1295
f 1296 2027 2017
f 1289 2028 1297
f 1067 1080 2198
f 1080 1081 2199
f 1081 1082 2200
f 1082 1083 2201
f 1083 1084 2202
f 1085 1089 2207
f 1086 1087 2205
f 1086 2204 1089
f 1087 1088 2206
f 1088 1333 2206
f 1084 1090 2208
f 1090 1091 2209
f 1085 2203 1092
f 1092 2210 1093
f 1094 2212 1095
f 1095 2213 1104
f 1091 1096 2214
f 1093 2218 1100
f 1096 1097 2215
f 1097 1098 2216
f 1098 1099 2217
f 1100 2218 1101
f 1101 2219 1102
f 1102 2220 1103
f 1103 2221 1105
f 1099 1104 2222
f 1105 2223 1106
f 1106 2224 1107
f 1019 1299 1298
f 1298 1300 1304
f 1298 1299 1300
f 1051 1306 1299
f 1299 1301 1300
f 1299 1307 1301
f 1299 1306 1307
f 1041 1298 1302
f 1046 1302 1303
f 1038 1303 1305
f 1298 1304 1302
f 1052 1305 1309
f 1051 1308 1306
f 1052 1309 1311
f 1309 1310 1311
f 1302 1304 1415
f 1310 1313 1311
f 1060 1327 1338
f 1063 1312 1308
f 1300 1301 1415
f 1306 1417 1307
f 1301 1307 1417
f 1300 1415 1304
f 1302 1441 1303
f 1303 1441 1305
f 1064 1311 1315
f 1311 1313 1314
f 1305 1445 1309
f 1311 1314 1315
f 1309 1430 1310
f 1306 1308 1442
f 1175 1376 1312
f 1308 1312 1442
f 1310 1430 1313
f 1313 1437 1314
f 1314 1316 1315
f 1240 1315 1426
f 1315 1316 1426
f 1317 1318 1319
f 1317 1322 1318
f 1317 1321 1322
f 1318 1320 1319
f 1319 1320 1323
f 1321 1332 1322
f 1321 1331 1332
f 1317 1319 1492
f 1318 1496 1320
f 1319 1323 1495
f 1320 1324 1323
f 1320 1359 1324
f 1326 1330 1327
f 1327 1330 1359
f 1329 1359 1330
f 1324 1359 1325
f 1325 1359 1328
f 1328 1359 1329
f 1320 1499 1359
f 1317 1493 1321
f 1318 1322 1496
f 1331 1487 1332
f 1331 1486 1487
f 1321 1490 1331
f 1322 1332 1496
f 1317 1492 1493
f 1319 1494 1492
f 1319 1495 1494
f 1320 1496 1498
f 1320 1498 1499
f 1060 1333 1088
f 1060 1338 1333
f 1333 1338 1334
f 1334 1338 1335
f 1335 1338 1336
f 1336 1338 1337
f 1337 1338 1339
f 1338 1340 1339
f 1338 1342 1340
f 1338 1348 1342
f 1341 1342 1348
f 1343 1349 1344
f 1344 1349 1346
f 1346 1349 1694
f 1341 1348 1343
f 1343 1348 1349
f 1348 1697 1349
f 1348 1699 1697
f 1348 1352 1699
f 1349 1697 1355
f 1348 1353 1352
f 1348 1350 1353
f 1348 1512 1350
f 1349 1355 1351
f 1349 1351 1513
f 1352 1354 1699
f 1355 1697 1356
f 1356 1697 1358
f 1354 1357 1699
f 1358 1697 1515
f 1357 1516 1699
f 1348 1517 1512
f 1349 1513 1514
f 1349 1514 1526
f 1350 1513 1351
f 1352 1355 1356
f 1352 1353 1355
f 1351 1355 1353
f 1352 1356 1354
f 1354 1356 1358
f 1515 1697 1518
f 1350 1351 1353
f 1354 1358 1357
f 1357 1358 1515
f 1516 1551 1699
f 1327 1359 1338
f 1338 1359 1360
f 1359 1361 1360
f 1338 1360 1368
f 1359 1571 1361
f 1338 1368 1576
f 1360 1361 1363
f 1361 1362 1363
f 1362 1364 1365
f 1362 1365 1363
f 1364 1373 1365
f 1364 1372 1373
f 1360 1363 1366
f 1363 1365 1366
f 1360 1366 1368
f 1366 1369 1368
f 1366 1367 1369
f 1368 1369 1371
f 1367 1371 1369
f 1367 1370 1371
f 1365 1373 1366
f 1366 1595 1367
f 1370 1375 1371
f 1370 1374 1375
f 1359 1563 1571
f 1338 1576 1578
f 1338 1578 1582
f 1361 1573 1362
f 1362 1620 1364
f 1372 1585 1373
f 1361 1571 1570
f 1361 1570 1572
f 1364 1620 1372
f 1372 1569 1585
f 1361 1572 1573
f 1366 1373 1585
f 1367 1595 1370
f 1368 1371 1604
f 1374 1587 1375
f 1368 1580 1576
f 1368 1604 1580
f 1366 1585 1597
f 1366 1597 1594
f 1366 1594 1595
f 1370 1596 1374
f 1374 1586 1587
f 1371 1375 1604
f 1375 1587 1602
f 1175 1413 1376
f 1378 1379 1380
f 1378 1380 1381
f 1378 1381 1387
f 1378 1382 1379
f 1379 1383 1380
f 1379 1382 1383
f 1380 1383 1384
f 1382 1384 1383
f 1382 1385 1384
f 1380 1384 1381
f 1381 1384 1385
f 1382 1388 1385
f 1378 1399 1382
f 1378 1387 1389
f 1378 1389 1391
f 1381 1385 1387
f 1385 1388 1387
f 1382 1390 1388
f 1387 1388 1389
f 1382 1392 1390
f 1382 1403 1392
f 1301 1417 1415
f 1376 1413 1377
f 1312 1376 1449
f 1388 1390 1389
f 1389 1390 1391
f 1390 1392 1391
f 1306 1442 1417
f 1382 1399 1403
f 1302 1415 1441
f 1399 1400 1404
f 1399 1404 1403
f 1400 1405 1404
f 1400 1401 1405
f 1403 1404 1405
f 1403 1405 1406
f 1401 1406 1405
f 1401 1402 1406
f 1403 1406 1408
f 1399 1411 1400
f 1400 1411 1401
f 1401 1411 1402
f 1402 1411 1407
f 1402 1408 1406
f 1402 1407 1408
f 1403 1408 1410
f 1407 1410 1408
f 1403 1410 1412
f 1314 1437 1316
f 1309 1445 1430
f 1305 1441 1445
f 1407 1411 1409
f 1407 1409 1410
f 1409 1412 1410
f 1409 1411 1412
f 1313 1430 1437
f 1316 1437 1426
f 1377 1413 1414
f 1376 1377 1446
f 1239 1428 1413
f 1377 1414 1446
f 1413 1428 1414
f 1312 1449 1442
f 1415 1417 1416
f 1416 1417 1418
f 1417 1420 1418
f 1417 1419 1421
f 1417 1421 1422
f 1417 1423 1420
f 1417 1424 1423
f 1417 1422 1425
f 1417 1425 1424
f 1426 1475 1427
f 1426 1437 1475
f 1240 1426 1427
f 1241 1427 1485
f 1060 2182 1327
f 1414 1428 1429
f 1414 1429 1446
f 1378 2300 1399
f 1376 1446 1449
f 1428 1453 1429
f 1378 1391 2300
f 1191 1386 2538
f 1392 1403 2301
f 1391 1392 2301
f 1415 1416 1441
f 1416 1418 1443
f 1417 1442 1419
f 1418 1420 1444
f 1430 1431 1432
f 1430 1432 1433
f 1419 1461 1421
f 1421 1462 1422
f 1420 1423 1464
f 1422 1466 1425
f 1423 1424 1463
f 1424 1425 1468
f 1416 1443 1441
f 1430 1445 1431
f 1431 1465 1432
f 1430 1433 1434
f 1430 1434 1435
f 1430 1435 1436
f 1430 1436 1438
f 1430 1439 1437
f 1430 1438 1440
f 1430 1440 1439
f 1427 1475 1485
f 1386 1393 2539
f 1393 1394 2540
f 1394 1395 2541
f 1395 1396 2542
f 1396 1397 2543
f 1397 1398 2544
f 1403 1412 2301
f 1399 2536 1411
f 1418 1444 1443
f 1419 1442 1461
f 1421 1461 1462
f 1420 1464 1444
f 1423 1463 1464
f 1422 1462 1466
f 1425 1466 1468
f 1424 1468 1467
f 1424 1467 1463
f 1432 1469 1433
f 1433 1470 1434
f 1431 1445 1465
f 1434 1471 1435
f 1441 1443 1445
f 1443 1444 1465
f 1443 1465 1445
f 1432 1465 1469
f 1435 1474 1436
f 1437 1439 1475
f 1436 1476 1438
f 1438 1477 1440
f 1439 1440 1478
f 1433 1469 1470
f 1434 1470 1471
f 1411 2312 1412
f 1428 2226 1453
f 1429 1453 1456
f 1429 1456 1446
f 1446 1447 1449
f 1447 1448 1473
f 1448 1450 1479
f 1447 1473 1449
f 1450 1451 1480
f 1448 1479 1473
f 1451 1452 1481
f 1450 1480 1479
f 1446 1456 1447
f 1447 1456 1448
f 1448 1456 1450
f 1450 1456 1451
f 1451 1456 1452
f 1428 1953 2226
f 1453 2226 1456
f 1451 1481 1480
f 1452 1454 1483
f 1454 1455 1484
f 1452 1482 1481
f 1452 1483 1482
f 1455 1457 1459
f 1452 1456 1454
f 1454 1456 1455
f 1455 1456 1457
f 1456 1458 1457
f 1456 2226 2227
f 1456 2227 1458
f 1457 1458 1460
f 1454 1484 1483
f 1457 1460 1459
f 1455 1459 1484
f 1458 2227 1460
f 1444 1464 1469
f 1444 1469 1465
f 1463 1470 1464
f 1442 1449 1461
f 1461 1473 1462
f 1462 1479 1466
f 1463 1467 1471
f 1464 1470 1469
f 1463 1471 1470
f 1435 1471 1472
f 1435 1472 1474
f 1436 1474 1476
f 1438 1476 1477
f 1439 1478 1475
f 1440 1477 1478
f 1449 1473 1461
f 1466 1480 1468
f 1462 1473 1479
f 1467 1468 1481
f 1467 1472 1471
f 1466 1479 1480
f 1467 1482 1472
f 1468 1480 1481
f 1475 2231 1485
f 1467 1481 1482
f 1472 2234 1474
f 1475 1478 2231
f 1477 2229 1478
f 1474 2233 1476
f 1476 2232 1477
f 1472 1482 2234
f 1478 2229 2231
f 1477 2230 2229
f 1477 2232 2230
f 1476 2233 2232
f 1474 2234 2233
f 1485 2231 2284
f 1485 2284 1954
f 1331 1500 1486
f 1321 1493 1490
f 1332 1487 1497
f 1486 1489 1487
f 1331 1490 1500
f 1332 1497 1496
f 1323 1504 1495
f 1323 1506 1504
f 1323 1510 1506
f 1486 1488 1489
f 1487 1489 1501
f 1487 1491 1497
f 1487 1501 1491
f 1486 1502 1488
f 1486 1500 1502
f 1490 1497 1491
f 1323 2333 1510
f 1492 1496 1493
f 1493 1496 1497
f 1492 1494 1498
f 1492 1498 1496
f 1490 1493 1497
f 1494 1495 1499
f 1494 1499 1498
f 1359 1499 1505
f 1359 1505 1507
f 1359 1507 1511
f 1359 1511 2334
f 1323 1324 2577
f 1324 1325 2578
f 1326 1327 2580
f 1326 2580 1330
f 1325 1328 2581
f 1329 1330 2583
f 1328 1329 2582
f 1490 1491 1500
f 1491 1501 1500
f 1500 1501 1502
f 1489 1503 1501
f 1488 2328 1489
f 1488 1502 1508
f 1501 1503 1502
f 1502 1503 1508
f 1489 1509 1503
f 1495 1505 1499
f 1495 1504 1505
f 1504 1507 1505
f 1504 1506 1507
f 1506 1511 1507
f 1488 1508 2327
f 1488 2327 2328
f 1489 2328 1509
f 1503 1509 1508
f 1508 1509 2329
f 1508 2329 2327
f 1509 2330 2329
f 1509 2328 2330
f 1506 1510 1511
f 1510 2334 1511
f 1510 2333 2334
f 1333 1334 2594
f 1334 1335 2595
f 1335 1336 2596
f 1336 1337 2597
f 1338 2598 1348
f 1337 1339 2599
f 1339 1340 2600
f 1341 2601 1342
f 1340 1342 2602
f 1341 1343 2601
f 1107 2605 1345
f 1343 1344 2604
f 1345 2605 1347
f 1346 1347 2607
f 1344 1346 2606
f 1348 1520 1517
f 1349 1526 1543
f 1349 1543 1532
f 1349 1532 1533
f 1348 1534 1520
f 1348 1536 1534
f 1348 1538 1536
f 1350 1512 1513
f 1512 1514 1513
f 1357 1515 1516
f 1515 1518 1516
f 1348 1541 1538
f 1348 2359 1541
f 1349 1533 1540
f 1349 1540 2357
f 1512 1517 1514
f 1514 1517 1524
f 1516 1518 1519
f 1516 1519 1531
f 1518 1528 1519
f 1517 1523 1524
f 1517 1522 1523
f 1517 1520 1521
f 1517 1521 1522
f 1522 1535 1523
f 1520 1526 1521
f 1521 1525 1522
f 1521 1526 1525
f 1522 1525 1527
f 1514 1524 1525
f 1514 1525 1526
f 1524 1527 1525
f 1524 1544 1527
f 1523 1546 1524
f 1524 1545 1544
f 1524 1546 1545
f 1518 1762 1528
f 1519 1528 1529
f 1516 1531 1551
f 1519 1529 1530
f 1518 1764 1762
f 1519 1530 1531
f 1528 1762 1763
f 1528 1549 1529
f 1529 1550 1530
f 1528 1763 1765
f 1528 1765 1556
f 1530 1763 1762
f 1531 1762 1764
f 1530 1762 1531
f 1531 1764 1551
f 1532 1543 1534
f 1532 1536 1533
f 1520 1534 1543
f 1523 1535 1537
f 1532 1534 1536
f 1523 1537 1539
f 1522 1527 1535
f 1520 1543 1526
f 1527 1544 1535
f 1535 1544 1537
f 1537 1544 1545
f 1533 1536 1538
f 1537 1545 1539
f 1539 1545 1547
f 1523 2361 1546
f 1523 1539 2361
f 1533 1538 1540
f 1541 2359 2357
f 1540 1541 2357
f 1538 1541 1540
f 1539 1542 2361
f 1539 1547 1542
f 1542 1547 1548
f 1542 2360 2361
f 1542 1548 2360
f 1548 2372 2360
f 1545 1546 1547
f 1546 1548 1547
f 1546 2372 1548
f 1546 2361 2376
f 1546 2376 2372
f 1529 1552 1550
f 1529 1554 1552
f 1550 1552 1765
f 1530 1550 1763
f 1528 1556 1549
f 1550 1765 1763
f 1551 1764 1766
f 1552 1556 1765
f 1551 1766 1553
f 1553 1767 1555
f 1553 1766 1767
f 1529 1558 1554
f 1552 1554 1556
f 1529 1549 2379
f 1529 2379 1558
f 1554 1557 1556
f 1549 1556 1557
f 1555 1767 1768
f 1555 1768 1559
f 1554 1558 1557
f 1549 1557 1560
f 1557 1558 1560
f 1549 1560 2382
f 1559 1768 1769
f 1559 1769 1562
f 1558 2379 1561
f 1558 1561 1560
f 1560 1561 2382
f 1562 1769 2653
f 1562 2653 2381
f 1359 1611 1563
f 1359 1612 1611
f 1359 1617 1612
f 1338 1582 1625
f 1338 1625 1616
f 1338 1616 1619
f 1359 2415 1617
f 1338 1619 2418
f 1564 1570 1571
f 1564 1566 1570
f 1566 1567 1572
f 1563 1565 1571
f 1564 1571 1565
f 1564 1567 1566
f 1564 1568 1567
f 1564 1565 1568
f 1362 1573 1620
f 1372 1621 1569
f 1569 1588 1585
f 1372 1620 1621
f 1569 1574 1588
f 1566 1572 1570
f 1567 1573 1572
f 1567 1568 1573
f 1569 1623 1574
f 1551 1553 1699
f 1553 1555 1699
f 1555 1559 1699
f 1575 1577 1626
f 1576 1579 1578
f 1576 1577 1579
f 1576 1580 1577
f 1577 1580 1581
f 1575 1579 1577
f 1575 1582 1578
f 1575 1578 1579
f 1580 1583 1581
f 1581 1583 1584
f 1559 1562 1699
f 1562 2381 1699
f 1370 1595 1596
f 1374 1596 1598
f 1374 1598 1586
f 1375 1602 1604
f 1586 1610 1587
f 1585 1588 1640
f 1585 1640 1597
f 1580 1600 1583
f 1580 1604 1600
f 1590 1595 1591
f 1589 1591 1594
f 1590 1592 1596
f 1592 1593 1598
f 1591 1595 1594
f 1590 1596 1595
f 1589 1594 1597
f 1592 1598 1596
f 1600 1604 1601
f 1599 1601 1604
f 1601 1608 1647
f 1586 1598 1641
f 1586 1641 1607
f 1587 1605 1602
f 1587 1606 1605
f 1586 1607 1610
f 1587 1610 1606
f 1599 1604 1602
f 1599 1602 1603
f 1602 1605 1603
f 1603 1605 1608
f 1599 1603 1601
f 1601 1603 1608
f 1605 1606 1608
f 1606 1609 1608
f 1611 1612 1615
f 1563 1613 1565
f 1563 1611 1613
f 1611 1615 1613
f 1565 1614 1568
f 1565 1613 1614
f 1613 1622 1614
f 1613 1615 1622
f 1612 1618 1615
f 1615 1624 1622
f 1612 1617 1618
f 1617 2415 2417
f 1615 1618 1624
f 1616 1634 1619
f 1617 2417 1618
f 1618 2417 2428
f 1619 2435 2418
f 1618 2428 1624
f 1568 1620 1573
f 1569 1621 1623
f 1568 1614 1620
f 1614 1621 1620
f 1614 1622 1621
f 1621 1622 1623
f 1622 1624 1623
f 1574 1623 2427
f 1574 2427 2429
f 1574 2429 2451
f 1623 1624 2427
f 1624 2428 2427
f 1575 1626 1582
f 1577 1627 1626
f 1582 1626 1625
f 1577 1630 1627
f 1625 1626 1627
f 1616 1625 1627
f 1583 1628 1584
f 1584 1628 1629
f 1628 1631 1629
f 1577 1634 1630
f 1616 1627 1630
f 1616 1630 1634
f 1577 2435 1634
f 1628 1633 1631
f 1631 1633 1632
f 1632 1633 1636
f 1577 2438 2435
f 1577 1581 2506
f 1633 1635 1636
f 1581 1584 2506
f 1635 1637 1636
f 1619 1634 2435
f 1577 2441 2438
f 1584 1629 2506
f 1635 2436 1637
f 1629 1631 2506
f 1631 1632 2506
f 1637 2436 2437
f 1583 1646 1628
f 1583 1600 1646
f 1588 1644 1640
f 1628 1646 1649
f 1574 2451 1588
f 1588 1659 1644
f 1628 1649 1633
f 1633 1649 1661
f 1589 1597 1638
f 1597 1640 1638
f 1638 1640 1642
f 1593 1641 1598
f 1593 1639 1641
f 1639 1645 1641
f 1640 1644 1642
f 1642 1644 1657
f 1639 1643 1645
f 1643 1660 1645
f 1600 1601 1647
f 1608 1648 1647
f 1600 1647 1646
f 1646 1647 1648
f 1608 1650 1648
f 1646 1648 1649
f 1608 1651 1650
f 1608 1662 1651
f 1648 1650 1649
f 1649 1650 1651
f 1649 1651 1661
f 1607 1641 1645
f 1606 1652 1609
f 1609 1652 1653
f 1606 1610 1652
f 1652 1654 1653
f 1610 1656 1652
f 1607 1645 1660
f 1652 1656 1654
f 1610 1664 1656
f 1654 1656 1655
f 1655 1656 1664
f 1607 2468 1610
f 1588 2451 1659
f 1633 1661 1635
f 1659 2451 2454
f 1635 2460 2436
f 1635 1661 2460
f 1589 2512 1591
f 1644 1659 1657
f 1589 1638 2476
f 1638 1642 2472
f 1590 1591 2514
f 1590 2516 1592
f 1592 2515 1593
f 1593 2513 1639
f 1643 1658 1660
f 1642 1657 2456
f 1657 1659 2452
f 1659 2454 2452
f 1639 2477 1643
f 1643 2473 1658
f 1658 2455 1660
f 1658 2453 2455
f 1608 2461 1662
f 1651 1662 1661
f 1608 2463 2461
f 1661 1662 2461
f 1608 2464 2463
f 1661 2461 2460
f 1608 2481 2464
f 1607 1660 2465
f 1655 1664 1663
f 1608 1609 2529
f 1610 2468 1664
f 1607 2465 2468
f 1660 2455 2465
f 1609 1653 2529
f 1663 1664 1665
f 1653 1654 2529
f 1654 1655 2529
f 1664 2466 1665
f 1664 2468 2466
f 1665 2466 2467
f 462 1068 1666
f 1068 1069 1666
f 1069 1094 1666
f 1094 1095 1669
f 1094 1668 1666
f 1094 1669 1668
f 1666 1672 1673
f 1666 1668 1667
f 1666 1667 1670
f 1666 1670 1671
f 1666 1671 1672
f 1095 1106 1669
f 1106 1107 1669
f 1107 1688 1669
f 1666 1673 4671
f 1674 1686 1696
f 1674 1675 1686
f 1675 1676 1685
f 1676 1677 1684
f 1677 1678 1681
f 1686 4675 1696
f 1675 1685 1686
f 1676 1684 1685
f 1677 1681 1684
f 1678 1682 1681
f 1678 1679 1682
f 1679 1680 1682
f 1680 1683 1682
f 1680 1687 1683
f 1667 1668 2633
f 1667 2632 1670
f 1668 1669 2634
f 1670 2635 1671
f 1671 2636 1672
f 1672 2637 1673
f 1669 1688 2634
f 1666 4686 2631
f 1696 4675 2807
f 1674 2639 1675
f 1675 2640 1676
f 1676 2641 1677
f 1677 2642 1678
f 1678 2643 1679
f 1679 2644 1680
f 1681 1682 2647
f 1682 1683 2648
f 1673 5148 4671
f 1684 2649 1685
f 1681 2646 1684
f 1685 2650 1686
f 1683 1687 2652
f 1107 1345 1688
f 1345 1347 1691
f 1345 1689 1688
f 1345 1690 1689
f 1345 1691 1690
f 1347 1692 1691
f 1347 1693 1692
f 1346 1694 1693
f 1346 1693 1347
f 1349 1695 1694
f 1349 1696 1695
f 1349 1674 1696
f 1697 1698 1754
f 1698 1700 1754
f 1697 1699 1698
f 1698 1777 1701
f 1698 1701 1700
f 1700 1716 1719
f 1700 1719 1721
f 1700 1701 1706
f 1700 1706 1705
f 1700 1705 1704
f 1700 1704 1703
f 1700 1703 1708
f 1700 1708 1707
f 1700 1707 1716
f 1701 1709 1706
f 1701 1702 1714
f 1701 1710 1709
f 1701 1711 1710
f 1701 1712 1711
f 1701 1714 1712
f 1702 1713 1714
f 1702 1715 1713
f 1702 1718 1715
f 1712 1714 1717
f 1702 1722 1718
f 1700 1721 1720
f 1700 1720 1725
f 1700 1725 1726
f 1700 1726 1727
f 1700 1727 1733
f 1701 1796 1702
f 1722 1737 1718
f 1712 1717 1791
f 1722 1723 1728
f 1702 1724 1722
f 1722 1724 1723
f 1724 1742 1723
f 1724 1741 1742
f 1698 1778 1776
f 1698 1776 1775
f 1698 1775 1777
f 1701 1777 1779
f 1700 1733 1735
f 1700 1735 1734
f 1700 1734 1729
f 1700 1729 1730
f 1700 1730 1732
f 1700 1732 1731
f 1700 1731 1785
f 1700 1785 1786
f 1700 1786 1787
f 1702 1796 1724
f 1736 1727 1726
f 1716 1790 1719
f 1722 1728 1740
f 1722 1740 1737
f 1791 1717 1739
f 1700 1787 1795
f 1700 1795 1794
f 1700 1794 1850
f 1701 1779 1799
f 1701 1799 1797
f 1701 1797 1796
f 1740 1728 1789
f 1801 1719 1790
f 1741 1743 1742
f 1741 1744 1743
f 1741 1745 1744
f 1724 1796 1741
f 1741 1746 1745
f 1741 1821 1746
f 1821 1822 1746
f 1680 1748 1687
f 1700 1761 1754
f 1687 1748 1747
f 1747 1748 1749
f 1747 1749 1751
f 1751 1752 1756
f 1747 1751 1755
f 1751 1756 1755
f 1752 1757 1756
f 1750 1754 1761
f 1750 1761 1753
f 1752 1753 1761
f 1752 1761 1757
f 1757 1761 1758
f 1758 1761 1759
f 1759 4703 1760
f 1759 1761 4703
f 1761 4707 4703
f 1761 4708 4707
f 1761 4709 4708
f 1761 4710 4709
f 1349 2609 1674
f 1688 1689 2800
f 1689 1690 2801
f 1690 1691 2802
f 1691 1692 2803
f 1692 1693 2804
f 1693 1694 2805
f 1694 1695 2806
f 1695 1696 2807
f 1518 1697 1764
f 1697 1766 1764
f 1697 1767 1766
f 1697 1768 1767
f 1697 1769 1768
f 1697 2653 1769
f 1700 2843 1761
f 1698 1832 1778
f 1698 1834 1832
f 1698 1840 1834
f 1698 1699 2809
f 1771 1774 1772
f 1771 1829 1774
f 1771 1775 1776
f 1770 1776 1778
f 1770 1771 1776
f 1771 1772 1775
f 1770 1778 1773
f 1772 1774 1777
f 1698 2668 1840
f 1772 1777 1775
f 1774 1779 1777
f 1781 1784 1783
f 1780 1781 1797
f 1781 1783 1796
f 1781 1843 1784
f 1780 1799 1782
f 1783 1784 1798
f 1700 1850 1852
f 1700 1852 1851
f 1700 1851 1873
f 1741 1796 1798
f 1816 1788 1738
f 1791 1739 1792
f 1816 1738 1815
f 1738 1814 1815
f 1700 1873 2690
f 1700 2690 2691
f 1781 1796 1797
f 1783 1798 1796
f 1780 1797 1799
f 1816 1813 1788
f 1793 1803 1818
f 1820 1802 1793
f 1820 1793 1818
f 1808 1809 1810
f 1812 1808 1810
f 1816 1817 1813
f 1820 1804 1802
f 1820 1819 1804
f 1863 1807 1806
f 1863 1805 1807
f 1820 1818 1859
f 1818 1860 1859
f 1863 1818 1805
f 1863 1806 1862
f 1861 1824 1872
f 1741 1798 1821
f 1821 1823 1822
f 1821 1824 1823
f 1821 1825 1824
f 1798 1800 1821
f 1800 1855 1821
f 1784 1800 1798
f 1821 1826 1825
f 1821 1855 1826
f 1861 1823 1824
f 1826 1827 1825
f 1773 1832 1828
f 1771 1831 1829
f 1773 1778 1832
f 1828 1832 1834
f 1774 1829 1779
f 1829 1831 1833
f 1828 1834 1830
f 1771 1837 1831
f 1771 1838 1837
f 1771 2663 1838
f 1830 1834 1840
f 1831 1837 1835
f 1779 1829 1833
f 1779 1833 1799
f 1831 1835 1833
f 1833 1835 1856
f 1782 1854 1842
f 1842 1856 1844
f 1830 1840 1836
f 1770 2741 1771
f 1771 2664 2663
f 1770 1773 2741
f 1771 2667 2664
f 1837 1838 1841
f 1836 1840 1839
f 1839 2668 2662
f 1773 1828 2741
f 1828 1830 2741
f 1771 2673 2667
f 1839 1840 2668
f 1838 2663 2669
f 1835 1837 1841
f 1835 1841 1874
f 1838 2669 1841
f 1841 2669 2692
f 1844 1874 1846
f 1846 1874 1849
f 1849 2692 2680
f 1781 1845 1843
f 1784 1843 1800
f 1843 1845 1855
f 1781 1847 1845
f 1781 1848 1847
f 1781 2681 1848
f 1780 2752 1781
f 1780 1782 2752
f 1781 2682 2681
f 1781 2685 2682
f 1782 1842 2752
f 1842 1844 2752
f 1781 2687 2685
f 1799 1833 1854
f 1833 1856 1854
f 1782 1799 1854
f 1842 1854 1856
f 1835 1874 1856
f 1844 1856 1874
f 1866 1858 1811
f 1877 1853 1858
f 1863 1860 1818
f 1863 1862 1864
f 1862 1867 1864
f 1869 1862 1861
f 1862 1868 1867
f 1869 1861 1872
f 1866 1811 1865
f 1866 1876 1858
f 1876 1877 1858
f 1869 1868 1862
f 1869 1872 1870
f 1869 1870 1871
f 1870 1878 1871
f 1879 1870 1883
f 1879 1883 1880
f 1841 2692 1874
f 1849 1874 2692
f 1870 1879 1878
f 1879 2703 1881
f 2703 1882 1881
f 2698 1882 2703
f 1879 1880 1888
f 1879 1888 2703
f 1800 1843 1855
f 1826 1855 1857
f 1845 1857 1855
f 1845 1847 1857
f 1826 1857 1875
f 1826 1885 1827
f 1883 1870 1884
f 1826 1886 1885
f 1886 1826 1887
f 1847 1875 1857
f 1847 1848 1875
f 1848 2731 1875
f 1848 2681 2731
f 1875 2731 2732
f 1826 1875 2732
f 1826 2732 1887
f 1888 1880 1886
f 1888 1886 1887
f 2732 2733 1887
f 1680 2645 1748
f 1697 1754 2875
f 1687 1747 2652
f 1748 2869 1749
f 1749 2870 1751
f 1751 2872 1752
f 1752 2873 1753
f 1750 1753 2874
f 1750 2871 1754
f 1747 1755 2876
f 1755 1756 2877
f 1756 1757 2878
f 1757 1758 2879
f 1758 1759 2880
f 1759 1760 2881
f 1761 2882 4710
f 1135 1898 1890
f 1135 1899 1898
f 1135 1925 1899
f 1135 1929 1925
f 1889 1890 1892
f 1890 1893 1892
f 1891 1892 1893
f 1891 1936 1906
f 1891 1893 1926
f 1890 1898 1893
f 1109 1902 1903
f 1135 1903 1928
f 1135 1928 1930
f 1894 1896 1897
f 1894 1897 1895
f 1895 1897 1904
f 1891 1926 1936
f 1893 1898 1900
f 1898 1899 1900
f 1893 1900 1926
f 1899 1901 1900
f 1899 1925 1901
f 1901 1925 1927
f 1900 1901 1926
f 1135 1931 1929
f 1135 1930 1931
f 1895 1904 1902
f 1902 1904 1905
f 1902 1905 1903
f 1903 1932 1928
f 1903 1905 1932
f 1896 1912 1897
f 1896 1911 1912
f 1897 1912 1918
f 1156 1909 1908
f 1156 1983 1909
f 1909 1983 1910
f 1909 1910 1915
f 1908 1909 1911
f 1909 1912 1911
f 1913 1983 1984
f 1910 1983 1913
f 1909 1914 1912
f 1910 1913 1919
f 1897 1918 1904
f 1904 1918 1920
f 1904 1920 1905
f 1905 1920 1932
f 1920 1943 1932
f 1909 1916 1914
f 1909 1938 1916
f 1909 1915 1917
f 1909 1917 1939
f 1909 1940 1938
f 1909 1939 1941
f 1909 1942 1940
f 1909 1941 1942
f 1912 1914 1918
f 1914 1916 1918
f 1910 1919 1915
f 1915 1919 1921
f 1916 1920 1918
f 1916 1938 1920
f 1920 1938 1943
f 1915 1921 1917
f 1917 1944 1939
f 1917 1921 1944
f 1925 1929 1927
f 1926 2055 1936
f 1901 2053 1926
f 1901 1927 2053
f 1927 1933 2053
f 1927 1929 1933
f 1928 1934 1930
f 1928 1932 1934
f 1929 1931 1933
f 1930 1935 1931
f 1931 1935 1933
f 1930 1934 1935
f 1926 2053 2055
f 1933 1935 2054
f 1933 2054 2053
f 1938 1940 1943
f 1940 1945 1943
f 1939 1946 1941
f 1939 1944 1946
f 1940 1942 1945
f 1941 1947 1942
f 1942 1947 1945
f 1941 1946 1947
f 2074 1160 1922
f 2074 1922 1923
f 2074 1923 1924
f 2074 1924 1948
f 1011 2134 1951
f 1174 1952 1958
f 1951 1956 1952
f 1193 1964 1953
f 1237 1954 1976
f 1951 1955 1956
f 1193 1958 1964
f 1168 2082 2079
f 1169 2081 2080
f 1171 2080 2082
f 1952 1956 1958
f 1953 1957 2267
f 1180 2085 2081
f 1184 2089 2085
f 1189 2093 2089
f 1189 2094 2093
f 1190 2095 2094
f 1191 2538 2095
f 1953 1964 1957
f 1194 2079 2096
f 1195 2096 2097
f 1196 2097 2098
f 1197 2098 2099
f 1198 2099 2100
f 1199 2100 2101
f 1200 2101 2102
f 1201 2102 2103
f 1202 2103 2104
f 1209 1976 1970
f 1202 2104 2110
f 1214 2110 2115
f 1219 2115 2124
f 1230 2124 2126
f 1229 2126 2125
f 1054 1970 2176
f 1954 2287 1982
f 1954 1982 1976
f 1011 2175 2134
f 1951 2134 1955
f 1955 2077 1956
f 1957 2083 2288
f 1955 2075 2077
f 1956 2077 1958
f 1958 1959 1965
f 1958 1965 1964
f 1959 1966 1965
f 1958 2077 1959
f 1959 2077 1960
f 1959 1960 1966
f 1960 1961 1967
f 1960 1967 1966
f 1961 1962 1968
f 1961 1968 1967
f 1962 1963 1969
f 1963 2078 2084
f 1962 1969 1968
f 1963 2084 1969
f 1957 1964 2083
f 1964 1965 2083
f 1965 1966 2083
f 1970 1976 1971
f 1971 1976 1977
f 1971 1977 1972
f 1972 1977 1978
f 1972 1978 1973
f 1973 1978 1979
f 1973 1979 1974
f 1974 1979 1980
f 1975 1981 2105
f 1981 2127 2105
f 1974 1980 1975
f 1975 1980 1981
f 1976 2131 1977
f 1977 2131 1978
f 1053 2074 2175
f 1055 2176 2177
f 1056 2177 2178
f 1982 2324 2131
f 1057 2178 2179
f 1058 2179 2180
f 1059 2180 2181
f 1060 2181 2182
f 1976 1982 2131
f 1065 1985 2193
f 1066 2194 1984
f 1067 2195 1996
f 1985 1996 1988
f 1986 1987 1989
f 1986 1989 2000
f 1988 1999 1990
f 1987 1992 1989
f 1989 1992 2003
f 1987 1998 2010
f 1990 2001 1991
f 1987 2010 1992
f 1992 1993 2004
f 1991 2002 1994
f 1994 2005 2007
f 1995 2009 2013
f 1992 2010 1993
f 1993 1995 2006
f 1993 2010 1995
f 1988 1996 1999
f 1986 2000 1997
f 1997 2000 1998
f 1990 1999 2001
f 1989 2003 2000
f 1998 2000 2003
f 1991 2001 2002
f 1992 2004 2003
f 1998 2003 2014
f 1994 2002 2005
f 1995 2013 2006
f 2005 2011 2007
f 1993 2006 2004
f 2003 2004 2014
f 2004 2006 2014
f 1998 2014 2010
f 2007 2011 2008
f 2008 2012 2009
f 1995 2010 2009
f 2007 2008 2045
f 2008 2009 2045
f 2009 2010 2045
f 2010 2014 2045
f 2008 2011 2012
f 2009 2012 2013
f 2006 2013 2014
f 2012 2046 2013
f 2013 2046 2014
f 2015 2017 2019
f 2015 2019 2021
f 2015 2021 2037
f 2015 2037 2038
f 2021 2022 2037
f 2016 2029 2027
f 2016 2031 2029
f 2015 2038 2016
f 2016 2038 2031
f 2031 2038 2032
f 2017 2027 2019
f 2018 2020 2030
f 2019 2029 2021
f 2020 2023 2033
f 1068 2196 2018
f 2021 2031 2022
f 2023 2024 2034
f 2022 2032 2025
f 2022 2025 2037
f 2025 2035 2039
f 2026 2041 2044
f 2024 2026 2036
f 2019 2027 2029
f 2018 2030 2028
f 2021 2029 2031
f 2020 2033 2030
f 1069 2028 2197
f 2022 2031 2032
f 2023 2034 2033
f 2025 2032 2035
f 2035 2042 2039
f 2032 2038 2035
f 2026 2044 2036
f 2024 2036 2034
f 2037 2039 2049
f 2038 2050 2042
f 2037 2050 2038
f 2025 2039 2037
f 2039 2042 2040
f 2040 2043 2041
f 2039 2040 2049
f 2040 2041 2049
f 2035 2038 2042
f 2040 2042 2043
f 2041 2043 2044
f 2042 2050 2043
f 1985 1988 2193
f 1988 1990 2193
f 1065 2193 2194
f 1913 1984 2194
f 1996 2195 1999
f 1999 2195 2001
f 2007 2045 2047
f 2045 2046 2047
f 2014 2046 2045
f 1990 1991 2193
f 1991 1994 2193
f 1994 2007 2193
f 1913 2194 1919
f 2001 2195 2002
f 2002 2195 2005
f 1919 2194 1921
f 1921 2194 1944
f 2047 2048 2183
f 2005 2195 2011
f 2011 2195 2012
f 2046 2048 2047
f 2012 2195 2046
f 2048 2185 2183
f 1067 2198 2195
f 2037 2049 2050
f 2049 2052 2050
f 2018 2196 2020
f 2020 2196 2023
f 684 2196 1068
f 2028 2030 2197
f 2030 2033 2197
f 2049 2051 2052
f 2051 2187 2190
f 2051 2190 2052
f 2023 2196 2024
f 2024 2196 2026
f 2026 2196 2041
f 2041 2196 2049
f 2033 2034 2197
f 2034 2036 2197
f 2036 2044 2197
f 2043 2197 2044
f 2043 2050 2197
f 1080 2199 2198
f 1081 2200 2199
f 1082 2201 2200
f 1083 2202 2201
f 1085 2207 2203
f 1086 2205 2204
f 1089 2204 2207
f 1087 2206 2205
f 1084 2208 2202
f 1090 2209 2208
f 1092 2203 2210
f 1093 2210 2211
f 1091 2214 2209
f 1093 2211 2218
f 1094 2197 2212
f 1095 2212 2213
f 1096 2215 2214
f 1097 2216 2215
f 1099 2222 2217
f 1098 2217 2216
f 1101 2218 2219
f 1102 2219 2220
f 1103 2220 2221
f 1104 2213 2222
f 1105 2221 2223
f 1106 2223 2224
f 1107 2224 2225
f 1107 2225 2605
f 2053 2057 2055
f 1935 2061 2054
f 1932 2063 1934
f 1934 2063 1935
f 1932 1943 2063
f 2053 2054 2057
f 1935 2062 2061
f 1937 2056 2070
f 1943 1945 2063
f 1945 1947 2194
f 1944 2194 1946
f 1946 2194 1947
f 2074 1948 1949
f 2074 1949 1950
f 2074 1950 2059
f 2074 2059 2060
f 2054 2064 2057
f 2054 2061 2064
f 1935 2063 2062
f 2061 2067 2064
f 2061 2062 2067
f 2062 2068 2067
f 2062 2070 2068
f 2062 2063 2070
f 2063 2072 2070
f 2063 2074 2072
f 2068 2070 2056
f 2074 2071 2072
f 1945 2194 2063
f 2063 2194 2074
f 2074 2060 2058
f 2074 2058 2065
f 2074 2065 2066
f 2074 2066 2069
f 2074 2069 2073
f 2074 2073 2071
f 1955 2134 2075
f 2075 2134 2076
f 1960 2077 2128
f 2078 2079 2082
f 2078 2082 2080
f 2078 2080 2084
f 2078 2096 2079
f 2078 2097 2096
f 2078 2098 2097
f 1960 2128 1961
f 1961 2128 1962
f 2075 2128 2077
f 1962 2128 1963
f 1963 2135 2078
f 1966 2129 2083
f 2080 2081 2084
f 2081 2085 2084
f 2085 2088 2086
f 2085 2089 2088
f 2085 2086 2087
f 2085 2087 2106
f 1966 1967 2129
f 1967 1968 2129
f 2089 2093 2090
f 2090 2093 2091
f 2091 2093 2092
f 2092 2093 2117
f 2093 2538 2118
f 2093 2094 2095
f 2093 2095 2538
f 2083 2129 2547
f 1968 1969 2136
f 1969 2084 2136
f 2078 2105 2098
f 2098 2105 2099
f 2099 2105 2100
f 2100 2105 2101
f 2101 2105 2102
f 2102 2105 2103
f 2103 2105 2127
f 1970 1971 2176
f 2085 2106 2107
f 2085 2107 2108
f 2085 2108 2110
f 2108 2109 2110
f 2109 2111 2110
f 2103 2127 2104
f 2104 2127 2110
f 2110 2111 2112
f 2110 2112 2113
f 2110 2113 2114
f 2110 2114 2115
f 2093 2118 2117
f 2118 2540 2119
f 2119 2542 2120
f 2118 2538 2539
f 2118 2539 2540
f 2119 2540 2541
f 2119 2541 2542
f 2120 2542 2543
f 2115 2116 2124
f 2121 2122 2124
f 2120 2124 2122
f 2121 2124 2123
f 2116 2123 2124
f 2120 2544 2124
f 2120 2543 2544
f 2124 2544 2125
f 2124 2125 2126
f 1978 2130 1979
f 1979 2130 1980
f 1978 2131 2130
f 1980 2137 1981
f 1981 2137 2127
f 2075 2076 2128
f 1963 2128 2135
f 2084 2085 2139
f 1968 2136 2129
f 2086 2145 2087
f 2086 2088 2140
f 2088 2089 2141
f 2089 2090 2143
f 2090 2091 2144
f 2091 2092 2147
f 2078 2149 2105
f 1975 2105 2149
f 1971 1972 2176
f 1972 1973 2176
f 1973 1974 2176
f 1974 1975 2176
f 2110 2127 2150
f 2085 2110 2151
f 2106 2153 2107
f 2087 2152 2106
f 2107 2154 2108
f 2108 2156 2109
f 2109 2157 2111
f 2112 2164 2113
f 2111 2165 2112
f 2113 2158 2114
f 2114 2159 2115
f 2115 2161 2116
f 2116 2162 2123
f 2092 2117 2166
f 2117 2118 2167
f 2118 2119 2168
f 2119 2120 2170
f 2120 2122 2171
f 2121 2123 2173
f 2121 2174 2122
f 1980 2130 2137
f 2130 2131 2551
f 2076 2134 2132
f 2132 2134 2133
f 2076 2135 2128
f 2078 2135 2138
f 2076 2132 2135
f 2078 2138 2149
f 2129 2136 2552
f 2084 2139 2136
f 2085 2151 2139
f 2086 2140 2145
f 2087 2145 2146
f 2087 2146 2152
f 2089 2142 2141
f 2089 2143 2142
f 2088 2141 2140
f 2090 2144 2143
f 2091 2147 2144
f 2092 2148 2147
f 2092 2166 2148
f 1975 2149 2176
f 2127 2137 2150
f 2130 2555 2137
f 2106 2152 2153
f 2107 2153 2154
f 2108 2154 2155
f 2108 2155 2156
f 2109 2156 2157
f 2110 2150 2151
f 2112 2165 2163
f 2113 2164 2158
f 2112 2163 2164
f 2115 2159 2160
f 2115 2160 2161
f 2114 2158 2159
f 2116 2161 2162
f 2111 2157 2165
f 2117 2167 2166
f 2118 2168 2167
f 2119 2169 2168
f 2119 2170 2169
f 2120 2171 2170
f 2121 2172 2174
f 2123 2162 2173
f 2121 2173 2172
f 2122 2174 2171
f 2132 2138 2135
f 2132 2133 2138
f 2133 2149 2138
f 2136 2139 2558
f 2139 2140 2141
f 2139 2141 2142
f 2139 2145 2140
f 2139 2146 2145
f 2139 2152 2146
f 2139 2142 2558
f 2142 2143 2558
f 2143 2144 2559
f 2144 2147 2559
f 2147 2148 2559
f 2148 2166 2559
f 2133 2134 2149
f 2134 2176 2149
f 2137 2565 2150
f 2139 2151 2152
f 2151 2153 2152
f 2151 2154 2153
f 2151 2155 2154
f 2151 2156 2155
f 2151 2165 2157
f 2151 2157 2156
f 2150 2165 2151
f 2150 2163 2165
f 2150 2164 2163
f 2150 2159 2158
f 2150 2160 2159
f 2150 2158 2164
f 2150 2565 2160
f 2160 2565 2161
f 2166 2167 2559
f 2167 2168 2563
f 2168 2169 2563
f 2169 2170 2563
f 2170 2171 2563
f 2161 2564 2162
f 2162 2564 2173
f 2172 2173 2564
f 2172 2564 2174
f 2171 2174 2564
f 2074 2198 2175
f 2134 2175 2176
f 2175 2177 2176
f 2175 2178 2177
f 2175 2179 2178
f 2175 2180 2179
f 2175 2199 2180
f 2180 2205 2181
f 2181 2206 2182
f 2007 2047 2193
f 2183 2185 2184
f 2184 2185 2186
f 2046 2195 2048
f 2047 2183 2193
f 2183 2184 2193
f 2184 2189 2193
f 2048 2195 2185
f 2185 2195 2186
f 2186 2195 2192
f 2187 2188 2191
f 2184 2186 2189
f 2188 2189 2192
f 2187 2191 2190
f 2186 2192 2189
f 2188 2192 2191
f 2049 2196 2051
f 2050 2052 2197
f 2051 2196 2187
f 2187 2196 2188
f 2188 2196 2189
f 2052 2190 2197
f 2190 2191 2197
f 2191 2192 2197
f 2193 2195 2194
f 2193 2196 2195
f 2194 2195 2198
f 2074 2194 2198
f 2189 2196 2193
f 2192 2195 2197
f 2195 2196 2197
f 2175 2198 2199
f 2180 2199 2205
f 2199 2200 2205
f 2200 2201 2207
f 2201 2202 2203
f 2200 2204 2205
f 2200 2207 2204
f 2201 2203 2207
f 2181 2205 2206
f 2202 2208 2210
f 2208 2209 2211
f 2202 2210 2203
f 2208 2211 2210
f 2209 2214 2211
f 2211 2214 2218
f 2214 2215 2218
f 2215 2216 2219
f 2216 2217 2221
f 2215 2219 2218
f 2216 2220 2219
f 2216 2221 2220
f 2217 2223 2221
f 2217 2222 2223
f 2213 2224 2222
f 2222 2224 2223
f 1953 2267 2226
f 2226 2267 2227
f 1460 2227 2243
f 2227 2228 2243
f 2227 2267 2228
f 2243 2269 2244
f 2228 2270 2243
f 2244 2271 2245
f 2245 2272 2246
f 1482 1483 2246
f 1483 1484 2245
f 1459 2244 1484
f 1459 1460 2244
f 1482 2247 2234
f 2229 2239 2231
f 2229 2230 2240
f 2230 2232 2241
f 2232 2233 2242
f 2231 2239 2238
f 2229 2240 2239
f 1483 2245 2246
f 1484 2244 2245
f 1482 2246 2247
f 1460 2243 2244
f 2234 2256 2235
f 2233 2234 2251
f 2234 2235 2251
f 2230 2241 2240
f 2232 2242 2241
f 2235 2236 2252
f 2233 2251 2242
f 2238 2239 2240
f 2238 2240 2241
f 2238 2241 2242
f 2238 2242 2251
f 2231 2238 2284
f 2235 2257 2236
f 2234 2247 2256
f 2236 2258 2237
f 2247 2248 2256
f 2235 2256 2257
f 2236 2257 2258
f 2236 2237 2253
f 2237 2249 2264
f 2235 2252 2251
f 2236 2253 2252
f 2237 2261 2249
f 2249 2263 2250
f 2249 2250 2265
f 2237 2264 2253
f 2249 2265 2264
f 2238 2251 2252
f 2238 2252 2253
f 2238 2253 2264
f 2238 2264 2265
f 2238 2265 2266
f 2248 2254 2260
f 2254 2255 2262
f 2237 2258 2261
f 2249 2261 2263
f 2248 2260 2256
f 2250 2263 2281
f 2255 2259 2280
f 2255 2280 2262
f 2246 2273 2247
f 2247 2273 2248
f 2254 2262 2260
f 2250 2266 2265
f 2238 2286 2285
f 2238 2266 2286
f 1391 2301 2300
f 1399 2300 2536
f 1386 2539 2538
f 1412 2537 2301
f 2243 2270 2269
f 2228 2268 2270
f 2244 2269 2271
f 2245 2271 2272
f 2246 2272 2273
f 2248 2273 2274
f 2254 2274 2275
f 2255 2275 2276
f 2228 2267 2288
f 2259 2276 2277
f 2277 2278 2279
f 2269 2270 2278
f 2269 2278 2271
f 2268 2278 2270
f 2271 2278 2272
f 2272 2278 2273
f 2273 2278 2274
f 2274 2278 2275
f 2275 2278 2276
f 2276 2278 2277
f 1393 2540 2539
f 1394 2541 2540
f 1395 2542 2541
f 1396 2543 2542
f 1397 2544 2543
f 1398 2125 2544
f 1412 2313 2537
f 2259 2279 2282
f 2259 2282 2280
f 2279 2283 2282
f 2248 2274 2254
f 2254 2275 2255
f 2255 2276 2259
f 2259 2277 2279
f 2257 2289 2258
f 2256 2290 2257
f 2256 2260 2290
f 2258 2291 2261
f 2260 2262 2292
f 2262 2280 2293
f 2261 2295 2263
f 2263 2296 2281
f 2280 2282 2294
f 1412 2312 2313
f 1411 2545 2312
f 1411 2536 2545
f 2282 2283 2298
f 2257 2290 2289
f 2260 2292 2290
f 2258 2289 2291
f 2261 2291 2295
f 2262 2293 2292
f 2263 2295 2296
f 2280 2294 2293
f 2282 2298 2294
f 2283 2299 2298
f 2281 2296 2297
f 2266 2325 2286
f 2250 2550 2266
f 1954 2284 2287
f 2238 2285 2284
f 2284 2285 2287
f 2285 2286 2287
f 2286 2325 2287
f 1957 2288 2267
f 2228 2288 2534
f 2228 2534 2268
f 2289 2290 2297
f 2290 2292 2297
f 2292 2293 2297
f 2293 2294 2297
f 2294 2298 2297
f 2289 2297 2291
f 2291 2297 2295
f 2295 2297 2296
f 2297 2298 2299
f 2250 2281 2551
f 2266 2326 2325
f 2266 2550 2326
f 2268 2534 2535
f 2300 2301 2302
f 2301 2303 2302
f 2302 2303 2304
f 2301 2305 2303
f 2268 2549 2278
f 2279 2558 2283
f 2278 2554 2279
f 2083 2534 2288
f 2268 2535 2548
f 2300 2302 2536
f 2302 2304 2536
f 2303 2305 2304
f 2301 2309 2305
f 2301 2310 2309
f 2304 2305 2306
f 2305 2309 2306
f 2301 2311 2310
f 2301 2537 2311
f 2304 2306 2536
f 2306 2307 2536
f 2307 2308 2536
f 2306 2309 2307
f 2307 2309 2310
f 2307 2310 2308
f 2308 2311 2536
f 2308 2310 2311
f 2311 2537 2536
f 2281 2297 2556
f 2312 2316 2314
f 2312 2315 2313
f 2312 2314 2315
f 2314 2317 2315
f 2313 2315 2317
f 2250 2551 2550
f 2313 2546 2537
f 2283 2563 2299
f 2297 2299 2560
f 2312 2318 2316
f 2312 2319 2318
f 2312 2320 2319
f 2312 2545 2320
f 2314 2316 2317
f 2313 2317 2321
f 2313 2321 2322
f 2316 2321 2317
f 2316 2318 2321
f 2313 2322 2323
f 2313 2323 2546
f 2318 2322 2321
f 2318 2319 2322
f 2320 2545 2546
f 2320 2546 2323
f 2319 2323 2322
f 2319 2320 2323
f 1982 2287 2324
f 2287 2325 2324
f 2324 2325 2326
f 2324 2326 2550
f 2131 2324 2550
f 1327 2182 2579
f 2327 2329 2331
f 2329 2330 2331
f 2330 2332 2331
f 2328 2332 2330
f 2327 2346 2328
f 2327 2331 2345
f 2328 2346 2332
f 2331 2332 2337
f 2333 2336 2334
f 2333 2335 2336
f 2335 2342 2336
f 2327 2345 2346
f 2332 2338 2337
f 2331 2337 2345
f 2337 2338 2339
f 2332 2346 2338
f 2338 2340 2339
f 2339 2340 2347
f 2340 2348 2347
f 2338 2346 2340
f 2335 2341 2342
f 2341 2344 2342
f 2341 2343 2344
f 2343 2353 2344
f 2343 2349 2353
f 1323 2576 2333
f 1359 2334 2618
f 2337 2566 2345
f 2347 2348 2350
f 2337 2339 2566
f 2345 2567 2346
f 2340 2346 2567
f 2340 2567 2348
f 2348 2567 2354
f 2348 2354 2350
f 2349 2351 2355
f 2349 2355 2353
f 2350 2354 2352
f 2352 2354 2356
f 2351 2352 2356
f 2351 2356 2355
f 2333 2576 2335
f 2345 2566 2567
f 2339 2347 2568
f 2354 2569 2356
f 2339 2568 2566
f 2347 2350 2570
f 2354 2567 2569
f 2335 2576 2341
f 2341 2576 2343
f 2343 2576 2349
f 1325 2581 2578
f 1323 2577 2576
f 2334 2336 2618
f 1324 2578 2577
f 1327 2579 2580
f 1330 2580 2583
f 1328 2582 2581
f 1329 2583 2582
f 2336 2342 2618
f 2342 2344 2618
f 2344 2353 2618
f 1338 2418 2598
f 1348 2608 2359
f 2358 2359 2362
f 2357 2359 2358
f 1349 2357 2609
f 2358 2362 2364
f 2360 2363 2361
f 2360 2372 2363
f 2363 2372 2373
f 2361 2363 2367
f 2362 2366 2364
f 2363 2373 2367
f 2367 2373 2375
f 2364 2366 2365
f 2365 2368 2374
f 2370 2399 2374
f 2365 2366 2368
f 2367 2375 2369
f 2369 2375 2377
f 2361 2367 2398
f 2361 2398 2376
f 2368 2370 2374
f 2367 2369 2398
f 2369 2371 2398
f 2369 2377 2371
f 2371 2377 2378
f 2371 2378 2396
f 2370 2395 2399
f 2378 2401 2396
f 2372 2376 2373
f 2373 2376 2375
f 2375 2376 2377
f 2376 2402 2377
f 1561 2379 2380
f 1561 2380 2382
f 2379 2383 2380
f 1549 2386 2379
f 1549 2382 2386
f 2380 2385 2382
f 2381 2653 2654
f 2381 2654 2384
f 2380 2383 2385
f 2382 2385 2386
f 2383 2389 2385
f 2384 2654 2655
f 2384 2655 2388
f 2379 2403 2383
f 2383 2387 2389
f 2379 2386 2403
f 2385 2389 2386
f 2387 2390 2389
f 2386 2389 2390
f 2388 2655 2656
f 2388 2656 2392
f 2383 2403 2387
f 2387 2391 2390
f 2387 2403 2391
f 2391 2393 2657
f 2390 2391 2657
f 2393 2659 2657
f 2394 2658 2660
f 2392 2658 2394
f 2392 2656 2658
f 2394 2660 2405
f 2371 2396 2398
f 2395 2397 2400
f 2396 2401 2397
f 2395 2400 2399
f 2397 2401 2400
f 2395 2407 2397
f 2396 2397 2407
f 2396 2407 2398
f 2398 2407 2402
f 2377 2402 2378
f 2378 2402 2401
f 2376 2398 2402
f 2400 2401 2402
f 2399 2400 2408
f 2400 2402 2408
f 2386 2390 2406
f 2391 2403 2393
f 2393 2404 2659
f 2404 2661 2659
f 2405 2660 2661
f 2390 2657 2406
f 2404 2405 2661
f 2386 2406 2403
f 2393 2409 2404
f 2404 2409 2405
f 2406 2657 2659
f 2406 2659 2661
f 2406 2661 2413
f 2393 2403 2409
f 2413 2661 2660
f 2403 2406 2409
f 1333 2593 2206
f 1333 2594 2593
f 1334 2595 2594
f 1335 2596 2595
f 1336 2597 2596
f 1337 2599 2597
f 1339 2600 2599
f 1340 2602 2600
f 1342 2601 2602
f 1348 2598 2608
f 1343 2603 2601
f 1343 2604 2603
f 1344 2606 2604
f 1346 2607 2606
f 1347 2605 2607
f 2359 2608 2362
f 2362 2608 2366
f 2357 2358 2609
f 2358 2364 2609
f 2402 2407 2408
f 2407 2410 2408
f 2405 2409 2412
f 2406 2413 2409
f 2409 2413 2412
f 2364 2365 2609
f 2365 2374 2609
f 2374 2399 2609
f 2366 2608 2368
f 2368 2608 2370
f 2370 2608 2395
f 2395 2608 2407
f 2408 2410 2411
f 2399 2408 2609
f 2410 2584 2411
f 2412 2413 2414
f 2412 2414 2586
f 1359 2618 2415
f 2415 2416 2419
f 2415 2419 2417
f 2417 2419 2431
f 2418 2438 2420
f 2417 2431 2428
f 2416 2423 2419
f 2419 2433 2431
f 2416 2421 2423
f 2419 2423 2433
f 2421 2425 2423
f 2423 2426 2433
f 2421 2422 2425
f 2423 2425 2426
f 2422 2491 2425
f 2422 2490 2491
f 2425 2491 2493
f 2425 2493 2426
f 2427 2428 2430
f 2428 2431 2430
f 2430 2431 2432
f 2427 2430 2500
f 2427 2500 2429
f 2431 2433 2432
f 2432 2433 2434
f 2429 2500 2511
f 2426 2434 2433
f 2426 2499 2434
f 2430 2432 2610
f 2426 2493 2499
f 1577 2442 2441
f 2418 2435 2438
f 1577 2447 2442
f 1577 2501 2447
f 1632 1636 2506
f 2436 2439 2437
f 1636 1637 2506
f 2437 2439 2440
f 2420 2438 2441
f 1577 2506 2501
f 1637 2437 2506
f 2437 2440 2506
f 2439 2443 2440
f 1699 2381 2834
f 2420 2441 2424
f 2424 2441 2442
f 2424 2442 2446
f 2439 2445 2443
f 2443 2445 2444
f 2444 2445 2449
f 2440 2443 2506
f 2442 2447 2446
f 2446 2447 2501
f 2446 2501 2502
f 2445 2448 2449
f 2443 2444 2506
f 2444 2449 2506
f 2448 2450 2449
f 2448 2503 2450
f 2449 2450 2506
f 2450 2503 2504
f 2451 2458 2454
f 2436 2460 2439
f 2439 2460 2462
f 2429 2511 2451
f 2451 2511 2458
f 2439 2462 2445
f 1657 2452 2456
f 1642 2456 2472
f 2452 2454 2456
f 1638 2472 2476
f 2454 2458 2456
f 1658 2457 2453
f 1658 2473 2457
f 2453 2459 2455
f 2453 2457 2459
f 1589 2476 2512
f 1591 2512 2514
f 2456 2458 2472
f 1643 2477 2473
f 1639 2513 2477
f 1590 2514 2516
f 1592 2516 2515
f 1593 2515 2513
f 2457 2475 2459
f 1608 2482 2481
f 2460 2461 2463
f 1608 2484 2482
f 2460 2463 2462
f 1608 2523 2484
f 2462 2463 2464
f 2462 2464 2480
f 2455 2459 2465
f 1655 1663 2529
f 2466 2469 2467
f 2466 2468 2471
f 2466 2471 2469
f 1608 2524 2523
f 1608 2529 2524
f 2459 2530 2465
f 1663 1665 2529
f 2469 2471 2470
f 1665 2467 2529
f 2470 2471 2486
f 2465 2533 2468
f 2468 2533 2471
f 2458 2511 2474
f 2445 2480 2448
f 2445 2462 2480
f 2448 2483 2503
f 2474 2511 2478
f 2448 2480 2483
f 2483 2522 2503
f 2458 2474 2472
f 2472 2474 2476
f 2457 2473 2475
f 2473 2479 2475
f 2474 2478 2476
f 2476 2478 2512
f 2478 2517 2512
f 2477 2513 2518
f 2473 2477 2479
f 2477 2518 2479
f 2464 2481 2480
f 2480 2481 2482
f 2480 2482 2483
f 2482 2484 2483
f 2483 2484 2523
f 2483 2523 2522
f 2459 2475 2530
f 2467 2469 2529
f 2470 2486 2485
f 2469 2470 2529
f 2485 2486 2488
f 2470 2485 2529
f 2471 2533 2486
f 2465 2530 2533
f 2475 2479 2530
f 2486 2487 2488
f 2487 2489 2488
f 2486 2533 2487
f 2485 2488 2529
f 2487 2525 2489
f 2488 2489 2529
f 2489 2525 2531
f 2487 2533 2525
f 2415 2618 2416
f 2418 2420 2598
f 2490 2496 2492
f 2490 2492 2491
f 2493 2494 2497
f 2495 2496 2498
f 2492 2496 2495
f 2494 2495 2498
f 2491 2494 2493
f 2491 2492 2494
f 2492 2495 2494
f 2416 2618 2421
f 2421 2618 2422
f 2422 2618 2490
f 2420 2424 2598
f 2424 2446 2598
f 2446 2502 2598
f 2493 2497 2499
f 2494 2498 2497
f 2430 2610 2500
f 2432 2434 2611
f 2500 2612 2511
f 2500 2610 2612
f 2434 2499 2622
f 2432 2611 2610
f 2501 2506 2502
f 2502 2506 2505
f 2503 2507 2504
f 2504 2507 2510
f 2450 2504 2506
f 2504 2509 2506
f 2505 2506 2509
f 2505 2509 2508
f 2508 2509 2510
f 2507 2508 2510
f 2504 2510 2509
f 2381 2384 2834
f 2384 2388 2834
f 2388 2392 2834
f 2392 2394 2834
f 2394 2405 2834
f 2503 2522 2507
f 2507 2522 2526
f 2478 2511 2612
f 2478 2612 2517
f 2512 2517 2514
f 2514 2519 2516
f 2515 2516 2521
f 2513 2515 2520
f 2514 2517 2519
f 2513 2520 2518
f 2516 2519 2521
f 2515 2521 2520
f 2522 2523 2524
f 2522 2524 2526
f 2525 2527 2531
f 2526 2529 2528
f 2524 2529 2526
f 2528 2529 2532
f 2527 2528 2532
f 2489 2531 2529
f 2527 2532 2531
f 2529 2531 2532
f 2479 2518 2613
f 2479 2613 2530
f 2525 2614 2527
f 2527 2614 2528
f 2530 2614 2533
f 2525 2533 2614
f 2518 2520 2616
f 2520 2521 2625
f 2526 2528 2617
f 2530 2613 2614
f 2518 2616 2613
f 2083 2547 2534
f 2534 2547 2535
f 2536 2537 2546
f 2268 2548 2549
f 2535 2547 2548
f 2278 2549 2553
f 2536 2546 2545
f 2281 2555 2551
f 2281 2556 2555
f 2547 2552 2548
f 2278 2553 2554
f 2279 2554 2558
f 2129 2552 2547
f 2548 2552 2549
f 2283 2558 2559
f 2297 2560 2557
f 2297 2557 2556
f 2283 2559 2563
f 2299 2562 2560
f 2299 2561 2562
f 2130 2551 2555
f 2131 2550 2551
f 2549 2552 2553
f 2136 2554 2552
f 2552 2554 2553
f 2299 2563 2561
f 2137 2555 2556
f 2136 2558 2554
f 2143 2559 2558
f 2560 2562 2565
f 2137 2556 2565
f 2556 2557 2565
f 2557 2560 2565
f 2161 2565 2564
f 2167 2563 2559
f 2171 2564 2563
f 2561 2564 2562
f 2562 2564 2565
f 2561 2563 2564
f 2182 2598 2579
f 2566 2569 2567
f 2347 2570 2568
f 2356 2569 2571
f 2350 2352 2572
f 2349 2574 2351
f 2351 2574 2352
f 2353 2355 2575
f 2355 2356 2575
f 2566 2568 2569
f 2350 2572 2570
f 2356 2571 2573
f 2568 2571 2569
f 2568 2570 2571
f 2352 2574 2572
f 2356 2573 2575
f 2349 2576 2574
f 2570 2573 2571
f 2570 2572 2573
f 2572 2575 2573
f 2572 2574 2575
f 2574 2576 2575
f 2353 2575 2618
f 2575 2576 2577
f 2575 2577 2618
f 2579 2583 2580
f 2579 2618 2583
f 2582 2583 2618
f 2577 2578 2618
f 2578 2581 2618
f 2581 2582 2618
f 2407 2608 2410
f 2411 2584 2585
f 2408 2411 2609
f 2584 2588 2585
f 2586 2587 2589
f 2414 2587 2586
f 2405 2412 2834
f 2588 2591 2590
f 2585 2588 2590
f 2589 2592 2591
f 2587 2592 2589
f 2590 2591 2592
f 2413 2808 2414
f 2410 2608 2584
f 2584 2608 2588
f 2588 2608 2591
f 2411 2585 2609
f 2585 2590 2609
f 2590 2592 2609
f 2414 2808 2587
f 2412 2586 2834
f 2589 2591 2834
f 2587 2808 2592
f 2586 2589 2834
f 2182 2206 2593
f 2182 2593 2598
f 2593 2594 2598
f 2594 2595 2598
f 2595 2596 2598
f 2596 2597 2598
f 2597 2599 2598
f 2598 2599 2600
f 2598 2600 2602
f 2598 2602 2608
f 2601 2608 2602
f 2603 2604 2609
f 2604 2606 2609
f 2606 2805 2609
f 2591 2608 2834
f 2592 2808 2609
f 2601 2603 2608
f 2603 2609 2608
f 2608 2609 2808
f 2608 2808 2834
f 2490 2618 2496
f 2502 2505 2598
f 2505 2508 2598
f 2496 2623 2498
f 2497 2498 2623
f 2497 2623 2499
f 2434 2620 2611
f 2610 2615 2612
f 2434 2622 2620
f 2610 2611 2615
f 2499 2623 2622
f 2507 2629 2508
f 2507 2526 2629
f 2517 2628 2519
f 2519 2628 2521
f 2517 2612 2628
f 2528 2614 2617
f 2520 2625 2616
f 2526 2617 2626
f 2613 2617 2614
f 2612 2615 2628
f 2521 2627 2625
f 2613 2616 2617
f 2526 2626 2629
f 2496 2618 2623
f 2508 2629 2598
f 2579 2598 2618
f 2598 2619 2618
f 2618 2619 2623
f 2598 2629 2619
f 2611 2621 2615
f 2611 2620 2621
f 2620 2622 2624
f 2620 2624 2621
f 2619 2622 2623
f 2619 2624 2622
f 2615 2621 2628
f 2521 2628 2627
f 2616 2626 2617
f 2616 2625 2626
f 2619 2628 2624
f 2621 2624 2628
f 2619 2629 2628
f 2625 2630 2626
f 2625 2627 2630
f 2627 2628 2629
f 2627 2629 2630
f 2626 2630 2629
f 973 1666 2631
f 1667 2633 2632
f 1670 2632 2635
f 1668 2634 2633
f 1671 2635 2636
f 1672 2636 2637
f 1673 2637 2638
f 1688 2799 2634
f 1673 2638 5148
f 1675 2639 2640
f 1676 2640 2641
f 1677 2641 2642
f 1678 2642 2643
f 1679 2643 2644
f 1680 2644 2645
f 1681 2647 2646
f 1682 2648 2647
f 2807 4675 5152
f 1684 2646 2649
f 1685 2649 2650
f 1686 2650 2651
f 1683 2652 2648
f 973 2631 2196
f 2196 2631 2197
f 2197 2631 2212
f 2212 2634 2213
f 2212 2631 2633
f 2212 2633 2634
f 2631 2638 2637
f 2631 2632 2633
f 2631 2635 2632
f 2631 2636 2635
f 2631 2637 2636
f 2213 2634 2224
f 2224 2634 2225
f 2225 2634 2799
f 2631 5148 2638
f 2639 2807 2651
f 2639 2651 2640
f 2640 2650 2641
f 2641 2649 2642
f 2642 2646 2643
f 2651 2807 5152
f 2640 2651 2650
f 2641 2650 2649
f 2642 2649 2646
f 2643 2646 2647
f 2643 2647 2644
f 2644 2647 2645
f 2645 2647 2648
f 2645 2648 2652
f 1697 2808 2653
f 1698 2809 2668
f 1688 2800 2799
f 1689 2801 2800
f 1690 2802 2801
f 1691 2803 2802
f 1692 2804 2803
f 1693 2805 2804
f 1694 2806 2805
f 1695 2807 2806
f 2653 2808 2654
f 2654 2808 2655
f 2655 2808 2656
f 2656 2808 2658
f 2658 2808 2660
f 1674 2609 2639
f 1697 2875 2808
f 2662 2668 2665
f 1830 1836 2741
f 1771 2675 2673
f 1771 2739 2675
f 2665 2668 2670
f 2663 2664 2669
f 2664 2667 2671
f 2665 2670 2666
f 1836 1839 2741
f 1771 2741 2739
f 1839 2662 2741
f 2662 2665 2741
f 2666 2670 2676
f 2667 2673 2671
f 2664 2671 2669
f 2669 2671 2692
f 2671 2677 2693
f 2680 2692 2684
f 2683 2684 2693
f 2666 2676 2672
f 2665 2666 2741
f 2666 2672 2741
f 2672 2676 2678
f 2673 2675 2677
f 2672 2678 2674
f 2672 2674 2741
f 2674 2678 2743
f 2674 2743 2738
f 2675 2739 2679
f 2671 2673 2677
f 2677 2679 2714
f 2675 2679 2677
f 2679 2739 2744
f 2679 2744 2758
f 2683 2714 2686
f 2686 2716 2688
f 1844 1846 2752
f 1781 2689 2687
f 1781 2751 2689
f 1846 1849 2752
f 1849 2680 2752
f 2680 2684 2752
f 1781 2752 2751
f 2683 2752 2684
f 2683 2686 2752
f 2687 2689 2715
f 2686 2688 2752
f 2689 2751 2717
f 2688 2758 2748
f 1700 2691 2843
f 2671 2693 2692
f 2684 2692 2693
f 2683 2693 2714
f 2698 2703 2704
f 2698 2701 2699
f 2698 2704 2701
f 2701 2700 2699
f 2710 2700 2701
f 2705 2706 2696
f 2696 2706 2707
f 2705 2708 2706
f 2711 2710 2701
f 2711 2701 2702
f 2711 2724 2712
f 2724 2713 2712
f 2691 2694 2753
f 2677 2714 2693
f 2686 2714 2716
f 2679 2716 2714
f 2679 2758 2716
f 2688 2716 2758
f 2719 2720 2721
f 2757 2709 2718
f 2724 2723 2713
f 2723 2724 2726
f 2711 2702 2793
f 2711 2793 2724
f 2719 2757 2718
f 2723 2726 2795
f 2681 2682 2731
f 2682 2695 2731
f 2682 2685 2695
f 2695 2732 2731
f 2685 2687 2695
f 2732 2734 2733
f 2732 2735 2734
f 2695 2792 2732
f 2732 2736 2735
f 2687 2715 2695
f 2695 2715 2792
f 2689 2717 2715
f 2717 2751 2759
f 2715 2717 2792
f 2732 2792 2793
f 2732 2793 2736
f 2793 2702 2736
f 2793 2737 2724
f 2674 2738 2741
f 2738 2740 2742
f 2738 2742 2741
f 2738 2743 2745
f 2740 2745 2747
f 2738 2745 2740
f 2739 2741 2744
f 2740 2747 2742
f 2741 2742 2746
f 1699 2834 2809
f 2742 2747 2746
f 2741 2746 2744
f 2668 2809 2670
f 2670 2809 2676
f 2676 2809 2678
f 2678 2809 2743
f 2688 2748 2752
f 2748 2749 2750
f 2748 2750 2752
f 2748 2760 2749
f 2751 2752 2759
f 2749 2762 2750
f 2750 2761 2752
f 2748 2758 2760
f 2749 2760 2762
f 2750 2762 2761
f 2719 2721 2810
f 2721 2722 2810
f 2765 2764 2770
f 2767 2768 2766
f 2728 2782 2729
f 2782 2730 2729
f 2767 2780 2769
f 2782 2767 2766
f 2782 2766 2730
f 2771 2772 2773
f 2771 2765 2770
f 2777 2778 2779
f 2777 2779 2781
f 2767 2790 2780
f 2728 2783 2782
f 2828 2727 2725
f 2728 2727 2828
f 2723 2828 2725
f 2771 2789 2765
f 2771 2773 2791
f 2773 2774 2791
f 2771 2791 2789
f 2723 2795 2828
f 2728 2828 2783
f 2843 2691 2753
f 2761 2762 2831
f 2719 2843 2757
f 2815 2775 2776
f 2777 2815 2776
f 2767 2782 2822
f 2767 2822 2790
f 2828 2784 2783
f 2752 2761 2759
f 2717 2759 2827
f 2759 2761 2827
f 2792 2794 2793
f 2793 2794 2737
f 2792 2796 2794
f 2717 2827 2792
f 2792 2797 2796
f 2792 2798 2797
f 2761 2831 2827
f 2792 2827 2828
f 2792 2828 2798
f 2828 2795 2798
f 2828 2829 2784
f 1761 2843 2882
f 1748 2645 2869
f 1747 2868 2652
f 1749 2869 2870
f 1750 2874 2871
f 1751 2870 2872
f 1752 2872 2873
f 1753 2873 2874
f 1754 2871 2875
f 1747 2876 2868
f 1755 2877 2876
f 1756 2878 2877
f 1757 2879 2878
f 1758 2880 2879
f 1759 2881 2880
f 2882 5394 4710
f 2413 2660 2808
f 2225 2799 2605
f 2605 2802 2607
f 2605 2799 2800
f 2605 2800 2801
f 2605 2801 2802
f 2607 2802 2803
f 2607 2803 2804
f 2606 2804 2805
f 2606 2607 2804
f 2609 2805 2806
f 2609 2806 2807
f 2609 2807 2639
f 2808 2875 2809
f 2809 2875 2843
f 2743 2809 2745
f 2745 2809 2747
f 2746 2747 2809
f 2744 2746 2847
f 2843 2753 2754
f 2843 2754 2756
f 2843 2763 2757
f 2719 2810 2843
f 2843 2756 2755
f 2843 2755 2786
f 2843 2788 2763
f 2744 2847 2758
f 2758 2847 2760
f 2760 2847 2762
f 2777 2781 2862
f 2822 2821 2790
f 2777 2862 2815
f 2843 2786 2785
f 2843 2785 2787
f 2843 2787 2788
f 2843 2810 2811
f 2843 2811 2812
f 2843 2812 2814
f 2843 2814 2813
f 2819 2818 2820
f 2762 2846 2867
f 2822 2823 2821
f 2823 2825 2821
f 2823 2833 2825
f 2816 2817 2860
f 2833 2840 2825
f 2762 2867 2831
f 2827 2829 2828
f 2827 2831 2830
f 2827 2830 2829
f 2831 2832 2830
f 2831 2833 2832
f 2746 2809 2847
f 2808 2809 2834
f 2843 2813 2819
f 2843 2819 2820
f 2843 2820 2836
f 2843 2836 2835
f 2843 2835 2838
f 2762 2847 2846
f 2859 2824 2816
f 2862 2781 2866
f 2862 2839 2815
f 2840 2826 2825
f 2841 2840 2833
f 2859 2816 2860
f 2841 2867 2842
f 2841 2842 2840
f 2843 2838 2837
f 2843 2837 2845
f 2843 2845 2844
f 2843 2844 2849
f 2809 2843 2847
f 2843 2849 2848
f 2843 2848 2853
f 2843 2857 2847
f 2843 2853 2852
f 2843 2852 2855
f 2843 2855 2854
f 2843 2854 2856
f 2843 2856 2857
f 2847 2857 2858
f 2846 2847 2862
f 2859 2863 2824
f 2867 2850 2842
f 2867 2851 2850
f 2846 2859 2867
f 2859 2860 2867
f 2867 2860 2851
f 2862 2861 2839
f 2846 2863 2859
f 2847 2858 2861
f 2846 2862 2866
f 2846 2866 2865
f 2847 2861 2862
f 2846 2864 2863
f 2846 2865 2864
f 2841 2833 2831
f 2831 2867 2841
f 2645 2652 2869
f 2843 2875 2882
f 2652 2868 2869
f 2868 2870 2869
f 2868 2872 2870
f 2872 2877 2873
f 2868 2876 2872
f 2872 2876 2877
f 2873 2877 2878
f 2871 2882 2875
f 2871 2874 2882
f 2873 2882 2874
f 2873 2878 2882
f 2878 2879 2882
f 2879 2880 2882
f 2880 2881 5383
f 2880 5383 2882
f 2882 5383 5390
f 2882 5390 5391
f 2882 5391 5392
f 2882 5392 5394
f 235 237 2883
f 237 238 2883
f 238 239 2883
f 239 246 2883
f 246 2885 2883
f 246 2884 2885
f 2883 2885 2886
f 2883 2886 2887
f 2883 2887 2892
f 2883 2892 2891
f 2883 2891 2894
f 2883 2894 2890
f 2887 2888 2892
f 2888 2889 2893
f 2889 2897 2893
f 2888 2893 2892
f 2893 2897 2895
f 2895 2897 2896
f 2896 2897 3048
f 2883 2890 2906
f 2896 3048 3055
f 2898 2907 2905
f 2898 2912 2907
f 2898 2913 2912
f 2899 2904 2900
f 2900 2905 2907
f 2900 2904 2905
f 2899 2901 2906
f 2906 2901 2902
f 2906 2902 2903
f 2899 2906 2904
f 2906 2903 2908
f 2904 2906 2921
f 2906 2908 2909
f 2906 2909 2910
f 2899 2900 2955
f 2899 2939 2901
f 2940 2908 2903
f 2904 2973 2905
f 2906 2910 2916
f 2906 2916 2917
f 2906 2917 2918
f 2911 2921 2922
f 2904 2921 2985
f 2912 2913 2914
f 2913 2915 2914
f 2913 2934 2915
f 2912 2914 2938
f 2934 2932 2915
f 2898 2973 2913
f 2900 2907 2953
f 2899 2919 2920
f 2899 2920 2939
f 2899 2955 2919
f 2898 2905 2973
f 2910 2941 2916
f 2906 2918 2941
f 2907 2912 2953
f 2900 2952 2951
f 2900 2948 2955
f 2900 2951 2948
f 2953 2952 2900
f 2940 2962 2908
f 2906 2941 2967
f 2906 2965 2942
f 2904 2975 2973
f 2904 2977 2975
f 2962 2941 2910
f 2906 2967 2965
f 2904 2987 2977
f 2906 2942 2944
f 2906 2944 2943
f 2906 2943 2972
f 2906 2972 2978
f 2904 2985 2987
f 2921 2984 2985
f 2921 2986 2984
f 2921 2988 2986
f 2890 2921 2906
f 2890 2922 2921
f 2923 3087 3061
f 2923 2924 3087
f 2924 2925 3087
f 2926 3089 3090
f 2925 2926 3090
f 2926 2927 3089
f 2927 2928 3089
f 2928 2929 3091
f 2929 2930 3091
f 2930 2931 3091
f 2928 3091 3089
f 2931 3429 3091
f 235 2883 3867
f 2884 3868 2885
f 2885 3869 2886
f 2886 3870 2887
f 2887 3871 2888
f 2888 3872 2889
f 2889 3873 2897
f 2890 2894 3878
f 2891 3875 2894
f 2891 2892 3876
f 2892 2893 3877
f 2893 2895 3879
f 2895 2896 3880
f 2897 3912 3048
f 2890 3874 2922
f 2896 3055 3919
f 2934 2933 2932
f 2934 2935 2933
f 2913 2974 2934
f 2933 2935 3000
f 2934 2937 2935
f 2934 3004 2937
f 2937 2936 2935
f 2934 2974 2976
f 2934 2976 3004
f 2974 2980 2976
f 2912 2938 2960
f 2912 2950 2953
f 2912 2958 2950
f 2960 2958 2912
f 2957 2956 2919
f 2955 2957 2919
f 2913 2973 2974
f 2944 2970 2943
f 2906 2978 3749
f 2938 2945 2947
f 2938 2947 2949
f 2967 2941 2962
f 2967 2940 2946
f 2967 2962 2940
f 2965 2966 2942
f 2933 3000 3002
f 2960 2938 2949
f 2953 2954 2952
f 2960 2949 2959
f 2960 2959 2961
f 2964 2946 2963
f 2967 2946 2964
f 2967 2968 2965
f 2965 2969 2966
f 2943 2971 2972
f 2973 2979 2974
f 2973 2975 2981
f 2975 2977 2982
f 2973 2981 2979
f 2975 2982 2981
f 2979 2981 2980
f 2974 2979 2980
f 2977 2983 2982
f 2980 2981 3016
f 2921 3023 2988
f 2921 3025 3023
f 2921 3034 3025
f 2921 3779 3034
f 2984 2990 2985
f 2985 2992 2987
f 2911 3901 2921
f 2984 2989 2990
f 2986 2991 2989
f 2985 2990 2992
f 2988 2993 2991
f 2984 2986 2989
f 2986 2988 2991
f 2989 2992 2990
f 2989 2991 2992
f 2991 3026 2992
f 2937 2994 2936
f 2937 2996 2994
f 2937 2998 2997
f 2937 2997 2996
f 2994 2996 2995
f 2937 3004 3006
f 2976 3016 3004
f 2937 3006 3014
f 3004 3018 3006
f 3006 3018 3020
f 2937 3739 2998
f 2937 3014 3740
f 2937 3740 3739
f 3739 2999 2998
f 3739 3745 2999
f 3006 3020 3014
f 3014 3741 3740
f 3014 3020 3770
f 3014 3770 3741
f 3002 3000 3001
f 3002 3001 3003
f 2977 3005 2983
f 3005 3007 3017
f 2977 3022 3005
f 3005 3022 3007
f 2978 3008 3009
f 2978 3009 3011
f 3007 3015 3019
f 3007 3024 3015
f 2906 3749 3830
f 3745 3010 2999
f 3011 3012 3013
f 3749 3011 3013
f 3749 2978 3011
f 3015 3756 3021
f 3015 3033 3756
f 2906 3830 3838
f 2976 2980 3016
f 2981 3018 3016
f 3004 3016 3018
f 2981 3020 3018
f 2981 3770 3020
f 2981 3772 3770
f 2981 2982 3844
f 2982 2983 3844
f 2981 3774 3772
f 2983 3017 3844
f 3017 3019 3844
f 2983 3005 3017
f 3007 3019 3017
f 2977 2987 3022
f 2987 3026 3022
f 3022 3027 3024
f 3007 3022 3024
f 3024 3030 3033
f 2987 2992 3026
f 3022 3026 3027
f 2988 3023 2993
f 2991 3027 3026
f 2993 3023 3028
f 2991 3029 3027
f 2991 3030 3029
f 3023 3031 3028
f 3024 3027 3029
f 3024 3029 3030
f 3023 3025 3031
f 2991 3035 3030
f 2991 3036 3035
f 3025 3032 3031
f 3025 3037 3032
f 3015 3021 3019
f 3021 3756 3771
f 3015 3024 3033
f 3033 3778 3756
f 3033 3036 3778
f 3030 3035 3033
f 3033 3035 3036
f 3025 3034 3037
f 2991 3782 3036
f 2991 3783 3782
f 2991 3785 3783
f 2991 2993 3856
f 3034 3038 3037
f 3036 3782 3778
f 3034 3779 3039
f 2991 3786 3785
f 2993 3028 3856
f 2991 3793 3786
f 3028 3031 3856
f 3031 3032 3856
f 3034 3039 3038
f 3039 3779 3784
f 2883 2906 3899
f 2922 3040 3249
f 2922 3043 3041
f 2922 3041 3040
f 2922 3045 3043
f 2922 3046 3045
f 2922 3047 3046
f 2922 3858 3047
f 2923 3903 2924
f 2924 3904 2925
f 2925 3905 2926
f 2926 3906 2927
f 2927 3907 2928
f 2928 3908 2929
f 2929 3909 2930
f 2930 3910 2931
f 3061 3087 4267
f 3048 3052 3055
f 3052 3053 3055
f 3053 3056 3055
f 3053 3057 3056
f 3053 3054 3057
f 3051 3058 3054
f 3050 3059 3051
f 3049 3060 3050
f 473 2923 3049
f 3054 3058 3057
f 3051 3059 3058
f 3050 3060 3059
f 3049 3061 3060
f 2923 3061 3049
f 477 3069 3062
f 2931 3066 3429
f 3066 3430 3429
f 3066 3441 3430
f 3063 3069 3064
f 3064 3069 3065
f 3065 3069 3068
f 3067 3068 3069
f 3062 3069 3063
f 3066 3067 3442
f 3067 3069 3442
f 3066 3442 3441
f 3069 3457 3442
f 3069 3458 3457
f 3069 4686 3458
f 3048 3912 3052
f 3049 3050 3914
f 3051 3054 3918
f 3050 3051 3915
f 477 3062 988
f 3052 3916 3053
f 3053 3917 3054
f 3055 3056 3920
f 3056 3057 3921
f 3057 3058 3922
f 3058 3059 3923
f 3059 3060 3924
f 3060 3061 3925
f 473 3903 2923
f 462 3933 3069
f 2931 3930 3066
f 3062 3063 3927
f 3063 3064 3928
f 3064 3065 3929
f 3066 3930 3067
f 3065 3068 3932
f 3067 3931 3068
f 3070 3074 3071
f 3070 3072 3073
f 3070 3071 3072
f 3073 3075 3074
f 3070 3073 3074
f 3071 3081 3072
f 3072 3076 3079
f 3072 3081 3076
f 3074 3075 3083
f 3075 3084 3083
f 3072 3164 3073
f 3072 3079 3085
f 3076 3081 3077
f 3076 3077 3078
f 3076 3078 3079
f 3078 3080 3079
f 3079 3080 3085
f 3080 3086 3085
f 3071 3098 3081
f 3077 3081 3082
f 3081 3098 3082
f 3082 3098 3117
f 3071 3177 3098
f 3077 3082 3190
f 3071 3074 3159
f 3083 3084 3149
f 3073 3164 3075
f 3072 3085 3151
f 3074 3083 3159
f 3075 3165 3084
f 3084 3150 3149
f 3083 3149 3157
f 3072 3151 3168
f 3072 3166 3164
f 3072 3168 3166
f 3071 3159 3178
f 3071 3178 3177
f 3077 3187 3078
f 3085 3086 3151
f 3078 3231 3080
f 3086 3185 3151
f 3080 3231 3086
f 3077 3189 3187
f 3077 3188 3189
f 3077 3190 3188
f 3098 3177 3180
f 3098 3180 3183
f 3082 3196 3190
f 2911 2922 3088
f 2922 3087 3088
f 3087 3093 3088
f 3088 3093 3095
f 2922 3104 3087
f 2911 3088 3106
f 2925 3090 3087
f 3087 3090 3092
f 3087 3092 3093
f 3088 3095 3094
f 3088 3094 3098
f 3094 3096 3098
f 3096 3097 3098
f 3097 3099 3098
f 3098 3099 3100
f 3098 3100 3101
f 3098 3101 3102
f 3098 3102 3103
f 3098 3103 3472
f 3103 3448 3472
f 2911 3107 3110
f 2922 3105 3104
f 2922 3109 3105
f 2911 3106 3107
f 2922 3245 3109
f 2911 3110 3246
f 3087 3104 3111
f 3087 3111 3112
f 3087 3112 3247
f 3088 3108 3106
f 3088 3113 3108
f 3088 3248 3113
f 2922 3249 3245
f 3104 3105 3107
f 3104 3106 3111
f 3104 3107 3106
f 3106 3108 3111
f 2911 3246 3253
f 3105 3109 3110
f 3105 3110 3107
f 3108 3113 3112
f 3087 3247 3251
f 3108 3112 3111
f 3088 3252 3248
f 3082 3115 3116
f 3082 3116 3119
f 3082 3119 3120
f 3082 3114 3115
f 3082 3117 3114
f 3114 3117 3118
f 3082 3120 3122
f 3120 3121 3122
f 3082 3122 3298
f 3121 3123 3122
f 3122 3123 3124
f 3123 3125 3124
f 3124 3125 3126
f 3125 3127 3126
f 3121 3302 3123
f 3122 3124 3295
f 3123 3299 3125
f 3126 3127 3128
f 3127 3129 3128
f 3124 3126 3295
f 3125 3301 3127
f 3128 3129 3293
f 3122 3295 3296
f 3122 3296 3298
f 3123 3300 3299
f 3123 3302 3300
f 3125 3299 3301
f 3126 3128 3295
f 3127 3304 3129
f 3129 3294 3293
f 3098 3472 3117
f 3132 3134 3133
f 3131 3483 3132
f 3132 3487 3134
f 3130 3493 3131
f 3130 3138 3517
f 3133 3134 3135
f 3134 3136 3135
f 3134 3511 3136
f 3135 3136 3137
f 3136 3141 3137
f 3136 3142 3141
f 3136 3518 3142
f 3138 3139 3140
f 3138 3140 3517
f 3139 3146 3140
f 3132 3133 3358
f 3142 3518 3143
f 3144 3147 3145
f 3144 3145 3319
f 3144 3319 3603
f 3140 3146 3147
f 3140 3144 3523
f 3133 3135 3358
f 3130 3131 3383
f 3131 3132 3383
f 3140 3147 3144
f 3138 3372 3139
f 3130 3385 3138
f 3135 3137 3358
f 3143 3524 3148
f 3137 3141 3361
f 3141 3142 3361
f 3139 3372 3146
f 3146 3378 3147
f 3142 3143 3387
f 3143 3148 3387
f 3148 3665 3352
f 3084 3167 3150
f 3149 3150 3152
f 3083 3157 3159
f 3075 3164 3165
f 3084 3165 3167
f 3149 3152 3160
f 3150 3155 3152
f 3149 3158 3157
f 3149 3160 3158
f 3150 3205 3155
f 3150 3167 3205
f 3153 3160 3154
f 3153 3156 3158
f 3156 3157 3158
f 3156 3161 3157
f 3157 3161 3159
f 3153 3162 3156
f 3156 3162 3161
f 3153 3158 3160
f 3159 3161 3162
f 3159 3162 3163
f 3153 3201 3162
f 3164 3169 3165
f 3164 3166 3171
f 3165 3170 3167
f 3166 3168 3173
f 3165 3169 3170
f 3167 3170 3172
f 3164 3171 3169
f 3166 3173 3171
f 3151 3206 3168
f 3151 3174 3206
f 3159 3163 3178
f 3163 3182 3178
f 2911 3253 3266
f 2911 3266 3270
f 2911 3270 3271
f 2911 3271 3275
f 2911 3275 4047
f 3175 3176 3178
f 3176 3177 3178
f 3176 3179 3177
f 3177 3179 3180
f 3175 3184 3176
f 3176 3184 3179
f 3175 3182 3181
f 3175 3178 3182
f 3179 3184 3180
f 3180 3184 3183
f 3175 3223 3184
f 3086 3233 3185
f 3078 3187 3231
f 3151 3185 3174
f 3174 3185 3186
f 3086 3231 3233
f 3185 3235 3186
f 3188 3191 3189
f 3187 3192 3193
f 3187 3189 3192
f 3098 3183 3224
f 3098 3224 3238
f 3098 3238 3242
f 3082 3240 3196
f 3082 3241 3240
f 3082 3244 3241
f 3191 3194 3192
f 3192 3194 3193
f 3193 3194 3195
f 3189 3191 3192
f 3188 3194 3191
f 3188 3190 3194
f 3190 3195 3194
f 3190 3196 3195
f 3098 3242 3990
f 3082 3994 3244
f 3152 3198 3160
f 3154 3160 3198
f 3154 3198 3197
f 3152 3199 3198
f 3197 3198 3199
f 3155 3205 3209
f 3152 3155 3934
f 3152 3213 3199
f 3197 3199 3200
f 3199 3213 3200
f 3155 3209 3217
f 3162 3201 3163
f 3163 3201 3202
f 3153 3203 3201
f 3201 3203 3202
f 3153 3215 3203
f 3202 3203 3204
f 3203 3215 3204
f 3167 3172 3205
f 3172 3207 3205
f 3205 3207 3209
f 3168 3208 3173
f 3168 3206 3208
f 3206 3212 3208
f 3207 3211 3209
f 3209 3211 3217
f 3206 3210 3212
f 3210 3220 3212
f 3163 3202 3182
f 3202 3204 3222
f 3174 3210 3206
f 3182 3202 3222
f 3204 3216 3225
f 3204 3225 3222
f 3174 3218 3210
f 3174 3186 3952
f 3152 3934 3213
f 3155 3937 3934
f 3200 3213 3214
f 3153 3154 4009
f 3155 3217 3937
f 3213 3936 3214
f 3154 3197 4009
f 3213 3934 3936
f 3214 3936 3935
f 3197 3200 4009
f 3217 3944 3937
f 3153 3940 3215
f 3204 3215 3216
f 3153 3942 3940
f 3215 3940 3216
f 3153 3957 3942
f 3216 3940 3941
f 3211 3219 3217
f 3169 4022 3170
f 3169 3171 4021
f 3170 4020 3172
f 3172 4019 3207
f 3210 3218 3220
f 3171 3173 4023
f 3173 3208 3968
f 3208 3212 3964
f 3217 3219 3944
f 3219 3946 3944
f 3207 3967 3211
f 3211 3963 3219
f 3218 3947 3220
f 3212 3220 3951
f 3218 3945 3947
f 3216 3229 3225
f 3174 3952 3218
f 3216 3941 3229
f 3229 3941 3970
f 3218 3952 3945
f 3181 3182 3222
f 3181 3222 3221
f 3221 3222 3225
f 3183 3184 3223
f 3183 3223 3224
f 3175 3227 3223
f 3223 3227 3224
f 3221 3225 3226
f 3225 3229 3226
f 3175 3230 3227
f 3224 3227 3238
f 3227 3230 3238
f 3226 3229 3228
f 3175 3181 4032
f 3175 3971 3230
f 3175 3974 3971
f 3228 3229 3970
f 3181 3221 4032
f 3228 3970 3969
f 3221 3226 4032
f 3230 3971 3242
f 3175 3977 3974
f 3193 3236 3231
f 3185 3233 3235
f 3187 3193 3231
f 3231 3236 3233
f 3232 3233 3236
f 3232 3235 3233
f 3186 3982 3952
f 3186 3984 3982
f 3186 3235 3984
f 3232 3234 3235
f 3234 3983 3984
f 3234 3984 3235
f 3193 3195 3236
f 3195 3237 3236
f 3232 3236 3237
f 3195 3196 3237
f 3196 3240 3237
f 3237 3240 3239
f 3232 3239 3234
f 3232 3237 3239
f 3239 3241 3243
f 3239 3240 3241
f 3230 3242 3238
f 3234 3239 3243
f 3234 3243 3983
f 3242 3971 3990
f 3243 3244 3991
f 3243 3991 3983
f 3241 3244 3243
f 3244 3994 3991
f 3109 3245 3246
f 3109 3246 3110
f 3245 3250 3246
f 3112 3113 3247
f 3113 3248 3247
f 3087 3251 3260
f 3247 3248 3251
f 3088 3265 3252
f 3088 3283 3265
f 3088 3285 3283
f 3088 3287 3285
f 3087 3260 3261
f 3087 3261 3280
f 3087 3280 3288
f 3087 3288 3289
f 3245 3249 3250
f 3249 3257 3250
f 3246 3250 3253
f 3251 3252 3258
f 3248 3252 3251
f 3087 3289 3292
f 3087 3292 4074
f 3088 3291 3287
f 3088 4071 3291
f 3090 4270 3092
f 3089 4269 3090
f 3089 3091 4271
f 3092 4272 3093
f 3091 3429 4271
f 3093 4275 3095
f 3094 4274 3096
f 3094 3095 4275
f 3096 4276 3097
f 3097 4277 3099
f 3088 3098 4278
f 3099 4279 3100
f 3100 4280 3101
f 3101 4281 3102
f 3102 4282 3103
f 3042 3256 3249
f 3250 3257 3255
f 3249 3256 3257
f 3040 3042 3249
f 3250 3254 3253
f 3250 3255 3254
f 3040 3253 3254
f 3040 3041 3253
f 3040 3254 3042
f 3042 3044 3256
f 3042 3254 3255
f 3255 3257 3267
f 3251 3258 3259
f 3251 3259 3260
f 3258 3277 3259
f 3252 3262 3258
f 3252 3264 3262
f 3252 3263 3264
f 3252 3265 3263
f 3259 3264 3260
f 3260 3263 3261
f 3260 3264 3263
f 3261 3263 3265
f 3262 3264 3282
f 3041 3266 3253
f 3043 3045 3270
f 3043 3270 3266
f 3042 3255 3044
f 3041 3043 3266
f 3044 3268 3256
f 3256 3268 3269
f 3044 3267 3268
f 3044 3255 3267
f 3257 3272 3267
f 3267 3272 3268
f 3257 3273 3272
f 3256 4053 3257
f 3045 3271 3270
f 3045 3046 3271
f 3268 3272 3269
f 3256 3269 4052
f 3269 3272 3273
f 3257 4053 3273
f 3046 3275 3271
f 3046 3047 3275
f 3269 3273 3274
f 3269 3274 4052
f 3256 4052 4053
f 3273 3276 3274
f 3273 4053 3276
f 3047 4047 3275
f 3047 3858 4047
f 3274 3276 4046
f 3274 4046 4052
f 3276 4048 4046
f 3276 4053 4048
f 3258 3278 3277
f 3258 3279 3278
f 3258 3262 4062
f 3258 4062 3279
f 3279 4062 3281
f 3281 4062 4063
f 3261 3265 3280
f 3259 3277 3282
f 3259 3282 3264
f 3277 3278 3284
f 3277 3284 3282
f 3262 3282 3284
f 3265 3283 3280
f 3262 3284 3286
f 3283 3285 3288
f 3262 3286 4069
f 3278 3286 3284
f 3278 3279 3286
f 3285 3287 3289
f 3280 3283 3288
f 3285 3289 3288
f 3262 4069 4062
f 3279 3290 3286
f 3279 3281 3290
f 3286 3290 4069
f 3287 3291 3292
f 3281 4070 3290
f 3281 4063 4070
f 3290 4070 4069
f 3287 3292 3289
f 3291 4074 3292
f 3291 4071 4074
f 3082 3298 3307
f 3082 3307 3309
f 3082 3309 3315
f 3115 4289 3116
f 3114 4288 3115
f 3116 4290 3119
f 3114 3118 4292
f 3117 4292 3118
f 3119 4293 3120
f 3120 4294 3121
f 3082 3315 4105
f 3121 3308 3302
f 3121 3310 3308
f 3121 3316 3310
f 3128 3293 3297
f 3127 3301 3304
f 3129 3312 3294
f 3128 3297 3295
f 3129 3304 3312
f 3293 3294 3305
f 3121 4106 3316
f 3295 3299 3296
f 3296 3299 3300
f 3295 3297 3301
f 3295 3301 3299
f 3296 3300 3298
f 3298 3300 3302
f 3297 3304 3301
f 3293 3303 3297
f 3293 3311 3303
f 3293 3305 3311
f 3294 3306 3305
f 3294 3312 3314
f 3297 3303 3304
f 3294 3314 3306
f 3298 3302 3307
f 3302 3308 3307
f 3307 3308 3309
f 3308 3310 3309
f 3309 3310 3315
f 3305 3313 3311
f 3303 3312 3304
f 3303 3311 3312
f 3311 3314 3312
f 3305 3317 3313
f 3311 3313 3314
f 3306 3314 3318
f 3313 3318 3314
f 3305 3306 4111
f 3310 3316 3315
f 3315 3316 4105
f 3316 4106 4105
f 3313 3317 3318
f 3305 4111 3317
f 3306 3318 4112
f 3306 4112 4111
f 3317 4111 4109
f 3317 4110 3318
f 3317 4109 4110
f 3318 4110 4112
f 3319 3320 3603
f 3117 3472 4598
f 3320 3371 3604
f 3145 3147 3378
f 3321 3322 3323
f 3322 3324 3323
f 3321 3325 3322
f 3322 3325 3326
f 3321 3323 3327
f 3321 3327 3325
f 3323 3324 3329
f 3322 3326 3324
f 3324 3326 3328
f 3323 3329 3337
f 3324 3328 3329
f 3328 3330 3329
f 3323 3337 3339
f 3329 3330 3337
f 3325 3327 3340
f 3325 3340 3326
f 3326 3340 3328
f 3328 3340 3330
f 3132 3358 3383
f 3323 3342 3327
f 3145 3378 3319
f 3146 3372 3378
f 3330 3338 3337
f 3337 3338 3339
f 3338 3340 3339
f 3330 3340 3338
f 3138 3385 3372
f 3130 3383 3385
f 3137 3361 3358
f 3327 3342 3346
f 3342 3344 3343
f 3342 3345 3344
f 3342 3343 3347
f 3342 3347 3346
f 3343 3348 3347
f 3343 3344 3348
f 3342 3350 3345
f 3344 3349 3348
f 3344 3345 3349
f 3346 3347 3348
f 3346 3348 3349
f 3346 3349 3351
f 3323 3356 3342
f 3342 3354 3350
f 3345 3351 3349
f 3345 3350 3351
f 3342 3356 3354
f 3350 3355 3351
f 3346 3351 3355
f 3346 3355 3357
f 3352 3665 3370
f 3142 3387 3361
f 3350 3354 3355
f 3354 3357 3355
f 3354 3356 3357
f 3352 3370 3353
f 3148 3352 3420
f 3319 3400 3320
f 3319 3378 3400
f 3358 3361 3359
f 3359 3361 3360
f 3360 3361 3362
f 3361 3363 3366
f 3361 3364 3362
f 3361 3365 3364
f 3361 3366 3367
f 3361 3367 3368
f 3361 3368 3365
f 3352 3353 3414
f 3353 3370 3369
f 3148 3420 3387
f 3353 3369 3414
f 3369 3370 3389
f 3370 3680 3389
f 3371 4135 4404
f 3320 3400 3371
f 3372 3373 3374
f 3372 3374 3375
f 3358 3359 3383
f 3359 3360 3384
f 3360 3362 3386
f 3361 3387 3363
f 3372 3375 3376
f 3372 3376 3377
f 3372 3379 3378
f 3372 3380 3381
f 3372 3381 3379
f 3372 3377 3382
f 3372 3382 3380
f 3372 3385 3373
f 3373 3390 3374
f 3362 3364 3391
f 3363 3392 3366
f 3366 3394 3367
f 3364 3365 3393
f 3365 3368 3398
f 3367 3399 3368
f 3359 3384 3383
f 3339 3340 4213
f 3374 3395 3375
f 3375 3396 3376
f 3376 3404 3377
f 3373 3385 3390
f 3360 3386 3384
f 3363 3387 3392
f 3362 3391 3386
f 3364 3393 3391
f 3366 3392 3394
f 3365 3397 3393
f 3367 3394 3399
f 3365 3398 3397
f 3368 3399 3398
f 3378 3379 3400
f 3377 3406 3382
f 3380 3403 3381
f 3379 3381 3401
f 3380 3382 3402
f 3374 3390 3395
f 3375 3395 3396
f 3376 3396 3404
f 3383 3384 3385
f 3384 3390 3385
f 3384 3386 3390
f 3323 3339 4224
f 3331 4306 3332
f 3332 4307 3333
f 3333 4308 3334
f 3334 4309 3335
f 3335 4310 3336
f 3336 4311 3341
f 3327 4314 3340
f 3352 3414 3420
f 3327 3346 4225
f 3369 3389 3388
f 3369 3388 3414
f 3323 4224 3356
f 3341 4312 3649
f 3346 3357 4225
f 3356 4224 3357
f 3388 3389 3428
f 3371 3400 4139
f 3377 3404 3405
f 3377 3405 3406
f 3379 3401 3400
f 3381 3403 3401
f 3382 3406 3402
f 3380 3402 3403
f 3386 3395 3390
f 3386 3391 3395
f 3391 3393 3396
f 3391 3396 3395
f 3393 3397 3404
f 3393 3404 3396
f 3387 3420 3392
f 3392 3407 3394
f 3394 3408 3399
f 3397 3405 3404
f 3398 3399 3409
f 3392 3420 3407
f 3397 3398 3410
f 3394 3407 3408
f 3397 3411 3405
f 3399 3408 3409
f 3398 3409 3410
f 3371 4139 4135
f 3400 3401 4139
f 3401 3403 4140
f 3402 3406 4143
f 3402 4142 3403
f 3397 3410 3411
f 3405 4144 3406
f 3401 4140 4139
f 3403 4141 4140
f 3403 4142 4141
f 3402 4143 4142
f 3406 4144 4143
f 3405 3411 4144
f 3414 3415 3420
f 3388 3425 3414
f 3414 3425 3415
f 3415 3425 3416
f 3416 3425 3417
f 3417 3425 3418
f 3418 3425 3419
f 3407 3415 3416
f 3407 3420 3415
f 3408 3416 3417
f 3407 3416 3408
f 3409 3417 3418
f 3408 3417 3409
f 3410 3418 3419
f 3388 3428 3425
f 3389 4178 3428
f 3419 3425 3421
f 3421 3425 3422
f 3422 3425 3423
f 3423 3425 3424
f 3409 3418 3410
f 3412 3419 3421
f 3410 3419 3411
f 3411 3419 3412
f 3413 3421 3422
f 3422 3423 3426
f 3412 3421 3413
f 3423 3424 3427
f 3413 3422 3426
f 3423 3427 3426
f 3424 3425 4177
f 3424 4177 3427
f 3425 4178 4177
f 3425 3428 4178
f 3389 4405 4178
f 3430 3441 3431
f 3431 3432 3433
f 3431 3441 3432
f 3433 3438 3434
f 3434 3439 3435
f 3435 3440 3436
f 3432 3437 3433
f 3433 3437 3438
f 3434 3438 3439
f 3435 3439 3440
f 3436 3440 3445
f 3436 3445 3443
f 3443 3446 3444
f 3444 3452 3451
f 3443 3445 3446
f 3444 3446 3452
f 3448 3449 3473
f 3447 3451 3453
f 3447 3454 3450
f 3449 3450 3455
f 3451 3452 3453
f 3447 3453 3454
f 3450 3454 3455
f 3449 3455 3474
f 3455 3456 3479
f 3457 3458 3459
f 3457 3459 3462
f 3458 3465 3461
f 3456 3460 3527
f 3456 3459 3460
f 3458 3461 3459
f 3459 3461 3460
f 3457 3462 3463
f 3457 3463 3464
f 3457 3464 3547
f 3458 3466 3465
f 3458 3467 3466
f 3458 3548 3467
f 3457 3547 3549
f 3458 3550 3548
f 3462 3465 3463
f 3462 3468 3470
f 3463 3466 3464
f 3463 3465 3466
f 3462 3470 3465
f 3464 3466 3467
f 3459 3468 3462
f 3459 3469 3468
f 3459 3551 3469
f 3461 3465 3470
f 3461 3470 3471
f 3461 3471 3552
f 3459 3553 3551
f 3468 3469 3471
f 3468 3471 3470
f 3461 3552 3586
f 3448 3473 3472
f 3449 3474 3473
f 3455 3479 3474
f 3474 3479 3475
f 3475 3479 3476
f 3476 3479 3477
f 3477 3479 3478
f 3478 3479 3520
f 3456 3527 3479
f 3131 3480 3483
f 3131 3482 3480
f 3131 3481 3482
f 3131 3492 3481
f 3131 3493 3492
f 3132 3483 3484
f 3132 3484 3485
f 3132 3485 3486
f 3132 3486 3487
f 3134 3487 3488
f 3130 3494 3493
f 3130 3504 3494
f 3490 3496 3504
f 3494 3504 3495
f 3495 3504 3496
f 3490 3504 3491
f 3489 3491 3504
f 3489 3504 3503
f 3497 3503 3498
f 3489 3503 3497
f 3498 3503 3499
f 3499 3503 3500
f 3500 3503 3501
f 3501 3503 3502
f 3502 3503 3515
f 3130 3517 3504
f 3478 3520 3505
f 3505 3520 3516
f 3134 3488 3506
f 3134 3506 3507
f 3134 3507 3510
f 3134 3510 3511
f 3136 3511 3512
f 3136 3512 3515
f 3502 3515 3508
f 3508 3515 3509
f 3509 3515 3514
f 3512 3513 3515
f 3513 3514 3515
f 3136 3515 3518
f 3516 3520 3521
f 3516 3521 3519
f 3519 3521 3522
f 3480 3614 3483
f 3481 3615 3482
f 3481 3492 3613
f 3480 3482 3615
f 3483 3616 3484
f 3484 3617 3485
f 3485 3617 3486
f 3486 3618 3487
f 3487 3619 3488
f 3489 3497 3625
f 3492 3493 3620
f 3495 3496 3622
f 3493 3494 3621
f 3494 3495 3621
f 3490 3491 3624
f 3490 3623 3496
f 3489 3624 3491
f 3503 3504 3626
f 3497 3498 3627
f 3498 3499 3628
f 3499 3500 3628
f 3500 3501 3629
f 3501 3502 3630
f 3140 3523 3517
f 3504 3517 3607
f 3478 3505 3633
f 3488 3652 3506
f 3506 3652 3507
f 3507 3653 3510
f 3510 3654 3511
f 3513 3656 3514
f 3511 3655 3512
f 3512 3655 3513
f 3502 3508 3657
f 3508 3509 3657
f 3509 3514 3658
f 3503 3659 3515
f 3515 3660 3518
f 3143 3518 3524
f 3505 3516 3672
f 3519 3522 3525
f 3516 3519 3672
f 3522 3526 3525
f 3520 3522 3521
f 3520 3526 3522
f 3144 3603 3523
f 3517 3523 3606
f 3480 3615 3614
f 3481 3613 3615
f 3483 3614 3616
f 3484 3616 3617
f 3486 3617 3618
f 3487 3618 3619
f 3488 3619 3652
f 3492 3620 3613
f 3493 3621 3620
f 3495 3622 3621
f 3496 3623 3622
f 3489 3625 3624
f 3490 3624 3623
f 3497 3627 3625
f 3498 3628 3627
f 3500 3629 3628
f 3502 3657 3630
f 3501 3630 3629
f 3503 3626 3659
f 3504 3607 3626
f 3478 3633 3634
f 3478 3634 3636
f 3478 3636 3637
f 3478 3637 3647
f 3505 3635 3633
f 3505 3672 3635
f 3507 3652 3653
f 3510 3653 3654
f 3511 3654 3655
f 3513 3655 3656
f 3514 3656 3658
f 3509 3658 3657
f 3518 3662 3524
f 3515 3659 3660
f 3519 3525 3673
f 3525 3526 3677
f 3517 3605 3607
f 3517 3606 3605
f 3523 3603 3609
f 3523 3608 3606
f 3523 3609 3608
f 3478 3647 3648
f 3518 3660 3661
f 3518 3661 3662
f 3148 3524 3665
f 3524 3662 3663
f 3524 3663 3664
f 3524 3664 3665
f 3519 3673 3672
f 3525 3674 3673
f 3526 3682 3677
f 3525 3675 3674
f 3525 3676 3675
f 3525 3677 3676
f 3520 3682 3526
f 3520 3683 3682
f 3527 3530 3528
f 3527 3528 3532
f 3527 3532 3535
f 3527 3535 3536
f 3527 3536 3543
f 3527 3543 3541
f 3460 3538 3527
f 3460 3689 3538
f 3527 3529 3530
f 3531 3533 3545
f 3527 3538 3529
f 3538 3531 3529
f 3538 3533 3531
f 3538 3534 3533
f 3538 3539 3534
f 3539 3537 3534
f 3539 3540 3537
f 3538 3702 3539
f 3540 3544 3537
f 3540 3546 3544
f 3527 3541 3542
f 3527 3542 3684
f 3527 3684 3685
f 3527 3685 3686
f 3460 3688 3687
f 3460 3690 3688
f 3460 3687 3689
f 3538 3689 3691
f 3531 3545 3699
f 3539 3702 3540
f 3546 3697 3544
f 3538 3691 3705
f 3538 3703 3702
f 3538 3705 3703
f 3540 3702 3546
f 3546 3701 3697
f 3429 3430 4499
f 3430 3431 4500
f 3432 4501 3437
f 3431 3433 4502
f 3433 3434 4503
f 3434 3435 4504
f 3435 3436 4505
f 3437 4506 3438
f 3438 4507 3439
f 3439 4508 3440
f 3436 3443 4505
f 3440 4509 3445
f 3432 3441 4510
f 3441 3442 4511
f 3443 3444 4513
f 3444 3451 4520
f 3445 4514 3446
f 3446 4515 3452
f 3103 4517 3448
f 3448 4517 3449
f 3447 3450 4519
f 3449 4518 3450
f 3447 4516 3451
f 3452 4521 3453
f 3453 4522 3454
f 3454 4523 3455
f 3455 4524 3456
f 3456 4525 3459
f 3442 3457 4536
f 3457 3549 3556
f 3457 3556 3555
f 3457 3555 3563
f 3457 3563 3565
f 3457 3565 3566
f 3458 3558 3550
f 3458 3571 3558
f 3458 3573 3571
f 3458 3574 3573
f 3464 3467 3547
f 3547 3548 3549
f 3467 3548 3547
f 3457 3566 3569
f 3457 3569 4334
f 3458 3577 3574
f 3458 4344 3577
f 3549 3550 3561
f 3548 3550 3549
f 3469 3551 3552
f 3459 3581 3553
f 3459 3582 3581
f 3459 3588 3582
f 3469 3552 3471
f 3551 3554 3552
f 3460 3715 3690
f 3460 3717 3715
f 3459 3591 3588
f 3459 3592 3591
f 3460 3723 3717
f 3461 3586 3596
f 3461 3596 3599
f 3461 3599 3600
f 3551 3553 3554
f 3553 3583 3554
f 3552 3554 3586
f 3459 3594 3592
f 3459 4366 3594
f 3460 4386 3723
f 3460 3461 4539
f 3461 3600 3602
f 3461 3602 4377
f 3549 3557 3556
f 3555 3556 3559
f 3556 3557 3560
f 3557 3561 3564
f 3550 3558 3559
f 3550 3559 3560
f 3555 3559 3558
f 3556 3560 3559
f 3560 3572 3562
f 3549 3561 3557
f 3550 3562 3561
f 3550 3560 3562
f 3563 3571 3565
f 3555 3558 3563
f 3561 3567 3564
f 3557 3564 3572
f 3564 3567 3575
f 3565 3573 3566
f 3567 3568 3576
f 3566 3574 3569
f 3568 3570 3578
f 3569 3577 4334
f 3570 4335 4345
f 3565 3571 3573
f 3558 3571 3563
f 3557 3572 3560
f 3562 3572 3575
f 3564 3575 3572
f 3566 3573 3574
f 3567 3576 3575
f 3569 3574 3577
f 3568 3578 3576
f 3577 4344 4334
f 3570 4345 3578
f 3561 3568 3567
f 3561 3562 4354
f 3561 4354 3568
f 3568 4354 3570
f 3570 4354 4335
f 3562 3575 3576
f 3562 3576 4355
f 3562 4355 4354
f 3576 3578 4355
f 3578 4345 4355
f 3553 3579 3583
f 3553 3580 3579
f 3553 3581 3580
f 3579 3580 3587
f 3580 3581 3585
f 3581 3582 3586
f 3554 3583 3584
f 3554 3584 3585
f 3554 3585 3586
f 3583 3595 3584
f 3580 3585 3584
f 3581 3586 3585
f 3579 3587 3589
f 3579 3589 3590
f 3587 3595 3589
f 3580 3584 3587
f 3582 3588 3596
f 3588 3591 3599
f 3589 3597 3590
f 3579 3590 4364
f 3591 3592 3600
f 3579 4364 4375
f 3590 3598 3593
f 3590 3593 4364
f 3592 3594 3602
f 3593 3601 4365
f 3593 4365 4364
f 3594 4366 4377
f 3579 4375 3583
f 3583 3597 3595
f 3589 3595 3597
f 3583 3598 3597
f 3582 3596 3586
f 3584 3595 3587
f 3588 3599 3596
f 3583 4375 3598
f 3590 3597 3598
f 3591 3600 3599
f 3593 3598 3601
f 3598 4375 3601
f 3592 3602 3600
f 3601 4375 4376
f 3601 4376 4365
f 3594 4377 3602
f 3603 3604 3632
f 3472 3473 4599
f 3473 3474 4600
f 3474 3475 4601
f 3320 3604 3603
f 3475 3476 4602
f 3476 3477 4603
f 3477 3478 4604
f 3479 4605 3520
f 3603 3631 3609
f 3603 3632 3631
f 3610 3611 3612
f 3331 3612 3611
f 3331 3332 3616
f 3331 3616 3612
f 3612 3613 3620
f 3612 3615 3613
f 3612 3616 3614
f 3612 3614 3615
f 3612 3620 3621
f 3332 3333 3616
f 3333 3334 3617
f 3334 3335 3617
f 3335 3336 3618
f 3336 3341 3618
f 3333 3617 3616
f 3335 3618 3617
f 3618 3651 3619
f 3621 3622 3626
f 3622 3623 3626
f 3623 3624 3626
f 3624 3625 3626
f 3607 3638 3626
f 3607 3639 3638
f 3625 3627 3626
f 3626 3627 3628
f 3626 3628 3659
f 3628 3629 3659
f 3629 3630 3659
f 3605 3606 3634
f 3605 3634 3633
f 3605 3633 3607
f 3607 3635 3639
f 3607 3633 3635
f 3606 3608 3636
f 3606 3636 3634
f 3608 3609 3637
f 3608 3637 3636
f 3609 3647 3637
f 3635 3640 3639
f 3635 3641 3640
f 3635 3642 3641
f 3635 3643 3642
f 3635 3644 3643
f 3635 3672 3644
f 3609 3631 3647
f 3631 3632 3648
f 3631 3648 3647
f 3341 3649 3651
f 3649 3650 3651
f 3341 3651 3618
f 3619 3651 3652
f 3651 3653 3652
f 3651 3654 3653
f 3651 3655 3654
f 3630 3657 3659
f 3657 3658 3659
f 3655 3659 3656
f 3656 3659 3658
f 3659 3669 3660
f 3660 3669 3670
f 3664 3666 3665
f 3665 3666 3667
f 3665 3667 3680
f 3644 3672 3645
f 3645 3672 3646
f 3646 3672 3671
f 3660 3670 3672
f 3668 3672 3670
f 3668 3671 3672
f 3660 3672 3661
f 3661 3673 3662
f 3661 3672 3673
f 3662 3673 3674
f 3662 3674 3663
f 3663 3674 3675
f 3663 3675 3664
f 3664 3675 3676
f 3664 3676 3666
f 3676 3677 3678
f 3677 3679 3678
f 3666 3676 3678
f 3666 3678 3667
f 3667 3678 3679
f 3677 3681 3679
f 3677 3682 3681
f 3478 3648 4417
f 3370 3665 3680
f 3681 3682 3683
f 3520 4407 3683
f 3604 4404 3632
f 3371 4404 3604
f 3610 4543 3611
f 3331 3611 4544
f 3610 3612 4545
f 3612 3621 4545
f 3621 3626 4554
f 3626 3638 4559
f 3632 4411 3648
f 3638 3639 4566
f 3639 3640 4567
f 3640 3641 4568
f 3641 3642 4569
f 3642 3643 4570
f 3643 3644 4571
f 3644 3645 4572
f 3645 3646 4573
f 3667 4405 3680
f 3649 4574 3650
f 3650 4575 3651
f 3651 4580 3655
f 3655 4584 3659
f 3659 4588 3669
f 3389 3680 4405
f 3679 3681 4406
f 3668 4587 3671
f 3669 4588 3670
f 3668 3670 4589
f 3646 3671 4590
f 3667 3679 4429
f 3681 3683 4406
f 3683 4407 4406
f 3527 3686 3713
f 3527 3713 3714
f 3479 3527 4657
f 3687 3688 3692
f 3687 3694 3689
f 3688 3693 3692
f 3687 3692 3694
f 3688 3690 3693
f 3690 3695 3693
f 3689 3696 3691
f 3689 3694 3696
f 3699 3545 3698
f 3546 3704 3701
f 3546 3702 3704
f 3701 3700 3697
f 3702 3703 3706
f 3702 3708 3704
f 3703 3707 3706
f 3702 3706 3708
f 3703 3705 3707
f 3705 3709 3707
f 3704 3708 3712
f 3701 3704 3710
f 3701 3710 3731
f 3701 3731 3711
f 3701 3711 3700
f 3704 3712 3710
f 3527 3714 4657
f 3690 3715 3695
f 3695 3715 3719
f 3715 3717 3719
f 3691 3720 3716
f 3691 3696 3720
f 3716 3720 3722
f 3717 3721 3719
f 3717 3723 3721
f 3716 3722 3718
f 3718 3722 3726
f 3693 3695 3721
f 3692 3693 3725
f 3695 3719 3721
f 3692 4387 3694
f 3693 3721 3725
f 3694 4387 3696
f 3692 3725 4387
f 3691 3716 3705
f 3705 3716 3727
f 3716 3728 3727
f 3716 3718 3728
f 3718 3735 3728
f 3721 3723 3725
f 3718 3726 3724
f 3723 4386 3725
f 3725 4386 4387
f 3724 3726 4442
f 3724 4442 4439
f 3696 4449 3720
f 3720 4449 3722
f 3722 4442 3726
f 3696 4387 4443
f 3696 4443 4449
f 3722 4444 4442
f 3718 3724 3735
f 3724 4439 4455
f 3724 4455 3735
f 3705 3727 3709
f 3709 3727 3729
f 3727 3728 3729
f 3728 3730 3729
f 3728 3735 3730
f 3706 3707 4463
f 3706 4463 3708
f 3707 3709 4463
f 3711 3731 3732
f 3710 3733 3731
f 3710 3712 3733
f 3731 3733 3734
f 3711 3732 3737
f 3731 3734 3732
f 3732 3734 3738
f 3711 4454 3700
f 3708 4463 3712
f 3712 4462 3733
f 3733 3738 3734
f 3730 3735 3736
f 3735 4455 3736
f 3736 4455 4457
f 3709 3729 4497
f 3729 3730 4497
f 3732 3738 3737
f 3711 3737 4460
f 3711 4460 4454
f 3737 4459 4460
f 3737 3738 4462
f 3737 4462 4459
f 3733 4462 3738
f 3712 4463 4462
f 3709 4470 4463
f 235 3867 949
f 2885 3868 3869
f 2886 3869 3870
f 2887 3870 3871
f 2888 3871 3872
f 2889 3872 3873
f 2897 3873 3881
f 2890 3878 3874
f 2891 3876 3875
f 2892 3877 3876
f 2893 3879 3877
f 2894 3875 3878
f 2895 3880 3879
f 2897 3881 3912
f 2896 3919 3880
f 2883 3899 3867
f 3739 3744 3745
f 3739 3740 3743
f 3739 3742 3744
f 3744 3742 3754
f 3740 3757 3801
f 3740 3741 3757
f 3741 3770 3772
f 3741 3772 3757
f 3757 3772 3774
f 3739 3743 3742
f 3740 3801 3743
f 3757 3765 3801
f 3757 3774 3765
f 3765 3767 3801
f 3765 3776 3767
f 3767 3843 3825
f 3745 3744 3746
f 3744 3747 3746
f 3749 3750 3751
f 3749 3751 3753
f 3751 3752 3753
f 3749 3753 3769
f 3753 3755 3769
f 3756 3758 3771
f 3756 3780 3758
f 3758 3766 3773
f 3760 3761 3759
f 3804 3761 3760
f 3820 3763 3764
f 3749 3769 3830
f 3766 3768 3775
f 3758 3789 3766
f 3768 3826 3777
f 3766 3791 3768
f 3768 3791 3826
f 2906 3838 3899
f 2981 3776 3774
f 2981 3843 3776
f 3019 3021 3844
f 2981 3844 3843
f 3021 3771 3844
f 3771 3773 3844
f 3765 3774 3776
f 3773 3775 3844
f 3767 3776 3843
f 3777 3826 3845
f 3775 3777 3844
f 3758 3773 3771
f 3756 3778 3780
f 3778 3783 3780
f 3758 3780 3789
f 3780 3786 3789
f 3778 3782 3783
f 3780 3783 3785
f 3779 3781 3787
f 2991 3794 3793
f 2991 3797 3794
f 3032 3037 3856
f 2991 3853 3797
f 3037 3038 3856
f 3779 3787 3784
f 3780 3785 3786
f 2991 3855 3853
f 3038 3039 3856
f 2991 3856 3855
f 3039 3784 3856
f 3781 3788 3787
f 3781 3795 3788
f 3766 3775 3773
f 3768 3777 3775
f 3766 3789 3791
f 3789 3794 3791
f 3791 3848 3826
f 3791 3853 3848
f 3786 3793 3789
f 3789 3793 3794
f 3781 3790 3795
f 3784 3787 3856
f 3787 3788 3856
f 3788 3795 3856
f 3790 3796 3795
f 3790 3798 3796
f 3791 3794 3797
f 3791 3797 3853
f 3799 3849 3854
f 3790 3792 3798
f 3792 3849 3799
f 3795 3796 3856
f 3796 3798 3856
f 3798 3799 3856
f 3792 3799 3798
f 3801 3800 3743
f 3801 3802 3800
f 3801 3803 3802
f 3803 3804 3760
f 3801 3804 3803
f 3767 3883 3801
f 3825 3844 3827
f 3767 3825 3883
f 3825 3827 3883
f 3801 3883 3804
f 3883 3882 3804
f 3827 3887 3883
f 3805 3762 3806
f 3807 3805 3806
f 3807 3806 3810
f 3807 3810 3823
f 3818 3820 3764
f 3818 3819 3821
f 3818 3821 3822
f 3818 3833 3820
f 3823 3810 3811
f 3818 3822 3832
f 3822 3824 3832
f 3826 3828 3845
f 3827 3846 3829
f 3828 3829 3847
f 3807 3886 3808
f 3886 3809 3808
f 3886 3812 3809
f 3889 3817 3815
f 3816 3889 3815
f 3818 3832 3888
f 3807 3823 3886
f 3827 3829 3887
f 3837 3831 3835
f 3825 3843 3844
f 3828 3847 3845
f 3827 3844 3846
f 3829 3846 3847
f 3777 3845 3844
f 3844 3845 3846
f 3845 3847 3846
f 3848 3855 3850
f 3850 3856 3852
f 3779 3901 3781
f 3848 3853 3855
f 3851 3857 3854
f 3850 3855 3856
f 3852 3856 3857
f 3849 3851 3854
f 3851 3852 3857
f 3799 3854 3856
f 3854 3857 3856
f 2911 3900 3901
f 3781 3901 3790
f 3790 3901 3792
f 3792 3901 3849
f 2921 3901 3779
f 2922 3902 3858
f 2922 3874 3902
f 3061 4267 3925
f 3858 3902 3859
f 3859 3902 3860
f 3860 3902 3861
f 3861 3902 3862
f 3862 3902 3864
f 3864 3902 3866
f 3866 3902 4097
f 2924 3903 3904
f 2925 3904 3905
f 2926 3905 3906
f 2927 3906 3907
f 2928 3907 3908
f 2929 3908 3909
f 2930 3909 3910
f 2931 3910 3911
f 949 3867 950
f 950 3867 951
f 951 3867 952
f 952 3867 956
f 956 3867 3869
f 956 3869 3868
f 3867 3870 3869
f 3867 3871 3870
f 3867 3876 3871
f 3867 3875 3876
f 3867 3878 3875
f 3867 3874 3878
f 3871 3876 3872
f 3872 3877 3873
f 3873 3877 3881
f 3872 3876 3877
f 3877 3879 3881
f 3879 3880 3881
f 3880 3912 3881
f 3867 3899 3874
f 3880 3919 3912
f 3883 3884 3882
f 3883 3885 3884
f 3886 3823 3885
f 3883 3886 3885
f 3829 3893 3887
f 3883 3887 3886
f 3812 3895 3813
f 3895 3814 3813
f 3895 3816 3814
f 3818 3896 3833
f 3812 3886 3894
f 3818 3888 3896
f 3828 3898 3829
f 3826 3898 3828
f 3826 3848 3898
f 3899 3835 3836
f 3899 3836 3834
f 3899 3837 3835
f 3899 3838 3840
f 3816 3896 3889
f 3812 3894 3895
f 3896 3888 3889
f 3896 3892 3833
f 3829 3897 3893
f 3899 3839 3837
f 3899 3840 3841
f 3899 3842 3839
f 3899 3841 3842
f 3899 3834 3890
f 3848 3850 3898
f 3850 3852 3901
f 3851 3901 3852
f 3849 3901 3851
f 3886 3887 3894
f 3887 3893 3894
f 3816 3895 3896
f 3829 3898 3897
f 3899 3890 3891
f 3899 3891 3892
f 3893 3895 3894
f 3893 3897 3895
f 3895 3897 3896
f 3896 3899 3892
f 3896 3897 3898
f 3896 3898 3899
f 3898 3901 3899
f 3850 3901 3898
f 3900 3902 3901
f 3874 3899 3901
f 3874 3901 3902
f 3903 3925 4267
f 3903 4267 3904
f 3904 4267 3905
f 3906 4270 4269
f 3905 4270 3906
f 3906 4269 3907
f 3907 4269 3908
f 3908 4271 3909
f 3909 4271 3910
f 3910 4271 3911
f 3908 4269 4271
f 3911 4271 4498
f 3052 3912 3916
f 3049 3914 3913
f 3050 3915 3914
f 3051 3918 3915
f 473 984 3903
f 3053 3916 3917
f 3054 3917 3918
f 3055 3920 3919
f 3056 3921 3920
f 3057 3922 3921
f 3058 3923 3922
f 3059 3924 3923
f 3060 3925 3924
f 988 3062 3926
f 2931 3911 3930
f 3062 3927 3926
f 3063 3928 3927
f 3064 3929 3928
f 3067 3930 3931
f 3065 3932 3929
f 3068 3931 3932
f 3069 3933 5163
f 3912 3919 3916
f 3916 3919 3917
f 3917 3919 3920
f 3917 3920 3921
f 3917 3921 3918
f 3915 3918 3922
f 3914 3915 3923
f 3913 3914 3924
f 984 3913 3903
f 3918 3921 3922
f 3915 3922 3923
f 3914 3923 3924
f 3913 3924 3925
f 3903 3913 3925
f 988 3926 3933
f 3911 4498 3930
f 3930 4498 4499
f 3930 4499 4510
f 3927 3928 3933
f 3928 3929 3933
f 3929 3932 3933
f 3931 3933 3932
f 3926 3927 3933
f 3930 4511 3931
f 3931 4511 3933
f 3930 4510 4511
f 3933 4511 4536
f 3933 4536 4537
f 3933 4537 5163
f 3934 3938 3936
f 3935 3936 3938
f 3200 3214 4009
f 3935 3938 3939
f 3937 3944 3948
f 3934 3937 4002
f 3934 4002 3938
f 3214 3935 4009
f 3938 3953 3939
f 3937 3948 4005
f 3153 4013 4011
f 3153 4009 4013
f 3153 3959 3957
f 3940 3942 3941
f 3153 4011 3959
f 3941 3942 3943
f 3942 3957 3943
f 3944 3946 3948
f 3946 3950 3948
f 3219 3950 3946
f 3219 3963 3950
f 3220 3947 3951
f 3945 3951 3947
f 3212 3951 3964
f 3945 3949 3951
f 3208 3964 3968
f 3948 3950 3961
f 3211 3967 3963
f 3207 4019 3967
f 3172 4020 4019
f 3170 4022 4020
f 3169 4021 4022
f 3173 3968 4023
f 3171 4023 4021
f 3949 3964 3951
f 3941 3943 3973
f 3941 3973 3970
f 3945 3952 3949
f 3943 3975 3973
f 3952 3982 4024
f 3949 3952 4024
f 3937 4005 4002
f 3939 3953 3954
f 3935 3939 4009
f 3938 4002 3953
f 3953 3956 3954
f 3939 3954 4009
f 3948 3961 4005
f 3953 4002 3956
f 3954 3956 3955
f 3956 4002 4006
f 3954 3955 4009
f 3955 3956 4006
f 3955 4006 4003
f 3961 3965 4005
f 3943 3957 3958
f 3957 3959 3958
f 3958 3959 3960
f 3959 4011 3960
f 3960 4011 4012
f 3950 3963 3961
f 3961 3963 3965
f 3949 3962 3964
f 3962 3968 3964
f 3963 3967 3965
f 3965 3967 4014
f 3967 4019 4014
f 3962 3966 3968
f 3966 4023 3968
f 3966 4015 4023
f 3943 3958 3975
f 3958 3979 3975
f 3949 4024 3962
f 3958 3960 3979
f 3962 4024 3966
f 3960 4012 4026
f 3960 4026 3979
f 2911 4047 3900
f 3969 3970 3973
f 3226 3228 4032
f 3969 3973 3972
f 3175 4034 3980
f 3175 3980 3977
f 3971 3974 3990
f 3228 3969 4032
f 3175 4030 4034
f 3972 3973 3975
f 3175 4032 4030
f 3974 3977 3992
f 3972 3975 3976
f 3969 3972 4032
f 3975 3979 3976
f 3972 3976 4032
f 3977 3996 3992
f 3977 3980 3996
f 3976 3979 3978
f 3976 3978 4032
f 3978 3979 4026
f 3978 4026 4025
f 3980 3981 3996
f 3980 4034 3981
f 3981 4034 4027
f 3983 3985 3986
f 3983 3986 3984
f 3982 3984 4035
f 3984 3986 4035
f 3985 3988 3986
f 3982 4035 4024
f 3985 3987 3988
f 3987 3989 3988
f 3987 3998 3989
f 3998 4040 4036
f 3986 3988 4242
f 3989 3998 4036
f 3983 3991 3985
f 3974 3992 3990
f 3991 3994 3993
f 3985 3991 3993
f 3985 3993 3987
f 3993 3995 3997
f 3082 4256 3994
f 3993 3994 3995
f 3987 3997 3998
f 3987 3993 3997
f 3997 4000 3999
f 3998 3999 4040
f 3997 3999 3998
f 3999 4000 4001
f 3999 4043 4040
f 3999 4001 4043
f 4001 4045 4043
f 3995 4000 3997
f 3955 4003 4009
f 4003 4007 4004
f 4003 4004 4009
f 4003 4006 4007
f 4008 4012 4013
f 4004 4007 4010
f 4004 4010 4009
f 4008 4013 4009
f 4008 4009 4010
f 4002 4236 4006
f 4002 4005 4236
f 4006 4236 4007
f 4007 4236 4010
f 3965 4237 4005
f 3965 4014 4237
f 4011 4013 4012
f 4014 4019 4016
f 4015 4018 4021
f 4016 4020 4017
f 4017 4022 4018
f 4016 4019 4020
f 4015 4021 4023
f 4017 4020 4022
f 4018 4022 4021
f 4008 4029 4012
f 4012 4029 4026
f 3966 4238 4015
f 3966 4024 4238
f 4005 4237 4236
f 4008 4010 4239
f 4014 4240 4237
f 4014 4016 4240
f 4016 4017 4245
f 3900 4047 4050
f 3900 4050 4056
f 3978 4025 4032
f 4025 4026 4029
f 4025 4029 4028
f 4027 4030 4031
f 4025 4028 4032
f 4028 4029 4033
f 4028 4033 4032
f 4031 4032 4033
f 4030 4032 4031
f 4027 4034 4030
f 3900 4056 4057
f 3900 4057 4060
f 3900 4060 4084
f 3986 4242 4035
f 4036 4040 4037
f 4037 4041 4039
f 4024 4035 4238
f 3988 3989 4243
f 4035 4242 4238
f 3988 4243 4242
f 3989 4036 4253
f 4040 4043 4041
f 4041 4043 4044
f 4041 4044 4042
f 4037 4040 4041
f 4043 4045 4044
f 4038 4044 4045
f 4039 4041 4042
f 4038 4042 4044
f 4038 4039 4042
f 3990 3992 4278
f 3994 4256 3995
f 3992 3996 4278
f 3981 4278 3996
f 3981 4027 4278
f 3995 4256 4000
f 4000 4256 4001
f 4001 4256 4045
f 3858 4050 4047
f 3858 3859 4050
f 4046 4049 4052
f 4046 4048 4049
f 4048 4053 4051
f 4048 4051 4049
f 3859 4056 4050
f 3859 3860 4056
f 4049 4054 4052
f 4049 4051 4054
f 4051 4053 4058
f 4051 4058 4054
f 4052 4088 4053
f 3860 4057 4056
f 3860 3861 4057
f 4052 4054 4087
f 4054 4058 4055
f 4053 4088 4058
f 4055 4058 4059
f 3861 3862 4060
f 3861 4060 4057
f 3862 4084 4060
f 4054 4055 4087
f 3863 4055 4059
f 3863 4061 3865
f 3862 3864 4084
f 3863 4087 4055
f 3863 4059 4061
f 4052 4087 4088
f 4058 4088 4059
f 3865 4061 4086
f 4059 4088 4061
f 4062 4064 4063
f 4062 4065 4064
f 4062 4069 4090
f 4062 4090 4065
f 4065 4090 4066
f 4066 4090 4067
f 4063 4072 4070
f 4063 4064 4072
f 4069 4070 4072
f 4064 4076 4072
f 4064 4065 4076
f 4069 4072 4076
f 4073 4077 4082
f 3087 4074 4267
f 4071 4075 4074
f 4071 4073 4075
f 4073 4082 4075
f 3088 4268 4071
f 4069 4076 4093
f 4065 4078 4076
f 4065 4066 4078
f 4077 4079 4083
f 4069 4093 4090
f 4066 4067 4080
f 4066 4080 4078
f 4067 4089 4094
f 4067 4094 4080
f 4081 4096 4091
f 4076 4078 4093
f 4068 4079 4081
f 4078 4080 4093
f 4077 4083 4082
f 4068 4083 4079
f 4068 4081 4091
f 3864 4085 4084
f 3866 4086 4085
f 3864 3866 4085
f 3865 4086 3866
f 3863 3865 4087
f 4061 4088 4086
f 3865 3866 4097
f 4084 4085 4098
f 4085 4086 4098
f 3865 4097 4087
f 4086 4088 4098
f 4087 4098 4088
f 4067 4090 4089
f 4089 4099 4092
f 4089 4090 4099
f 4090 4093 4099
f 4089 4092 4095
f 4091 4096 4092
f 4089 4095 4094
f 4092 4096 4095
f 4080 4094 4093
f 4094 4095 4100
f 4095 4096 4100
f 4093 4094 4100
f 3098 3990 4278
f 4087 4097 4098
f 4084 4098 4102
f 4097 4102 4098
f 4099 4100 4103
f 4093 4100 4099
f 4074 4075 4267
f 4075 4082 4267
f 4071 4268 4073
f 4073 4268 4077
f 4097 4101 4102
f 4101 4257 4258
f 4101 4258 4102
f 4100 4104 4103
f 4103 4104 4264
f 4104 4266 4264
f 4092 4099 4267
f 4077 4268 4079
f 4079 4268 4081
f 4081 4268 4096
f 4082 4083 4267
f 4068 4267 4083
f 4091 4092 4267
f 4068 4091 4267
f 4096 4268 4100
f 3089 4271 4269
f 3090 4269 4270
f 3092 4270 4272
f 3093 4272 4273
f 3093 4273 4275
f 3088 4278 4268
f 3094 4275 4274
f 3096 4274 4276
f 3097 4276 4277
f 3099 4277 4279
f 3100 4279 4280
f 3101 4280 4281
f 3102 4281 4282
f 3103 4282 4283
f 3103 4283 4517
f 3082 4105 4256
f 3121 4295 4106
f 4105 4106 4107
f 4106 4108 4107
f 4107 4108 4115
f 4109 4111 4113
f 4109 4114 4110
f 4110 4114 4112
f 4109 4113 4114
f 4113 4120 4114
f 4111 4133 4113
f 4111 4112 4133
f 4112 4114 4134
f 4108 4116 4115
f 4115 4116 4117
f 4116 4118 4117
f 4117 4118 4123
f 4118 4127 4123
f 4113 4133 4119
f 4113 4119 4120
f 4119 4122 4120
f 4114 4120 4134
f 4112 4134 4133
f 4119 4133 4121
f 4119 4121 4122
f 4121 4132 4122
f 4121 4131 4132
f 3115 4288 4289
f 3116 4289 4290
f 3114 4292 4288
f 3117 4291 4292
f 3120 4293 4294
f 4105 4107 4256
f 3121 4294 4295
f 3119 4290 4293
f 4107 4115 4256
f 4115 4117 4256
f 4117 4123 4256
f 4123 4127 4124
f 4124 4127 4128
f 4125 4129 4131
f 4124 4128 4126
f 4126 4128 4130
f 4125 4126 4130
f 4125 4130 4129
f 4106 4295 4108
f 4129 4132 4131
f 4120 4122 4285
f 4120 4285 4134
f 4121 4284 4131
f 4125 4131 4284
f 4121 4133 4284
f 4133 4134 4284
f 4108 4295 4116
f 4116 4295 4118
f 4118 4295 4127
f 4125 4286 4126
f 4122 4132 4287
f 4134 4285 4284
f 4125 4284 4286
f 4129 4297 4132
f 4122 4287 4285
f 4135 4145 4136
f 4135 4137 4404
f 4135 4136 4137
f 4136 4138 4137
f 4137 4138 4197
f 4135 4139 4145
f 4139 4140 4146
f 4139 4146 4145
f 4140 4147 4146
f 4140 4141 4147
f 4141 4142 4148
f 4142 4143 4149
f 3411 3412 4161
f 3412 3413 4158
f 3413 3426 4159
f 3426 3427 4159
f 3411 4162 4144
f 4145 4146 4147
f 4145 4147 4148
f 4145 4148 4149
f 4145 4149 4153
f 4141 4148 4147
f 4142 4149 4148
f 4143 4144 4153
f 4144 4150 4153
f 4143 4153 4149
f 4150 4151 4154
f 3411 4161 4162
f 3412 4158 4161
f 3413 4159 4158
f 3427 4160 4159
f 4144 4169 4150
f 4136 4145 4138
f 4138 4145 4166
f 4145 4153 4154
f 4145 4154 4155
f 4145 4155 4164
f 4145 4164 4165
f 4145 4165 4166
f 4150 4154 4153
f 4151 4155 4154
f 4151 4152 4155
f 4152 4156 4164
f 4152 4164 4155
f 4156 4165 4164
f 4156 4157 4165
f 4152 4172 4156
f 4156 4174 4157
f 4150 4167 4151
f 4151 4168 4152
f 4144 4162 4169
f 4150 4169 4167
f 4151 4167 4168
f 4162 4163 4169
f 4157 4166 4165
f 4152 4168 4172
f 4156 4172 4174
f 4157 4174 4180
f 4163 4173 4169
f 4163 4170 4173
f 4170 4171 4175
f 4170 4175 4173
f 4161 4191 4162
f 4162 4191 4163
f 4171 4181 4175
f 4171 4176 4181
f 3427 4177 4160
f 4160 4177 4179
f 4177 4178 4190
f 4178 4405 4190
f 4177 4190 4179
f 4159 4160 4186
f 4158 4159 4185
f 4158 4188 4161
f 4160 4179 4187
f 3339 4213 4212
f 3340 4305 4213
f 4163 4192 4170
f 4170 4193 4171
f 4176 4182 4181
f 4176 4183 4182
f 4182 4183 4184
f 4171 4194 4176
f 4168 4204 4172
f 4167 4203 4168
f 4167 4169 4205
f 4169 4173 4205
f 4172 4200 4174
f 4173 4175 4206
f 4175 4181 4207
f 4176 4195 4183
f 4174 4201 4180
f 4181 4182 4208
f 3339 4212 4313
f 3331 4544 4306
f 3332 4306 4307
f 3333 4307 4308
f 3334 4308 4309
f 3335 4309 4310
f 3336 4310 4311
f 4138 4166 4197
f 4157 4302 4166
f 4182 4184 4209
f 4168 4203 4204
f 4167 4205 4203
f 4173 4206 4205
f 4172 4204 4200
f 4174 4200 4201
f 4175 4207 4206
f 4180 4201 4202
f 4181 4208 4207
f 4182 4209 4208
f 4184 4210 4209
f 3340 4314 4305
f 4159 4186 4185
f 4158 4185 4188
f 4161 4188 4191
f 4160 4187 4186
f 4179 4189 4187
f 4163 4191 4192
f 4170 4192 4193
f 4171 4193 4194
f 3327 4225 4314
f 3357 4224 4225
f 3339 4313 4224
f 3341 4311 4312
f 4185 4186 4196
f 4186 4187 4196
f 4185 4196 4188
f 4188 4196 4191
f 4187 4189 4196
f 4191 4196 4192
f 4192 4196 4193
f 4176 4194 4195
f 4183 4195 4196
f 4193 4196 4194
f 4194 4196 4195
f 4179 4190 4211
f 3117 4598 4291
f 4137 4197 4198
f 4137 4198 4408
f 4197 4199 4198
f 4198 4199 4302
f 4198 4302 4541
f 4166 4199 4197
f 4157 4180 4303
f 4202 4204 4203
f 4200 4204 4202
f 4200 4202 4201
f 4202 4203 4205
f 4202 4205 4206
f 4202 4206 4207
f 4202 4207 4208
f 4202 4208 4209
f 4202 4209 4210
f 4166 4302 4199
f 4179 4316 4189
f 4179 4211 4316
f 4190 4409 4211
f 4157 4303 4302
f 4212 4213 4214
f 4213 4215 4214
f 4212 4214 4216
f 4214 4215 4216
f 4213 4217 4215
f 4180 4202 4322
f 4212 4216 4218
f 4212 4218 4219
f 4215 4217 4216
f 4212 4219 4220
f 4212 4220 4304
f 4216 4217 4218
f 4217 4221 4218
f 4213 4221 4217
f 4213 4222 4221
f 4213 4223 4222
f 4213 4305 4223
f 4218 4221 4219
f 4219 4221 4222
f 4219 4222 4220
f 4220 4222 4223
f 4220 4223 4304
f 4223 4305 4304
f 4202 4210 4326
f 4184 4331 4210
f 4212 4304 4313
f 4183 4332 4184
f 4189 4319 4196
f 4183 4196 4325
f 4224 4227 4225
f 4224 4226 4227
f 4224 4228 4226
f 4226 4229 4227
f 4189 4316 4315
f 4224 4230 4228
f 4224 4231 4230
f 4226 4228 4229
f 4224 4313 4232
f 4224 4232 4231
f 4228 4233 4229
f 4228 4230 4233
f 4225 4227 4314
f 4227 4229 4314
f 4230 4234 4233
f 4230 4231 4234
f 4231 4235 4234
f 4231 4232 4235
f 4232 4313 4314
f 4232 4314 4235
f 4229 4233 4314
f 4233 4234 4314
f 4234 4235 4314
f 4189 4315 4317
f 4211 4586 4316
f 4010 4236 4239
f 4236 4237 4239
f 4008 4239 4244
f 4016 4245 4240
f 4017 4018 4249
f 4015 4249 4018
f 4015 4238 4249
f 4008 4247 4029
f 4029 4247 4033
f 4237 4240 4239
f 4008 4244 4247
f 4017 4248 4245
f 4238 4241 4249
f 4036 4037 4254
f 4238 4242 4241
f 3989 4251 4243
f 4037 4039 4254
f 4038 4254 4039
f 4241 4242 4243
f 3989 4253 4251
f 4036 4254 4253
f 4027 4031 4278
f 4031 4033 4278
f 4038 4045 4256
f 4239 4240 4244
f 4240 4245 4244
f 4017 4249 4248
f 4241 4250 4249
f 4244 4245 4246
f 4245 4248 4246
f 4244 4246 4247
f 4246 4248 4247
f 4247 4248 4249
f 4247 4249 4255
f 4249 4250 4252
f 4249 4252 4255
f 4241 4243 4250
f 4243 4251 4250
f 4250 4251 4252
f 4251 4253 4252
f 4252 4253 4255
f 4253 4254 4255
f 4033 4247 4278
f 4038 4256 4254
f 4247 4255 4278
f 4254 4256 4255
f 4255 4256 4278
f 4256 4291 4278
f 3900 4084 4102
f 4257 4259 4261
f 4257 4261 4258
f 4262 4265 4266
f 3902 4101 4097
f 4259 4260 4263
f 4259 4263 4261
f 4260 4265 4262
f 4260 4262 4263
f 4264 4266 4265
f 4099 4103 4267
f 4100 4268 4104
f 3902 4257 4101
f 3900 4102 4258
f 3900 4258 4261
f 3902 4259 4257
f 3902 4260 4259
f 3900 4261 4263
f 4103 4264 4267
f 4264 4265 4267
f 4260 4267 4265
f 4104 4268 4266
f 4262 4266 4268
f 4262 4268 4263
f 3902 4267 4260
f 3900 4263 4268
f 3900 4268 3902
f 3902 4268 4267
f 4267 4268 4273
f 4268 4275 4273
f 3905 4267 4270
f 4267 4272 4270
f 4267 4273 4272
f 4268 4274 4275
f 4268 4278 4274
f 4274 4278 4276
f 4276 4278 4277
f 4277 4278 4279
f 4278 4280 4279
f 4278 4281 4280
f 4278 4282 4281
f 4278 4283 4282
f 4278 4598 4283
f 4283 4598 4517
f 4123 4124 4298
f 4124 4126 4298
f 4127 4299 4128
f 4128 4299 4130
f 4129 4130 4301
f 4126 4286 4296
f 4132 4297 4287
f 4284 4285 4286
f 4285 4287 4286
f 4126 4296 4300
f 4129 4301 4297
f 4123 4298 4256
f 4256 4290 4289
f 4256 4293 4290
f 4256 4294 4293
f 4256 4289 4288
f 4256 4288 4291
f 4288 4292 4291
f 4256 4298 4294
f 4294 4298 4295
f 4127 4295 4299
f 4126 4300 4298
f 4130 4299 4301
f 4286 4287 4296
f 4287 4297 4296
f 4295 4298 4299
f 4298 4301 4299
f 4296 4297 4300
f 4297 4301 4300
f 4298 4300 4301
f 4302 4303 4541
f 4180 4320 4303
f 4304 4305 4314
f 4180 4322 4320
f 4189 4317 4319
f 4304 4314 4313
f 4315 4316 4318
f 4316 4586 4318
f 4196 4319 4323
f 4315 4318 4317
f 4202 4321 4322
f 4202 4326 4321
f 4303 4320 4593
f 4210 4328 4326
f 4184 4333 4331
f 4210 4329 4328
f 4183 4325 4332
f 4196 4323 4325
f 4317 4318 4324
f 4184 4332 4333
f 4317 4324 4319
f 4318 4594 4324
f 4278 4291 4598
f 4210 4331 4329
f 4320 4322 4606
f 4319 4324 4323
f 4323 4324 4325
f 4324 4607 4325
f 4321 4327 4322
f 4321 4326 4327
f 4322 4327 4606
f 4326 4328 4327
f 4327 4328 4330
f 4328 4329 4330
f 4329 4331 4330
f 4327 4330 4620
f 4330 4331 4612
f 4331 4333 4617
f 4325 4607 4332
f 4332 4639 4333
f 3429 4498 4271
f 3429 4499 4498
f 3430 4500 4499
f 3431 4502 4500
f 3432 4510 4501
f 3433 4503 4502
f 3434 4504 4503
f 3435 4505 4504
f 3438 4506 4507
f 3437 4501 4506
f 3439 4507 4508
f 3440 4508 4509
f 3441 4511 4510
f 3442 4536 4511
f 3443 4512 4505
f 3445 4509 4514
f 3443 4513 4512
f 3444 4520 4513
f 3446 4514 4515
f 3452 4515 4521
f 3449 4517 4518
f 3447 4519 4516
f 3450 4518 4519
f 3451 4516 4520
f 3453 4521 4522
f 3454 4522 4523
f 3455 4523 4524
f 3456 4524 4525
f 3457 4334 4536
f 4334 4344 4336
f 4335 4337 4347
f 4336 4346 4338
f 4337 4340 4350
f 4338 4348 4339
f 4340 4341 4351
f 4339 4349 4342
f 4341 4343 4353
f 4342 4352 4356
f 4341 4362 4343
f 4343 4357 4360
f 3458 4537 4344
f 4336 4344 4346
f 4335 4347 4345
f 4338 4346 4348
f 4337 4350 4347
f 4339 4348 4349
f 4340 4351 4350
f 4342 4349 4352
f 4341 4353 4351
f 4352 4359 4356
f 4343 4360 4353
f 4351 4353 4363
f 4335 4354 4337
f 4337 4354 4340
f 4354 4355 4362
f 4340 4354 4362
f 4340 4362 4341
f 4345 4347 4355
f 4347 4350 4355
f 4350 4363 4355
f 4350 4351 4363
f 4355 4363 4362
f 4356 4359 4358
f 4357 4358 4361
f 4343 4362 4357
f 4357 4396 4358
f 4358 4359 4361
f 4357 4361 4360
f 4353 4360 4363
f 4359 4397 4361
f 4360 4361 4397
f 4357 4362 4396
f 4362 4363 4396
f 4360 4397 4363
f 4364 4365 4367
f 4365 4376 4367
f 4366 4368 4379
f 4364 4367 4369
f 4367 4378 4369
f 4368 4371 4382
f 4364 4388 4392
f 4364 4369 4388
f 4369 4380 4370
f 4371 4372 4383
f 4369 4370 4388
f 4370 4381 4373
f 4370 4373 4388
f 4372 4374 4385
f 4373 4384 4389
f 4374 4390 4394
f 4375 4378 4376
f 4367 4376 4378
f 4366 4379 4377
f 4375 4380 4378
f 4364 4392 4375
f 4369 4378 4380
f 4368 4382 4379
f 4375 4392 4380
f 4370 4380 4381
f 4371 4383 4382
f 4373 4381 4384
f 4380 4392 4381
f 4381 4392 4384
f 4372 4385 4383
f 4384 4393 4389
f 4374 4394 4385
f 3459 4538 4366
f 3460 4539 4386
f 3461 4377 4540
f 4373 4389 4388
f 4389 4393 4391
f 4390 4391 4395
f 4389 4391 4400
f 4388 4389 4400
f 4384 4392 4393
f 4391 4393 4395
f 4390 4395 4394
f 4393 4401 4395
f 4394 4395 4401
f 4388 4401 4392
f 4392 4401 4393
f 4334 4336 4536
f 4336 4338 4536
f 3458 5579 4537
f 4344 4537 4346
f 4346 4537 4348
f 4396 4397 4398
f 4363 4397 4396
f 4338 4339 4536
f 4339 4342 4536
f 4342 4356 4536
f 4356 4358 4536
f 4358 4396 4536
f 4348 4537 4349
f 4349 4537 4352
f 4352 4537 4359
f 4359 4537 4397
f 4398 4399 4526
f 4397 4399 4398
f 4399 4529 4526
f 3459 4525 4538
f 4388 4400 4401
f 4394 4401 4403
f 4400 4403 4401
f 4366 4538 4368
f 4368 4538 4371
f 4386 4539 4440
f 3461 4540 4539
f 4377 4379 4540
f 4379 4382 4540
f 4400 4402 4403
f 4374 4538 4390
f 4390 4538 4391
f 4402 4532 4534
f 4391 4538 4400
f 4402 4534 4403
f 4371 4538 4372
f 4372 4538 4374
f 4440 4539 4445
f 4445 4539 4447
f 4447 4539 4475
f 4382 4383 4540
f 4383 4385 4540
f 4385 4394 4540
f 4137 4408 4404
f 4404 4408 4411
f 3478 4417 4604
f 3632 4404 4411
f 3667 4423 4405
f 3679 4406 4429
f 4406 4407 4410
f 3611 4543 4544
f 3610 4545 4543
f 3621 4554 4545
f 3626 4559 4554
f 3638 4565 4559
f 3648 4411 4417
f 3638 4566 4565
f 3639 4567 4566
f 3640 4568 4567
f 3641 4569 4568
f 3642 4570 4569
f 3643 4571 4570
f 3644 4572 4571
f 3645 4573 4572
f 3646 4590 4573
f 3649 4312 4574
f 3650 4574 4575
f 3651 4575 4576
f 3651 4576 4580
f 3655 4580 4584
f 3659 4584 4588
f 4190 4405 4409
f 4405 4423 4409
f 3667 4429 4423
f 3668 4589 4587
f 3670 4588 4589
f 3671 4587 4590
f 4407 4435 4410
f 4406 4410 4429
f 3520 4647 4407
f 3472 4599 4598
f 3473 4600 4599
f 3474 4601 4600
f 3475 4602 4601
f 4198 4541 4408
f 3476 4603 4602
f 3477 4604 4603
f 4408 4541 4411
f 3479 4657 4605
f 4211 4409 4586
f 4410 4435 4592
f 4411 4541 4412
f 4412 4541 4413
f 4411 4412 4418
f 4411 4418 4417
f 4412 4419 4418
f 4412 4413 4419
f 4413 4414 4420
f 4413 4420 4419
f 4414 4415 4421
f 4414 4421 4420
f 4415 4416 4422
f 4415 4422 4421
f 4416 4542 4564
f 4416 4564 4422
f 4409 4423 4586
f 4423 4424 4586
f 4424 4425 4586
f 4423 4429 4424
f 4424 4429 4430
f 4424 4430 4425
f 4410 4592 4429
f 4435 4596 4592
f 4425 4430 4431
f 4425 4431 4426
f 4426 4431 4432
f 4426 4432 4427
f 4427 4432 4433
f 4427 4433 4428
f 4428 4434 4585
f 4428 4433 4434
f 4434 4591 4585
f 4429 4592 4430
f 4430 4592 4431
f 3520 4605 4647
f 4407 4647 4435
f 4386 4440 4387
f 4387 4440 4443
f 4439 4442 4444
f 4439 4444 4441
f 4440 4445 4443
f 4441 4444 4450
f 3722 4450 4444
f 3722 4449 4451
f 3722 4451 4480
f 3722 4452 4450
f 3722 4484 4452
f 4439 4441 4455
f 4441 4456 4455
f 4441 4446 4456
f 4443 4445 4449
f 4445 4447 4449
f 4441 4450 4446
f 4446 4450 4452
f 4447 4451 4449
f 4447 4475 4451
f 4451 4475 4480
f 4446 4452 4448
f 4448 4484 4479
f 4448 4452 4484
f 3722 4480 4481
f 3722 4481 4483
f 3722 4483 4482
f 3722 4482 4484
f 4446 4448 4464
f 4446 4464 4456
f 4448 4479 4487
f 4448 4465 4464
f 4448 4487 4465
f 4455 4456 4457
f 4456 4458 4457
f 4456 4464 4458
f 3730 3736 4497
f 3736 4457 4497
f 3709 4471 4470
f 3709 4497 4471
f 4457 4458 4497
f 4459 4461 4460
f 4459 4462 4463
f 4459 4463 4461
f 4461 4463 4470
f 4460 4486 4454
f 4460 4461 4496
f 4458 4464 4466
f 4464 4465 4466
f 4465 4467 4466
f 4465 4487 4467
f 4467 4487 4491
f 4458 4466 4497
f 4466 4467 4497
f 4467 4491 4497
f 4461 4468 4496
f 4461 4470 4468
f 4468 4470 4471
f 4460 4496 4486
f 4468 4469 4496
f 4468 4471 4469
f 4469 4497 4495
f 4469 4471 4497
f 4657 3714 4436
f 4657 4436 4437
f 4657 4437 4438
f 4657 4438 4472
f 4475 4476 4480
f 4476 4481 4480
f 4477 4479 4482
f 4479 4484 4482
f 4476 4478 4481
f 4477 4483 4478
f 4478 4483 4481
f 4477 4482 4483
f 4487 4488 4491
f 4488 4492 4491
f 4489 4495 4493
f 4488 4490 4492
f 4489 4494 4490
f 4490 4494 4492
f 4489 4493 4494
f 4491 4492 4497
f 4492 4494 4497
f 4493 4497 4494
f 4493 4495 4497
f 4469 4495 4655
f 4489 4655 4495
f 4469 4655 4496
f 4496 4652 4486
f 4489 4490 4656
f 4496 4655 4652
f 4489 4656 4655
f 4499 4500 4510
f 4500 4502 4501
f 4500 4501 4510
f 4502 4503 4507
f 4503 4504 4508
f 4504 4505 4509
f 4501 4502 4506
f 4502 4507 4506
f 4503 4508 4507
f 4504 4509 4508
f 4505 4512 4509
f 4509 4512 4514
f 4512 4513 4515
f 4513 4520 4521
f 4512 4515 4514
f 4513 4521 4515
f 4517 4599 4518
f 4516 4522 4520
f 4516 4519 4523
f 4518 4524 4519
f 4520 4522 4521
f 4516 4523 4522
f 4519 4524 4523
f 4518 4600 4524
f 4524 4605 4525
f 4396 4398 4536
f 4397 4537 4399
f 4526 4529 4527
f 4527 4530 4528
f 4528 4531 4533
f 4527 4529 4530
f 4528 4530 4531
f 4531 4535 4533
f 4398 4526 4536
f 4526 4527 4536
f 4527 4528 4536
f 4399 4537 4529
f 4529 4537 4530
f 4530 4537 4531
f 4532 4533 4535
f 4400 4538 4402
f 4532 4535 4534
f 4394 4403 4540
f 4402 4538 4532
f 4532 4538 4533
f 4528 4533 4538
f 4403 4534 4540
f 4534 4535 4540
f 4531 4540 4535
f 4528 4538 4536
f 4531 4537 4540
f 4536 4538 4537
f 4525 4657 4539
f 4525 4539 4538
f 4537 4538 4540
f 4538 4539 4540
f 4303 4593 4541
f 4413 4593 4414
f 4413 4541 4593
f 4414 4593 4415
f 4543 4545 4544
f 4306 4544 4545
f 4306 4549 4307
f 4306 4545 4549
f 4545 4553 4546
f 4545 4546 4548
f 4545 4547 4549
f 4545 4548 4547
f 4545 4554 4553
f 4307 4549 4308
f 4308 4550 4309
f 4309 4550 4310
f 4310 4551 4311
f 4311 4551 4312
f 4308 4549 4550
f 4310 4550 4551
f 4551 4552 4576
f 4554 4559 4555
f 4555 4559 4556
f 4556 4559 4557
f 4557 4559 4558
f 4542 4559 4565
f 4542 4565 4566
f 4558 4559 4560
f 4559 4561 4560
f 4559 4584 4561
f 4561 4584 4562
f 4562 4584 4563
f 4415 4606 4416
f 4416 4606 4542
f 4542 4566 4564
f 4564 4566 4567
f 4564 4567 4568
f 4564 4568 4569
f 4564 4569 4570
f 4564 4570 4571
f 4564 4571 4591
f 4417 4418 4604
f 4312 4576 4574
f 4574 4576 4575
f 4312 4551 4576
f 4552 4577 4576
f 4576 4577 4578
f 4576 4578 4579
f 4576 4579 4580
f 4563 4584 4582
f 4582 4584 4583
f 4580 4581 4584
f 4581 4583 4584
f 4584 4585 4588
f 4585 4589 4588
f 4425 4426 4594
f 4426 4427 4594
f 4425 4594 4586
f 4428 4585 4607
f 4427 4428 4607
f 4318 4586 4594
f 4571 4572 4591
f 4572 4573 4591
f 4573 4590 4591
f 4585 4591 4589
f 4587 4589 4591
f 4587 4591 4590
f 4431 4595 4432
f 4432 4595 4433
f 4431 4592 4595
f 4433 4595 4434
f 4434 4608 4591
f 4592 4596 4595
f 4415 4593 4606
f 4546 4609 4548
f 4547 4548 4611
f 4547 4612 4549
f 4549 4613 4550
f 4550 4615 4551
f 4551 4617 4552
f 4552 4616 4577
f 4542 4618 4559
f 4546 4553 4621
f 4553 4554 4620
f 4554 4555 4622
f 4555 4556 4623
f 4556 4557 4624
f 4557 4558 4626
f 4558 4560 4627
f 4560 4561 4628
f 4561 4562 4630
f 4563 4582 4631
f 4562 4563 4632
f 4559 4633 4584
f 4418 4419 4604
f 4419 4420 4604
f 4420 4421 4604
f 4421 4422 4604
f 4422 4564 4634
f 4564 4591 4634
f 4577 4635 4578
f 4584 4637 4585
f 4578 4640 4579
f 4579 4639 4580
f 4580 4641 4581
f 4581 4642 4583
f 4582 4583 4643
f 4427 4607 4594
f 4595 4596 4597
f 4434 4595 4608
f 4435 4647 4596
f 4596 4647 4597
f 4517 4598 4599
f 4518 4599 4600
f 4524 4600 4605
f 4600 4601 4605
f 4601 4602 4605
f 4602 4603 4605
f 4603 4604 4605
f 4604 4647 4605
f 4525 4605 4657
f 4320 4606 4593
f 4542 4606 4618
f 4546 4621 4609
f 4548 4609 4610
f 4548 4610 4611
f 4547 4611 4612
f 4549 4612 4613
f 4550 4613 4614
f 4550 4614 4615
f 4551 4615 4617
f 4552 4617 4616
f 4554 4619 4620
f 4554 4622 4619
f 4553 4620 4621
f 4555 4623 4622
f 4556 4624 4623
f 4557 4625 4624
f 4557 4626 4625
f 4558 4627 4626
f 4559 4618 4633
f 4560 4628 4627
f 4561 4629 4628
f 4561 4630 4629
f 4562 4632 4630
f 4563 4631 4632
f 4422 4634 4604
f 4585 4637 4607
f 4324 4594 4607
f 4578 4635 4640
f 4577 4636 4635
f 4577 4616 4636
f 4580 4639 4638
f 4580 4638 4641
f 4579 4640 4639
f 4581 4641 4642
f 4583 4642 4643
f 4582 4643 4644
f 4582 4644 4631
f 4584 4633 4637
f 4591 4608 4645
f 4595 4597 4608
f 4591 4645 4634
f 4597 4646 4608
f 4327 4618 4606
f 4327 4620 4619
f 4327 4619 4618
f 4330 4621 4620
f 4330 4611 4610
f 4330 4612 4611
f 4330 4609 4621
f 4330 4610 4609
f 4331 4613 4612
f 4331 4614 4613
f 4331 4615 4614
f 4333 4616 4617
f 4331 4617 4615
f 4618 4619 4622
f 4618 4622 4623
f 4618 4623 4624
f 4618 4624 4625
f 4618 4625 4626
f 4618 4626 4633
f 4626 4627 4633
f 4627 4628 4633
f 4628 4629 4633
f 4629 4630 4633
f 4631 4637 4633
f 4630 4632 4633
f 4631 4633 4632
f 4604 4634 4647
f 4634 4648 4647
f 4332 4607 4637
f 4332 4638 4639
f 4332 4637 4638
f 4333 4639 4640
f 4333 4636 4616
f 4333 4640 4635
f 4333 4635 4636
f 4637 4641 4638
f 4637 4642 4641
f 4631 4644 4637
f 4637 4643 4642
f 4637 4644 4643
f 4608 4646 4645
f 4645 4646 4648
f 4634 4645 4648
f 4597 4647 4646
f 4646 4647 4648
f 4657 4472 4473
f 4657 4473 4474
f 4657 4474 4649
f 4657 4649 4650
f 4475 4539 4476
f 4476 4539 4478
f 4477 4478 4539
f 4477 4669 4479
f 4665 4485 4651
f 4479 4669 4487
f 4487 4669 4488
f 4488 4669 4490
f 4490 4668 4656
f 4655 4654 4652
f 4655 4656 4654
f 4490 4670 4668
f 4657 4650 4653
f 4657 4653 4658
f 4657 4658 4659
f 4657 4659 4661
f 4657 4661 4662
f 4657 4662 4663
f 4477 4539 4669
f 4539 4657 4669
f 4665 4651 4667
f 4657 4663 4664
f 4490 4669 4670
f 4656 4660 4654
f 4656 4668 4660
f 4657 4664 4669
f 4669 4664 4665
f 4669 4665 4670
f 4668 4666 4660
f 4668 4670 4666
f 4670 4665 4667
f 4670 4667 4666
f 1666 4671 4686
f 4671 4672 4684
f 4672 4673 4683
f 4673 4674 4682
f 4674 4677 4682
f 4677 4678 4682
f 4678 4679 4682
f 4676 4682 4680
f 4680 4682 4681
f 4679 4681 4682
f 4675 4682 4676
f 1686 4682 4675
f 4673 4682 4683
f 4672 4683 4684
f 4671 4684 4686
f 3458 4686 4967
f 4686 4974 4967
f 4684 4685 4686
f 4685 4687 4686
f 4695 4706 4700
f 4686 4687 4688
f 4686 4688 4689
f 4686 4689 4690
f 4686 4690 4691
f 4686 4691 4692
f 4686 4985 4974
f 4686 4692 4985
f 4692 4693 4985
f 4693 4694 4985
f 4694 4986 4985
f 4697 4698 4701
f 4696 4701 4698
f 4695 4700 4696
f 4694 4697 4699
f 4696 4700 4701
f 4697 4701 4699
f 4694 4699 4986
f 4699 4702 4986
f 4671 5148 4672
f 4672 5149 4673
f 4673 5150 4674
f 4675 4676 5153
f 4674 5151 4677
f 4677 5154 4678
f 4678 5155 4679
f 4679 5156 4681
f 4680 4681 5158
f 4676 4680 5157
f 1686 5159 4682
f 4682 5159 4683
f 4683 5161 4684
f 4684 5161 4685
f 3069 5163 4686
f 4685 5164 4687
f 4687 5164 4688
f 4688 5165 4689
f 4689 5166 4690
f 4690 5167 4691
f 4691 5168 4692
f 4692 5169 4693
f 4693 5171 4694
f 4694 5171 4697
f 4695 4696 5173
f 4697 5174 4698
f 4696 4698 5175
f 4699 4701 5178
f 4699 5176 4702
f 4700 5177 4701
f 1760 4704 4705
f 1760 4705 4706
f 1760 4703 4704
f 4710 4711 4725
f 4710 4773 4711
f 4709 4710 4724
f 4710 4725 4724
f 4711 4733 4725
f 4711 4773 4733
f 4716 4717 4726
f 4716 4726 4718
f 4712 4726 4717
f 4712 4714 4715
f 4712 4715 4720
f 4712 4720 4721
f 4712 4717 4714
f 4718 4726 4719
f 4712 4721 4722
f 4719 4726 4727
f 4726 4728 4727
f 4726 4729 4728
f 4726 4731 4729
f 4729 4731 4730
f 4730 4731 4749
f 4731 4750 4749
f 4731 4751 4750
f 4709 4724 4782
f 4710 4774 4773
f 4766 4773 4774
f 4712 4789 4726
f 4716 4793 4717
f 4716 4718 4794
f 4718 4719 4795
f 4719 4727 4795
f 4714 4717 4790
f 4714 4790 4715
f 4720 4791 4721
f 4715 4792 4720
f 4713 4723 4797
f 4721 4796 4722
f 4722 4796 4723
f 4712 4732 4787
f 4732 4735 4765
f 4724 4725 4812
f 4733 4773 4766
f 4726 4817 4731
f 4727 4728 4819
f 4728 4729 4820
f 4729 4730 4821
f 4730 4749 4821
f 4725 4733 4812
f 4731 4822 4734
f 1760 4706 4695
f 4735 4762 4736
f 4735 4736 4768
f 4713 4737 4754
f 4737 4739 4754
f 4713 4754 4723
f 4712 4722 4756
f 4722 4723 4756
f 4740 4755 4754
f 4723 4754 4756
f 4738 4740 4754
f 4738 4754 4739
f 4740 4741 4755
f 4742 4743 4755
f 4741 4742 4755
f 4743 4744 4755
f 4744 4745 4757
f 4745 4746 4757
f 4746 4747 4757
f 4747 4748 4757
f 4748 4752 4757
f 4731 4760 4753
f 4752 4753 4760
f 4712 4756 4732
f 4732 4756 4762
f 4731 4753 4751
f 4731 4734 4760
f 4744 4757 4755
f 4752 4760 4757
f 4755 4757 4758
f 4757 4759 4758
f 4757 4760 4759
f 4734 4763 4760
f 4759 4760 4761
f 4760 4775 4761
f 4760 4763 4775
f 4732 4762 4735
f 4713 4836 4737
f 4740 4839 4741
f 4738 4838 4740
f 4741 4840 4742
f 4742 4840 4743
f 4743 4841 4744
f 4744 4842 4745
f 4738 4739 4837
f 4737 4837 4739
f 4745 4844 4746
f 4746 4844 4747
f 4747 4843 4748
f 4749 4750 4872
f 4750 4751 4873
f 4751 4753 4874
f 4748 4875 4752
f 4752 4874 4753
f 4734 4771 4764
f 4734 4764 4763
f 4755 4758 4894
f 4709 4782 4776
f 4709 4776 4777
f 4709 4777 4778
f 4709 4778 4779
f 4724 4781 4782
f 4732 4765 4785
f 4712 4787 4789
f 4713 4797 4836
f 4715 4790 4792
f 4720 4792 4791
f 4717 4793 4790
f 4716 4794 4793
f 4718 4795 4794
f 4727 4819 4795
f 4721 4791 4796
f 4723 4796 4797
f 4733 4766 4813
f 4724 4812 4781
f 4766 4774 4827
f 4726 4789 4817
f 4728 4820 4819
f 4729 4821 4820
f 4749 4872 4821
f 4734 4824 4771
f 4731 4817 4822
f 4709 4779 4780
f 4732 4785 4786
f 4732 4786 4787
f 4765 4767 4783
f 4765 4783 4788
f 4765 4784 4785
f 4765 4788 4784
f 4733 4813 4812
f 4766 4814 4813
f 4734 4822 4823
f 4734 4823 4824
f 4766 4815 4814
f 4766 4816 4815
f 4766 4827 4816
f 4771 4824 4825
f 4771 4825 4826
f 4735 4768 4769
f 4735 4769 4767
f 4736 4762 4906
f 4767 4769 4770
f 4736 4906 4768
f 4767 4770 4834
f 4768 4917 4769
f 4735 4767 4765
f 4737 4836 4837
f 4738 4837 4838
f 4740 4838 4839
f 4741 4839 4840
f 4743 4840 4841
f 4744 4841 4842
f 4745 4842 4844
f 4748 4843 4875
f 4747 4844 4843
f 4750 4873 4872
f 4751 4874 4873
f 4752 4875 4874
f 4754 4912 4756
f 4754 4755 4912
f 4758 4759 4894
f 4759 4761 4894
f 4756 4913 4762
f 4761 4775 4900
f 4763 4900 4775
f 4764 4771 4772
f 4767 4834 4783
f 4771 4876 4772
f 4771 4826 4876
f 4763 4764 4916
f 4764 4772 4916
f 4772 4876 4887
f 4710 4961 4774
f 4710 4962 4961
f 4774 4961 4827
f 4703 5383 4704
f 4704 5384 4705
f 4705 5385 4706
f 1760 4695 2881
f 4776 4782 4786
f 4781 4787 4782
f 4776 4785 4777
f 4777 4784 4778
f 4778 4788 4779
f 4779 4798 4780
f 4782 4787 4786
f 4776 4786 4785
f 4781 4805 4787
f 4777 4785 4784
f 4787 4805 4806
f 4787 4806 4789
f 4778 4784 4788
f 4783 4798 4788
f 4783 4799 4798
f 4789 4792 4790
f 4789 4791 4792
f 4789 4790 4793
f 4789 4793 4794
f 4789 4794 4795
f 4789 4796 4791
f 4779 4788 4798
f 4780 4798 4799
f 4783 4832 4799
f 4781 4801 4800
f 4781 4800 4805
f 4781 4802 4801
f 4781 4803 4802
f 4781 4804 4803
f 4781 4812 4804
f 4804 4812 4807
f 4807 4812 4808
f 4808 4812 4809
f 4809 4812 4810
f 4810 4812 4811
f 4812 4813 4823
f 4813 4814 4824
f 4814 4815 4825
f 4816 4827 4828
f 4827 4829 4828
f 4789 4795 4817
f 4811 4812 4822
f 4811 4822 4818
f 4817 4818 4822
f 4812 4823 4822
f 4813 4824 4823
f 4814 4825 4824
f 4795 4819 4817
f 4817 4819 4820
f 4817 4820 4821
f 4817 4821 4872
f 4817 4872 4873
f 4817 4873 4874
f 4815 4826 4825
f 4816 4830 4826
f 4826 4830 4876
f 4830 4831 4876
f 4815 4816 4826
f 4827 4833 4829
f 4828 4831 4830
f 4816 4828 4830
f 4828 4829 4831
f 4703 4707 5390
f 4707 4708 5391
f 4708 4709 5392
f 4709 4780 5247
f 4783 4835 4832
f 4783 4834 4835
f 4769 4917 4770
f 4770 4917 4834
f 4768 4906 4917
f 4700 4706 5386
f 4832 4835 4905
f 4834 4935 4835
f 4796 4855 4797
f 4797 4855 4836
f 4836 4855 4837
f 4837 4855 4838
f 4838 4855 4839
f 4839 4855 4858
f 4839 4861 4840
f 4860 4874 4875
f 4840 4863 4841
f 4841 4860 4842
f 4843 4860 4875
f 4843 4844 4860
f 4842 4860 4844
f 4846 4849 4847
f 4846 4848 4851
f 4847 4849 4850
f 4846 4851 4849
f 4849 4851 4850
f 4850 4851 4852
f 4845 4852 4848
f 4848 4852 4851
f 4850 4852 4854
f 4846 4870 4848
f 4845 4848 4870
f 4845 4870 4853
f 4846 4847 4870
f 4845 4854 4852
f 4845 4853 4854
f 4850 4854 4869
f 4853 4869 4854
f 4850 4869 4871
f 4855 4856 4857
f 4839 4858 4859
f 4855 4857 4858
f 4839 4859 4861
f 4840 4861 4862
f 4840 4862 4863
f 4841 4863 4864
f 4841 4864 4865
f 4841 4865 4860
f 4860 4866 4867
f 4860 4865 4866
f 4853 4870 4868
f 4853 4868 4869
f 4868 4871 4869
f 4868 4870 4871
f 4831 4892 4876
f 4847 4850 4878
f 4847 4878 4877
f 4878 4879 4881
f 4878 4880 4879
f 4878 4884 4880
f 4878 4886 4884
f 4877 4878 4881
f 4877 4881 4882
f 4879 4882 4881
f 4877 4882 4883
f 4879 4880 4882
f 4880 4883 4882
f 4877 4883 4885
f 4880 4884 4883
f 4850 4891 4878
f 4878 4889 4886
f 4878 4891 4889
f 4883 4884 4885
f 4877 4885 4888
f 4884 4886 4885
f 4877 4888 4890
f 4885 4886 4888
f 4755 4894 4912
f 4761 4900 4894
f 4762 4913 4906
f 4756 4912 4913
f 4886 4889 4888
f 4888 4889 4890
f 4889 4891 4890
f 4763 4916 4900
f 4772 4887 4940
f 4876 4893 4887
f 4876 4892 4893
f 4834 4917 4935
f 4894 4900 4895
f 4895 4900 4896
f 4896 4900 4897
f 4900 4901 4902
f 4897 4900 4898
f 4900 4902 4903
f 4898 4900 4899
f 4900 4903 4904
f 4899 4900 4904
f 4772 4940 4916
f 4892 4922 4893
f 4799 4832 5180
f 4789 4806 5316
f 4780 4799 5253
f 4832 4905 5180
f 4789 5323 4796
f 4829 4833 5181
f 4800 5325 4805
f 4800 4801 5326
f 4801 4802 5327
f 4802 4803 5328
f 4803 4804 5329
f 4805 5330 4806
f 4804 4807 5332
f 4807 4808 5333
f 4808 4809 5334
f 4809 4810 5335
f 4810 4811 5336
f 4817 5339 4818
f 4811 4818 5339
f 4817 4874 5338
f 4829 5259 4831
f 4835 4935 4905
f 4905 5182 5180
f 4905 5188 5182
f 4796 5360 4855
f 4860 5375 4874
f 4870 5287 4871
f 4847 5378 4870
f 4855 5360 4856
f 4856 5361 4857
f 4857 5362 4858
f 4858 5363 4859
f 4859 5364 4861
f 4861 5366 4862
f 4862 5367 4863
f 4863 5368 4864
f 4864 5369 4865
f 4865 5370 4866
f 4860 4867 5372
f 4866 5371 4867
f 4831 5187 4892
f 4892 5187 4922
f 4847 4877 5299
f 4906 4907 4908
f 4906 4908 4909
f 4894 4895 4912
f 4895 4896 4914
f 4896 4897 4915
f 4900 4916 4901
f 4906 4909 4910
f 4906 4910 4911
f 4906 4913 4907
f 4907 4923 4908
f 4906 4919 4917
f 4906 4921 4919
f 4906 4920 4921
f 4906 4911 4918
f 4906 4918 4920
f 4897 4898 4924
f 4902 4927 4903
f 4901 4926 4902
f 4898 4899 4925
f 4903 4930 4904
f 4899 4904 4932
f 4895 4914 4912
f 4887 4942 4940
f 4850 4871 5300
f 4907 4913 4923
f 4908 4923 4928
f 4909 4928 4929
f 4910 4929 4933
f 4912 4914 4913
f 4913 4914 4923
f 4914 4915 4923
f 4850 5300 4891
f 4877 4890 5299
f 4890 4891 5300
f 4908 4928 4909
f 4909 4929 4910
f 4910 4933 4911
f 4896 4915 4914
f 4901 4916 4926
f 4897 4924 4915
f 4898 4925 4924
f 4902 4926 4927
f 4899 4931 4925
f 4904 4930 4932
f 4899 4932 4931
f 4903 4927 4930
f 4917 4919 4935
f 4911 4936 4918
f 4918 4938 4920
f 4920 4939 4921
f 4919 4921 4937
f 4911 4933 4934
f 4911 4934 4936
f 4919 4937 4935
f 4920 4938 4939
f 4918 4936 4938
f 4921 4939 4937
f 4915 4928 4923
f 4915 4924 4928
f 4924 4925 4929
f 4924 4929 4928
f 4925 4931 4933
f 4925 4933 4929
f 4916 4940 4926
f 4926 4941 4927
f 4927 4948 4930
f 4905 4935 5188
f 4931 4934 4933
f 4930 4949 4932
f 4926 4940 4941
f 4931 4932 4950
f 4927 4941 4948
f 4931 4951 4934
f 4930 4948 4949
f 4932 4949 4950
f 4940 4942 4943
f 4940 4943 4941
f 4941 4944 4948
f 4946 4949 4948
f 4941 4943 4944
f 4944 4946 4948
f 4942 4960 4943
f 4943 4960 4944
f 4945 4949 4946
f 4945 4947 4950
f 4944 4960 4946
f 4945 4946 4960
f 4945 4960 4947
f 4935 4937 5188
f 4931 4950 4951
f 4937 4939 5189
f 4934 5194 4936
f 4936 5193 4938
f 4938 5191 4939
f 4937 5189 5188
f 4939 5190 5189
f 4939 5191 5190
f 4934 4951 5194
f 4938 5193 5191
f 4936 5194 5193
f 4945 4950 4949
f 4947 4951 4950
f 4947 4952 4951
f 4947 4956 4952
f 4947 4960 4956
f 4956 4960 4957
f 4953 4956 4957
f 4954 4957 4958
f 4957 4960 4958
f 4958 4960 4959
f 4952 4956 4953
f 4953 4957 4954
f 4954 4958 4955
f 4955 4959 5192
f 4955 4958 4959
f 4959 4960 5192
f 4960 5227 5192
f 4922 5187 5227
f 4710 5311 4962
f 4827 4961 4833
f 4833 4961 4962
f 4833 4962 5181
f 4962 5311 5181
f 4887 4893 4963
f 4887 4963 4942
f 4893 4964 4963
f 4942 4963 4964
f 4893 4922 4964
f 4922 4965 4964
f 4942 4964 4965
f 4922 4966 4965
f 4942 4965 4960
f 4960 4965 4966
f 4922 5227 4966
f 4960 4966 5227
f 4967 4972 4973
f 4967 4974 4972
f 4967 4973 4968
f 4967 4968 4969
f 4967 4969 4970
f 4967 4970 4971
f 4967 4971 4975
f 4967 4975 5003
f 4975 4976 5003
f 4976 4977 5003
f 4977 4978 4980
f 4978 4979 4980
f 4979 4981 4980
f 4967 5003 5009
f 4977 4980 5003
f 4967 5009 5035
f 4980 4984 4987
f 4980 4981 4982
f 4980 4983 4984
f 4980 4982 4983
f 4967 5035 5037
f 4967 5037 5041
f 4980 5001 5455
f 4702 4988 4986
f 4702 4989 4988
f 4989 4993 4990
f 4702 4993 4989
f 4990 4993 4994
f 4990 4994 4991
f 4991 4994 4992
f 4992 4994 4995
f 4992 4995 4996
f 4996 5001 4997
f 4997 5001 4998
f 4998 5001 4999
f 4987 5000 5001
f 4999 5001 5000
f 4995 5001 4996
f 4995 5128 5001
f 5001 5128 5002
f 5002 5128 5130
f 4995 5019 5128
f 5001 5002 5021
f 5002 5130 5022
f 4980 4987 5001
f 5001 5021 5023
f 5002 5020 5021
f 5002 5022 5020
f 5022 5130 5024
f 4980 5005 5003
f 5003 5005 5004
f 5004 5005 5006
f 5004 5006 5007
f 5003 5004 5010
f 5004 5007 5010
f 5006 5008 5007
f 4980 5048 5005
f 5007 5008 5015
f 5007 5015 5010
f 5008 5016 5015
f 5003 5010 5009
f 5009 5010 5011
f 5009 5011 5013
f 5010 5012 5011
f 5011 5012 5013
f 5012 5014 5013
f 5010 5066 5012
f 5013 5014 5017
f 5014 5018 5017
f 5005 5053 5006
f 5006 5095 5008
f 5010 5015 5032
f 5015 5016 5032
f 4980 5049 5048
f 4980 5051 5049
f 5005 5048 5050
f 5005 5050 5053
f 5009 5039 5035
f 5016 5033 5032
f 5008 5103 5016
f 5009 5013 5061
f 5012 5066 5014
f 5017 5018 5056
f 5009 5061 5039
f 5010 5032 5069
f 5010 5067 5066
f 5010 5069 5067
f 5013 5017 5061
f 5017 5056 5059
f 5014 5068 5018
f 5018 5057 5056
f 3458 4967 5579
f 4968 5580 4969
f 4969 5581 4970
f 4970 5582 4971
f 4972 5584 4973
f 4968 4973 5585
f 4972 4974 5586
f 4974 4985 5586
f 4967 5041 5081
f 4967 5081 5085
f 4967 5085 5097
f 4967 5097 5453
f 4971 5587 4975
f 4975 5587 4976
f 4976 5589 4977
f 4977 5590 4978
f 4978 5591 4979
f 4979 5593 4981
f 4981 5594 4982
f 4982 5595 4983
f 4983 5595 4984
f 4985 4986 5598
f 4987 5599 5000
f 4995 5025 5019
f 4995 5028 5025
f 4995 5030 5028
f 5001 5023 5026
f 5024 5130 5027
f 5001 5026 5029
f 5001 5029 5031
f 4986 4988 5600
f 4988 4989 5601
f 4989 4990 5602
f 4990 4991 5603
f 4991 4992 5604
f 4992 4996 5604
f 4702 5179 4993
f 4993 5605 4994
f 4994 5606 4995
f 4995 5456 5030
f 4996 4997 5609
f 4998 4999 5611
f 4997 4998 5610
f 4999 5000 5612
f 5001 5031 5457
f 5021 5136 5137
f 5019 5023 5137
f 5020 5136 5021
f 5020 5022 5138
f 5021 5137 5023
f 4984 5599 4987
f 5001 5457 5455
f 5019 5025 5026
f 5025 5029 5026
f 5019 5026 5023
f 5025 5028 5029
f 5028 5031 5029
f 5028 5030 5031
f 5030 5457 5031
f 5030 5456 5457
f 4980 5089 5051
f 4980 5093 5089
f 5006 5053 5091
f 5006 5091 5095
f 4980 5101 5093
f 5016 5103 5033
f 5032 5033 5054
f 5035 5036 5037
f 5034 5036 5035
f 5034 5035 5039
f 5034 5039 5038
f 5036 5040 5037
f 5037 5040 5041
f 5038 5039 5043
f 5038 5043 5042
f 4980 5455 5101
f 5008 5095 5103
f 5044 5045 5046
f 5045 5047 5052
f 5045 5052 5046
f 5044 5048 5045
f 5045 5048 5049
f 5044 5050 5048
f 5044 5046 5050
f 5045 5049 5047
f 5047 5049 5051
f 5046 5052 5053
f 5046 5053 5050
f 5039 5065 5043
f 5039 5061 5065
f 5032 5054 5108
f 5033 5055 5054
f 5033 5478 5055
f 5017 5059 5061
f 5014 5066 5068
f 5018 5077 5057
f 5018 5068 5077
f 5056 5057 5076
f 5059 5060 5061
f 5058 5060 5059
f 5058 5074 5060
f 5058 5062 5074
f 5058 5059 5063
f 5058 5063 5062
f 5060 5064 5061
f 5061 5064 5065
f 5060 5074 5064
f 5062 5063 5075
f 5032 5108 5069
f 5066 5067 5071
f 5066 5071 5070
f 5066 5070 5068
f 5068 5070 5072
f 5067 5069 5073
f 5067 5073 5071
f 5068 5072 5077
f 5056 5063 5059
f 5056 5075 5063
f 5056 5076 5075
f 5062 5075 5074
f 5057 5077 5116
f 5057 5116 5079
f 5057 5079 5076
f 5072 5078 5077
f 5040 5080 5041
f 5041 5080 5081
f 5034 5098 5036
f 5034 5038 5098
f 5080 5084 5081
f 5036 5098 5040
f 5042 5043 5083
f 5042 5083 5082
f 5038 5042 5098
f 5082 5083 5087
f 5081 5084 5085
f 5040 5098 5080
f 5084 5096 5085
f 5080 5098 5084
f 5042 5082 5098
f 5082 5087 5086
f 5082 5086 5098
f 5086 5087 5099
f 5047 5090 5052
f 5047 5088 5090
f 5088 5094 5090
f 5047 5051 5088
f 5051 5089 5088
f 5088 5089 5092
f 5052 5091 5053
f 5052 5090 5091
f 5090 5095 5091
f 5033 5103 5478
f 5088 5092 5094
f 5092 5102 5094
f 5089 5093 5092
f 5092 5093 5100
f 5090 5094 5095
f 5094 5103 5095
f 5043 5105 5083
f 5043 5065 5105
f 5083 5105 5107
f 5083 5107 5087
f 5087 5107 5121
f 5054 5055 5483
f 5085 5096 5097
f 5084 5098 5096
f 5086 5099 5098
f 5096 5452 5097
f 5096 5098 5452
f 5097 5452 5453
f 5098 5099 5472
f 5098 5472 5471
f 5092 5100 5102
f 5093 5101 5100
f 5094 5102 5103
f 5100 5477 5102
f 5100 5454 5477
f 5100 5101 5454
f 5101 5455 5454
f 5102 5478 5103
f 5102 5477 5478
f 5087 5121 5099
f 5099 5502 5472
f 5099 5121 5502
f 5055 5478 5484
f 5054 5483 5122
f 5055 5484 5483
f 5064 5104 5065
f 5065 5104 5105
f 5064 5074 5104
f 5074 5106 5104
f 5104 5106 5105
f 5105 5106 5107
f 5074 5120 5106
f 5106 5120 5107
f 5054 5110 5108
f 5069 5109 5073
f 5069 5108 5109
f 5108 5111 5109
f 5054 5122 5110
f 5108 5110 5111
f 5110 5123 5111
f 5074 5075 5113
f 5074 5113 5112
f 5075 5076 5113
f 5112 5113 5115
f 5076 5115 5113
f 5112 5115 5114
f 5076 5125 5115
f 5114 5115 5125
f 5079 5116 5118
f 5077 5078 5116
f 5078 5117 5116
f 5116 5117 5118
f 5079 5118 5126
f 5117 5119 5118
f 5118 5119 5126
f 5076 5079 5511
f 5074 5501 5120
f 5107 5120 5121
f 5074 5112 5557
f 5120 5501 5121
f 5074 5503 5501
f 5112 5114 5557
f 5121 5501 5502
f 5074 5519 5503
f 5110 5122 5123
f 5071 5073 5569
f 5070 5071 5570
f 5070 5572 5072
f 5073 5109 5526
f 5109 5111 5524
f 5072 5571 5078
f 5122 5483 5505
f 5122 5506 5123
f 5111 5123 5508
f 5122 5505 5506
f 5114 5125 5124
f 5076 5511 5125
f 5124 5125 5510
f 5124 5510 5509
f 5125 5511 5510
f 5119 5127 5126
f 5078 5577 5117
f 5079 5126 5516
f 5079 5516 5511
f 5126 5514 5516
f 5126 5127 5514
f 5117 5534 5119
f 5127 5515 5514
f 5119 5532 5127
f 5128 5129 5130
f 5129 5132 5130
f 5129 5131 5132
f 5131 5134 5132
f 5128 5136 5129
f 5131 5133 5134
f 5129 5138 5131
f 5027 5130 5132
f 5131 5139 5133
f 5133 5135 5141
f 5128 5137 5136
f 5019 5137 5128
f 5129 5136 5138
f 5133 5141 5134
f 5132 5134 5145
f 5131 5138 5139
f 5133 5143 5135
f 5133 5139 5143
f 5027 5132 5145
f 5135 5140 5142
f 5020 5138 5136
f 5135 5143 5144
f 5022 5139 5138
f 5022 5024 5139
f 5135 5144 5140
f 5134 5141 5147
f 5135 5142 5141
f 5134 5147 5145
f 5141 5142 5636
f 5024 5143 5139
f 5024 5027 5143
f 5027 5144 5143
f 5140 5144 5146
f 5027 5145 5144
f 5144 5145 5146
f 5145 5147 5146
f 5140 5146 5637
f 5140 5637 5643
f 5146 5147 5635
f 5146 5635 5637
f 5147 5636 5635
f 5141 5636 5147
f 5140 5643 5142
f 5142 5643 5636
f 4672 5148 5149
f 4673 5149 5150
f 4674 5150 5151
f 4675 5153 5152
f 4677 5151 5154
f 4678 5154 5155
f 4679 5155 5156
f 4681 5156 5158
f 4680 5158 5157
f 4676 5157 5153
f 1686 2651 5159
f 2631 4686 5163
f 4683 5159 5160
f 4683 5160 5161
f 4685 5161 5162
f 4685 5162 5164
f 2881 4695 5172
f 4700 5386 5177
f 4688 5164 5165
f 4689 5165 5166
f 4690 5166 5167
f 4691 5167 5168
f 4692 5168 5169
f 4693 5169 5170
f 4693 5170 5171
f 4695 5173 5172
f 4697 5171 5174
f 4698 5174 5175
f 4696 5175 5173
f 4699 5178 5176
f 4702 5176 5179
f 4701 5177 5178
f 2631 5163 5148
f 5148 5161 5149
f 5149 5160 5150
f 5150 5159 5151
f 5151 5159 5154
f 5154 5159 5155
f 5155 5159 5156
f 5153 5157 5159
f 5157 5158 5159
f 5156 5159 5158
f 5152 5153 5159
f 2651 5152 5159
f 5150 5160 5159
f 5149 5161 5160
f 5148 5163 5161
f 4537 5579 5163
f 5163 5579 5586
f 5161 5163 5162
f 5162 5163 5164
f 5172 5177 5386
f 5163 5165 5164
f 5163 5166 5165
f 5163 5167 5166
f 5163 5168 5167
f 5163 5169 5168
f 5163 5586 5597
f 5163 5597 5169
f 5169 5597 5170
f 5170 5597 5171
f 5171 5597 5598
f 5174 5178 5175
f 5173 5175 5178
f 5172 5173 5177
f 5171 5176 5174
f 5173 5178 5177
f 5174 5176 5178
f 5171 5598 5176
f 5176 5598 5179
f 4710 5394 5311
f 4799 5180 5253
f 4829 5181 5259
f 4709 5247 5392
f 4780 5253 5247
f 4806 5331 5316
f 5180 5185 5245
f 4789 5316 5323
f 5180 5245 5253
f 4801 5327 5326
f 4800 5326 5325
f 4802 5328 5327
f 4803 5329 5328
f 4804 5332 5329
f 4805 5325 5330
f 4806 5330 5331
f 4807 5333 5332
f 4808 5334 5333
f 4809 5335 5334
f 4810 5336 5335
f 4831 5259 5261
f 4817 5338 5339
f 4811 5339 5336
f 5181 5246 5259
f 5180 5182 5185
f 5182 5183 5185
f 5182 5184 5183
f 5182 5188 5184
f 5183 5184 5186
f 5184 5226 5186
f 5183 5186 5185
f 5186 5226 5272
f 5185 5186 5272
f 4831 5261 5187
f 5188 5189 5198
f 5189 5190 5199
f 5190 5191 5200
f 5191 5193 5201
f 4951 4952 5207
f 4952 4953 5204
f 4951 5209 5194
f 4953 4954 5205
f 4954 4955 5205
f 4955 5192 5206
f 5193 5194 5221
f 5194 5195 5221
f 5195 5196 5222
f 4951 5207 5209
f 4952 5204 5207
f 4953 5205 5204
f 4955 5206 5205
f 5194 5213 5195
f 5192 5208 5206
f 5184 5188 5198
f 5189 5199 5198
f 5190 5200 5199
f 5191 5201 5200
f 5184 5198 5199
f 5184 5199 5200
f 5193 5221 5201
f 5184 5200 5201
f 5184 5201 5221
f 5192 5227 5244
f 5196 5197 5223
f 5197 5202 5224
f 5202 5203 5225
f 5195 5211 5196
f 5196 5212 5197
f 5194 5209 5213
f 5197 5216 5202
f 5195 5213 5211
f 5202 5217 5203
f 5196 5211 5212
f 5209 5210 5213
f 5197 5212 5216
f 5202 5216 5217
f 5203 5217 5228
f 5210 5218 5213
f 5210 5214 5218
f 5214 5215 5219
f 5214 5219 5218
f 5215 5229 5219
f 5215 5220 5229
f 5195 5222 5221
f 5196 5223 5222
f 5184 5221 5222
f 5184 5222 5223
f 5184 5223 5224
f 5197 5224 5223
f 5202 5225 5224
f 5184 5224 5225
f 5184 5225 5226
f 5203 5226 5225
f 5205 5206 5234
f 5204 5205 5233
f 5204 5236 5207
f 5206 5208 5235
f 5207 5238 5209
f 5209 5238 5210
f 5192 5244 5208
f 5187 5244 5227
f 4796 5323 5360
f 4871 5287 5288
f 4870 5358 5287
f 4856 5360 5361
f 4857 5361 5362
f 4858 5362 5363
f 4859 5363 5364
f 4860 5365 5375
f 4860 5372 5365
f 4861 5364 5366
f 4862 5366 5367
f 4863 5367 5368
f 4864 5368 5369
f 4865 5369 5370
f 4866 5370 5371
f 4867 5371 5372
f 4870 5378 5358
f 4874 5375 5338
f 5187 5274 5244
f 5187 5261 5274
f 5220 5230 5229
f 5230 5231 5232
f 5220 5231 5230
f 4871 5288 5379
f 5217 5277 5228
f 5216 5275 5217
f 4847 5299 5378
f 4890 5300 5299
f 4871 5379 5300
f 5210 5239 5214
f 5214 5240 5215
f 5215 5241 5220
f 5205 5234 5233
f 5204 5233 5236
f 5207 5236 5238
f 5206 5235 5234
f 5208 5237 5235
f 5211 5278 5212
f 5211 5213 5280
f 5212 5279 5216
f 5213 5218 5280
f 5218 5219 5281
f 5219 5229 5282
f 5220 5242 5231
f 5229 5230 5283
f 5210 5238 5239
f 5214 5239 5240
f 5215 5240 5241
f 5203 5347 5226
f 5216 5279 5275
f 5217 5275 5277
f 5212 5278 5279
f 5211 5280 5278
f 5218 5281 5280
f 5219 5282 5281
f 5230 5232 5284
f 5220 5241 5242
f 5231 5242 5243
f 5233 5234 5243
f 5234 5235 5243
f 5233 5243 5236
f 5236 5243 5238
f 5235 5237 5243
f 5238 5243 5239
f 5239 5243 5240
f 5228 5277 5276
f 5229 5283 5282
f 5230 5284 5283
f 5232 5285 5284
f 5240 5243 5241
f 5241 5243 5242
f 5208 5244 5286
f 4704 5383 5384
f 4705 5384 5385
f 4706 5385 5386
f 4703 5390 5383
f 4707 5391 5390
f 4708 5392 5391
f 5245 5271 5314
f 5247 5253 5248
f 5248 5254 5249
f 5249 5255 5250
f 5250 5256 5251
f 5251 5257 5252
f 5252 5258 5313
f 5245 5314 5253
f 5248 5253 5254
f 5249 5254 5255
f 5250 5255 5256
f 5253 5314 5254
f 5254 5314 5255
f 5251 5256 5257
f 5252 5257 5258
f 5258 5315 5313
f 5246 5344 5259
f 5259 5262 5261
f 5260 5267 5262
f 5259 5260 5262
f 5266 5337 5343
f 5259 5344 5260
f 5260 5344 5263
f 5264 5265 5270
f 5265 5266 5269
f 5263 5268 5267
f 5261 5262 5377
f 5262 5267 5377
f 5264 5270 5268
f 5265 5269 5270
f 5266 5343 5269
f 5260 5263 5267
f 5263 5264 5268
f 5185 5271 5245
f 5185 5272 5271
f 5226 5273 5272
f 5271 5272 5273
f 5226 5347 5273
f 5271 5347 5314
f 5203 5348 5347
f 5271 5273 5347
f 5274 5377 5286
f 5203 5228 5348
f 5276 5279 5278
f 5275 5279 5276
f 5275 5276 5277
f 5276 5278 5280
f 5276 5280 5281
f 5276 5281 5282
f 5276 5282 5283
f 5276 5283 5284
f 5276 5284 5285
f 5208 5380 5237
f 5208 5286 5380
f 5244 5274 5286
f 5287 5291 5289
f 5287 5290 5288
f 5287 5289 5290
f 5289 5292 5290
f 5288 5290 5292
f 5287 5293 5291
f 5287 5295 5293
f 5287 5296 5295
f 5289 5291 5292
f 5288 5292 5294
f 5288 5294 5297
f 5291 5294 5292
f 5291 5293 5294
f 5287 5358 5296
f 5288 5297 5298
f 5288 5298 5359
f 5293 5295 5297
f 5293 5297 5294
f 5295 5296 5298
f 5296 5358 5359
f 5295 5298 5297
f 5296 5359 5298
f 5261 5377 5274
f 5231 5444 5232
f 5228 5276 5419
f 5299 5300 5301
f 5300 5302 5301
f 5301 5302 5303
f 5300 5304 5302
f 5231 5243 5420
f 5288 5359 5379
f 5300 5306 5305
f 5300 5379 5306
f 5299 5301 5378
f 5302 5304 5303
f 5300 5308 5304
f 5300 5305 5308
f 5301 5303 5378
f 5303 5304 5307
f 5304 5308 5307
f 5306 5379 5378
f 5303 5307 5378
f 5307 5308 5309
f 5305 5309 5308
f 5307 5309 5378
f 5305 5310 5309
f 5309 5310 5378
f 5306 5378 5310
f 5305 5306 5310
f 5276 5285 5417
f 5232 5440 5285
f 5286 5377 5380
f 5181 5311 5246
f 5246 5311 5312
f 5246 5312 5344
f 5311 5394 5312
f 5312 5445 5344
f 5237 5450 5243
f 5237 5380 5448
f 5237 5448 5449
f 5247 5248 5392
f 5313 5315 5330
f 5315 5331 5330
f 5315 5316 5331
f 5255 5314 5345
f 5255 5345 5256
f 5256 5345 5257
f 5316 5317 5319
f 5316 5319 5318
f 5316 5320 5317
f 5316 5321 5320
f 5316 5322 5321
f 5316 5318 5323
f 5257 5387 5258
f 5258 5387 5315
f 5314 5348 5345
f 5313 5325 5326
f 5313 5330 5325
f 5313 5326 5327
f 5313 5327 5328
f 5313 5328 5329
f 5313 5329 5337
f 5329 5332 5337
f 5332 5333 5337
f 5333 5334 5337
f 5334 5335 5337
f 5335 5336 5337
f 5263 5346 5264
f 5264 5346 5265
f 5263 5344 5346
f 5316 5338 5322
f 5336 5343 5337
f 5336 5339 5343
f 5338 5343 5339
f 5322 5338 5340
f 5338 5341 5340
f 5338 5342 5341
f 5338 5373 5342
f 5338 5374 5373
f 5338 5375 5374
f 5267 5268 5381
f 5268 5270 5381
f 5344 5445 5346
f 5265 5346 5266
f 5266 5388 5337
f 5269 5389 5270
f 5269 5343 5389
f 5248 5249 5392
f 5249 5250 5392
f 5250 5251 5392
f 5251 5252 5392
f 5252 5313 5408
f 5315 5395 5316
f 5257 5345 5387
f 5324 5396 5349
f 5317 5402 5319
f 5318 5319 5397
f 5317 5320 5403
f 5320 5321 5404
f 5321 5322 5405
f 5322 5340 5411
f 5318 5398 5323
f 5323 5400 5324
f 5313 5337 5408
f 5338 5409 5343
f 5316 5410 5338
f 5342 5373 5437
f 5340 5341 5414
f 5341 5342 5413
f 5270 5389 5381
f 5266 5346 5388
f 5314 5347 5348
f 5323 5324 5360
f 5324 5349 5360
f 5349 5350 5360
f 5350 5351 5360
f 5351 5352 5360
f 5352 5363 5360
f 5352 5353 5366
f 5365 5376 5375
f 5353 5354 5368
f 5354 5355 5365
f 5356 5365 5357
f 5356 5376 5365
f 5355 5357 5365
f 5360 5362 5361
f 5352 5364 5363
f 5360 5363 5362
f 5352 5366 5364
f 5353 5367 5366
f 5353 5368 5367
f 5354 5369 5368
f 5354 5370 5369
f 5354 5365 5370
f 5365 5372 5371
f 5365 5371 5370
f 5267 5381 5377
f 5377 5381 5382
f 5228 5415 5348
f 5358 5378 5359
f 5359 5378 5379
f 5228 5419 5415
f 5377 5382 5380
f 5349 5421 5350
f 5350 5424 5351
f 5351 5425 5352
f 5352 5426 5353
f 5353 5428 5354
f 5356 5422 5376
f 5356 5357 5429
f 5354 5432 5355
f 5355 5431 5357
f 5345 5348 5415
f 5373 5374 5433
f 5374 5375 5434
f 5375 5376 5436
f 5276 5416 5419
f 5276 5417 5416
f 5231 5420 5444
f 5243 5451 5420
f 5382 5418 5449
f 5232 5443 5440
f 5285 5441 5417
f 5232 5444 5443
f 5285 5442 5441
f 5381 5418 5382
f 2881 5385 5384
f 2881 5386 5385
f 2881 5384 5383
f 5252 5408 5392
f 5394 5447 5446
f 5388 5446 5447
f 5315 5387 5395
f 5345 5415 5387
f 5316 5395 5410
f 5317 5401 5402
f 5317 5403 5401
f 5318 5397 5398
f 5319 5402 5397
f 5323 5398 5399
f 5323 5399 5400
f 5324 5400 5396
f 5320 5404 5403
f 5321 5405 5404
f 5322 5406 5405
f 5322 5411 5406
f 5346 5446 5388
f 5337 5388 5407
f 5343 5409 5389
f 5337 5407 5408
f 5338 5410 5409
f 5342 5412 5413
f 5342 5437 5412
f 5340 5414 5411
f 5341 5413 5414
f 5388 5447 5407
f 5393 5407 5447
f 5393 5447 5394
f 5393 5394 5408
f 5392 5408 5394
f 5393 5408 5407
f 5395 5398 5397
f 5395 5397 5402
f 5395 5402 5401
f 5395 5401 5403
f 5395 5403 5410
f 5403 5404 5410
f 5404 5405 5410
f 5395 5399 5398
f 5405 5406 5410
f 5409 5433 5434
f 5409 5413 5412
f 5409 5412 5437
f 5409 5437 5433
f 5409 5410 5413
f 5406 5411 5410
f 5410 5411 5414
f 5410 5414 5413
f 2881 5172 5386
f 5387 5415 5419
f 5349 5396 5421
f 5350 5421 5423
f 5350 5423 5424
f 5357 5431 5430
f 5356 5429 5422
f 5357 5430 5429
f 5351 5424 5425
f 5352 5425 5426
f 5353 5426 5427
f 5353 5427 5428
f 5354 5428 5432
f 5355 5432 5431
f 5381 5389 5418
f 5375 5435 5434
f 5373 5433 5437
f 5374 5434 5433
f 5375 5436 5435
f 5376 5422 5436
f 5285 5440 5442
f 5389 5420 5418
f 5418 5420 5451
f 5387 5438 5395
f 5387 5419 5438
f 5395 5438 5399
f 5399 5438 5400
f 5396 5400 5439
f 5396 5439 5421
f 5421 5439 5423
f 5400 5438 5439
f 5425 5439 5440
f 5409 5435 5444
f 5435 5436 5444
f 5423 5439 5424
f 5424 5439 5425
f 5425 5440 5426
f 5426 5440 5427
f 5427 5440 5428
f 5428 5440 5432
f 5422 5443 5436
f 5429 5430 5443
f 5430 5431 5443
f 5431 5432 5443
f 5422 5429 5443
f 5389 5409 5444
f 5409 5434 5435
f 5416 5438 5419
f 5416 5417 5438
f 5389 5444 5420
f 5417 5441 5438
f 5438 5441 5439
f 5439 5442 5440
f 5436 5443 5444
f 5432 5440 5443
f 5439 5441 5442
f 5312 5394 5445
f 5346 5445 5446
f 5394 5446 5445
f 5237 5449 5450
f 5380 5382 5448
f 5243 5450 5451
f 5382 5449 5448
f 5418 5450 5449
f 5418 5451 5450
f 4967 5453 5579
f 4968 5585 5580
f 4969 5580 5581
f 4970 5581 5582
f 4971 5582 5583
f 4971 5583 5587
f 4973 5584 5585
f 4972 5586 5584
f 5453 5474 5579
f 4976 5587 5588
f 4976 5588 5589
f 4977 5589 5590
f 4978 5590 5591
f 5474 5486 5579
f 5486 5490 5579
f 5490 5536 5579
f 4984 5596 5599
f 4979 5591 5593
f 4981 5593 5594
f 4982 5594 5595
f 4984 5595 5596
f 5455 5457 5592
f 4995 5607 5456
f 5456 5459 5457
f 5456 5458 5459
f 5458 5461 5459
f 5458 5460 5461
f 5460 5463 5461
f 5460 5462 5463
f 5462 5466 5463
f 5462 5465 5466
f 4985 5597 5586
f 4985 5598 5597
f 4986 5600 5598
f 4988 5601 5600
f 4989 5602 5601
f 4990 5603 5602
f 4991 5604 5603
f 4993 5179 5605
f 4994 5605 5606
f 4995 5606 5607
f 5456 5607 5458
f 4996 5608 5604
f 4996 5609 5608
f 4997 5610 5609
f 4998 5611 5610
f 4999 5612 5611
f 5000 5599 5612
f 5465 5645 5468
f 5470 5645 5646
f 5465 5468 5466
f 5467 5469 5647
f 5468 5645 5470
f 5469 5470 5646
f 5457 5459 5613
f 5458 5607 5460
f 5460 5607 5462
f 5462 5607 5465
f 5459 5461 5613
f 5461 5463 5613
f 5463 5466 5613
f 5464 5657 5467
f 5098 5473 5452
f 5452 5473 5453
f 5098 5471 5473
f 5453 5473 5474
f 5471 5475 5473
f 5471 5472 5476
f 5471 5476 5475
f 5473 5485 5474
f 5473 5475 5485
f 5475 5476 5488
f 5454 5481 5477
f 5454 5479 5481
f 5454 5455 5479
f 5455 5480 5479
f 5477 5482 5478
f 5477 5481 5482
f 5479 5495 5481
f 5479 5480 5493
f 5481 5496 5482
f 5472 5502 5476
f 5476 5502 5504
f 5476 5504 5488
f 5478 5556 5484
f 5483 5555 5507
f 5483 5484 5555
f 5474 5485 5486
f 5475 5489 5485
f 5485 5489 5486
f 5475 5535 5489
f 5475 5488 5487
f 5487 5488 5492
f 5475 5487 5537
f 5486 5489 5490
f 5475 5537 5535
f 5487 5491 5537
f 5489 5535 5490
f 5490 5535 5536
f 5487 5492 5491
f 5491 5492 5544
f 5491 5544 5543
f 5479 5493 5495
f 5493 5499 5495
f 5480 5494 5493
f 5493 5494 5497
f 5481 5495 5496
f 5495 5500 5496
f 5493 5497 5499
f 5497 5553 5499
f 5497 5545 5553
f 5494 5498 5497
f 5497 5498 5545
f 5498 5549 5545
f 5495 5499 5500
f 5478 5482 5616
f 5499 5554 5500
f 5499 5553 5554
f 5488 5520 5492
f 5488 5504 5520
f 5492 5522 5544
f 5492 5520 5522
f 5522 5558 5544
f 5484 5556 5555
f 5501 5503 5502
f 5074 5521 5519
f 5502 5503 5504
f 5074 5557 5521
f 5503 5519 5504
f 5483 5507 5505
f 5505 5508 5506
f 5123 5506 5508
f 5111 5508 5524
f 5505 5507 5508
f 5109 5524 5526
f 5073 5526 5569
f 5071 5569 5570
f 5507 5524 5508
f 5070 5570 5572
f 5072 5572 5571
f 5114 5124 5557
f 5509 5510 5513
f 5510 5511 5513
f 5124 5509 5573
f 5509 5513 5512
f 5509 5512 5529
f 5512 5513 5528
f 5511 5575 5513
f 5514 5517 5516
f 5514 5515 5517
f 5127 5518 5515
f 5515 5518 5517
f 5127 5532 5518
f 5119 5534 5532
f 5117 5577 5534
f 5517 5518 5531
f 5078 5571 5577
f 5511 5516 5575
f 5516 5517 5578
f 5504 5519 5520
f 5519 5521 5520
f 5124 5559 5557
f 5124 5563 5559
f 5124 5561 5563
f 5520 5521 5522
f 5521 5557 5522
f 5522 5557 5558
f 5507 5555 5523
f 5507 5523 5524
f 5523 5526 5524
f 5523 5555 5525
f 5523 5525 5526
f 5525 5569 5526
f 5525 5565 5569
f 5512 5528 5527
f 5512 5527 5529
f 5124 5573 5561
f 5509 5529 5573
f 5527 5528 5530
f 5513 5575 5528
f 5527 5530 5529
f 5528 5575 5530
f 5529 5530 5574
f 5529 5574 5573
f 5530 5575 5574
f 5517 5531 5578
f 5518 5532 5531
f 5531 5532 5533
f 5516 5578 5575
f 5531 5533 5578
f 5532 5534 5533
f 5533 5534 5576
f 5534 5577 5576
f 5535 5537 5536
f 5536 5537 5538
f 5491 5543 5541
f 5491 5541 5537
f 5540 5543 5544
f 5539 5543 5540
f 5537 5541 5538
f 5538 5541 5542
f 5539 5542 5541
f 5539 5541 5543
f 5539 5540 5542
f 5545 5547 5553
f 5545 5546 5547
f 5546 5548 5547
f 5545 5549 5546
f 5546 5549 5550
f 5547 5551 5553
f 5551 5554 5553
f 5546 5550 5548
f 5547 5548 5552
f 5548 5550 5552
f 5547 5552 5551
f 5455 5592 5480
f 5482 5496 5624
f 5540 5544 5558
f 5540 5558 5560
f 5478 5616 5556
f 5525 5555 5615
f 5555 5556 5615
f 5480 5592 5494
f 5494 5592 5498
f 5498 5592 5549
f 5496 5500 5627
f 5500 5554 5627
f 5482 5618 5616
f 5556 5616 5615
f 5557 5559 5558
f 5558 5559 5560
f 5561 5573 5562
f 5559 5563 5560
f 5560 5563 5564
f 5561 5564 5563
f 5561 5562 5564
f 5565 5566 5570
f 5565 5570 5569
f 5567 5577 5571
f 5566 5568 5572
f 5566 5572 5570
f 5567 5571 5568
f 5568 5571 5572
f 5525 5615 5565
f 5562 5573 5574
f 5562 5619 5564
f 5562 5574 5619
f 5574 5575 5619
f 5567 5576 5577
f 5533 5576 5620
f 5533 5620 5578
f 5575 5578 5619
f 5560 5564 5621
f 5567 5622 5576
f 5578 5620 5619
f 5567 5568 5630
f 5576 5622 5620
f 5536 5538 5579
f 5538 5542 5579
f 5579 5585 5584
f 5579 5584 5586
f 5579 5580 5585
f 5579 5581 5580
f 5579 5582 5581
f 5579 5583 5582
f 5579 5587 5583
f 5542 5631 5579
f 5579 5626 5587
f 5587 5626 5588
f 5588 5626 5589
f 5589 5592 5590
f 5590 5592 5591
f 5591 5592 5593
f 5579 5631 5626
f 5589 5626 5592
f 5592 5599 5596
f 5592 5594 5593
f 5592 5596 5595
f 5592 5595 5594
f 5466 5468 5613
f 5467 5657 5469
f 5468 5470 5614
f 5469 5614 5470
f 5457 5613 5592
f 5465 5607 5656
f 5468 5614 5613
f 5469 5657 5614
f 5179 5598 5600
f 5179 5600 5601
f 5601 5602 5605
f 5179 5601 5605
f 5602 5606 5605
f 5602 5603 5606
f 5603 5604 5606
f 5604 5607 5606
f 5604 5608 5607
f 5608 5609 5613
f 5609 5610 5613
f 5610 5611 5613
f 5599 5613 5612
f 5611 5612 5613
f 5607 5608 5613
f 5607 5613 5656
f 5613 5614 5656
f 5592 5613 5599
f 5549 5592 5550
f 5550 5592 5552
f 5551 5552 5628
f 5551 5628 5554
f 5540 5631 5542
f 5482 5624 5618
f 5615 5616 5617
f 5496 5627 5624
f 5554 5628 5627
f 5616 5618 5617
f 5615 5617 5632
f 5540 5560 5631
f 5565 5632 5566
f 5566 5632 5568
f 5565 5615 5632
f 5564 5619 5621
f 5560 5621 5629
f 5567 5630 5622
f 5619 5620 5621
f 5560 5629 5631
f 5620 5622 5621
f 5568 5634 5630
f 5552 5592 5628
f 5617 5618 5623
f 5618 5624 5623
f 5617 5623 5632
f 5624 5627 5625
f 5592 5626 5628
f 5626 5627 5628
f 5625 5627 5626
f 5623 5624 5625
f 5625 5626 5632
f 5623 5625 5632
f 5568 5632 5634
f 5621 5622 5629
f 5622 5630 5629
f 5626 5631 5632
f 5631 5634 5632
f 5629 5633 5631
f 5629 5630 5633
f 5630 5634 5633
f 5631 5633 5634
f 5635 5636 5638
f 5635 5638 5637
f 5636 5639 5638
f 5638 5639 5640
f 5637 5638 5648
f 5638 5640 5648
f 5639 5641 5640
f 5640 5641 5642
f 5637 5648 5649
f 5464 5642 5641
f 5464 5644 5642
f 5464 5467 5644
f 5636 5643 5649
f 5637 5649 5643
f 5636 5652 5639
f 5467 5647 5644
f 5469 5646 5647
f 5640 5642 5650
f 5640 5650 5648
f 5642 5644 5651
f 5464 5641 5658
f 5648 5650 5652
f 5644 5647 5654
f 5642 5651 5650
f 5636 5649 5652
f 5639 5653 5641
f 5648 5652 5649
f 5639 5652 5653
f 5465 5656 5645
f 5645 5656 5646
f 5646 5655 5647
f 5644 5654 5651
f 5464 5658 5657
f 5650 5651 5653
f 5647 5655 5654
f 5641 5653 5658
f 5650 5653 5652
f 5646 5656 5655
f 5651 5658 5653
f 5651 5654 5658
f 5654 5657 5658
f 5654 5655 5657
f 5614 5655 5656
f 5614 5657 5655
f 1705 1706 1704
f 1703 1704 1706
f 1707 1708 1703
f 1710 1711 1709
f 1713 1717 1714
f 1713 1715 1717
f 1720 1721 1719
f 1709 1788 1706
f 1703 1706 1788
f 1718 1737 1715
f 1707 1790 1716
f 1712 1791 1711
f 1717 1715 1739
f 1725 1736 1726
f 1720 1719 1801
f 1707 1703 1813
f 1723 1742 1728
f 1738 1788 1709
f 2697 1709 1711
f 1814 1738 1709
f 1731 1732 1730
f 1734 1735 1733
f 1733 1727 1736
f 1734 1733 1736
f 1720 2697 1725
f 1703 1788 1813
f 1728 1742 1803
f 1742 1744 1803
f 1707 1809 1790
f 1707 1813 1817
f 2697 1715 1737
f 2697 1739 1715
f 1789 1728 1802
f 1742 1743 1744
f 1744 1745 1807
f 1746 1822 1823
f 1734 1858 1729
f 1858 1730 1729
f 1731 1730 1858
f 1731 1853 1785
f 1853 1786 1785
f 2697 1711 1791
f 1793 1802 1728
f 1793 1728 1803
f 1740 1819 1737
f 1740 1789 1804
f 1803 1744 1805
f 1744 1807 1805
f 1806 1807 1745
f 1725 2697 1736
f 1707 1817 2697
f 1707 2697 1809
f 1720 1801 2697
f 2697 1814 1709
f 1789 1802 1804
f 1794 1795 1787
f 1853 1787 1786
f 1734 1811 1858
f 1734 1736 2697
f 1731 1858 1853
f 1734 1865 1811
f 1787 1853 1794
f 1801 1790 1808
f 1809 1808 1790
f 1740 1804 1819
f 2697 1792 1739
f 1818 1803 1805
f 1806 1746 1862
f 1861 1862 1746
f 1812 1801 1808
f 1734 2697 1865
f 2697 1737 1819
f 2697 1791 1792
f 1806 1745 1746
f 1746 1823 1861
f 1824 1825 1872
f 1825 1827 1883
f 1883 1884 1825
f 1851 1852 1850
f 1794 1853 1877
f 1794 2697 1850
f 2697 1801 1812
f 2697 1815 1814
f 2697 1817 1816
f 2697 1816 1815
f 1872 1825 1870
f 1794 1877 2697
f 2697 1810 1809
f 2697 1812 1810
f 2697 1819 1820
f 2697 1820 1859
f 2697 1859 1860
f 2697 1860 1863
f 2697 1863 1864
f 2697 1864 1867
f 1850 2697 1851
f 1851 2697 1873
f 2697 1866 1865
f 2697 1876 1866
f 2697 1877 1876
f 2697 1867 1868
f 2697 1868 1869
f 2697 1869 1871
f 2697 1871 1878
f 2697 1878 1879
f 2697 1879 1881
f 2697 1881 1882
f 2697 1882 2698
f 1888 2704 2703
f 1825 1884 1870
f 1827 1885 1883
f 1883 1885 1880
f 1886 1880 1885
f 1888 1887 2733
f 2690 2694 2691
f 1873 2697 2690
f 2697 2694 2690
f 2697 2705 2696
f 2697 2696 2694
f 2697 2708 2705
f 2697 2698 2699
f 2697 2699 2700
f 2697 2700 2710
f 2697 2710 2711
f 2697 2711 2712
f 2696 2707 2694
f 2697 2718 2709
f 2697 2719 2718
f 2697 2720 2719
f 2697 2721 2720
f 2697 2722 2721
f 2697 2712 2713
f 2723 2697 2713
f 2723 2725 2697
f 2697 2725 2727
f 2704 2735 2701
f 2702 2701 2735
f 2754 2753 2694
f 2754 2694 2707
f 2755 2706 2708
f 2755 2707 2706
f 2754 2707 2755
f 2697 2755 2708
f 2697 2709 2755
f 2697 2727 2728
f 2697 2728 2729
f 2697 2729 2730
f 2697 2770 2764
f 2697 2730 2766
f 2697 2766 2768
f 2697 2768 2767
f 2697 2767 2769
f 2697 2771 2770
f 2697 2772 2771
f 2697 2773 2772
f 2697 2774 2773
f 2697 2776 2775
f 2697 2777 2776
f 2697 2778 2777
f 2697 2779 2778
f 2697 2781 2779
f 2726 2724 2795
f 1888 2734 2704
f 1888 2733 2734
f 2704 2734 2735
f 2702 2735 2736
f 2737 2796 2724
f 2755 2756 2754
f 2755 2709 2757
f 2785 2757 2763
f 2755 2757 2785
f 2697 2813 2722
f 2785 2786 2755
f 2785 2763 2787
f 2722 2811 2810
f 2697 2818 2813
f 2763 2788 2787
f 2813 2811 2722
f 2697 2835 2818
f 2697 2764 2848
f 2697 2769 2850
f 2697 2817 2816
f 2697 2858 2774
f 2697 2775 2858
f 2697 2865 2781
f 2769 2780 2826
f 2822 2782 2783
f 2697 2816 2824
f 2780 2790 2826
f 2784 2830 2783
f 2724 2796 2795
f 2737 2794 2796
f 2796 2797 2795
f 2798 2795 2797
f 2813 2812 2811
f 2813 2814 2812
f 2848 2764 2765
f 2697 2837 2835
f 2852 2765 2789
f 2697 2851 2817
f 2822 2783 2830
f 2697 2844 2837
f 2697 2848 2844
f 2854 2789 2791
f 2791 2774 2858
f 2697 2824 2864
f 2815 2858 2775
f 2697 2850 2851
f 2826 2790 2825
f 2769 2826 2840
f 2821 2825 2790
f 2813 2818 2819
f 2835 2820 2818
f 2835 2836 2820
f 2697 2864 2865
f 2769 2840 2850
f 2822 2833 2823
f 2848 2765 2852
f 2784 2829 2830
f 2822 2830 2832
f 2822 2832 2833
f 2837 2838 2835
f 2844 2845 2837
f 2852 2789 2854
f 2854 2791 2857
f 2791 2858 2857
f 2781 2865 2866
f 2815 2839 2858
f 2860 2817 2851
f 2840 2842 2850
f 2848 2849 2844
f 2824 2863 2864
f 2852 2853 2848
f 2854 2855 2852
f 2856 2854 2857
f 2839 2861 2858
f 993 1000 992
f 994 1006 995
f 1907 996 995
f 1907 997 996
f 1907 993 999
f 1907 1000 993
f 1907 999 1005
f 1907 998 997
f 1907 995 1006
f 1907 1001 998
f 1907 1006 1000
f 1907 1002 1001
f 1907 1007 1002
f 1907 1005 1120
f 1907 1008 1007
f 1907 1009 1008
f 1907 1120 1121
f 1907 1132 1009
f 1907 1133 1132
f 1907 1134 1133
f 1907 1159 1134
f 1907 1121 1906
f 1907 1160 1159
f 1907 1922 1160
f 1907 1906 1936
f 1907 1923 1922
f 1907 1924 1923
f 1907 1948 1924
f 1907 1949 1948
f 1907 1936 2055
f 1907 2056 1937
f 1907 1950 1949
f 1907 2059 1950
f 1907 2055 2057
f 1907 2064 2056
f 1907 1937 2071
f 1907 2060 2059
f 1907 2058 2060
f 1907 2057 2064
f 1907 2065 2058
f 1907 2066 2065
f 1907 2073 2069
f 1907 2069 2066
f 1907 2071 2073
f 2067 2056 2064
f 2067 2068 2056
f 1937 2070 2071
f 2072 2071 2070
f 3531 3699 3529
f 3533 3534 3545
f 4453 3530 3529
f 4453 3528 3530
f 4453 3535 3532
f 4453 3532 3528
f 4453 3536 3535
f 4453 3543 3536
f 4453 3545 3534
f 4453 3534 3537
f 4453 3537 3544
f 4453 3541 3543
f 4453 3542 3541
f 4453 3529 3699
f 4453 3544 3697
f 4453 3684 3542
f 4453 3685 3684
f 4453 3698 3545
f 4453 3697 3700
f 4453 3686 3685
f 4453 3699 3698
f 4453 3713 3686
f 4453 3714 3713
f 4453 4436 3714
f 4453 3700 4454
f 4453 4437 4436
f 4453 4438 4437
f 4453 4454 4486
f 4453 4472 4438
f 4453 4473 4472
f 4453 4474 4473
f 4453 4651 4485
f 4453 4649 4474
f 4453 4486 4652
f 4453 4650 4649
f 4453 4485 4663
f 4453 4653 4650
f 4453 4652 4654
f 4453 4660 4651
f 4453 4658 4653
f 4453 4659 4658
f 4453 4661 4659
f 4453 4662 4661
f 4453 4654 4660
f 4453 4663 4662
f 4485 4665 4663
f 4666 4651 4660
f 4666 4667 4651
f 4664 4663 4665
f 2902 2901 2939
f 2902 2940 2903
f 2909 2908 2962
f 2909 2962 2910
f 2917 2916 2941
f 2917 2941 2918
f 2914 2915 2938
f 2915 2932 3002
f 2932 2933 3002
f 2936 2994 2935
f 2956 2920 2919
f 2902 2939 3748
f 2902 3748 2940
f 3748 2939 2920
f 3748 2938 2915
f 3748 2920 2956
f 3748 2944 2942
f 2943 2970 2971
f 2994 2995 2935
f 3000 2935 2995
f 2996 2997 2995
f 2998 2999 2997
f 2999 3010 2997
f 3748 2945 2938
f 3748 2915 3002
f 3748 2946 2940
f 3748 2947 2945
f 3748 2949 2947
f 3748 2951 2952
f 3748 2948 2951
f 3748 2952 2954
f 3748 2954 2953
f 3748 2953 2950
f 3748 2955 2948
f 3748 2957 2955
f 3748 2956 2957
f 3748 2963 2946
f 3748 2970 2944
f 3748 2971 2970
f 3748 2942 2966
f 3748 2972 2971
f 3748 2959 2949
f 3748 2958 2960
f 3748 2950 2958
f 3748 2961 2959
f 3748 2960 2961
f 3748 2964 2963
f 3748 2967 2964
f 3748 2968 2967
f 3748 2965 2968
f 3748 2969 2965
f 3748 2966 2969
f 3748 3008 2978
f 3748 2978 2972
f 3748 3001 3000
f 3748 3000 2995
f 3748 3003 3001
f 3748 3002 3003
f 3748 3009 3008
f 3748 2995 2997
f 3748 2997 3010
f 3748 3010 3745
f 3748 3011 3009
f 3748 3012 3011
f 3748 3013 3012
f 3748 3749 3013
f 3743 3800 3742
f 3744 3754 3747
f 3748 3747 3754
f 3748 3745 3746
f 3748 3746 3747
f 3748 3750 3749
f 3748 3751 3750
f 3748 3752 3751
f 3748 3753 3752
f 3748 3755 3753
f 3748 3754 3742
f 3748 3759 3761
f 3748 3769 3755
f 3748 3742 3802
f 3748 3802 3759
f 3748 3806 3762
f 3748 3762 3805
f 3748 3805 3807
f 3748 3807 3808
f 3748 3810 3806
f 3748 3808 3809
f 3748 3821 3819
f 3748 3822 3821
f 3748 3764 3763
f 3748 3763 3820
f 3748 3819 3764
f 3748 3830 3769
f 3760 3759 3802
f 3748 3811 3810
f 3748 3809 3812
f 3748 3812 3813
f 3748 3813 3814
f 3748 3814 3816
f 3748 3815 3817
f 3748 3816 3815
f 3748 3824 3822
f 3748 3761 3882
f 3748 3823 3811
f 3748 3820 3833
f 3800 3802 3742
f 3803 3760 3802
f 3804 3882 3761
f 3748 3832 3824
f 3748 3817 3888
f 3818 3764 3819
f 3748 3836 3831
f 3748 3834 3836
f 3748 3882 3884
f 3748 3884 3823
f 3748 3888 3832
f 3748 3833 3891
f 3748 3891 3834
f 3748 3831 3837
f 3748 3840 3830
f 3748 3837 3839
f 3748 3839 3840
f 3835 3831 3836
f 3840 3838 3830
f 3840 3839 3841
f 3839 3842 3841
f 3823 3884 3885
f 3889 3888 3817
f 3891 3890 3834
f 3891 3833 3892

