# https://github.com/mikedh/trimesh

o mori-design-2.stl
v 0.00375477572812760 0.00360568276206126 -0.00038822848862914
v -0.00124522427187240 -0.00505457267006764 -0.00038822848862914
v 0.00379903766050064 0.00358012429038158 -0.00000000007218627
v -0.00120096233949936 -0.00508012351235280 -0.00000000007218627
v 0.00375477572812760 0.00360568276206126 0.00038822834425660
v -0.00124522427187240 -0.00505457267006764 0.00038822834425660
v 0.00362499972715104 0.00368061104575267 0.00074999992781373
v -0.00137500027284897 -0.00497964438637624 0.00074999992781373
v 0.00341855975522721 0.00379979744711986 0.00106066029005738
v -0.00158144024477279 -0.00486045798500905 0.00106066029005738
v 0.00314952060117447 0.00395512429038158 0.00129903786116334
v -0.00185047939882553 -0.00470512351235280 0.00129903786116334
v 0.00283621570005143 0.00413600960532298 0.00144888870650025
v -0.00216378429994857 -0.00452423819741139 0.00144888870650025
v 0.00249999972715104 0.00433012429038158 0.00149999992781373
v -0.00250000027284897 -0.00433012351235280 0.00149999992781373
v 0.00216378375425065 0.00452423897544017 0.00144888870650025
v -0.00283621624574936 -0.00413601645668874 0.00144888870650025
v 0.00185047885312760 0.00470512429038158 0.00129903786116334
v -0.00314952114687240 -0.00395512351235280 0.00129903786116334
v 0.00158143969907486 0.00486045876303783 0.00106066029005738
v -0.00341856030092514 -0.00379979666909108 0.00106066029005738
v 0.00137499972715104 0.00497964516440501 0.00074999992781373
v -0.00362500027284897 -0.00368061026772389 0.00074999992781373
v 0.00124522372617447 0.00505457344809642 0.00038822834425660
v -0.00375477627382553 -0.00360568198403249 0.00038822834425660
v 0.00120096179380143 0.00508012429038158 -0.00000000007218627
v -0.00379903820619857 -0.00358012351235280 -0.00000000007218627
v 0.00124522372617447 0.00505457344809642 -0.00038822848862914
v -0.00375477627382553 -0.00360568198403249 -0.00038822848862914
v 0.00137499972715104 0.00497964516440501 -0.00075000007218627
v -0.00362500027284897 -0.00368061026772389 -0.00075000007218627
v 0.00158143969907486 0.00486045876303783 -0.00106066043442992
v -0.00341856030092514 -0.00379979666909108 -0.00106066043442992
v 0.00185047885312760 0.00470512429038158 -0.00129903800553588
v -0.00314952114687240 -0.00395512351235280 -0.00129903800553588
v 0.00216378375425065 0.00452423897544017 -0.00144888885087279
v -0.00283621624574936 -0.00413601645668874 -0.00144888885087279
v 0.00249999972715104 0.00433012429038158 -0.00150000007218627
v -0.00250000027284897 -0.00433012351235280 -0.00150000007218627
v 0.00283621570005143 0.00413600960532298 -0.00144888885087279
v -0.00216378429994857 -0.00452423819741139 -0.00144888885087279
v 0.00314952060117447 0.00395512429038158 -0.00129903800553588
v -0.00185047939882553 -0.00470512351235280 -0.00129903800553588
v 0.00341855975522721 0.00379979744711986 -0.00106066043442992
v -0.00158144024477279 -0.00486045798500905 -0.00106066043442992
v 0.00362499972715104 0.00368061104575267 -0.00075000007218627
v -0.00137500027284897 -0.00497964438637624 -0.00075000007218627
v 0.00052737018003189 -0.00261387595375905 -0.00573493833607940
v 0.00048509951963150 -0.00258947715004811 -0.00574972183770446
v 0.00062752124204361 -0.00267169913491139 -0.00560510210460929
v 0.00064054843320572 -0.00267922171791921 -0.00551602910227088
v 0.00044272204770768 -0.00256500968178639 -0.00576408992475776
v 0.00020253344907486 -0.00242633780678639 -0.00566453791922835
v 0.00025519915952408 -0.00245674094399342 -0.00573133928841857
v 0.00040024157895768 -0.00254048117836842 -0.00577804158396033
v 0.00065216800107682 -0.00268592795571217 -0.00541546256608276
v 0.00014567538633072 -0.00239350852211842 -0.00558718941873817
v 0.00066013308896744 -0.00269052848061452 -0.00531513155764846
v 0.00009199878110611 -0.00236251792153249 -0.00550775767630843
v 0.00066415377988541 -0.00269284781655202 -0.00521468592948226
v 0.00004158755674088 -0.00233341178139577 -0.00542576797074584
v 0.00066391726865494 -0.00269271048745046 -0.00511384804314880
v -0.00000542858705795 -0.00230626639565358 -0.00534078992671279
v 0.00065868350400650 -0.00268968924721608 -0.00501305503911285
v -0.00004821804628647 -0.00228156241616139 -0.00525272978610305
v 0.00064726611509049 -0.00268309745034108 -0.00491296453542022
v -0.00008547619447982 -0.00226005515297780 -0.00516140098637847
v 0.00062649127378189 -0.00267110404213796 -0.00481498987740783
v -0.00011387280092514 -0.00224365958413014 -0.00506600983208923
v 0.00058609744443619 -0.00264778861245046 -0.00469541616505889
v -0.00013587597475326 -0.00223095664223561 -0.00494020242757110
v 0.00057713672055924 -0.00264260825356374 -0.00465381391114501
v -0.00014781597719467 -0.00222405966957936 -0.00489961011475829
v 0.00000864764585221 -0.00231439170082936 -0.00434666628903655
v -0.00016827801332748 -0.00221224936684499 -0.00486383779114989
v -0.00019591930971420 -0.00219628867348561 -0.00483522160119323
v -0.00022894314394272 -0.00217722281655202 -0.00481563050812987
v -0.00026518658266342 -0.00215629538735280 -0.00480634374684600
v -0.00030228832826889 -0.00213487204750905 -0.00480796797341613
v -0.00036683300600326 -0.00209761008461842 -0.00481986434525756
v -0.00043153027162826 -0.00206025656899342 -0.00483060557908324
v -0.00100000027284897 -0.00173204764565358 -0.00450000007218627
v -0.00049636486635482 -0.00202282675942311 -0.00484018893307952
v -0.00053236034975326 -0.00200204428871999 -0.00485069961613921
v -0.00056486919985092 -0.00198327597817311 -0.00487140114373473
v -0.00059177425966537 -0.00196774253090749 -0.00490094168252257
v -0.00061131695375717 -0.00195645865639577 -0.00493739171094207
v -0.00062221935854232 -0.00195016440590749 -0.00497837109631805
v -0.00137778118715561 -0.00151393851479420 -0.00497837109631805
v -0.00138868359194076 -0.00150764426430592 -0.00493739171094207
v -0.00137622860536850 -0.00151483878334889 -0.00502120329207687
v -0.00062377194032943 -0.00194926413735280 -0.00502120329207687
v -0.00138580731020248 -0.00150930747231374 -0.00514907349414138
v -0.00061419323549545 -0.00195479544838796 -0.00514907349414138
v -0.00138183621034897 -0.00151159629067311 -0.00524983806676177
v -0.00061816433534896 -0.00195250663002858 -0.00524983806676177
v -0.00136837032900131 -0.00151937064370045 -0.00534958834714202
v -0.00063163021669662 -0.00194473227700124 -0.00534958834714202
v -0.00134880093202865 -0.00153066977700124 -0.00544800127810744
v -0.00065119961366928 -0.00193343314370045 -0.00544800127810744
v -0.00132442501650131 -0.00154474600991139 -0.00554483158654479
v -0.00067557552919662 -0.00191935691079030 -0.00554483158654479
v -0.00129605892763412 -0.00156111869057545 -0.00563990019029884
v -0.00070394161806381 -0.00190298423012624 -0.00563990019029884
v -0.00126393917665756 -0.00157966574868092 -0.00573357610172538
v -0.00073606136904037 -0.00188443717202077 -0.00573357610172538
v -0.00122825268373764 -0.00160027274330983 -0.00582628915972022
v -0.00077174786196029 -0.00186383017739186 -0.00582628915972022
v -0.00102208355531967 -0.00171929892739186 -0.00599994584009405
v -0.00097791699037826 -0.00174480399330983 -0.00599994584009405
v -0.00080597714052475 -0.00184407004555592 -0.00590751661873368
v -0.00093375042543686 -0.00177030142983327 -0.00599951235985795
v -0.00106625012026107 -0.00169380149086842 -0.00599951235985795
v -0.00119402340517318 -0.00162003287514577 -0.00590751661873368
v -0.00140822628603256 -0.00149636038979420 -0.00490094168252257
v -0.00143513134584701 -0.00148082694252858 -0.00487140114373473
v -0.00146764019594467 -0.00146205863198170 -0.00485069961613921
v -0.00150363567934311 -0.00144127616127858 -0.00484018893307952
v -0.00156847027406967 -0.00140384635170827 -0.00483060557908324
v -0.00200864819155014 -0.00114971121987233 -0.00434666628903655
v -0.00163316753969467 -0.00136649283608327 -0.00481986434525756
v -0.00169771221742904 -0.00132922324379811 -0.00480796797341613
v -0.00173481396303451 -0.00130780753334889 -0.00480634374684600
v -0.00177105740175521 -0.00128688010414967 -0.00481563050812987
v -0.00180408123598373 -0.00126781424721608 -0.00483522160119323
v -0.00183172253237045 -0.00125185355385670 -0.00486383779114989
v -0.00185218456850326 -0.00124004325112233 -0.00489961011475829
v -0.00257713726625717 -0.00082148703774342 -0.00465381391114501
v -0.00186412457094467 -0.00123314627846608 -0.00494020242757110
v -0.00258609799013412 -0.00081631430825124 -0.00469541616505889
v -0.00188612774477279 -0.00122044333657155 -0.00506600983208923
v -0.00262649181947982 -0.00079299887856374 -0.00481498987740783
v -0.00191452435121811 -0.00120404776772389 -0.00516140098637847
v -0.00264726666078842 -0.00078100547036061 -0.00491296453542022
v -0.00195178249941147 -0.00118254050454030 -0.00525272978610305
v -0.00265868404970443 -0.00077441367348561 -0.00501305503911285
v -0.00199457195863998 -0.00115783652504811 -0.00534078992671279
v -0.00266391781435287 -0.00077138480385670 -0.00511384804314880
v -0.00204158810243881 -0.00113069113930592 -0.00542576797074584
v -0.00266415432558334 -0.00077125510414967 -0.00521468592948226
v -0.00209199932680404 -0.00110158499916920 -0.00550775767630843
v -0.00266013363466537 -0.00077357444008717 -0.00531513155764846
v -0.00214567593202865 -0.00107059439858327 -0.00558718941873817
v -0.00265216854677475 -0.00077817496498952 -0.00541546256608276
v -0.00220253399477279 -0.00103776511391530 -0.00566453791922835
v -0.00264054897890365 -0.00078488120278249 -0.00551602910227088
v -0.00244272259340561 -0.00089909323891530 -0.00576408992475776
v -0.00248510006532943 -0.00087462577065358 -0.00574972183770446
v -0.00225519970522201 -0.00100736197670827 -0.00573133928841857
v -0.00240024212465561 -0.00092362174233327 -0.00577804158396033
v -0.00252737072572982 -0.00085021933754811 -0.00573493833607940
v -0.00262752178774154 -0.00079240378579030 -0.00560510210460929
v -0.00257760265932357 -0.00082122000893483 -0.00461094756192474
v -0.00258745983705795 -0.00081552848061452 -0.00456961650914458
v -0.00260606793031967 -0.00080478629311452 -0.00453252000874786
v -0.00263221005068100 -0.00078969535073170 -0.00450208063191680
v -0.00266418102846420 -0.00077123984536061 -0.00448028655118255
v -0.00294855908022201 -0.00060704764565358 -0.00389711434907226
v -0.00272404888735092 -0.00073667105873952 -0.00444999976224212
v -0.00278350475893295 -0.00070234641274342 -0.00441864640778808
v -0.00284253338442123 -0.00066826590737233 -0.00438623399800567
v -0.00287773541078842 -0.00064794120034108 -0.00437260646886138
v -0.00291477612123764 -0.00062655600746999 -0.00436972601479797
v -0.00295124081239975 -0.00060549887856374 -0.00437778074807433
v -0.00298474911318100 -0.00058615836342702 -0.00439624471730499
v -0.00301310757265365 -0.00056978568276295 -0.00442391200131683
v -0.00364872387514389 -0.00020281180580983 -0.00395223243302611
v -0.00303446987734115 -0.00055744895180592 -0.00445897574490813
v -0.00366747311220443 -0.00019198569496999 -0.00398923428124694
v -0.00308627728090561 -0.00052753409584889 -0.00457252819604186
v -0.00373540524111068 -0.00015276297768483 -0.00409082443780212
v -0.00313679913149154 -0.00049836692055592 -0.00465481777257232
v -0.00377924374208725 -0.00012745627602467 -0.00417807180947570
v -0.00319483212099350 -0.00046486624916920 -0.00473032624787597
v -0.00381461742983139 -0.00010703238686452 -0.00427039380139617
v -0.00325737026796615 -0.00042875632485280 -0.00480089945859222
v -0.00384423092470443 -0.00008993491371999 -0.00436540122098235
v -0.00332321575746811 -0.00039073905190358 -0.00486714084214477
v -0.00386906078920639 -0.00007559928139577 -0.00446207745141296
v -0.00339159039125717 -0.00035126456459889 -0.00492940933770446
v -0.00388970974550521 -0.00006367453774342 -0.00455976255006103
v -0.00346247128114975 -0.00031034049233327 -0.00498816187447814
v -0.00390654781923568 -0.00005395468911061 -0.00465862042969970
v -0.00353590038881576 -0.00026795157631764 -0.00504387952155379
v -0.00391993740663803 -0.00004622611245045 -0.00475889320439605
v -0.00379064968691146 -0.00012087210854420 -0.00506126172608642
v -0.00382780483827865 -0.00009941825112233 -0.00503368957108764
v -0.00360273007021225 -0.00022936209877858 -0.00509084291524200
v -0.00375329235658920 -0.00014244040688405 -0.00508846826619414
v -0.00386475399599350 -0.00007808646401295 -0.00500575370854644
v -0.00392917278871811 -0.00004089316567311 -0.00484859557217864
v -0.00363871029482162 -0.00020858725746999 -0.00391095192498473
v -0.00363808468447006 -0.00020895346840749 -0.00386808807915954
v -0.00364688900575912 -0.00020387229164967 -0.00382644088334350
v -0.00366454342470443 -0.00019367179116139 -0.00378872997826842
v -0.00375567654238021 -0.00014105948647389 -0.00318198044366149
v -0.00368990353212631 -0.00017903861245045 -0.00375741798943786
v -0.00373995617494857 -0.00015013846596608 -0.00370888145036010
v -0.00378935650453842 -0.00012161215981374 -0.00365945608681945
v -0.00383808544740951 -0.00009348258217702 -0.00360915334290771
v -0.00386853436098373 -0.00007590445717702 -0.00358462650841979
v -0.00390337399111068 -0.00005578574379811 -0.00356981237000732
v -0.00394032696352279 -0.00003445395668874 -0.00356567819184570
v -0.00397698238954818 -0.00001329001625905 -0.00357249386376647
v -0.00448604992494857 0.00028061714926830 -0.00289411408967284
v -0.00401094082460678 0.00000631752768626 -0.00358981473511962
v -0.00450572994814193 0.00029198494711986 -0.00293046481675414
v -0.00403999355898178 0.00002308693686595 -0.00361650927132873
v -0.00453274563417709 0.00030757942954173 -0.00295986850327758
v -0.00411740902529037 0.00006778755942455 -0.00370860750741271
v -0.00462271145448959 0.00035952034751048 -0.00303524453706054
v -0.00418595913515365 0.00010736122885814 -0.00377112896508483
v -0.00468606213197982 0.00039609566489330 -0.00310469658440856
v -0.00426006344423568 0.00015014687338939 -0.00382469995087890
v -0.00474252728090561 0.00042869606772533 -0.00318177063531188
v -0.00433729199037826 0.00019473305503001 -0.00387206871575622
v -0.00479412487612045 0.00045848885336986 -0.00326329548424987
v -0.00441663006410873 0.00024053993979564 -0.00391420705384521
v -0.00484153774843490 0.00048586312094798 -0.00334797794884948
v -0.00449742916689193 0.00028718605795970 -0.00395170958108215
v -0.00488518169985092 0.00051106301108470 -0.00343498880929259
v -0.00457977322206771 0.00033473244467845 -0.00398502309388427
v -0.00492545727358139 0.00053430977622142 -0.00352436454362182
v -0.00466382244692123 0.00038325539389720 -0.00401459593838958
v -0.00496276882753646 0.00055585518637767 -0.00361622006959228
v -0.00491249493227279 0.00052682534018626 -0.00394840009278564
v -0.00494141796694076 0.00054352608481517 -0.00390985758370666
v -0.00473940304384506 0.00042689553061595 -0.00403791673249511
v -0.00488328961000717 0.00050996437827220 -0.00398665745324401
v -0.00497005489931381 0.00056005898276439 -0.00387103278703002
v -0.00499351910219467 0.00057360878745189 -0.00369928462571410
v -0.00447499111757553 0.00027423134604564 -0.00285319049424438
v -0.00447327450380600 0.00027324715415111 -0.00281036646432189
v -0.00448101452455795 0.00027771034995189 -0.00276843888825683
v -0.00437500027284897 0.00021650734702220 -0.00225000007218627
v -0.00449770763979232 0.00028735390463939 -0.00273014576501159
v -0.00453389004335678 0.00030824318686595 -0.00266729171342162
v -0.00456922939882553 0.00032864418784251 -0.00260379822320251
v -0.00460371044740951 0.00034854927817455 -0.00253968079156188
v -0.00462694195375717 0.00036196938315501 -0.00250624163216857
v -0.00465675762758529 0.00037918129721751 -0.00248069365090636
v -0.00469120434389389 0.00039906349936595 -0.00246470553941039
v -0.00472803524599350 0.00042033425131908 -0.00245932109421996
v -0.00505096844301498 0.00060677376547923 -0.00164281232423095
v -0.00476484707460678 0.00044158211508861 -0.00246489222115783
v -0.00507872036562240 0.00062279549399486 -0.00167128808564452
v -0.00479923657045639 0.00046144142905345 -0.00248105485505370
v -0.00511181667909896 0.00064190712729564 -0.00169071157044677
v -0.00489598492250717 0.00051729622641673 -0.00254423744744567
v -0.00521652630434311 0.00070236244956126 -0.00173376758164672
v -0.00497701290712631 0.00056407967368236 -0.00258192570275573
v -0.00529425839052475 0.00074723854819408 -0.00177979714936523
v -0.00506118801698959 0.00061267891684642 -0.00260921914643554
v -0.00536724117861068 0.00078937569419017 -0.00183537967271117
v -0.00514684322939193 0.00066213265219798 -0.00262954599923400
v -0.00543663815126693 0.00082944527426830 -0.00189681727952270
v -0.00523324993715561 0.00071201363364330 -0.00264416725701598
v -0.00550279263124740 0.00086763802329173 -0.00196264512604980
v -0.00531992367372787 0.00076206246176830 -0.00265386588639526
v -0.00556590107546127 0.00090407601157298 -0.00203193242615966
v -0.00540706280336654 0.00081237068930736 -0.00265904147691039
v -0.00562635067568100 0.00093897286215892 -0.00210458571976928
v -0.00549492291078842 0.00086309090415111 -0.00266007382935790
v -0.00568456295595443 0.00097258034506908 -0.00218058211869506
v -0.00571737125978744 0.00099152413169017 -0.00251566274232177
v -0.00573571804628647 0.00100211373129955 -0.00246927244729308
v -0.00557313183412826 0.00090824929038158 -0.00265786249703674
v -0.00569868305788314 0.00098073616782298 -0.00256187136239318
v -0.00575372341738022 0.00101251259604564 -0.00242270357674865
v -0.00573433140383041 0.00100131264487376 -0.00225027973717956
v -0.00503036907778061 0.00059488716879955 -0.00160714395112304
v -0.00501827648744857 0.00058789864340892 -0.00156661279267577
v -0.00476432446108139 0.00044128456870189 -0.00116468579835204
v -0.00501547268495834 0.00058628121176830 -0.00152386529511718
v -0.00502214459047592 0.00059013405600658 -0.00148169334000854
v -0.00504153088197982 0.00060132637778392 -0.00140961368150024
v -0.00505994442568100 0.00061196175376048 -0.00133719642228393
v -0.00507738522157943 0.00062203255454173 -0.00126445825166015
v -0.00509151867494857 0.00063018837729564 -0.00122481591767577
v -0.00511389187441146 0.00064310494223705 -0.00119060380524902
v -0.00514304379091537 0.00065993538657298 -0.00116405685014037
v -0.00525923565492904 0.00072702065268626 -0.00023089654511718
v -0.00517707089052475 0.00067958107749095 -0.00114690835541991
v -0.00528770092592514 0.00074345436850658 -0.00025841958588866
v -0.00521374920473373 0.00070076027670970 -0.00114027841157226
v -0.00532127407655990 0.00076284066001048 -0.00027671344346313
v -0.00525068691835678 0.00072208443442455 -0.00114459998673705
v -0.00535777309999740 0.00078390541831126 -0.00028458364075927
v -0.00535893276796615 0.00078457680503001 -0.00117374856538085
v -0.00546874645815170 0.00084797707358470 -0.00029183061188964
v -0.00544587734804428 0.00083477822104564 -0.00118355043000487
v -0.00555455807314193 0.00089752236167064 -0.00031070954865722
v -0.00553329876528061 0.00088524666586986 -0.00118235499924926
v -0.00563814762697494 0.00094578591147533 -0.00034029681748656
v -0.00562044552431381 0.00093556252280345 -0.00117399318284301
v -0.00571972302065170 0.00099288216391673 -0.00037666995591430
v -0.00570691708193100 0.00098548928061595 -0.00115991313523559
v -0.00579925945863998 0.00103880348960033 -0.00041831071442870
v -0.00579244831667221 0.00103486672202220 -0.00114102180070190
v -0.00587671497926986 0.00108351937094798 -0.00046426112717895
v -0.00587731960878646 0.00108387032309642 -0.00111764009064941
v -0.00595244434938705 0.00112724343100658 -0.00051430566376952
v -0.00596187237367904 0.00113269081870189 -0.00109004838532714
v -0.00602684048280990 0.00117019692221751 -0.00056828649110107
v -0.00614007404909408 0.00123557320395580 -0.00087912137574462
v -0.00614635876283920 0.00123919716635814 -0.00082864148682861
v -0.00603637341127670 0.00117569771567455 -0.00106248433656005
v -0.00613341740236557 0.00123172798911205 -0.00092953784531860
v -0.00615227345094955 0.00124261513510814 -0.00077810151643066
v -0.00609159687624252 0.00120758095542064 -0.00061897046632079
v -0.00489711407289779 0.00051795235434642 -0.00000000007218627
v -0.00523774365053451 0.00071460762778392 -0.00019594152039794
v -0.00522462490663803 0.00070703926840892 -0.00015583713120727
v -0.00522073391542709 0.00070478859702220 -0.00011320312089233
v -0.00522174862489975 0.00070537606040111 -0.00003773744172362
v -0.00522174862489975 0.00070537606040111 0.00003773729735108
v -0.00522073391542709 0.00070478859702220 0.00011320297651978
v -0.00522462490663803 0.00070703926840892 0.00015583698683472
v -0.00523774365053451 0.00071460762778392 0.00019594137602540
v -0.00525923565492904 0.00072702065268626 0.00023089640074464
v -0.00476432446108139 0.00044128456870189 0.00116468565397950
v -0.00514304379091537 0.00065993538657298 0.00116405670576783
v -0.00511389187441146 0.00064310494223705 0.00119060413771363
v -0.00517707089052475 0.00067958107749095 0.00114690868788453
v -0.00528770092592514 0.00074345436850658 0.00025841991835328
v -0.00521374920473373 0.00070076027670970 0.00114027826719972
v -0.00532127407655990 0.00076284066001048 0.00027671377592774
v -0.00525068691835678 0.00072208443442455 0.00114459984236451
v -0.00535777309999740 0.00078390541831126 0.00028458349638673
v -0.00535893276796615 0.00078457680503001 0.00117374842100831
v -0.00546874645815170 0.00084797707358470 0.00029183046751710
v -0.00544587734804428 0.00083477822104564 0.00118355028563233
v -0.00555455807314193 0.00089752236167064 0.00031070940428468
v -0.00553329876528061 0.00088524666586986 0.00118235485487672
v -0.00563814762697494 0.00094578591147533 0.00034029667311402
v -0.00562044552431381 0.00093556252280345 0.00117399303847047
v -0.00571972302065170 0.00099288216391673 0.00037666981154176
v -0.00570691708193100 0.00098548928061595 0.00115991299086305
v -0.00579925945863998 0.00103880348960033 0.00041831057005616
v -0.00579244831667221 0.00103486672202220 0.00114102165632935
v -0.00587671497926986 0.00108351937094798 0.00046426098280640
v -0.00587731960878646 0.00108387032309642 0.00111763994627686
v -0.00595244434938705 0.00112724343100658 0.00051430551939698
v -0.00596187237367904 0.00113269081870189 0.00109004824095460
v -0.00602684048280990 0.00117019692221751 0.00056828682356568
v -0.00614007404909408 0.00123557320395580 0.00087912123137208
v -0.00614635876283920 0.00123919716635814 0.00082864134245606
v -0.00609159687624252 0.00120758095542064 0.00061897032194825
v -0.00615227345094955 0.00124261513510814 0.00077810137205811
v -0.00613341740236557 0.00123172798911205 0.00092953770094605
v -0.00603637341127670 0.00117569771567455 0.00106248419218751
v -0.00509151867494857 0.00063018837729564 0.00122481577330323
v -0.00507738522157943 0.00062203255454173 0.00126445810728761
v -0.00505994442568100 0.00061196175376048 0.00133719627791139
v -0.00504153088197982 0.00060132637778392 0.00140961401396485
v -0.00502214459047592 0.00059013405600658 0.00148169367247315
v -0.00501547268495834 0.00058628121176830 0.00152386515074464
v -0.00501827648744857 0.00058789864340892 0.00156661264830323
v -0.00437500027284897 0.00021650734702220 0.00224999992781373
v -0.00503036907778061 0.00059488716879955 0.00160714380675050
v -0.00505096844301498 0.00060677376547923 0.00164281217985841
v -0.00507872036562240 0.00062279549399486 0.00167128794127198
v -0.00476484707460678 0.00044158211508861 0.00246489231520387
v -0.00472803524599350 0.00042033425131908 0.00245932094984742
v -0.00469120434389389 0.00039906349936595 0.00246470539503785
v -0.00465675762758529 0.00037918129721751 0.00248069374495240
v -0.00479923657045639 0.00046144142905345 0.00248105518751832
v -0.00511181667909896 0.00064190712729564 0.00169071142607423
v -0.00489598492250717 0.00051729622641673 0.00254423706465455
v -0.00521652630434311 0.00070236244956126 0.00173376743727418
v -0.00497701290712631 0.00056407967368236 0.00258192531996461
v -0.00529425839052475 0.00074723854819408 0.00177979748182984
v -0.00506118801698959 0.00061267891684642 0.00260921947890015
v -0.00536724117861068 0.00078937569419017 0.00183537952833863
v -0.00514684322939193 0.00066213265219798 0.00262954609328004
v -0.00543663815126693 0.00082944527426830 0.00189681713515015
v -0.00523324993715561 0.00071201363364330 0.00264416687422486
v -0.00550279263124740 0.00086763802329173 0.00196264545851441
v -0.00531992367372787 0.00076206246176830 0.00265386574202271
v -0.00556590107546127 0.00090407601157298 0.00203193275862428
v -0.00540706280336654 0.00081237068930736 0.00265904133253785
v -0.00562635067568100 0.00093897286215892 0.00210458557539674
v -0.00549492291078842 0.00086309090415111 0.00266007416182252
v -0.00568456295595443 0.00097258034506908 0.00218058197432252
v -0.00571737125978744 0.00099152413169017 0.00251566307478638
v -0.00573571804628647 0.00100211373129955 0.00246927254133912
v -0.00573433140383041 0.00100131264487376 0.00225027935438844
v -0.00575372341738022 0.00101251259604564 0.00242270367079469
v -0.00569868305788314 0.00098073616782298 0.00256187145643922
v -0.00557313183412826 0.00090824929038158 0.00265786259108277
v -0.00462694195375717 0.00036196938315501 0.00250624172621461
v -0.00460371044740951 0.00034854927817455 0.00253968040877076
v -0.00456922939882553 0.00032864418784251 0.00260379784041139
v -0.00453389004335678 0.00030824318686595 0.00266729156904908
v -0.00449770763979232 0.00028735390463939 0.00273014538222047
v -0.00448101452455795 0.00027771034995189 0.00276843922072144
v -0.00375567654238021 -0.00014105948647389 0.00318198006087037
v -0.00447327450380600 0.00027324715415111 0.00281036655836793
v -0.00447499111757553 0.00027423134604564 0.00285319034987183
v -0.00448604992494857 0.00028061714926830 0.00289411442213746
v -0.00397698238954818 -0.00001329001625905 0.00357249348097535
v -0.00394032696352279 -0.00003445395668874 0.00356567852431031
v -0.00401094082460678 0.00000631752768626 0.00358981506758424
v -0.00450572994814193 0.00029198494711986 0.00293046467238160
v -0.00403999355898178 0.00002308693686595 0.00361650936537476
v -0.00453274563417709 0.00030757942954173 0.00295986835890504
v -0.00411740902529037 0.00006778755942455 0.00370860760145875
v -0.00462271145448959 0.00035952034751048 0.00303524486952515
v -0.00418595913515365 0.00010736122885814 0.00377112858229371
v -0.00468606213197982 0.00039609566489330 0.00310469620161744
v -0.00426006344423568 0.00015014687338939 0.00382470028334351
v -0.00474252728090561 0.00042869606772533 0.00318177025252076
v -0.00433729199037826 0.00019473305503001 0.00387206833296510
v -0.00479412487612045 0.00045848885336986 0.00326329510145875
v -0.00441663006410873 0.00024053993979564 0.00391420738630982
v -0.00484153774843490 0.00048586312094798 0.00334797756605836
v -0.00449742916689193 0.00028718605795970 0.00395170967512818
v -0.00488518169985092 0.00051106301108470 0.00343498890333863
v -0.00457977322206771 0.00033473244467845 0.00398502342634888
v -0.00492545727358139 0.00053430977622142 0.00352436439924928
v -0.00466382244692123 0.00038325539389720 0.00401459591322633
v -0.00496276882753646 0.00055585518637767 0.00361622040205689
v -0.00491249493227279 0.00052682534018626 0.00394840042525025
v -0.00494141796694076 0.00054352608481517 0.00390985767775269
v -0.00499351910219467 0.00057360878745189 0.00369928448134156
v -0.00497005489931381 0.00056005898276439 0.00387103264265748
v -0.00488328961000717 0.00050996437827220 0.00398665707045289
v -0.00473940304384506 0.00042689553061595 0.00403791706495973
v -0.00390337399111068 -0.00005578574379811 0.00356981270247193
v -0.00386853436098373 -0.00007590445717702 0.00358462612562867
v -0.00383808544740951 -0.00009348258217702 0.00360915367537232
v -0.00378935650453842 -0.00012161215981374 0.00365945618086549
v -0.00373995617494857 -0.00015013846596608 0.00370888130598756
v -0.00368990353212631 -0.00017903861245045 0.00375741760664674
v -0.00366454342470443 -0.00019367179116139 0.00378872959547730
v -0.00294855908022201 -0.00060704764565358 0.00389711468153687
v -0.00364688900575912 -0.00020387229164967 0.00382644073897096
v -0.00363808468447006 -0.00020895346840749 0.00386808769636842
v -0.00363871029482162 -0.00020858725746999 0.00391095154219361
v -0.00364872387514389 -0.00020281180580983 0.00395223228865357
v -0.00301310757265365 -0.00056978568276295 0.00442391197615357
v -0.00303446987734115 -0.00055744895180592 0.00445897571974488
v -0.00366747311220443 -0.00019198569496999 0.00398923389845582
v -0.00308627728090561 -0.00052753409584889 0.00457252781325074
v -0.00373540524111068 -0.00015276297768483 0.00409082405501099
v -0.00313679913149154 -0.00049836692055592 0.00465481750899049
v -0.00377924374208725 -0.00012745627602467 0.00417807190352174
v -0.00319483212099350 -0.00046486624916920 0.00473032658034058
v -0.00381461742983139 -0.00010703238686452 0.00427039425307008
v -0.00325737026796615 -0.00042875632485280 0.00480089943342896
v -0.00384423092470443 -0.00008993491371999 0.00436540119581910
v -0.00332321575746811 -0.00039073905190358 0.00486714069777223
v -0.00386906078920639 -0.00007559928139577 0.00446207706862183
v -0.00339159039125717 -0.00035126456459889 0.00492940895491334
v -0.00388970974550521 -0.00006367453774342 0.00455976288252564
v -0.00346247128114975 -0.00031034049233327 0.00498816196852418
v -0.00390654781923568 -0.00005395468911061 0.00465862076216431
v -0.00353590038881576 -0.00026795157631764 0.00504387943678590
v -0.00391993740663803 -0.00004622611245045 0.00475889294081422
v -0.00379064968691146 -0.00012087210854420 0.00506126205855103
v -0.00382780483827865 -0.00009941825112233 0.00503368942671510
v -0.00392917278871811 -0.00004089316567311 0.00484859554701539
v -0.00386475399599350 -0.00007808646401295 0.00500575344496461
v -0.00375329235658920 -0.00014244040688405 0.00508846847944947
v -0.00360273007021225 -0.00022936209877858 0.00509084312849732
v -0.00298474911318100 -0.00058615836342702 0.00439624493056031
v -0.00295124081239975 -0.00060549887856374 0.00437778084212037
v -0.00291477612123764 -0.00062655600746999 0.00436972610884400
v -0.00287773541078842 -0.00064794120034108 0.00437260620527955
v -0.00284253338442123 -0.00066826590737233 0.00438623421126099
v -0.00278350475893295 -0.00070234641274342 0.00441864674025269
v -0.00272404888735092 -0.00073667105873952 0.00444999973707887
v -0.00266418102846420 -0.00077123984536061 0.00448028652601929
v -0.00200864819155014 -0.00114971121987233 0.00434666626387330
v -0.00263221005068100 -0.00078969535073170 0.00450208084517213
v -0.00260606793031967 -0.00080478629311452 0.00453252022200318
v -0.00258745983705795 -0.00081552848061452 0.00456961624556275
v -0.00257760265932357 -0.00082122000893483 0.00461094753676148
v -0.00257713726625717 -0.00082148703774342 0.00465381424360963
v -0.00258609799013412 -0.00081631430825124 0.00469541637831422
v -0.00186412457094467 -0.00123314627846608 0.00494020264082642
v -0.00185218456850326 -0.00124004325112233 0.00489961044722291
v -0.00183172253237045 -0.00125185355385670 0.00486383812361451
v -0.00180408123598373 -0.00126781424721608 0.00483522121840211
v -0.00188612774477279 -0.00122044333657155 0.00506600944929810
v -0.00262649181947982 -0.00079299887856374 0.00481498997145387
v -0.00191452435121811 -0.00120404776772389 0.00516140072279664
v -0.00264726666078842 -0.00078100547036061 0.00491296474867555
v -0.00195178249941147 -0.00118254050454030 0.00525272934370728
v -0.00265868404970443 -0.00077441367348561 0.00501305477553101
v -0.00199457195863998 -0.00115783652504811 0.00534078972273560
v -0.00266391781435287 -0.00077138480385670 0.00511384766035767
v -0.00204158810243881 -0.00113069113930592 0.00542576782637330
v -0.00266415432558334 -0.00077125510414967 0.00521468632155152
v -0.00209199932680404 -0.00110158499916920 0.00550775806837769
v -0.00266013363466537 -0.00077357444008717 0.00531513111525269
v -0.00214567593202865 -0.00107059439858327 0.00558718960219117
v -0.00265216854677475 -0.00077817496498952 0.00541546242171021
v -0.00220253399477279 -0.00103776511391530 0.00566453831129762
v -0.00264054897890365 -0.00078488120278249 0.00551602928572389
v -0.00244272259340561 -0.00089909323891530 0.00576408951216431
v -0.00248510006532943 -0.00087462577065358 0.00574972145491334
v -0.00262752178774154 -0.00079240378579030 0.00560510246687623
v -0.00252737072572982 -0.00085021933754811 0.00573493854933472
v -0.00240024212465561 -0.00092362174233327 0.00577804176741334
v -0.00225519970522201 -0.00100736197670827 0.00573133938246461
v -0.00177105740175521 -0.00128688010414967 0.00481563084059449
v -0.00173481396303451 -0.00130780753334889 0.00480634396010133
v -0.00169771221742904 -0.00132922324379811 0.00480796806746217
v -0.00163316753969467 -0.00136649283608327 0.00481986420088502
v -0.00156847027406967 -0.00140384635170827 0.00483060543471070
v -0.00100000027284897 -0.00173204764565358 0.00449999992781373
v -0.00150363567934311 -0.00144127616127858 0.00484018890791627
v -0.00146764019594467 -0.00146205863198170 0.00485069935255738
v -0.00143513134584701 -0.00148082694252858 0.00487140076094361
v -0.00140822628603256 -0.00149636038979420 0.00490094177656861
v -0.00138868359194076 -0.00150764426430592 0.00493739216261598
v -0.00137778118715561 -0.00151393851479420 0.00497837059431764
v -0.00062221935854232 -0.00195016440590749 0.00497837059431764
v -0.00061131695375717 -0.00195645865639577 0.00493739216261598
v -0.00062377194032943 -0.00194926413735280 0.00502120296889039
v -0.00137622860536850 -0.00151483878334889 0.00502120296889039
v -0.00061419323549545 -0.00195479544838796 0.00514907352858277
v -0.00138580731020248 -0.00150930747231374 0.00514907352858277
v -0.00061816433534896 -0.00195250663002858 0.00524983780317994
v -0.00138183621034897 -0.00151159629067311 0.00524983780317994
v -0.00063163021669662 -0.00194473227700124 0.00534958832197877
v -0.00136837032900131 -0.00151937064370045 0.00534958832197877
v -0.00065119961366928 -0.00193343314370045 0.00544800083571168
v -0.00134880093202865 -0.00153066977700124 0.00544800083571168
v -0.00067557552919662 -0.00191935691079030 0.00554483120375367
v -0.00132442501650131 -0.00154474600991139 0.00554483120375367
v -0.00070394161806381 -0.00190298423012624 0.00563990013533326
v -0.00129605892763412 -0.00156111869057545 0.00563990013533326
v -0.00073606136904037 -0.00188443717202077 0.00573357574873658
v -0.00126393917665756 -0.00157966574868092 0.00573357574873658
v -0.00077174786196029 -0.00186383017739186 0.00582628910475465
v -0.00122825268373764 -0.00160027274330983 0.00582628910475465
v -0.00097791699037826 -0.00174480399330983 0.00599994556837769
v -0.00102208355531967 -0.00171929892739186 0.00599994556837769
v -0.00119402340517318 -0.00162003287514577 0.00590751640730592
v -0.00106625012026107 -0.00169380149086842 0.00599951260023805
v -0.00093375042543686 -0.00177030142983327 0.00599951260023805
v -0.00080597714052475 -0.00184407004555592 0.00590751640730592
v -0.00059177425966537 -0.00196774253090749 0.00490094177656861
v -0.00056486919985092 -0.00198327597817311 0.00487140076094361
v -0.00053236034975326 -0.00200204428871999 0.00485069935255738
v -0.00049636486635482 -0.00202282675942311 0.00484018890791627
v -0.00043153027162826 -0.00206025656899342 0.00483060543471070
v 0.00000864764585221 -0.00231439170082936 0.00434666626387330
v -0.00036683300600326 -0.00209761008461842 0.00481986420088502
v -0.00030228832826889 -0.00213487204750905 0.00480796806746217
v -0.00026518658266342 -0.00215629538735280 0.00480634396010133
v -0.00022894314394272 -0.00217722281655202 0.00481563084059449
v -0.00019591930971420 -0.00219628867348561 0.00483522121840211
v -0.00016827801332748 -0.00221224936684499 0.00486383812361451
v -0.00014781597719467 -0.00222405966957936 0.00489961044722291
v 0.00057713672055924 -0.00264260825356374 0.00465381424360963
v -0.00013587597475326 -0.00223095664223561 0.00494020264082642
v 0.00058609744443619 -0.00264778861245046 0.00469541637831422
v -0.00011387280092514 -0.00224365958413014 0.00506600944929810
v 0.00062649127378189 -0.00267110404213796 0.00481498997145387
v -0.00008547619447982 -0.00226005515297780 0.00516140072279664
v 0.00064726611509049 -0.00268309745034108 0.00491296474867555
v -0.00004821804628647 -0.00228156241616139 0.00525272934370728
v 0.00065868350400650 -0.00268968924721608 0.00501305477553101
v -0.00000542858705795 -0.00230626639565358 0.00534078972273560
v 0.00066391726865494 -0.00269271048745046 0.00511384766035767
v 0.00004158755674088 -0.00233341178139577 0.00542576782637330
v 0.00066415377988541 -0.00269284781655202 0.00521468632155152
v 0.00009199878110611 -0.00236251792153249 0.00550775806837769
v 0.00066013308896744 -0.00269052848061452 0.00531513111525269
v 0.00014567538633072 -0.00239350852211842 0.00558718960219117
v 0.00065216800107682 -0.00268592795571217 0.00541546242171021
v 0.00020253344907486 -0.00242633780678639 0.00566453831129762
v 0.00064054843320572 -0.00267922171791921 0.00551602928572389
v 0.00044272204770768 -0.00256500968178639 0.00576408951216431
v 0.00048509951963150 -0.00258947715004811 0.00574972145491334
v 0.00025519915952408 -0.00245674094399342 0.00573133938246461
v 0.00040024157895768 -0.00254048117836842 0.00577804176741334
v 0.00052737018003189 -0.00261387595375905 0.00573493854933472
v 0.00062752124204361 -0.00267169913491139 0.00560510246687623
v 0.00057760211362564 -0.00264288291176686 0.00461094753676148
v 0.00058745929136002 -0.00264856681069264 0.00456961624556275
v 0.00060606738462174 -0.00265931662758717 0.00453252022200318
v 0.00063220950498307 -0.00267440756996999 0.00450208084517213
v 0.00066418048276627 -0.00269286307534108 0.00448028652601929
v 0.00094855853452408 -0.00285704764565358 0.00389711468153687
v 0.00072404834165299 -0.00272743186196217 0.00444999973707887
v 0.00078350421323502 -0.00276175650795827 0.00441864674025269
v 0.00084253283872330 -0.00279583701332936 0.00438623421126099
v 0.00087773486509049 -0.00281616172036061 0.00437260620527955
v 0.00091477557553971 -0.00283754691323170 0.00436972610884400
v 0.00095124026670182 -0.00285860404213796 0.00437778084212037
v 0.00098474856748307 -0.00287794455727467 0.00439624493056031
v 0.00101310702695572 -0.00289431723793874 0.00442391197615357
v 0.00164872332944596 -0.00326129111489186 0.00395223228865357
v 0.00103446933164322 -0.00290665396889577 0.00445897571974488
v 0.00166747256650650 -0.00327211722573171 0.00398923389845582
v 0.00108627673520768 -0.00293656119545827 0.00457252781325074
v 0.00173540469541275 -0.00331133994301686 0.00409082405501099
v 0.00113679858579361 -0.00296572837075124 0.00465481750899049
v 0.00177924319638932 -0.00333664664467702 0.00417807190352174
v 0.00119483157529557 -0.00299923667153249 0.00473032658034058
v 0.00181461688413346 -0.00335707053383717 0.00427039425307008
v 0.00125736972226822 -0.00303534659584889 0.00480089943342896
v 0.00184423037900650 -0.00337416800698171 0.00436540119581910
v 0.00132321521177018 -0.00307335623940358 0.00486714069777223
v 0.00186906024350846 -0.00338850363930592 0.00446207706862183
v 0.00139158984555924 -0.00311283835610280 0.00492940895491334
v 0.00188970919980728 -0.00340042838295827 0.00455976288252564
v 0.00146247073545182 -0.00315376242836842 0.00498816196852418
v 0.00190654727353775 -0.00341014823159108 0.00465862076216431
v 0.00153589984311783 -0.00319615134438405 0.00504387943678590
v 0.00191993686094010 -0.00341787680825124 0.00475889294081422
v 0.00179064914121353 -0.00334323081215749 0.00506126205855103
v 0.00182780429258072 -0.00336468466957936 0.00503368942671510
v 0.00160272952451432 -0.00323474082192311 0.00509084312849732
v 0.00175329181089127 -0.00332166251381764 0.00508846847944947
v 0.00186475345029557 -0.00338601645668874 0.00500575344496461
v 0.00192917224302018 -0.00342320975502858 0.00484859554701539
v 0.00163870974912369 -0.00325550803383717 0.00391095154219361
v 0.00163808413877213 -0.00325514945229421 0.00386808769636842
v 0.00164688846006119 -0.00326023062905202 0.00382644073897096
v 0.00166454287900650 -0.00327042350014577 0.00378872959547730
v 0.00175567599668228 -0.00332304343422780 0.00318198006087037
v 0.00168990298642838 -0.00328506430825124 0.00375741760664674
v 0.00173995562925064 -0.00331396445473561 0.00370888130598756
v 0.00178935595884049 -0.00334248313149342 0.00365945618086549
v 0.00183808490171158 -0.00337062033852467 0.00360915367537232
v 0.00186853381528580 -0.00338819846352467 0.00358462612562867
v 0.00190337344541275 -0.00340831717690358 0.00356981270247193
v 0.00194032641782486 -0.00342964896401296 0.00356567852431031
v 0.00197698184385025 -0.00345081290444264 0.00357249348097535
v 0.00248604937925064 -0.00374472006996999 0.00289411442213746
v 0.00201094027890885 -0.00347042044838796 0.00358981506758424
v 0.00250572940244400 -0.00375608786782155 0.00293046467238160
v 0.00203999301328385 -0.00348718985756764 0.00361650936537476
v 0.00253274508847916 -0.00377168235024342 0.00295986835890504
v 0.00211740847959244 -0.00353189048012624 0.00370860760145875
v 0.00262271090879166 -0.00382362326821217 0.00303524486952515
v 0.00218595858945572 -0.00357146414955983 0.00377112858229371
v 0.00268606158628189 -0.00386019858559499 0.00310469620161744
v 0.00226006289853775 -0.00361424979409108 0.00382470028334351
v 0.00274252673520768 -0.00389279898842702 0.00318177025252076
v 0.00233729144468033 -0.00365883597573171 0.00387206833296510
v 0.00279412433042252 -0.00392259177407155 0.00326329510145875
v 0.00241662951841080 -0.00370464286049733 0.00391420738630982
v 0.00284153720273697 -0.00394996604164967 0.00334797756605836
v 0.00249742862119400 -0.00375128897866139 0.00395170967512818
v 0.00288518115415299 -0.00397516593178639 0.00343498890333863
v 0.00257977267636978 -0.00379883536538014 0.00398502342634888
v 0.00292545672788346 -0.00399841269692311 0.00352436439924928
v 0.00266382190122330 -0.00384735831459889 0.00401459591322633
v 0.00296276828183853 -0.00401995810707936 0.00361622040205689
v 0.00291249438657486 -0.00399092826088796 0.00394840042525025
v 0.00294141742124283 -0.00400762900551686 0.00390985767775269
v 0.00273940249814713 -0.00389099845131764 0.00403791706495973
v 0.00288328906430924 -0.00397406729897389 0.00398665707045289
v 0.00297005435361588 -0.00402416190346608 0.00387103264265748
v 0.00299351855649674 -0.00403771170815358 0.00369928448134156
v 0.00247498675718033 -0.00373833426674733 0.00285319034987183
v 0.00247327395810807 -0.00373735007485280 0.00281036655836793
v 0.00248101397886002 -0.00374181327065358 0.00276843922072144
v 0.00237499972715103 -0.00368061026772389 0.00224999992781373
v 0.00249770709409439 -0.00375144919594655 0.00273014538222047
v 0.00253388949765885 -0.00377234610756764 0.00266729156904908
v 0.00256922885312760 -0.00379274710854421 0.00260379784041139
v 0.00260370990171158 -0.00381265219887624 0.00253968040877076
v 0.00262694140805924 -0.00382606467446217 0.00250624172621461
v 0.00265675708188736 -0.00384328421791921 0.00248069374495240
v 0.00269120379819596 -0.00386316642006764 0.00246470539503785
v 0.00272803470029557 -0.00388443717202077 0.00245932094984742
v 0.00305096789731705 -0.00407087668618092 0.00164281217985841
v 0.00276484652890885 -0.00390568503579030 0.00246489231520387
v 0.00307871981992447 -0.00408689841469655 0.00167128794127198
v 0.00279923602475846 -0.00392553672036061 0.00248105518751832
v 0.00311181613340103 -0.00410601004799733 0.00169071142607423
v 0.00289598437680924 -0.00398139914711842 0.00254423706465455
v 0.00321652575864518 -0.00416646537026296 0.00173376743727418
v 0.00297701236142838 -0.00402818259438405 0.00258192531996461
v 0.00329425784482682 -0.00421134146889577 0.00177979748182984
v 0.00306118747129166 -0.00407678183754811 0.00260921947890015
v 0.00336724063291275 -0.00425347861489186 0.00183537952833863
v 0.00314684268369400 -0.00412623557289967 0.00262954609328004
v 0.00343663760556900 -0.00429354819496999 0.00189681713515015
v 0.00323324939145768 -0.00417611655434499 0.00264416687422486
v 0.00350279208554947 -0.00433174094399342 0.00196264545851441
v 0.00331992312802994 -0.00422615775307545 0.00265386574202271
v 0.00356589862241471 -0.00436817130288014 0.00203193275862428
v 0.00340706225766861 -0.00427647361000905 0.00265904133253785
v 0.00362635012998307 -0.00440307578286061 0.00210458557539674
v 0.00349492236509049 -0.00432719382485280 0.00266007416182252
v 0.00368456241025650 -0.00443668326577077 0.00218058197432252
v 0.00371736880674088 -0.00445562705239186 0.00251566307478638
v 0.00373571750058853 -0.00446621665200124 0.00246927254133912
v 0.00357313128843033 -0.00437235221108327 0.00265786259108277
v 0.00369868060483658 -0.00444483908852467 0.00256187145643922
v 0.00375372287168229 -0.00447661551674733 0.00242270367079469
v 0.00373432895078385 -0.00446541556557546 0.00225027935438844
v 0.00303036853208268 -0.00405899008950124 0.00160714380675050
v 0.00301827594175064 -0.00405200156411061 0.00156661264830323
v 0.00276432391538346 -0.00390538748940358 0.00116468565397950
v 0.00301547213926041 -0.00405038413246999 0.00152386515074464
v 0.00302214404477799 -0.00405423697670827 0.00148169367247315
v 0.00304153033628189 -0.00406542929848561 0.00140961401396485
v 0.00305994387998307 -0.00407606467446217 0.00133719627791139
v 0.00307738467588150 -0.00408612784584889 0.00126445810728761
v 0.00309151812925064 -0.00409429129799733 0.00122481577330323
v 0.00311389132871353 -0.00410720786293874 0.00119060413771363
v 0.00314304324521744 -0.00412403830727467 0.00116405670576783
v 0.00325923510923111 -0.00419112357338795 0.00023089640074464
v 0.00317706653012955 -0.00414368399819264 0.00114690868788453
v 0.00328770038022721 -0.00420755728920827 0.00025841991835328
v 0.00321374865903580 -0.00416486319741139 0.00114027826719972
v 0.00332127353086197 -0.00422694358071217 0.00027671377592774
v 0.00325068637265885 -0.00418618735512624 0.00114459984236451
v 0.00335777255429947 -0.00424800833901296 0.00028458349638673
v 0.00335893222226822 -0.00424867972573170 0.00117374842100831
v 0.00346874591245377 -0.00431207999428639 0.00029183046751710
v 0.00344587680234635 -0.00429888114174733 0.00118355028563233
v 0.00355455752744400 -0.00436162528237233 0.00031070940428468
v 0.00353329821958268 -0.00434934958657155 0.00118235485487672
v 0.00363814898862564 -0.00440988883217702 0.00034029667311402
v 0.00362044497861588 -0.00439966544350514 0.00117399303847047
v 0.00371972247495377 -0.00445698508461842 0.00037666981154176
v 0.00370691653623307 -0.00444959220131764 0.00115991299086305
v 0.00379925891294205 -0.00450290641030202 0.00041831057005616
v 0.00379244967832291 -0.00449896964272389 0.00114102165632935
v 0.00387671634092057 -0.00454762229164968 0.00046426098280640
v 0.00387731906308853 -0.00454797324379811 0.00111763994627686
v 0.00395244189634049 -0.00459134635170827 0.00051430551939698
v 0.00396187182798111 -0.00459678611000905 0.00109004824095460
v 0.00402683993711197 -0.00463429984291921 0.00056828682356568
v 0.00414007541074478 -0.00469967612465749 0.00087912123137208
v 0.00414635821714127 -0.00470330008705983 0.00082864134245606
v 0.00403637286557877 -0.00463980063637624 0.00106248419218751
v 0.00413341494931900 -0.00469583090981374 0.00092953770094605
v 0.00415227099790299 -0.00470671805580983 0.00077810137205811
v 0.00409159823789322 -0.00467168387612233 0.00061897032194825
v 0.00289711352719986 -0.00398204764565358 -0.00000000007218627
v 0.00323774310483658 -0.00417871054848561 0.00019594137602540
v 0.00322462436094010 -0.00417113455971608 0.00015583698683472
v 0.00322073336972916 -0.00416889151772389 0.00011320297651978
v 0.00322174807920182 -0.00416947898110280 0.00003773729735108
v 0.00322174807920182 -0.00416947898110280 -0.00003773744172362
v 0.00322073336972916 -0.00416889151772389 -0.00011320312089233
v 0.00322462436094010 -0.00417113455971608 -0.00015583713120727
v 0.00323774310483658 -0.00417871054848561 -0.00019594152039794
v 0.00325923510923111 -0.00419112357338795 -0.00023089654511718
v 0.00276432391538346 -0.00390538748940358 -0.00116468579835204
v 0.00314304324521744 -0.00412403830727467 -0.00116405685014037
v 0.00311389132871353 -0.00410720786293874 -0.00119060380524902
v 0.00317706653012955 -0.00414368399819264 -0.00114690835541991
v 0.00328770038022721 -0.00420755728920827 -0.00025841958588866
v 0.00321374865903580 -0.00416486319741139 -0.00114027841157226
v 0.00332127353086197 -0.00422694358071217 -0.00027671344346313
v 0.00325068637265885 -0.00418618735512624 -0.00114459998673705
v 0.00335777255429947 -0.00424800833901296 -0.00028458364075927
v 0.00335893222226822 -0.00424867972573170 -0.00117374856538085
v 0.00346874591245377 -0.00431207999428639 -0.00029183061188964
v 0.00344587680234635 -0.00429888114174733 -0.00118355043000487
v 0.00355455752744400 -0.00436162528237233 -0.00031070954865722
v 0.00353329821958268 -0.00434934958657155 -0.00118235499924926
v 0.00363814898862564 -0.00440988883217702 -0.00034029681748656
v 0.00362044497861588 -0.00439966544350514 -0.00117399318284301
v 0.00371972247495377 -0.00445698508461842 -0.00037666995591430
v 0.00370691653623307 -0.00444959220131764 -0.00115991313523559
v 0.00379925891294205 -0.00450290641030202 -0.00041831071442870
v 0.00379244967832291 -0.00449896964272389 -0.00114102180070190
v 0.00387671634092057 -0.00454762229164968 -0.00046426112717895
v 0.00387731906308853 -0.00454797324379811 -0.00111764009064941
v 0.00395244189634049 -0.00459134635170827 -0.00051430566376952
v 0.00396187182798111 -0.00459678611000905 -0.00109004838532714
v 0.00402683993711197 -0.00463429984291921 -0.00056828649110107
v 0.00414007541074478 -0.00469967612465749 -0.00087912137574462
v 0.00414635821714127 -0.00470330008705983 -0.00082864148682861
v 0.00409159823789322 -0.00467168387612233 -0.00061897046632079
v 0.00415227099790299 -0.00470671805580983 -0.00077810151643066
v 0.00413341494931900 -0.00469583090981374 -0.00092953784531860
v 0.00403637286557877 -0.00463980063637624 -0.00106248433656005
v 0.00309151812925064 -0.00409429129799733 -0.00122481591767577
v 0.00307738467588150 -0.00408612784584889 -0.00126445825166015
v 0.00305994387998307 -0.00407606467446217 -0.00133719642228393
v 0.00304153033628189 -0.00406542929848561 -0.00140961368150024
v 0.00302214404477799 -0.00405423697670827 -0.00148169334000854
v 0.00301547213926041 -0.00405038413246999 -0.00152386529511718
v 0.00301827594175064 -0.00405200156411061 -0.00156661279267577
v 0.00237499972715103 -0.00368061026772389 -0.00225000007218627
v 0.00303036853208268 -0.00405899008950124 -0.00160714395112304
v 0.00305096789731705 -0.00407087668618092 -0.00164281232423095
v 0.00307871981992447 -0.00408689841469655 -0.00167128808564452
v 0.00276484652890885 -0.00390568503579030 -0.00246489222115783
v 0.00272803470029557 -0.00388443717202077 -0.00245932109421996
v 0.00269120379819596 -0.00386316642006764 -0.00246470553941039
v 0.00265675708188736 -0.00384328421791921 -0.00248069365090636
v 0.00279923602475846 -0.00392553672036061 -0.00248105485505370
v 0.00311181613340103 -0.00410601004799733 -0.00169071157044677
v 0.00289598437680924 -0.00398139914711842 -0.00254423744744567
v 0.00321652575864518 -0.00416646537026296 -0.00173376758164672
v 0.00297701236142838 -0.00402818259438405 -0.00258192570275573
v 0.00329425784482682 -0.00421134146889577 -0.00177979714936523
v 0.00306118747129166 -0.00407678183754811 -0.00260921914643554
v 0.00336724063291275 -0.00425347861489186 -0.00183537967271117
v 0.00314684268369400 -0.00412623557289967 -0.00262954599923400
v 0.00343663760556900 -0.00429354819496999 -0.00189681727952270
v 0.00323324939145768 -0.00417611655434499 -0.00264416725701598
v 0.00350279208554947 -0.00433174094399342 -0.00196264512604980
v 0.00331992312802994 -0.00422615775307545 -0.00265386588639526
v 0.00356589862241471 -0.00436817130288014 -0.00203193242615966
v 0.00340706225766861 -0.00427647361000905 -0.00265904147691039
v 0.00362635012998307 -0.00440307578286061 -0.00210458571976928
v 0.00349492236509049 -0.00432719382485280 -0.00266007382935790
v 0.00368456241025650 -0.00443668326577077 -0.00218058211869506
v 0.00371736880674088 -0.00445562705239186 -0.00251566274232177
v 0.00373571750058853 -0.00446621665200124 -0.00246927244729308
v 0.00373432895078385 -0.00446541556557546 -0.00225027973717956
v 0.00375372287168229 -0.00447661551674733 -0.00242270357674865
v 0.00369868060483658 -0.00444483908852467 -0.00256187136239318
v 0.00357313128843033 -0.00437235221108327 -0.00265786249703674
v 0.00262694140805924 -0.00382606467446217 -0.00250624163216857
v 0.00260370990171158 -0.00381265219887624 -0.00253968079156188
v 0.00256922885312760 -0.00379274710854421 -0.00260379822320251
v 0.00253388949765885 -0.00377234610756764 -0.00266729171342162
v 0.00249770709409439 -0.00375144919594655 -0.00273014576501159
v 0.00248101397886002 -0.00374181327065358 -0.00276843888825683
v 0.00175567599668228 -0.00332304343422780 -0.00318198044366149
v 0.00247327395810807 -0.00373735007485280 -0.00281036646432189
v 0.00247498675718033 -0.00373833426674733 -0.00285319049424438
v 0.00248604937925064 -0.00374472006996999 -0.00289411408967284
v 0.00197698184385025 -0.00345081290444264 -0.00357249386376647
v 0.00194032641782486 -0.00342964896401296 -0.00356567819184570
v 0.00201094027890885 -0.00347042044838796 -0.00358981473511962
v 0.00250572940244400 -0.00375608786782155 -0.00293046481675414
v 0.00203999301328385 -0.00348718985756764 -0.00361650927132873
v 0.00253274508847916 -0.00377168235024342 -0.00295986850327758
v 0.00211740847959244 -0.00353189048012624 -0.00370860750741271
v 0.00262271090879166 -0.00382362326821217 -0.00303524453706054
v 0.00218595858945572 -0.00357146414955983 -0.00377112896508483
v 0.00268606158628189 -0.00386019858559499 -0.00310469658440856
v 0.00226006289853775 -0.00361424979409108 -0.00382469995087890
v 0.00274252673520768 -0.00389279898842702 -0.00318177063531188
v 0.00233729144468033 -0.00365883597573171 -0.00387206871575622
v 0.00279412433042252 -0.00392259177407155 -0.00326329548424987
v 0.00241662951841080 -0.00370464286049733 -0.00391420705384521
v 0.00284153720273697 -0.00394996604164967 -0.00334797794884948
v 0.00249742862119400 -0.00375128897866139 -0.00395170958108215
v 0.00288518115415299 -0.00397516593178639 -0.00343498880929259
v 0.00257977267636978 -0.00379883536538014 -0.00398502309388427
v 0.00292545672788346 -0.00399841269692311 -0.00352436454362182
v 0.00266382190122330 -0.00384735831459889 -0.00401459593838958
v 0.00296276828183853 -0.00401995810707936 -0.00361622006959228
v 0.00291249438657486 -0.00399092826088796 -0.00394840009278564
v 0.00294141742124283 -0.00400762900551686 -0.00390985758370666
v 0.00299351855649674 -0.00403771170815358 -0.00369928462571410
v 0.00297005435361588 -0.00402416190346608 -0.00387103278703002
v 0.00288328906430924 -0.00397406729897389 -0.00398665745324401
v 0.00273940249814713 -0.00389099845131764 -0.00403791673249511
v 0.00190337344541275 -0.00340831717690358 -0.00356981237000732
v 0.00186853381528580 -0.00338819846352467 -0.00358462650841979
v 0.00183808490171158 -0.00337062033852467 -0.00360915334290771
v 0.00178935595884049 -0.00334248313149342 -0.00365945608681945
v 0.00173995562925064 -0.00331396445473561 -0.00370888145036010
v 0.00168990298642838 -0.00328506430825124 -0.00375741798943786
v 0.00166454287900650 -0.00327042350014577 -0.00378872997826842
v 0.00094855853452408 -0.00285704764565358 -0.00389711434907226
v 0.00164688846006119 -0.00326023062905202 -0.00382644088334350
v 0.00163808413877213 -0.00325514945229421 -0.00386808807915954
v 0.00163870974912369 -0.00325550803383717 -0.00391095192498473
v 0.00164872332944596 -0.00326129111489186 -0.00395223243302611
v 0.00101310702695572 -0.00289431723793874 -0.00442391200131683
v 0.00103446933164322 -0.00290665396889577 -0.00445897574490813
v 0.00166747256650650 -0.00327211722573171 -0.00398923428124694
v 0.00108627673520768 -0.00293656119545827 -0.00457252819604186
v 0.00173540469541275 -0.00331133994301686 -0.00409082443780212
v 0.00113679858579361 -0.00296572837075124 -0.00465481777257232
v 0.00177924319638932 -0.00333664664467702 -0.00417807180947570
v 0.00119483157529557 -0.00299923667153249 -0.00473032624787597
v 0.00181461688413346 -0.00335707053383717 -0.00427039380139617
v 0.00125736972226822 -0.00303534659584889 -0.00480089945859222
v 0.00184423037900650 -0.00337416800698171 -0.00436540122098235
v 0.00132321521177018 -0.00307335623940358 -0.00486714084214477
v 0.00186906024350846 -0.00338850363930592 -0.00446207745141296
v 0.00139158984555924 -0.00311283835610280 -0.00492940933770446
v 0.00188970919980728 -0.00340042838295827 -0.00455976255006103
v 0.00146247073545182 -0.00315376242836842 -0.00498816187447814
v 0.00190654727353775 -0.00341014823159108 -0.00465862042969970
v 0.00153589984311783 -0.00319615134438405 -0.00504387952155379
v 0.00191993686094010 -0.00341787680825124 -0.00475889320439605
v 0.00179064914121353 -0.00334323081215749 -0.00506126172608642
v 0.00182780429258072 -0.00336468466957936 -0.00503368957108764
v 0.00192917224302018 -0.00342320975502858 -0.00484859557217864
v 0.00186475345029557 -0.00338601645668874 -0.00500575370854644
v 0.00175329181089127 -0.00332166251381764 -0.00508846826619414
v 0.00160272952451432 -0.00323474082192311 -0.00509084291524200
v 0.00098474856748307 -0.00287794455727467 -0.00439624471730499
v 0.00095124026670182 -0.00285860404213796 -0.00437778074807433
v 0.00091477557553971 -0.00283754691323170 -0.00436972601479797
v 0.00087773486509049 -0.00281616172036061 -0.00437260646886138
v 0.00084253283872330 -0.00279583701332936 -0.00438623399800567
v 0.00078350421323502 -0.00276175650795827 -0.00441864640778808
v 0.00072404834165299 -0.00272743186196217 -0.00444999976224212
v 0.00066418048276627 -0.00269286307534108 -0.00448028655118255
v 0.00063220950498307 -0.00267440756996999 -0.00450208063191680
v 0.00060606738462174 -0.00265931662758717 -0.00453252000874786
v 0.00058745929136002 -0.00264856681069264 -0.00456961650914458
v 0.00057760211362564 -0.00264288291176686 -0.00461094756192474
v -0.00085945156679428 -0.00527729758461842 -0.00551602910227088
v -0.00087247875795639 -0.00526977500161061 -0.00560510210460929
v -0.00084783199892318 -0.00528400382241139 -0.00541546256608276
v -0.00083986691103256 -0.00528860434731374 -0.00531513155764846
v -0.00083584622011459 -0.00529092368325124 -0.00521468592948226
v -0.00083608273134506 -0.00529079398354421 -0.00511384804314880
v -0.00084131649599350 -0.00528776511391530 -0.00501305503911285
v -0.00085273388490951 -0.00528117331704030 -0.00491296453542022
v -0.00087350872621811 -0.00526917990883717 -0.00481498987740783
v -0.00091390255556381 -0.00524586447914967 -0.00469541616505889
v -0.00083581951723373 -0.00529093894204030 -0.00448028655118255
v -0.00086779049501693 -0.00527248343666920 -0.00450208063191680
v -0.00089393261537826 -0.00525739249428639 -0.00453252000874786
v -0.00091254070863998 -0.00524665030678639 -0.00456961650914458
v -0.00092239788637436 -0.00524095877846608 -0.00461094756192474
v -0.00092286327944076 -0.00524069174965749 -0.00465381391114501
v -0.00065746716127670 -0.00539391288002858 -0.00438623399800567
v -0.00071649578676498 -0.00535983237465749 -0.00441864640778808
v -0.00077595165834701 -0.00532550772866139 -0.00444999976224212
v -0.00046553066835678 -0.00550472983559499 -0.00445897574490813
v -0.00048689297304428 -0.00549239310463796 -0.00442391200131683
v -0.00051525143251693 -0.00547602042397389 -0.00439624471730499
v -0.00054875973329818 -0.00545667990883717 -0.00437778074807433
v -0.00058522442446029 -0.00543562277993092 -0.00436972601479797
v -0.00062226513490951 -0.00541423758705983 -0.00437260646886138
v -0.00041372326479232 -0.00553463706215749 -0.00457252819604186
v -0.00036320141420639 -0.00556380423745046 -0.00465481777257232
v -0.00030516842470443 -0.00559731253823170 -0.00473032624787597
v -0.00024263027773178 -0.00563342246254811 -0.00480089945859222
v -0.00017678478822982 -0.00567143210610280 -0.00486714084214477
v -0.00010841015444076 -0.00571091422280202 -0.00492940933770446
v -0.00003752926454818 -0.00575183829506764 -0.00498816187447814
v 0.00003589984311783 -0.00579422721108327 -0.00504387952155379
v 0.00010272952451432 -0.00583281668862233 -0.00509084291524200
v 0.00025329181089127 -0.00591973838051686 -0.00508846826619414
v 0.00036475345029557 -0.00598409232338796 -0.00500575370854644
v 0.00032780429258072 -0.00596276053627858 -0.00503368957108764
v 0.00029064914121353 -0.00594130667885671 -0.00506126172608642
v 0.00042917224302018 -0.00602128562172780 -0.00484859557217864
v 0.00041993686094010 -0.00601595267495046 -0.00475889320439605
v 0.00040654727353775 -0.00600822409829030 -0.00465862042969970
v 0.00038970919980728 -0.00599850424965749 -0.00455976255006103
v 0.00036906024350846 -0.00598657950600514 -0.00446207745141296
v 0.00034423037900650 -0.00597224387368092 -0.00436540122098235
v 0.00031461688413346 -0.00595514640053639 -0.00427039380139617
v 0.00027924319638932 -0.00593472251137624 -0.00417807180947570
v 0.00023540469541275 -0.00590941580971608 -0.00409082443780212
v 0.00016747256650650 -0.00587019309243092 -0.00398923428124694
v 0.00018990298642838 -0.00588314017495046 -0.00375741798943786
v 0.00016454287900650 -0.00586849936684499 -0.00378872997826842
v 0.00014688846006119 -0.00585830649575124 -0.00382644088334350
v 0.00013808413877213 -0.00585322531899342 -0.00386808807915954
v 0.00013870974912369 -0.00585358390053639 -0.00391095192498473
v 0.00014872332944596 -0.00585936698159108 -0.00395223243302611
v 0.00033808490171158 -0.00596869620522389 -0.00360915334290771
v 0.00028935595884049 -0.00594055899819264 -0.00365945608681945
v 0.00023995562925064 -0.00591204032143483 -0.00370888145036010
v 0.00053999301328385 -0.00608526572426686 -0.00361650927132873
v 0.00051094027890885 -0.00606849631508717 -0.00358981473511962
v 0.00047698184385025 -0.00604888877114186 -0.00357249386376647
v 0.00044032641782486 -0.00602772483071217 -0.00356567819184570
v 0.00040337344541275 -0.00600639304360280 -0.00356981237000732
v 0.00036853381528580 -0.00598627433022389 -0.00358462650841979
v 0.00061740847959244 -0.00612996634682546 -0.00370860750741271
v 0.00068595858945572 -0.00616954001625905 -0.00377112896508483
v 0.00076006289853775 -0.00621232566079030 -0.00382469995087890
v 0.00083729144468033 -0.00625691184243092 -0.00387206871575622
v 0.00091662951841080 -0.00630271872719655 -0.00391420705384521
v 0.00099742862119400 -0.00634936484536061 -0.00395170958108215
v 0.00107977267636978 -0.00639691123207936 -0.00398502309388427
v 0.00116382190122330 -0.00644543418129811 -0.00401459593838958
v 0.00123940249814713 -0.00648907431801686 -0.00403791673249511
v 0.00138328906430924 -0.00657214316567311 -0.00398665745324401
v 0.00147005435361588 -0.00662223777016530 -0.00387103278703002
v 0.00144141742124283 -0.00660570487221608 -0.00390985758370666
v 0.00141249438657486 -0.00658900412758717 -0.00394840009278564
v 0.00149351855649674 -0.00663578757485280 -0.00369928462571410
v 0.00146276828183853 -0.00661803397377858 -0.00361622006959228
v 0.00142545672788346 -0.00659648856362233 -0.00352436454362182
v 0.00138518115415299 -0.00657324179848561 -0.00343498880929259
v 0.00134153720273697 -0.00654804190834889 -0.00334797794884948
v 0.00129412433042252 -0.00652066764077077 -0.00326329548424987
v 0.00124252673520768 -0.00649087485512624 -0.00318177063531188
v 0.00118606158628189 -0.00645827445229421 -0.00310469658440856
v 0.00112271090879166 -0.00642169913491139 -0.00303524453706054
v 0.00103274508847916 -0.00636975821694264 -0.00295986850327758
v 0.00099770709409439 -0.00634952506264577 -0.00273014576501159
v 0.00098101397886002 -0.00633988913735280 -0.00276843888825683
v 0.00097327395810807 -0.00633542594155202 -0.00281036646432189
v 0.00097498675718033 -0.00633641013344655 -0.00285319049424438
v 0.00098604937925064 -0.00634279593666920 -0.00289411408967284
v 0.00100572940244400 -0.00635416373452077 -0.00293046481675414
v 0.00110370990171158 -0.00641072806557545 -0.00253968079156188
v 0.00106922885312760 -0.00639082297524342 -0.00260379822320251
v 0.00103388949765885 -0.00637042197426686 -0.00266729171342162
v 0.00129923602475846 -0.00652362021645436 -0.00248105485505370
v 0.00126484652890885 -0.00650376090248952 -0.00246489222115783
v 0.00122803470029557 -0.00648251303871999 -0.00245932109421996
v 0.00119120379819596 -0.00646124228676686 -0.00246470553941039
v 0.00115675708188736 -0.00644136008461842 -0.00248069365090636
v 0.00112694140805924 -0.00642414054116139 -0.00250624163216857
v 0.00139598437680924 -0.00657947501381764 -0.00254423744744567
v 0.00147701236142838 -0.00662625846108327 -0.00258192570275573
v 0.00156118747129166 -0.00667485770424733 -0.00260921914643554
v 0.00164684268369400 -0.00672431143959889 -0.00262954599923400
v 0.00173324939145768 -0.00677419242104420 -0.00264416725701598
v 0.00181992312802994 -0.00682423361977467 -0.00265386588639526
v 0.00190706225766861 -0.00687454947670827 -0.00265904147691039
v 0.00199492236509049 -0.00692526969155202 -0.00266007382935790
v 0.00207313128843033 -0.00697042807778249 -0.00265786249703674
v 0.00219868060483658 -0.00704291495522389 -0.00256187136239318
v 0.00225372287168228 -0.00707469138344655 -0.00242270357674865
v 0.00223571750058853 -0.00706429251870045 -0.00246927244729308
v 0.00221736880674088 -0.00705370291909108 -0.00251566274232177
v 0.00223432895078385 -0.00706349143227467 -0.00225027973717956
v 0.00218456241025650 -0.00703475913246999 -0.00218058211869506
v 0.00212635012998307 -0.00700115164955983 -0.00210458571976928
v 0.00206589862241471 -0.00696624716957936 -0.00203193242615966
v 0.00200279208554947 -0.00692981681069264 -0.00196264512604980
v 0.00193663760556900 -0.00689162406166921 -0.00189681727952270
v 0.00186724063291275 -0.00685155448159108 -0.00183537967271117
v 0.00179425784482682 -0.00680941733559499 -0.00177979714936523
v 0.00171652575864518 -0.00676454123696217 -0.00173376758164672
v 0.00161181613340103 -0.00670408591469655 -0.00169071157044677
v 0.00152214404477799 -0.00665231284340749 -0.00148169334000854
v 0.00151547213926041 -0.00664845999916921 -0.00152386529511718
v 0.00151827594175064 -0.00665007743080983 -0.00156661279267577
v 0.00153036853208268 -0.00665706595620045 -0.00160714395112304
v 0.00155096789731705 -0.00666895255288014 -0.00164281232423095
v 0.00157871981992447 -0.00668497428139577 -0.00167128808564452
v 0.00157738467588150 -0.00668420371254811 -0.00126445825166015
v 0.00155994387998307 -0.00667414054116139 -0.00133719642228393
v 0.00154153033628189 -0.00666350516518483 -0.00140961368150024
v 0.00175068637265885 -0.00678426322182546 -0.00114459998673705
v 0.00171374865903580 -0.00676293906411061 -0.00114027841157226
v 0.00167706653012955 -0.00674175986489186 -0.00114690835541991
v 0.00164304324521744 -0.00672211417397389 -0.00116405685014037
v 0.00161389132871353 -0.00670528372963796 -0.00119060380524902
v 0.00159151812925064 -0.00669236716469655 -0.00122481591767577
v 0.00185893222226822 -0.00684675559243092 -0.00117374856538085
v 0.00194587680234635 -0.00689695700844655 -0.00118355043000487
v 0.00203329821958268 -0.00694742545327077 -0.00118235499924926
v 0.00212044497861588 -0.00699774131020436 -0.00117399318284301
v 0.00220691653623307 -0.00704766806801686 -0.00115991313523559
v 0.00229244967832291 -0.00709704550942311 -0.00114102180070190
v 0.00237731906308853 -0.00714604911049733 -0.00111764009064941
v 0.00246187182798111 -0.00719486197670827 -0.00109004838532714
v 0.00253637286557877 -0.00723787650307546 -0.00106248433656005
v 0.00263341494931900 -0.00729390677651295 -0.00092953784531860
v 0.00265227099790299 -0.00730479392250905 -0.00077810151643066
v 0.00264635821714127 -0.00730137595375905 -0.00082864148682861
v 0.00264007541074478 -0.00729775199135670 -0.00087912137574462
v 0.00259159823789322 -0.00726975974282155 -0.00061897046632079
v 0.00252683993711197 -0.00723237570961842 -0.00056828649110107
v 0.00245244189634049 -0.00718942221840749 -0.00051430566376952
v 0.00237671634092057 -0.00714569815834889 -0.00046426112717895
v 0.00229925891294205 -0.00710098227700124 -0.00041831071442870
v 0.00221972247495377 -0.00705506095131764 -0.00037666995591430
v 0.00213814898862564 -0.00700796469887624 -0.00034029681748656
v 0.00205455752744400 -0.00695970114907155 -0.00031070954865722
v 0.00196874591245377 -0.00691015586098561 -0.00029183061188964
v 0.00185777255429947 -0.00684608420571217 -0.00028458364075927
v 0.00172073336972916 -0.00676696738442311 -0.00011320312089233
v 0.00172462436094010 -0.00676921805580983 -0.00015583713120727
v 0.00173774310483658 -0.00677678641518483 -0.00019594152039794
v 0.00175923510923111 -0.00678919944008717 -0.00023089654511718
v 0.00178770038022721 -0.00680563315590749 -0.00025841958588866
v 0.00182127353086197 -0.00682501944741139 -0.00027671344346313
v 0.00172073336972916 -0.00676696738442311 0.00011320297651978
v 0.00172174807920182 -0.00676755484780202 0.00003773729735108
v 0.00172174807920182 -0.00676755484780202 -0.00003773744172362
v 0.00185777255429947 -0.00684608420571217 0.00028458349638673
v 0.00182127353086197 -0.00682501944741139 0.00027671377592774
v 0.00178770038022721 -0.00680563315590749 0.00025841991835328
v 0.00175923510923111 -0.00678919944008717 0.00023089640074464
v 0.00173774310483658 -0.00677678641518483 0.00019594137602540
v 0.00172462436094010 -0.00676921805580983 0.00015583698683472
v 0.00196874591245377 -0.00691015586098561 0.00029183046751710
v 0.00205455752744400 -0.00695970114907155 0.00031070940428468
v 0.00213814898862564 -0.00700796469887624 0.00034029667311402
v 0.00221972247495377 -0.00705506095131764 0.00037666981154176
v 0.00229925891294205 -0.00710098227700124 0.00041831057005616
v 0.00237671634092057 -0.00714569815834889 0.00046426098280640
v 0.00245244189634049 -0.00718942221840749 0.00051430551939698
v 0.00252683993711197 -0.00723237570961842 0.00056828682356568
v 0.00259159823789322 -0.00726975974282155 0.00061897032194825
v 0.00265227099790299 -0.00730479392250905 0.00077810137205811
v 0.00263341494931900 -0.00729390677651295 0.00092953770094605
v 0.00264007541074478 -0.00729775199135670 0.00087912123137208
v 0.00264635821714127 -0.00730137595375905 0.00082864134245606
v 0.00253637286557877 -0.00723787650307546 0.00106248419218751
v 0.00246187182798111 -0.00719486197670827 0.00109004824095460
v 0.00237731906308853 -0.00714604911049733 0.00111763994627686
v 0.00229244967832291 -0.00709704550942311 0.00114102165632935
v 0.00220691653623307 -0.00704766806801686 0.00115991299086305
v 0.00212044497861588 -0.00699774131020436 0.00117399303847047
v 0.00203329821958268 -0.00694742545327077 0.00118235485487672
v 0.00194587680234635 -0.00689695700844655 0.00118355028563233
v 0.00185893222226822 -0.00684675559243092 0.00117374842100831
v 0.00175068637265885 -0.00678426322182546 0.00114459984236451
v 0.00157738467588150 -0.00668420371254811 0.00126445810728761
v 0.00159151812925064 -0.00669236716469655 0.00122481577330323
v 0.00161389132871353 -0.00670528372963796 0.00119060413771363
v 0.00164304324521744 -0.00672211417397389 0.00116405670576783
v 0.00167706653012955 -0.00674175986489186 0.00114690868788453
v 0.00171374865903580 -0.00676293906411061 0.00114027826719972
v 0.00152214404477799 -0.00665231284340749 0.00148169367247315
v 0.00154153033628189 -0.00666350516518483 0.00140961401396485
v 0.00155994387998307 -0.00667414054116139 0.00133719627791139
v 0.00161181613340103 -0.00670408591469655 0.00169071142607423
v 0.00157871981992447 -0.00668497428139577 0.00167128794127198
v 0.00155096789731705 -0.00666895255288014 0.00164281217985841
v 0.00153036853208268 -0.00665706595620045 0.00160714380675050
v 0.00151827594175064 -0.00665007743080983 0.00156661264830323
v 0.00151547213926041 -0.00664845999916921 0.00152386515074464
v 0.00171652575864518 -0.00676454123696217 0.00173376743727418
v 0.00179425784482682 -0.00680941733559499 0.00177979748182984
v 0.00186724063291275 -0.00685155448159108 0.00183537952833863
v 0.00193663760556900 -0.00689162406166921 0.00189681713515015
v 0.00200279208554947 -0.00692981681069264 0.00196264545851441
v 0.00206589862241471 -0.00696624716957936 0.00203193275862428
v 0.00212635012998307 -0.00700115164955983 0.00210458557539674
v 0.00218456241025650 -0.00703475913246999 0.00218058197432252
v 0.00223432895078385 -0.00706349143227467 0.00225027935438844
v 0.00225372287168228 -0.00707469138344655 0.00242270367079469
v 0.00219868060483658 -0.00704291495522389 0.00256187145643922
v 0.00221736880674088 -0.00705370291909108 0.00251566307478638
v 0.00223571750058853 -0.00706429251870045 0.00246927254133912
v 0.00207313128843033 -0.00697042807778249 0.00265786259108277
v 0.00199492236509049 -0.00692526969155202 0.00266007416182252
v 0.00190706225766861 -0.00687454947670827 0.00265904133253785
v 0.00181992312802994 -0.00682423361977467 0.00265386574202271
v 0.00173324939145768 -0.00677419242104420 0.00264416687422486
v 0.00164684268369400 -0.00672431143959889 0.00262954609328004
v 0.00156118747129166 -0.00667485770424733 0.00260921947890015
v 0.00147701236142838 -0.00662625846108327 0.00258192531996461
v 0.00139598437680924 -0.00657947501381764 0.00254423706465455
v 0.00129923602475846 -0.00652362021645436 0.00248105518751832
v 0.00110370990171158 -0.00641072806557545 0.00253968040877076
v 0.00112694140805924 -0.00642414054116139 0.00250624172621461
v 0.00115675708188736 -0.00644136008461842 0.00248069374495240
v 0.00119120379819596 -0.00646124228676686 0.00246470539503785
v 0.00122803470029557 -0.00648251303871999 0.00245932094984742
v 0.00126484652890885 -0.00650376090248952 0.00246489231520387
v 0.00099770709409439 -0.00634952506264577 0.00273014538222047
v 0.00103388949765885 -0.00637042197426686 0.00266729156904908
v 0.00106922885312760 -0.00639082297524342 0.00260379784041139
v 0.00103274508847916 -0.00636975821694264 0.00295986835890504
v 0.00100572940244400 -0.00635416373452077 0.00293046467238160
v 0.00098604937925064 -0.00634279593666920 0.00289411442213746
v 0.00097498675718033 -0.00633641013344655 0.00285319034987183
v 0.00097327395810807 -0.00633542594155202 0.00281036655836793
v 0.00098101397886002 -0.00633988913735280 0.00276843922072144
v 0.00112271090879166 -0.00642169913491139 0.00303524486952515
v 0.00118606158628189 -0.00645827445229421 0.00310469620161744
v 0.00124252673520768 -0.00649087485512624 0.00318177025252076
v 0.00129412433042252 -0.00652066764077077 0.00326329510145875
v 0.00134153720273697 -0.00654804190834889 0.00334797756605836
v 0.00138518115415299 -0.00657324179848561 0.00343498890333863
v 0.00142545672788346 -0.00659648856362233 0.00352436439924928
v 0.00146276828183853 -0.00661803397377858 0.00361622040205689
v 0.00149351855649674 -0.00663578757485280 0.00369928448134156
v 0.00147005435361588 -0.00662223777016530 0.00387103264265748
v 0.00138328906430924 -0.00657214316567311 0.00398665707045289
v 0.00141249438657486 -0.00658900412758717 0.00394840042525025
v 0.00144141742124283 -0.00660570487221608 0.00390985767775269
v 0.00123940249814713 -0.00648907431801686 0.00403791706495973
v 0.00116382190122330 -0.00644543418129811 0.00401459591322633
v 0.00107977267636978 -0.00639691123207936 0.00398502342634888
v 0.00099742862119400 -0.00634936484536061 0.00395170967512818
v 0.00091662951841080 -0.00630271872719655 0.00391420738630982
v 0.00083729144468033 -0.00625691184243092 0.00387206833296510
v 0.00076006289853775 -0.00621232566079030 0.00382470028334351
v 0.00068595858945572 -0.00616954001625905 0.00377112858229371
v 0.00061740847959244 -0.00612996634682546 0.00370860760145875
v 0.00053999301328385 -0.00608526572426686 0.00361650936537476
v 0.00033808490171158 -0.00596869620522389 0.00360915367537232
v 0.00036853381528580 -0.00598627433022389 0.00358462612562867
v 0.00040337344541275 -0.00600639304360280 0.00356981270247193
v 0.00044032641782486 -0.00602772483071217 0.00356567852431031
v 0.00047698184385025 -0.00604888877114186 0.00357249348097535
v 0.00051094027890885 -0.00606849631508717 0.00358981506758424
v 0.00018990298642838 -0.00588314017495046 0.00375741760664674
v 0.00023995562925064 -0.00591204032143483 0.00370888130598756
v 0.00028935595884049 -0.00594055899819264 0.00365945618086549
v 0.00016747256650650 -0.00587019309243092 0.00398923389845582
v 0.00014872332944596 -0.00585936698159108 0.00395223228865357
v 0.00013870974912369 -0.00585358390053639 0.00391095154219361
v 0.00013808413877213 -0.00585322531899342 0.00386808769636842
v 0.00014688846006119 -0.00585830649575124 0.00382644073897096
v 0.00016454287900650 -0.00586849936684499 0.00378872959547730
v 0.00023540469541275 -0.00590941580971608 0.00409082405501099
v 0.00027924319638932 -0.00593472251137624 0.00417807190352174
v 0.00031461688413346 -0.00595514640053639 0.00427039425307008
v 0.00034423037900650 -0.00597224387368092 0.00436540119581910
v 0.00036906024350846 -0.00598657950600514 0.00446207706862183
v 0.00038970919980728 -0.00599850424965749 0.00455976288252564
v 0.00040654727353775 -0.00600822409829030 0.00465862076216431
v 0.00041993686094010 -0.00601595267495046 0.00475889294081422
v 0.00042917224302018 -0.00602128562172780 0.00484859554701539
v 0.00036475345029557 -0.00598409232338796 0.00500575344496461
v 0.00025329181089127 -0.00591973838051686 0.00508846847944947
v 0.00029064914121353 -0.00594130667885671 0.00506126205855103
v 0.00032780429258072 -0.00596276053627858 0.00503368942671510
v 0.00010272952451432 -0.00583281668862233 0.00509084312849732
v 0.00003589984311783 -0.00579422721108327 0.00504387943678590
v -0.00003752926454818 -0.00575183829506764 0.00498816196852418
v -0.00010841015444076 -0.00571091422280202 0.00492940895491334
v -0.00017678478822982 -0.00567143210610280 0.00486714069777223
v -0.00024263027773178 -0.00563342246254811 0.00480089943342896
v -0.00030516842470443 -0.00559731253823170 0.00473032658034058
v -0.00036320141420639 -0.00556380423745046 0.00465481750899049
v -0.00041372326479232 -0.00553463706215749 0.00457252781325074
v -0.00046553066835678 -0.00550472983559499 0.00445897571974488
v -0.00065746716127670 -0.00539391288002858 0.00438623421126099
v -0.00062226513490951 -0.00541423758705983 0.00437260620527955
v -0.00058522442446029 -0.00543562277993092 0.00436972610884400
v -0.00054875973329818 -0.00545667990883717 0.00437778084212037
v -0.00051525143251693 -0.00547602042397389 0.00439624493056031
v -0.00048689297304428 -0.00549239310463796 0.00442391197615357
v -0.00083581951723373 -0.00529093894204030 0.00448028652601929
v -0.00077595165834701 -0.00532550772866139 0.00444999973707887
v -0.00071649578676498 -0.00535983237465749 0.00441864674025269
v -0.00091390255556381 -0.00524586447914967 0.00469541637831422
v -0.00092286327944076 -0.00524069174965749 0.00465381424360963
v -0.00092239788637436 -0.00524095877846608 0.00461094753676148
v -0.00091254070863998 -0.00524665030678639 0.00456961624556275
v -0.00089393261537826 -0.00525739249428639 0.00453252022200318
v -0.00086779049501693 -0.00527248343666920 0.00450208084517213
v -0.00087350872621811 -0.00526917990883717 0.00481498997145387
v -0.00085273388490951 -0.00528117331704030 0.00491296474867555
v -0.00084131649599350 -0.00528776511391530 0.00501305477553101
v -0.00083608273134506 -0.00529079398354421 0.00511384766035767
v -0.00083584622011459 -0.00529092368325124 0.00521468632155152
v -0.00083986691103256 -0.00528860434731374 0.00531513111525269
v -0.00084783199892318 -0.00528400382241139 0.00541546242171021
v -0.00085945156679428 -0.00527729758461842 0.00551602928572389
v -0.00087247875795639 -0.00526977500161061 0.00560510246687623
v -0.00097262981996811 -0.00521195182045827 0.00573493854933472
v -0.00109975842104232 -0.00513855704506764 0.00577804176741334
v -0.00105727795229232 -0.00516308554848561 0.00576408951216431
v -0.00101490048036850 -0.00518755301674733 0.00574972145491334
v -0.00124480084047592 -0.00505481681069264 0.00573133938246461
v -0.00129746655092514 -0.00502441367348561 0.00566453831129762
v -0.00135432461366928 -0.00499158438881764 0.00558718960219117
v -0.00140800121889389 -0.00496059378823170 0.00550775806837769
v -0.00145841244325912 -0.00493148764809499 0.00542576782637330
v -0.00150542858705795 -0.00490434226235280 0.00534078972273560
v -0.00154821804628647 -0.00487963828286061 0.00525272934370728
v -0.00158547619447982 -0.00485813101967702 0.00516140072279664
v -0.00161387280092514 -0.00484173545082936 0.00506600944929810
v -0.00163587597475326 -0.00482903250893483 0.00494020264082642
v -0.00180228832826889 -0.00473294791420827 0.00480796806746217
v -0.00176518658266342 -0.00475437125405202 0.00480634396010133
v -0.00172894314394272 -0.00477529868325124 0.00481563084059449
v -0.00169591930971420 -0.00479436454018483 0.00483522121840211
v -0.00166827801332748 -0.00481032523354421 0.00486383812361451
v -0.00164781597719467 -0.00482213553627858 0.00489961044722291
v -0.00199636486635482 -0.00462090262612233 0.00484018890791627
v -0.00193153027162826 -0.00465833243569264 0.00483060543471070
v -0.00186683300600326 -0.00469568595131764 0.00481986420088502
v -0.00212377194032943 -0.00454734000405202 0.00502120296889039
v -0.00212221935854232 -0.00454824027260670 0.00497837059431764
v -0.00211131695375717 -0.00455453452309499 0.00493739216261598
v -0.00209177425966537 -0.00456581839760671 0.00490094177656861
v -0.00206486919985092 -0.00458135184487233 0.00487140076094361
v -0.00203236034975326 -0.00460012015541921 0.00485069935255738
v -0.00211419323549545 -0.00455287131508717 0.00514907352858277
v -0.00211816433534897 -0.00455058249672780 0.00524983780317994
v -0.00213163021669662 -0.00454280814370045 0.00534958832197877
v -0.00215119961366928 -0.00453150901039967 0.00544800083571168
v -0.00217557552919662 -0.00451743277748952 0.00554483120375367
v -0.00220394161806381 -0.00450106009682546 0.00563990013533326
v -0.00223606136904037 -0.00448251303871999 0.00573357574873658
v -0.00227174786196029 -0.00446190604409108 0.00582628910475465
v -0.00230597714052475 -0.00444214591225514 0.00590751640730592
v -0.00243375042543686 -0.00436837729653249 0.00599951260023805
v -0.00256625012026107 -0.00429187735756764 0.00599951260023805
v -0.00252208355531967 -0.00431737479409108 0.00599994556837769
v -0.00247791699037826 -0.00434287986000905 0.00599994556837769
v -0.00269402340517318 -0.00421810874184499 0.00590751640730592
v -0.00272825268373764 -0.00419834861000905 0.00582628910475465
v -0.00276393917665756 -0.00417774161538014 0.00573357574873658
v -0.00279605892763412 -0.00415919455727467 0.00563990013533326
v -0.00282442501650131 -0.00414282187661061 0.00554483120375367
v -0.00284880093202865 -0.00412874564370046 0.00544800083571168
v -0.00286837032900131 -0.00411744651039967 0.00534958832197877
v -0.00288183621034897 -0.00410967215737233 0.00524983780317994
v -0.00288580731020248 -0.00410738333901295 0.00514907352858277
v -0.00287622860536850 -0.00411291465004811 0.00502120296889039
v -0.00300363567934311 -0.00403935202797780 0.00484018890791627
v -0.00296764019594467 -0.00406013449868092 0.00485069935255738
v -0.00293513134584701 -0.00407890280922780 0.00487140076094361
v -0.00290822628603256 -0.00409443625649342 0.00490094177656861
v -0.00288868359194076 -0.00410572013100514 0.00493739216261598
v -0.00287778118715561 -0.00411201438149342 0.00497837059431764
v -0.00319771221742904 -0.00392730673989186 0.00480796806746217
v -0.00313316753969467 -0.00396456870278249 0.00481986420088502
v -0.00306847027406967 -0.00400192221840749 0.00483060543471070
v -0.00336412457094467 -0.00383122214516530 0.00494020264082642
v -0.00335218456850326 -0.00383811911782155 0.00489961044722291
v -0.00333172253237045 -0.00384992942055592 0.00486383812361451
v -0.00330408123598373 -0.00386589011391530 0.00483522121840211
v -0.00327105740175522 -0.00388495597084889 0.00481563084059449
v -0.00323481396303451 -0.00390588340004811 0.00480634396010133
v -0.00338612774477279 -0.00381851920327077 0.00506600944929810
v -0.00341452435121811 -0.00380212363442311 0.00516140072279664
v -0.00345178249941147 -0.00378061637123952 0.00525272934370728
v -0.00349457195863998 -0.00375591239174733 0.00534078972273560
v -0.00354158810243881 -0.00372876700600514 0.00542576782637330
v -0.00359199932680404 -0.00369966086586842 0.00550775806837769
v -0.00364567593202865 -0.00366867026528249 0.00558718960219117
v -0.00370253399477279 -0.00363584098061452 0.00566453831129762
v -0.00375519970522201 -0.00360543784340749 0.00573133938246461
v -0.00390024212465561 -0.00352169760903249 0.00577804176741334
v -0.00402737072572982 -0.00344830283364186 0.00573493854933472
v -0.00398510006532943 -0.00347270163735280 0.00574972145491334
v -0.00394272259340561 -0.00349716910561452 0.00576408951216431
v -0.00412752178774154 -0.00339047965248952 0.00560510246687623
v -0.00414054897890365 -0.00338295706948170 0.00551602928572389
v -0.00415216854677475 -0.00337625083168874 0.00541546242171021
v -0.00416013363466537 -0.00337165030678639 0.00531513111525269
v -0.00416415432558334 -0.00336933097084889 0.00521468632155152
v -0.00416391781435287 -0.00336946067055592 0.00511384766035767
v -0.00415868404970443 -0.00337248954018483 0.00501305477553101
v -0.00414726666078842 -0.00337908133705983 0.00491296474867555
v -0.00412649181947982 -0.00339107474526295 0.00481498997145387
v -0.00408609799013412 -0.00341439017495045 0.00469541637831422
v -0.00416418102846420 -0.00336931571205983 0.00448028652601929
v -0.00413221005068100 -0.00338777121743092 0.00450208084517213
v -0.00410606793031967 -0.00340286215981374 0.00453252022200318
v -0.00408745983705795 -0.00341360434731374 0.00456961624556275
v -0.00407760265932357 -0.00341929587563405 0.00461094753676148
v -0.00407713726625717 -0.00341956290444264 0.00465381424360963
v -0.00434253338442123 -0.00326634177407155 0.00438623421126099
v -0.00428350475893295 -0.00330042227944264 0.00441864674025269
v -0.00422404888735092 -0.00333474692543874 0.00444999973707887
v -0.00453446987734115 -0.00315552481850514 0.00445897571974488
v -0.00451310757265365 -0.00316786154946217 0.00442391197615357
v -0.00448474911318100 -0.00318423423012624 0.00439624493056031
v -0.00445124081239975 -0.00320357474526295 0.00437778084212037
v -0.00441477612123764 -0.00322463187416920 0.00436972610884400
v -0.00437773541078842 -0.00324601706704030 0.00437260620527955
v -0.00458627728090561 -0.00312561759194264 0.00457252781325074
v -0.00463679913149154 -0.00309645041664967 0.00465481750899049
v -0.00469483212099350 -0.00306294211586842 0.00473032658034058
v -0.00475737026796615 -0.00302683219155202 0.00480089943342896
v -0.00482321575746811 -0.00298882254799733 0.00486714069777223
v -0.00489159039125717 -0.00294934043129811 0.00492940895491334
v -0.00496247128114975 -0.00290841635903249 0.00498816196852418
v -0.00503590038881576 -0.00286602744301686 0.00504387943678590
v -0.00510273007021225 -0.00282743796547780 0.00509084312849732
v -0.00525329235658920 -0.00274051627358327 0.00508846847944947
v -0.00536475399599350 -0.00267616233071217 0.00500575344496461
v -0.00532780483827865 -0.00269749411782155 0.00503368942671510
v -0.00529064968691146 -0.00271894797524342 0.00506126205855103
v -0.00542917278871811 -0.00263896903237233 0.00484859554701539
v -0.00541993740663803 -0.00264430197914967 0.00475889294081422
v -0.00540654781923568 -0.00265203055580983 0.00465862076216431
v -0.00538970974550522 -0.00266175040444264 0.00455976288252564
v -0.00536906078920639 -0.00267367514809499 0.00446207706862183
v -0.00534423092470443 -0.00268801078041920 0.00436540119581910
v -0.00531461742983139 -0.00270510825356374 0.00427039425307008
v -0.00527924374208725 -0.00272553214272389 0.00417807190352174
v -0.00523540524111068 -0.00275083884438405 0.00409082405501099
v -0.00516747311220443 -0.00279006156166920 0.00398923389845582
v -0.00518990353212631 -0.00277711447914967 0.00375741760664674
v -0.00516454342470443 -0.00279175528725514 0.00378872959547730
v -0.00514688900575912 -0.00280194815834889 0.00382644073897096
v -0.00513808468447006 -0.00280702933510670 0.00386808769636842
v -0.00513871029482162 -0.00280666312416920 0.00391095154219361
v -0.00514872387514389 -0.00280088767250905 0.00395223228865357
v -0.00533808544740951 -0.00269155844887624 0.00360915367537232
v -0.00528935650453842 -0.00271969565590749 0.00365945618086549
v -0.00523995617494857 -0.00274821433266530 0.00370888130598756
v -0.00553999355898178 -0.00257498892983327 0.00361650936537476
v -0.00551094082460678 -0.00259175833901295 0.00358981506758424
v -0.00547698238954818 -0.00261136588295827 0.00357249348097535
v -0.00544032696352279 -0.00263252982338795 0.00356567852431031
v -0.00540337399111068 -0.00265386161049733 0.00356981270247193
v -0.00536853436098373 -0.00267398032387624 0.00358462612562867
v -0.00561740902529037 -0.00253028830727467 0.00370860760145875
v -0.00568595913515365 -0.00249071463784108 0.00377112858229371
v -0.00576006535158432 -0.00244792899330983 0.00382470028334351
v -0.00583729199037826 -0.00240334281166920 0.00387206833296510
v -0.00591663006410873 -0.00235753592690358 0.00391420738630982
v -0.00599742725954330 -0.00231088980873952 0.00395170967512818
v -0.00607977322206772 -0.00226334342202077 0.00398502342634888
v -0.00616382244692123 -0.00221482047280202 0.00401459591322633
v -0.00623940304384506 -0.00217118033608327 0.00403791706495973
v -0.00638328770265854 -0.00208811148842702 0.00398665707045289
v -0.00647005489931381 -0.00203801688393483 0.00387103264265748
v -0.00644141605959213 -0.00205454978188405 0.00390985767775269
v -0.00641249302492416 -0.00207125052651295 0.00394840042525025
v -0.00649351719484604 -0.00202446707924733 0.00369928448134156
v -0.00646277073488510 -0.00204222068032155 0.00361622040205689
v -0.00642545918093002 -0.00206376609047780 0.00352436439924928
v -0.00638518360719955 -0.00208701285561452 0.00343498890333863
v -0.00634153584108627 -0.00211221274575124 0.00334797756605836
v -0.00629412487612045 -0.00213958701332936 0.00326329510145875
v -0.00624252918825424 -0.00216937979897389 0.00318177025252076
v -0.00618606022463119 -0.00220198020180592 0.00310469620161744
v -0.00612271145448959 -0.00223855551918874 0.00303524486952515
v -0.00603274563417709 -0.00229049643715749 0.00295986835890504
v -0.00599770573244369 -0.00231072959145436 0.00273014538222047
v -0.00598101452455795 -0.00232036551674733 0.00276843922072144
v -0.00597327450380600 -0.00232482871254811 0.00281036655836793
v -0.00597498921022689 -0.00232384452065358 0.00285319034987183
v -0.00598604801759994 -0.00231745871743092 0.00289411442213746
v -0.00600572994814193 -0.00230609091957936 0.00293046467238160
v -0.00610371235475814 -0.00224952658852467 0.00253968040877076
v -0.00606922939882553 -0.00226943167885670 0.00260379784041139
v -0.00603389195070541 -0.00228983267983327 0.00266729156904908
v -0.00629923466310775 -0.00213663443764577 0.00248105518751832
v -0.00626484898195541 -0.00215649375161061 0.00246489231520387
v -0.00622803715334213 -0.00217774161538014 0.00245932094984742
v -0.00619120434389389 -0.00219901236733327 0.00246470539503785
v -0.00615675762758529 -0.00221889456948170 0.00248069374495240
v -0.00612694386110580 -0.00223611411293874 0.00250624172621461
v -0.00639598682985580 -0.00208077964028249 0.00254423706465455
v -0.00647701481447494 -0.00203399619301686 0.00258192531996461
v -0.00656118801698959 -0.00198539694985280 0.00260921947890015
v -0.00664684513674057 -0.00193594321450124 0.00262954609328004
v -0.00673324993715561 -0.00188606223305592 0.00264416687422486
v -0.00681992558107650 -0.00183602103432545 0.00265386574202271
v -0.00690706280336654 -0.00178570517739186 0.00265904133253785
v -0.00699492481813705 -0.00173498496254811 0.00266007416182252
v -0.00707313183412826 -0.00168982657631764 0.00265786259108277
v -0.00719868305788314 -0.00161733969887624 0.00256187145643922
v -0.00725372341738021 -0.00158556327065358 0.00242270367079469
v -0.00723571804628646 -0.00159596213539967 0.00246927254133912
v -0.00721737125978744 -0.00160655173500905 0.00251566307478638
v -0.00723433140383041 -0.00159676322182545 0.00225027935438844
v -0.00718456295595443 -0.00162549552163014 0.00218058197432252
v -0.00712635067568100 -0.00165910300454030 0.00210458557539674
v -0.00706590107546127 -0.00169399985512624 0.00203193275862428
v -0.00700279263124740 -0.00173043784340749 0.00196264545851441
v -0.00693664005861557 -0.00176863059243092 0.00189681713515015
v -0.00686724308595932 -0.00180870017250905 0.00183537952833863
v -0.00679425648317611 -0.00185083731850514 0.00177979748182984
v -0.00671652821169174 -0.00189571341713795 0.00173376743727418
v -0.00661181667909896 -0.00195616873940358 0.00169071142607423
v -0.00652214649782455 -0.00200794181069264 0.00148169367247315
v -0.00651547459230697 -0.00201179465493092 0.00152386515074464
v -0.00651827648744857 -0.00201017722329030 0.00156661264830323
v -0.00653037098512924 -0.00200318869789967 0.00160714380675050
v -0.00655096653566635 -0.00199130210121999 0.00164281217985841
v -0.00657871845827377 -0.00197528037270436 0.00167128794127198
v -0.00657738712892807 -0.00197605094155202 0.00126445810728761
v -0.00655994442568100 -0.00198611411293874 0.00133719627791139
v -0.00654152897463119 -0.00199674948891530 0.00140961401396485
v -0.00675068501100814 -0.00187599143227467 0.00114459984236451
v -0.00671374920473373 -0.00189731558998952 0.00114027826719972
v -0.00667706898317611 -0.00191849478920827 0.00114690868788453
v -0.00664304188356674 -0.00193814048012624 0.00116405670576783
v -0.00661389187441147 -0.00195497092446217 0.00119060413771363
v -0.00659151867494857 -0.00196788748940358 0.00122481577330323
v -0.00685893467531479 -0.00181349906166920 0.00117374842100831
v -0.00694587544069564 -0.00176329764565358 0.00118355028563233
v -0.00703329876528061 -0.00171282920082936 0.00118235485487672
v -0.00712044552431381 -0.00166251334389577 0.00117399303847047
v -0.00720691708193100 -0.00161258658608327 0.00115991299086305
v -0.00729244831667221 -0.00156320914467702 0.00114102165632935
v -0.00737731960878647 -0.00151420554360280 0.00111763994627686
v -0.00746187237367904 -0.00146538504799733 0.00109004824095460
v -0.00753637341127670 -0.00142237815102467 0.00106248419218751
v -0.00763341740236557 -0.00136634787758717 0.00092953770094605
v -0.00765227345094955 -0.00135546073159108 0.00077810137205811
v -0.00764635876283920 -0.00135887870034108 0.00082864134245606
v -0.00764007404909408 -0.00136250266274342 0.00087912123137208
v -0.00759159687624252 -0.00139049491127858 0.00061897032194825
v -0.00752684048280990 -0.00142787894448170 0.00056828682356568
v -0.00745244434938705 -0.00147083243569264 0.00051430551939698
v -0.00737671497926986 -0.00151455649575124 0.00046426098280640
v -0.00729925945863998 -0.00155927237709889 0.00041831057005616
v -0.00721972302065170 -0.00160519370278249 0.00037666981154176
v -0.00713814762697494 -0.00165228995522389 0.00034029667311402
v -0.00705455807314193 -0.00170055350502858 0.00031070940428468
v -0.00696874645815170 -0.00175009879311452 0.00029183046751710
v -0.00685777119264877 -0.00181417044838795 0.00028458349638673
v -0.00672073582277572 -0.00189328726967702 0.00011320297651978
v -0.00672462299928939 -0.00189103659829030 0.00015583698683472
v -0.00673774174318588 -0.00188346823891530 0.00019594137602540
v -0.00675923565492904 -0.00187105521401295 0.00023089640074464
v -0.00678769901857650 -0.00185462149819264 0.00025841991835328
v -0.00682127598390854 -0.00183523520668874 0.00027671377592774
v -0.00672073582277572 -0.00189328726967702 -0.00011320312089233
v -0.00672174671755111 -0.00189269980629811 -0.00003773744172362
v -0.00672174671755111 -0.00189269980629811 0.00003773729735108
v -0.00685777119264877 -0.00181417044838795 -0.00028458364075927
v -0.00682127598390854 -0.00183523520668874 -0.00027671344346313
v -0.00678769901857650 -0.00185462149819264 -0.00025841958588866
v -0.00675923565492904 -0.00187105521401295 -0.00023089654511718
v -0.00673774174318588 -0.00188346823891530 -0.00019594152039794
v -0.00672462299928939 -0.00189103659829030 -0.00015583713120727
v -0.00696874645815170 -0.00175009879311452 -0.00029183061188964
v -0.00705455807314193 -0.00170055350502858 -0.00031070954865722
v -0.00713814762697494 -0.00165228995522389 -0.00034029681748656
v -0.00721972302065170 -0.00160519370278249 -0.00037666995591430
v -0.00729925945863998 -0.00155927237709889 -0.00041831071442870
v -0.00737671497926986 -0.00151455649575124 -0.00046426112717895
v -0.00745244434938705 -0.00147083243569264 -0.00051430566376952
v -0.00752684048280990 -0.00142787894448170 -0.00056828649110107
v -0.00759159687624252 -0.00139049491127858 -0.00061897046632079
v -0.00765227345094955 -0.00135546073159108 -0.00077810151643066
v -0.00763341740236557 -0.00136634787758717 -0.00092953784531860
v -0.00764007404909408 -0.00136250266274342 -0.00087912137574462
v -0.00764635876283920 -0.00135887870034108 -0.00082864148682861
v -0.00753637341127670 -0.00142237815102467 -0.00106248433656005
v -0.00746187237367904 -0.00146538504799733 -0.00109004838532714
v -0.00737731960878647 -0.00151420554360280 -0.00111764009064941
v -0.00729244831667221 -0.00156320914467702 -0.00114102180070190
v -0.00720691708193100 -0.00161258658608327 -0.00115991313523559
v -0.00712044552431381 -0.00166251334389577 -0.00117399318284301
v -0.00703329876528061 -0.00171282920082936 -0.00118235499924926
v -0.00694587544069564 -0.00176329764565358 -0.00118355043000487
v -0.00685893467531479 -0.00181349906166920 -0.00117374856538085
v -0.00675068501100814 -0.00187599143227467 -0.00114459998673705
v -0.00657738712892807 -0.00197605094155202 -0.00126445825166015
v -0.00659151867494857 -0.00196788748940358 -0.00122481591767577
v -0.00661389187441147 -0.00195497092446217 -0.00119060380524902
v -0.00664304188356674 -0.00193814048012624 -0.00116405685014037
v -0.00667706898317611 -0.00191849478920827 -0.00114690835541991
v -0.00671374920473373 -0.00189731558998952 -0.00114027841157226
v -0.00652214649782455 -0.00200794181069264 -0.00148169334000854
v -0.00654152897463119 -0.00199674948891530 -0.00140961368150024
v -0.00655994442568100 -0.00198611411293874 -0.00133719642228393
v -0.00661181667909896 -0.00195616873940358 -0.00169071157044677
v -0.00657871845827377 -0.00197528037270436 -0.00167128808564452
v -0.00655096653566635 -0.00199130210121999 -0.00164281232423095
v -0.00653037098512924 -0.00200318869789967 -0.00160714395112304
v -0.00651827648744857 -0.00201017722329030 -0.00156661279267577
v -0.00651547459230697 -0.00201179465493092 -0.00152386529511718
v -0.00671652821169174 -0.00189571341713795 -0.00173376758164672
v -0.00679425648317611 -0.00185083731850514 -0.00177979714936523
v -0.00686724308595932 -0.00180870017250905 -0.00183537967271117
v -0.00693664005861557 -0.00176863059243092 -0.00189681727952270
v -0.00700279263124740 -0.00173043784340749 -0.00196264512604980
v -0.00706590107546127 -0.00169399985512624 -0.00203193242615966
v -0.00712635067568100 -0.00165910300454030 -0.00210458571976928
v -0.00718456295595443 -0.00162549552163014 -0.00218058211869506
v -0.00723433140383041 -0.00159676322182545 -0.00225027973717956
v -0.00725372341738021 -0.00158556327065358 -0.00242270357674865
v -0.00719868305788314 -0.00161733969887624 -0.00256187136239318
v -0.00721737125978744 -0.00160655173500905 -0.00251566274232177
v -0.00723571804628646 -0.00159596213539967 -0.00246927244729308
v -0.00707313183412826 -0.00168982657631764 -0.00265786249703674
v -0.00699492481813705 -0.00173498496254811 -0.00266007382935790
v -0.00690706280336654 -0.00178570517739186 -0.00265904147691039
v -0.00681992558107650 -0.00183602103432545 -0.00265386588639526
v -0.00673324993715561 -0.00188606223305592 -0.00264416725701598
v -0.00664684513674057 -0.00193594321450124 -0.00262954599923400
v -0.00656118801698959 -0.00198539694985280 -0.00260921914643554
v -0.00647701481447494 -0.00203399619301686 -0.00258192570275573
v -0.00639598682985580 -0.00208077964028249 -0.00254423744744567
v -0.00629923466310775 -0.00213663443764577 -0.00248105485505370
v -0.00610371235475814 -0.00224952658852467 -0.00253968079156188
v -0.00612694386110580 -0.00223611411293874 -0.00250624163216857
v -0.00615675762758529 -0.00221889456948170 -0.00248069365090636
v -0.00619120434389389 -0.00219901236733327 -0.00246470553941039
v -0.00622803715334213 -0.00217774161538014 -0.00245932109421996
v -0.00626484898195541 -0.00215649375161061 -0.00246489222115783
v -0.00599770573244369 -0.00231072959145436 -0.00273014576501159
v -0.00603389195070541 -0.00228983267983327 -0.00266729171342162
v -0.00606922939882553 -0.00226943167885670 -0.00260379822320251
v -0.00603274563417709 -0.00229049643715749 -0.00295986850327758
v -0.00600572994814193 -0.00230609091957936 -0.00293046481675414
v -0.00598604801759994 -0.00231745871743092 -0.00289411408967284
v -0.00597498921022689 -0.00232384452065358 -0.00285319049424438
v -0.00597327450380600 -0.00232482871254811 -0.00281036646432189
v -0.00598101452455795 -0.00232036551674733 -0.00276843888825683
v -0.00612271145448959 -0.00223855551918874 -0.00303524453706054
v -0.00618606022463119 -0.00220198020180592 -0.00310469658440856
v -0.00624252918825424 -0.00216937979897389 -0.00318177063531188
v -0.00629412487612045 -0.00213958701332936 -0.00326329548424987
v -0.00634153584108627 -0.00211221274575124 -0.00334797794884948
v -0.00638518360719955 -0.00208701285561452 -0.00343498880929259
v -0.00642545918093002 -0.00206376609047780 -0.00352436454362182
v -0.00646277073488510 -0.00204222068032155 -0.00361622006959228
v -0.00649351719484604 -0.00202446707924733 -0.00369928462571410
v -0.00647005489931381 -0.00203801688393483 -0.00387103278703002
v -0.00638328770265854 -0.00208811148842702 -0.00398665745324401
v -0.00641249302492416 -0.00207125052651295 -0.00394840009278564
v -0.00644141605959213 -0.00205454978188405 -0.00390985758370666
v -0.00623940304384506 -0.00217118033608327 -0.00403791673249511
v -0.00616382244692123 -0.00221482047280202 -0.00401459593838958
v -0.00607977322206772 -0.00226334342202077 -0.00398502309388427
v -0.00599742725954330 -0.00231088980873952 -0.00395170958108215
v -0.00591663006410873 -0.00235753592690358 -0.00391420705384521
v -0.00583729199037826 -0.00240334281166920 -0.00387206871575622
v -0.00576006535158432 -0.00244792899330983 -0.00382469995087890
v -0.00568595913515365 -0.00249071463784108 -0.00377112896508483
v -0.00561740902529037 -0.00253028830727467 -0.00370860750741271
v -0.00553999355898178 -0.00257498892983327 -0.00361650927132873
v -0.00533808544740951 -0.00269155844887624 -0.00360915334290771
v -0.00536853436098373 -0.00267398032387624 -0.00358462650841979
v -0.00540337399111068 -0.00265386161049733 -0.00356981237000732
v -0.00544032696352279 -0.00263252982338795 -0.00356567819184570
v -0.00547698238954818 -0.00261136588295827 -0.00357249386376647
v -0.00551094082460678 -0.00259175833901295 -0.00358981473511962
v -0.00518990353212631 -0.00277711447914967 -0.00375741798943786
v -0.00523995617494857 -0.00274821433266530 -0.00370888145036010
v -0.00528935650453842 -0.00271969565590749 -0.00365945608681945
v -0.00516747311220443 -0.00279006156166920 -0.00398923428124694
v -0.00514872387514389 -0.00280088767250905 -0.00395223243302611
v -0.00513871029482162 -0.00280666312416920 -0.00391095192498473
v -0.00513808468447006 -0.00280702933510670 -0.00386808807915954
v -0.00514688900575912 -0.00280194815834889 -0.00382644088334350
v -0.00516454342470443 -0.00279175528725514 -0.00378872997826842
v -0.00523540524111068 -0.00275083884438405 -0.00409082443780212
v -0.00527924374208725 -0.00272553214272389 -0.00417807180947570
v -0.00531461742983139 -0.00270510825356374 -0.00427039380139617
v -0.00534423092470443 -0.00268801078041920 -0.00436540122098235
v -0.00536906078920639 -0.00267367514809499 -0.00446207745141296
v -0.00538970974550522 -0.00266175040444264 -0.00455976255006103
v -0.00540654781923568 -0.00265203055580983 -0.00465862042969970
v -0.00541993740663803 -0.00264430197914967 -0.00475889320439605
v -0.00542917278871811 -0.00263896903237233 -0.00484859557217864
v -0.00536475399599350 -0.00267616233071217 -0.00500575370854644
v -0.00525329235658920 -0.00274051627358327 -0.00508846826619414
v -0.00529064968691146 -0.00271894797524342 -0.00506126172608642
v -0.00532780483827865 -0.00269749411782155 -0.00503368957108764
v -0.00510273007021225 -0.00282743796547780 -0.00509084291524200
v -0.00503590038881576 -0.00286602744301686 -0.00504387952155379
v -0.00496247128114975 -0.00290841635903249 -0.00498816187447814
v -0.00489159039125717 -0.00294934043129811 -0.00492940933770446
v -0.00482321575746811 -0.00298882254799733 -0.00486714084214477
v -0.00475737026796615 -0.00302683219155202 -0.00480089945859222
v -0.00469483212099350 -0.00306294211586842 -0.00473032624787597
v -0.00463679913149154 -0.00309645041664967 -0.00465481777257232
v -0.00458627728090561 -0.00312561759194264 -0.00457252819604186
v -0.00453446987734115 -0.00315552481850514 -0.00445897574490813
v -0.00434253338442123 -0.00326634177407155 -0.00438623399800567
v -0.00437773541078842 -0.00324601706704030 -0.00437260646886138
v -0.00441477612123764 -0.00322463187416920 -0.00436972601479797
v -0.00445124081239975 -0.00320357474526295 -0.00437778074807433
v -0.00448474911318100 -0.00318423423012624 -0.00439624471730499
v -0.00451310757265365 -0.00316786154946217 -0.00442391200131683
v -0.00416418102846420 -0.00336931571205983 -0.00448028655118255
v -0.00422404888735092 -0.00333474692543874 -0.00444999976224212
v -0.00428350475893295 -0.00330042227944264 -0.00441864640778808
v -0.00408609799013412 -0.00341439017495045 -0.00469541616505889
v -0.00407713726625717 -0.00341956290444264 -0.00465381391114501
v -0.00407760265932357 -0.00341929587563405 -0.00461094756192474
v -0.00408745983705795 -0.00341360434731374 -0.00456961650914458
v -0.00410606793031967 -0.00340286215981374 -0.00453252000874786
v -0.00413221005068100 -0.00338777121743092 -0.00450208063191680
v -0.00412649181947982 -0.00339107474526295 -0.00481498987740783
v -0.00414726666078842 -0.00337908133705983 -0.00491296453542022
v -0.00415868404970443 -0.00337248954018483 -0.00501305503911285
v -0.00416391781435287 -0.00336946067055592 -0.00511384804314880
v -0.00416415432558334 -0.00336933097084889 -0.00521468592948226
v -0.00416013363466537 -0.00337165030678639 -0.00531513155764846
v -0.00415216854677475 -0.00337625083168874 -0.00541546256608276
v -0.00414054897890365 -0.00338295706948170 -0.00551602910227088
v -0.00412752178774154 -0.00339047965248952 -0.00560510210460929
v -0.00402737072572982 -0.00344830283364186 -0.00573493833607940
v -0.00390024212465561 -0.00352169760903249 -0.00577804158396033
v -0.00394272259340561 -0.00349716910561452 -0.00576408992475776
v -0.00398510006532943 -0.00347270163735280 -0.00574972183770446
v -0.00375519970522201 -0.00360543784340749 -0.00573133928841857
v -0.00370253399477279 -0.00363584098061452 -0.00566453791922835
v -0.00364567593202865 -0.00366867026528249 -0.00558718941873817
v -0.00359199932680404 -0.00369966086586842 -0.00550775767630843
v -0.00354158810243881 -0.00372876700600514 -0.00542576797074584
v -0.00349457195863998 -0.00375591239174733 -0.00534078992671279
v -0.00345178249941147 -0.00378061637123952 -0.00525272978610305
v -0.00341452435121811 -0.00380212363442311 -0.00516140098637847
v -0.00338612774477279 -0.00381851920327077 -0.00506600983208923
v -0.00336412457094467 -0.00383122214516530 -0.00494020242757110
v -0.00319771221742904 -0.00392730673989186 -0.00480796797341613
v -0.00323481396303451 -0.00390588340004811 -0.00480634374684600
v -0.00327105740175522 -0.00388495597084889 -0.00481563050812987
v -0.00330408123598373 -0.00386589011391530 -0.00483522160119323
v -0.00333172253237045 -0.00384992942055592 -0.00486383779114989
v -0.00335218456850326 -0.00383811911782155 -0.00489961011475829
v -0.00300363567934311 -0.00403935202797780 -0.00484018893307952
v -0.00306847027406967 -0.00400192221840749 -0.00483060557908324
v -0.00313316753969467 -0.00396456870278249 -0.00481986434525756
v -0.00287622860536850 -0.00411291465004811 -0.00502120329207687
v -0.00287778118715561 -0.00411201438149342 -0.00497837109631805
v -0.00288868359194076 -0.00410572013100514 -0.00493739171094207
v -0.00290822628603256 -0.00409443625649342 -0.00490094168252257
v -0.00293513134584701 -0.00407890280922780 -0.00487140114373473
v -0.00296764019594467 -0.00406013449868092 -0.00485069961613921
v -0.00288580731020248 -0.00410738333901295 -0.00514907349414138
v -0.00288183621034897 -0.00410967215737233 -0.00524983806676177
v -0.00286837032900131 -0.00411744651039967 -0.00534958834714202
v -0.00284880093202865 -0.00412874564370046 -0.00544800127810744
v -0.00282442501650131 -0.00414282187661061 -0.00554483158654479
v -0.00279605892763412 -0.00415919455727467 -0.00563990019029884
v -0.00276393917665756 -0.00417774161538014 -0.00573357610172538
v -0.00272825268373764 -0.00419834861000905 -0.00582628915972022
v -0.00269402340517318 -0.00421810874184499 -0.00590751661873368
v -0.00256625012026107 -0.00429187735756764 -0.00599951235985795
v -0.00243375042543686 -0.00436837729653249 -0.00599951235985795
v -0.00247791699037826 -0.00434287986000905 -0.00599994584009405
v -0.00252208355531967 -0.00431737479409108 -0.00599994584009405
v -0.00230597714052475 -0.00444214591225514 -0.00590751661873368
v -0.00227174786196029 -0.00446190604409108 -0.00582628915972022
v -0.00223606136904037 -0.00448251303871999 -0.00573357610172538
v -0.00220394161806381 -0.00450106009682546 -0.00563990019029884
v -0.00217557552919662 -0.00451743277748952 -0.00554483158654479
v -0.00215119961366928 -0.00453150901039967 -0.00544800127810744
v -0.00213163021669662 -0.00454280814370045 -0.00534958834714202
v -0.00211816433534897 -0.00455058249672780 -0.00524983806676177
v -0.00211419323549545 -0.00455287131508717 -0.00514907349414138
v -0.00212377194032943 -0.00454734000405202 -0.00502120329207687
v -0.00199636486635482 -0.00462090262612233 -0.00484018893307952
v -0.00203236034975326 -0.00460012015541921 -0.00485069961613921
v -0.00206486919985092 -0.00458135184487233 -0.00487140114373473
v -0.00209177425966537 -0.00456581839760671 -0.00490094168252257
v -0.00211131695375717 -0.00455453452309499 -0.00493739171094207
v -0.00212221935854232 -0.00454824027260670 -0.00497837109631805
v -0.00180228832826889 -0.00473294791420827 -0.00480796797341613
v -0.00186683300600326 -0.00469568595131764 -0.00481986434525756
v -0.00193153027162826 -0.00465833243569264 -0.00483060557908324
v -0.00163587597475326 -0.00482903250893483 -0.00494020242757110
v -0.00164781597719467 -0.00482213553627858 -0.00489961011475829
v -0.00166827801332748 -0.00481032523354421 -0.00486383779114989
v -0.00169591930971420 -0.00479436454018483 -0.00483522160119323
v -0.00172894314394272 -0.00477529868325124 -0.00481563050812987
v -0.00176518658266342 -0.00475437125405202 -0.00480634374684600
v -0.00161387280092514 -0.00484173545082936 -0.00506600983208923
v -0.00158547619447982 -0.00485813101967702 -0.00516140098637847
v -0.00154821804628647 -0.00487963828286061 -0.00525272978610305
v -0.00150542858705795 -0.00490434226235280 -0.00534078992671279
v -0.00145841244325912 -0.00493148764809499 -0.00542576797074584
v -0.00140800121889389 -0.00496059378823170 -0.00550775767630843
v -0.00135432461366928 -0.00499158438881764 -0.00558718941873817
v -0.00129746655092514 -0.00502441367348561 -0.00566453791922835
v -0.00124480084047592 -0.00505481681069264 -0.00573133928841857
v -0.00109975842104232 -0.00513855704506764 -0.00577804158396033
v -0.00097262981996811 -0.00521195182045827 -0.00573493833607940
v -0.00101490048036850 -0.00518755301674733 -0.00574972183770446
v -0.00105727795229232 -0.00516308554848561 -0.00576408992475776
v 0.00626432391538346 0.00215679207602611 -0.00116468579835204
v 0.00639711352719986 0.00208012429038158 -0.00000000007218627
v 0.00626432391538346 0.00215679207602611 0.00116468565397950
v 0.00587499972715104 0.00238156929770579 0.00224999992781373
v 0.00525567599668229 0.00273913613120189 0.00318198006087037
v 0.00444855853452408 0.00320512429038158 0.00389711468153687
v 0.00350864764585221 0.00374778023520579 0.00434666626387330
v 0.00249999972715104 0.00433012429038158 0.00449999992781373
v 0.00149135180844986 0.00491246834555736 0.00434666626387330
v 0.00055144091977799 0.00545512429038158 0.00389711468153687
v -0.00025567654238021 0.00592112007895580 0.00318198006087037
v -0.00087500027284896 0.00627868691245189 0.00224999992781373
v -0.00126432446108139 0.00650345650473705 0.00116468565397950
v -0.00139711407289779 0.00658012429038158 -0.00000000007218627
v -0.00126432446108139 0.00650345650473705 -0.00116468579835204
v -0.00087500027284896 0.00627868691245189 -0.00225000007218627
v -0.00025567654238021 0.00592112007895580 -0.00318198044366149
v 0.00055144091977799 0.00545512429038158 -0.00389711434907226
v 0.00149135180844986 0.00491246834555736 -0.00434666628903655
v 0.00249999972715104 0.00433012429038158 -0.00450000007218627
v 0.00350864764585221 0.00374778023520579 -0.00434666628903655
v 0.00444855853452408 0.00320512429038158 -0.00389711434907226
v 0.00525567599668229 0.00273913613120189 -0.00318198044366149
v 0.00587499972715104 0.00238156929770579 -0.00225000007218627
f 1 2 3
f 3 2 4
f 3 4 5
f 5 4 6
f 5 6 7
f 7 6 8
f 7 8 9
f 9 8 10
f 9 10 11
f 11 10 12
f 11 12 13
f 13 12 14
f 13 14 15
f 15 14 16
f 15 16 17
f 17 16 18
f 17 18 19
f 19 18 20
f 19 20 21
f 21 20 22
f 21 22 23
f 23 22 24
f 23 24 25
f 25 24 26
f 25 26 27
f 27 26 28
f 27 28 29
f 29 28 30
f 29 30 31
f 31 30 32
f 31 32 33
f 33 32 34
f 33 34 35
f 35 34 36
f 35 36 37
f 37 36 38
f 37 38 39
f 39 38 40
f 39 40 41
f 41 40 42
f 41 42 43
f 43 42 44
f 43 44 45
f 45 44 46
f 45 46 47
f 47 46 48
f 47 48 1
f 1 48 2
f 49 50 51
f 51 50 52
f 52 50 53
f 52 53 54
f 54 53 55
f 55 53 56
f 52 54 57
f 57 54 58
f 57 58 59
f 59 58 60
f 59 60 61
f 61 60 62
f 61 62 63
f 63 62 64
f 63 64 65
f 65 64 66
f 65 66 67
f 67 66 68
f 67 68 69
f 69 68 70
f 69 70 71
f 71 70 72
f 71 72 73
f 73 72 74
f 73 74 75
f 75 74 76
f 75 76 77
f 77 78 75
f 75 78 79
f 75 79 80
f 80 81 75
f 75 81 82
f 75 82 83
f 83 82 84
f 83 84 85
f 85 86 83
f 83 86 87
f 83 87 88
f 88 89 83
f 83 89 90
f 83 90 91
f 90 89 92
f 92 89 93
f 92 93 94
f 94 93 95
f 94 95 96
f 96 95 97
f 96 97 98
f 98 97 99
f 98 99 100
f 100 99 101
f 100 101 102
f 102 101 103
f 102 103 104
f 104 103 105
f 104 105 106
f 106 105 107
f 106 107 108
f 108 107 109
f 108 109 110
f 110 109 111
f 111 109 112
f 111 112 113
f 114 115 110
f 110 115 108
f 91 116 83
f 83 116 117
f 83 117 118
f 118 119 83
f 83 119 120
f 83 120 121
f 121 120 122
f 121 122 123
f 123 124 121
f 121 124 125
f 121 125 126
f 126 127 121
f 121 127 128
f 121 128 129
f 129 128 130
f 129 130 131
f 131 130 132
f 131 132 133
f 133 132 134
f 133 134 135
f 135 134 136
f 135 136 137
f 137 136 138
f 137 138 139
f 139 138 140
f 139 140 141
f 141 140 142
f 141 142 143
f 143 142 144
f 143 144 145
f 145 144 146
f 145 146 147
f 147 146 148
f 147 148 149
f 146 150 148
f 148 150 151
f 152 153 149
f 149 153 147
f 129 154 121
f 121 154 155
f 121 155 156
f 156 157 121
f 121 157 158
f 121 158 159
f 159 158 160
f 159 160 161
f 161 162 159
f 159 162 163
f 159 163 164
f 164 165 159
f 159 165 166
f 159 166 167
f 159 167 168
f 168 167 169
f 168 169 170
f 170 169 171
f 170 171 172
f 172 171 173
f 172 173 174
f 174 173 175
f 174 175 176
f 176 175 177
f 176 177 178
f 178 177 179
f 178 179 180
f 180 179 181
f 180 181 182
f 182 181 183
f 182 183 184
f 184 183 185
f 184 185 186
f 186 185 187
f 186 187 188
f 185 189 187
f 187 189 190
f 191 192 188
f 188 192 186
f 168 193 159
f 159 193 194
f 159 194 195
f 195 196 159
f 159 196 197
f 197 196 198
f 197 198 199
f 199 200 197
f 197 200 201
f 197 201 202
f 202 203 197
f 197 203 204
f 197 204 205
f 197 205 206
f 206 205 207
f 206 207 208
f 208 207 209
f 208 209 210
f 210 209 211
f 210 211 212
f 212 211 213
f 212 213 214
f 214 213 215
f 214 215 216
f 216 215 217
f 216 217 218
f 218 217 219
f 218 219 220
f 220 219 221
f 220 221 222
f 222 221 223
f 222 223 224
f 224 223 225
f 224 225 226
f 226 225 227
f 226 227 228
f 225 229 227
f 227 229 230
f 231 232 228
f 228 232 226
f 206 233 197
f 197 233 234
f 197 234 235
f 197 235 236
f 236 235 237
f 236 237 238
f 238 239 236
f 236 239 240
f 236 240 241
f 241 242 236
f 236 242 243
f 236 243 244
f 236 244 245
f 245 244 246
f 245 246 247
f 247 246 248
f 247 248 249
f 249 248 250
f 249 250 251
f 251 250 252
f 251 252 253
f 253 252 254
f 253 254 255
f 255 254 256
f 255 256 257
f 257 256 258
f 257 258 259
f 259 258 260
f 259 260 261
f 261 260 262
f 261 262 263
f 263 262 264
f 263 264 265
f 265 264 266
f 265 266 267
f 264 268 266
f 266 268 269
f 270 271 267
f 267 271 265
f 245 272 236
f 236 272 273
f 236 273 274
f 274 273 275
f 274 275 276
f 276 277 274
f 274 277 278
f 274 278 279
f 279 280 274
f 274 280 281
f 274 281 282
f 274 282 283
f 283 282 284
f 283 284 285
f 285 284 286
f 285 286 287
f 287 286 288
f 287 288 289
f 289 288 290
f 289 290 291
f 291 290 292
f 291 292 293
f 293 292 294
f 293 294 295
f 295 294 296
f 295 296 297
f 297 296 298
f 297 298 299
f 299 298 300
f 299 300 301
f 301 300 302
f 301 302 303
f 303 302 304
f 303 304 305
f 305 304 306
f 305 306 307
f 304 308 306
f 306 308 309
f 310 311 307
f 307 311 305
f 274 283 312
f 312 283 313
f 312 313 314
f 314 315 312
f 312 315 316
f 312 316 317
f 317 318 312
f 312 318 319
f 312 319 320
f 320 321 312
f 312 321 322
f 322 321 323
f 322 323 324
f 323 321 325
f 325 321 326
f 325 326 327
f 327 326 328
f 327 328 329
f 329 328 330
f 329 330 331
f 331 330 332
f 331 332 333
f 333 332 334
f 333 334 335
f 335 334 336
f 335 336 337
f 337 336 338
f 337 338 339
f 339 338 340
f 339 340 341
f 341 340 342
f 341 342 343
f 343 342 344
f 343 344 345
f 345 344 346
f 345 346 347
f 347 346 348
f 348 346 349
f 348 349 350
f 351 352 347
f 347 352 345
f 324 353 322
f 322 353 354
f 322 354 355
f 355 356 322
f 322 356 357
f 322 357 358
f 358 359 322
f 322 359 360
f 360 359 361
f 360 361 362
f 363 364 362
f 362 364 365
f 362 365 360
f 360 365 366
f 360 366 367
f 364 363 368
f 368 363 369
f 368 369 370
f 370 369 371
f 370 371 372
f 372 371 373
f 372 373 374
f 374 373 375
f 374 375 376
f 376 375 377
f 376 377 378
f 378 377 379
f 378 379 380
f 380 379 381
f 380 381 382
f 382 381 383
f 382 383 384
f 384 383 385
f 384 385 386
f 386 385 387
f 387 385 388
f 387 388 389
f 390 391 386
f 386 391 384
f 367 392 360
f 360 392 393
f 360 393 394
f 394 395 360
f 360 395 396
f 360 396 397
f 360 397 398
f 398 397 399
f 398 399 400
f 400 401 398
f 398 401 402
f 398 402 403
f 402 401 404
f 404 401 405
f 404 405 406
f 406 405 407
f 406 407 408
f 408 407 409
f 408 409 410
f 410 409 411
f 410 411 412
f 412 411 413
f 412 413 414
f 414 413 415
f 414 415 416
f 416 415 417
f 416 417 418
f 418 417 419
f 418 419 420
f 420 419 421
f 420 421 422
f 422 421 423
f 422 423 424
f 424 423 425
f 425 423 426
f 425 426 427
f 428 429 424
f 424 429 422
f 403 430 398
f 398 430 431
f 398 431 432
f 432 433 398
f 398 433 434
f 398 434 435
f 435 436 398
f 398 436 437
f 437 436 438
f 437 438 439
f 439 440 437
f 437 440 441
f 437 441 442
f 442 441 443
f 443 441 444
f 443 444 445
f 445 444 446
f 445 446 447
f 447 446 448
f 447 448 449
f 449 448 450
f 449 450 451
f 451 450 452
f 451 452 453
f 453 452 454
f 453 454 455
f 455 454 456
f 455 456 457
f 457 456 458
f 457 458 459
f 459 458 460
f 459 460 461
f 461 460 462
f 462 460 463
f 462 463 464
f 465 466 461
f 461 466 459
f 442 467 437
f 437 467 468
f 437 468 469
f 469 470 437
f 437 470 471
f 437 471 472
f 472 473 437
f 437 473 474
f 437 474 475
f 475 474 476
f 475 476 477
f 477 478 475
f 475 478 479
f 475 479 480
f 481 482 480
f 480 482 483
f 480 483 475
f 475 483 484
f 475 484 485
f 482 481 486
f 486 481 487
f 486 487 488
f 488 487 489
f 488 489 490
f 490 489 491
f 490 491 492
f 492 491 493
f 492 493 494
f 494 493 495
f 494 495 496
f 496 495 497
f 496 497 498
f 498 497 499
f 498 499 500
f 500 499 501
f 500 501 502
f 502 501 503
f 503 501 504
f 503 504 505
f 506 507 502
f 502 507 500
f 485 508 475
f 475 508 509
f 475 509 510
f 510 511 475
f 475 511 512
f 475 512 513
f 513 512 514
f 513 514 515
f 515 516 513
f 513 516 517
f 513 517 518
f 518 519 513
f 513 519 520
f 513 520 521
f 520 519 522
f 522 519 523
f 522 523 524
f 524 523 525
f 524 525 526
f 526 525 527
f 526 527 528
f 528 527 529
f 528 529 530
f 530 529 531
f 530 531 532
f 532 531 533
f 532 533 534
f 534 533 535
f 534 535 536
f 536 535 537
f 536 537 538
f 538 537 539
f 538 539 540
f 540 539 541
f 541 539 542
f 541 542 543
f 544 545 540
f 540 545 538
f 521 546 513
f 513 546 547
f 513 547 548
f 548 549 513
f 513 549 550
f 513 550 551
f 551 550 552
f 551 552 553
f 553 554 551
f 551 554 555
f 551 555 556
f 556 557 551
f 551 557 558
f 551 558 559
f 559 558 560
f 559 560 561
f 561 560 562
f 561 562 563
f 563 562 564
f 563 564 565
f 565 564 566
f 565 566 567
f 567 566 568
f 567 568 569
f 569 568 570
f 569 570 571
f 571 570 572
f 571 572 573
f 573 572 574
f 573 574 575
f 575 574 576
f 575 576 577
f 577 576 578
f 577 578 579
f 576 580 578
f 578 580 581
f 582 583 579
f 579 583 577
f 559 584 551
f 551 584 585
f 551 585 586
f 586 587 551
f 551 587 588
f 551 588 589
f 589 588 590
f 589 590 591
f 591 592 589
f 589 592 593
f 589 593 594
f 594 595 589
f 589 595 596
f 589 596 597
f 589 597 598
f 598 597 599
f 598 599 600
f 600 599 601
f 600 601 602
f 602 601 603
f 602 603 604
f 604 603 605
f 604 605 606
f 606 605 607
f 606 607 608
f 608 607 609
f 608 609 610
f 610 609 611
f 610 611 612
f 612 611 613
f 612 613 614
f 614 613 615
f 614 615 616
f 616 615 617
f 616 617 618
f 615 619 617
f 617 619 620
f 621 622 618
f 618 622 616
f 598 623 589
f 589 623 624
f 589 624 625
f 625 626 589
f 589 626 627
f 627 626 628
f 627 628 629
f 629 630 627
f 627 630 631
f 627 631 632
f 632 633 627
f 627 633 634
f 627 634 635
f 627 635 636
f 636 635 637
f 636 637 638
f 638 637 639
f 638 639 640
f 640 639 641
f 640 641 642
f 642 641 643
f 642 643 644
f 644 643 645
f 644 645 646
f 646 645 647
f 646 647 648
f 648 647 649
f 648 649 650
f 650 649 651
f 650 651 652
f 652 651 653
f 652 653 654
f 654 653 655
f 654 655 656
f 656 655 657
f 656 657 658
f 655 659 657
f 657 659 660
f 661 662 658
f 658 662 656
f 636 663 627
f 627 663 664
f 627 664 665
f 627 665 666
f 666 665 667
f 666 667 668
f 668 669 666
f 666 669 670
f 666 670 671
f 671 672 666
f 666 672 673
f 666 673 674
f 666 674 675
f 675 674 676
f 675 676 677
f 677 676 678
f 677 678 679
f 679 678 680
f 679 680 681
f 681 680 682
f 681 682 683
f 683 682 684
f 683 684 685
f 685 684 686
f 685 686 687
f 687 686 688
f 687 688 689
f 689 688 690
f 689 690 691
f 691 690 692
f 691 692 693
f 693 692 694
f 693 694 695
f 695 694 696
f 695 696 697
f 694 698 696
f 696 698 699
f 700 701 697
f 697 701 695
f 675 702 666
f 666 702 703
f 666 703 704
f 704 703 705
f 704 705 706
f 706 707 704
f 704 707 708
f 704 708 709
f 709 710 704
f 704 710 711
f 704 711 712
f 704 712 713
f 713 712 714
f 713 714 715
f 715 714 716
f 715 716 717
f 717 716 718
f 717 718 719
f 719 718 720
f 719 720 721
f 721 720 722
f 721 722 723
f 723 722 724
f 723 724 725
f 725 724 726
f 725 726 727
f 727 726 728
f 727 728 729
f 729 728 730
f 729 730 731
f 731 730 732
f 731 732 733
f 733 732 734
f 733 734 735
f 735 734 736
f 735 736 737
f 734 738 736
f 736 738 739
f 740 741 737
f 737 741 735
f 704 713 742
f 742 713 743
f 742 743 744
f 744 745 742
f 742 745 746
f 742 746 747
f 747 748 742
f 742 748 749
f 742 749 750
f 750 751 742
f 742 751 752
f 752 751 753
f 752 753 754
f 753 751 755
f 755 751 756
f 755 756 757
f 757 756 758
f 757 758 759
f 759 758 760
f 759 760 761
f 761 760 762
f 761 762 763
f 763 762 764
f 763 764 765
f 765 764 766
f 765 766 767
f 767 766 768
f 767 768 769
f 769 768 770
f 769 770 771
f 771 770 772
f 771 772 773
f 773 772 774
f 773 774 775
f 775 774 776
f 775 776 777
f 777 776 778
f 778 776 779
f 778 779 780
f 781 782 777
f 777 782 775
f 754 783 752
f 752 783 784
f 752 784 785
f 785 786 752
f 752 786 787
f 752 787 788
f 788 789 752
f 752 789 790
f 790 789 791
f 790 791 792
f 793 794 792
f 792 794 795
f 792 795 790
f 790 795 796
f 790 796 797
f 794 793 798
f 798 793 799
f 798 799 800
f 800 799 801
f 800 801 802
f 802 801 803
f 802 803 804
f 804 803 805
f 804 805 806
f 806 805 807
f 806 807 808
f 808 807 809
f 808 809 810
f 810 809 811
f 810 811 812
f 812 811 813
f 812 813 814
f 814 813 815
f 814 815 816
f 816 815 817
f 817 815 818
f 817 818 819
f 820 821 816
f 816 821 814
f 797 822 790
f 790 822 823
f 790 823 824
f 824 825 790
f 790 825 826
f 790 826 827
f 790 827 828
f 828 827 829
f 828 829 830
f 830 831 828
f 828 831 832
f 828 832 833
f 832 831 834
f 834 831 835
f 834 835 836
f 836 835 837
f 836 837 838
f 838 837 839
f 838 839 840
f 840 839 841
f 840 841 842
f 842 841 843
f 842 843 844
f 844 843 845
f 844 845 846
f 846 845 847
f 846 847 848
f 848 847 849
f 848 849 850
f 850 849 851
f 850 851 852
f 852 851 853
f 852 853 854
f 854 853 855
f 855 853 856
f 855 856 857
f 858 859 854
f 854 859 852
f 833 860 828
f 828 860 861
f 828 861 862
f 862 863 828
f 828 863 864
f 828 864 865
f 865 866 828
f 828 866 867
f 867 866 868
f 867 868 869
f 869 870 867
f 867 870 871
f 867 871 872
f 872 871 873
f 873 871 874
f 873 874 875
f 875 874 876
f 875 876 877
f 877 876 878
f 877 878 879
f 879 878 880
f 879 880 881
f 881 880 882
f 881 882 883
f 883 882 884
f 883 884 885
f 885 884 886
f 885 886 887
f 887 886 888
f 887 888 889
f 889 888 890
f 889 890 891
f 891 890 892
f 892 890 893
f 892 893 894
f 895 896 891
f 891 896 889
f 872 897 867
f 867 897 898
f 867 898 899
f 899 900 867
f 867 900 901
f 867 901 902
f 902 903 867
f 867 903 904
f 867 904 75
f 75 904 905
f 75 905 906
f 906 907 75
f 75 907 908
f 75 908 73
f 909 910 52
f 52 910 51
f 911 909 57
f 57 909 52
f 912 911 59
f 59 911 57
f 913 912 61
f 61 912 59
f 914 913 63
f 63 913 61
f 915 914 65
f 65 914 63
f 916 915 67
f 67 915 65
f 917 916 69
f 69 916 67
f 918 917 71
f 71 917 69
f 904 919 905
f 905 919 920
f 905 920 906
f 906 920 921
f 906 921 907
f 907 921 922
f 907 922 908
f 908 922 923
f 908 923 73
f 73 923 924
f 73 924 71
f 71 924 918
f 901 925 902
f 902 925 926
f 902 926 903
f 903 926 927
f 903 927 904
f 904 927 919
f 873 928 872
f 872 928 929
f 872 929 897
f 897 929 930
f 897 930 898
f 898 930 931
f 898 931 899
f 899 931 932
f 899 932 900
f 900 932 933
f 900 933 901
f 901 933 925
f 934 928 875
f 875 928 873
f 935 934 877
f 877 934 875
f 936 935 879
f 879 935 877
f 937 936 881
f 881 936 879
f 938 937 883
f 883 937 881
f 939 938 885
f 885 938 883
f 940 939 887
f 887 939 885
f 941 940 889
f 889 940 887
f 942 941 896
f 896 941 889
f 943 942 895
f 895 942 896
f 894 944 892
f 892 944 945
f 892 945 891
f 891 945 946
f 891 946 895
f 895 946 943
f 947 944 893
f 893 944 894
f 948 947 890
f 890 947 893
f 949 948 888
f 888 948 890
f 950 949 886
f 886 949 888
f 951 950 884
f 884 950 886
f 952 951 882
f 882 951 884
f 953 952 880
f 880 952 882
f 954 953 878
f 878 953 880
f 955 954 876
f 876 954 878
f 956 955 874
f 874 955 876
f 865 957 866
f 866 957 958
f 866 958 868
f 868 958 959
f 868 959 869
f 869 959 960
f 869 960 870
f 870 960 961
f 870 961 871
f 871 961 962
f 871 962 874
f 874 962 956
f 862 963 863
f 863 963 964
f 863 964 864
f 864 964 965
f 864 965 865
f 865 965 957
f 836 966 834
f 834 966 967
f 834 967 832
f 832 967 968
f 832 968 833
f 833 968 969
f 833 969 860
f 860 969 970
f 860 970 861
f 861 970 971
f 861 971 862
f 862 971 963
f 972 966 838
f 838 966 836
f 973 972 840
f 840 972 838
f 974 973 842
f 842 973 840
f 975 974 844
f 844 974 842
f 976 975 846
f 846 975 844
f 977 976 848
f 848 976 846
f 978 977 850
f 850 977 848
f 979 978 852
f 852 978 850
f 980 979 859
f 859 979 852
f 981 980 858
f 858 980 859
f 857 982 855
f 855 982 983
f 855 983 854
f 854 983 984
f 854 984 858
f 858 984 981
f 985 982 856
f 856 982 857
f 986 985 853
f 853 985 856
f 987 986 851
f 851 986 853
f 988 987 849
f 849 987 851
f 989 988 847
f 847 988 849
f 990 989 845
f 845 989 847
f 991 990 843
f 843 990 845
f 992 991 841
f 841 991 843
f 993 992 839
f 839 992 841
f 994 993 837
f 837 993 839
f 826 995 827
f 827 995 996
f 827 996 829
f 829 996 997
f 829 997 830
f 830 997 998
f 830 998 831
f 831 998 999
f 831 999 835
f 835 999 1000
f 835 1000 837
f 837 1000 994
f 823 1001 824
f 824 1001 1002
f 824 1002 825
f 825 1002 1003
f 825 1003 826
f 826 1003 995
f 798 1004 794
f 794 1004 1005
f 794 1005 795
f 795 1005 1006
f 795 1006 796
f 796 1006 1007
f 796 1007 797
f 797 1007 1008
f 797 1008 822
f 822 1008 1009
f 822 1009 823
f 823 1009 1001
f 1010 1004 800
f 800 1004 798
f 1011 1010 802
f 802 1010 800
f 1012 1011 804
f 804 1011 802
f 1013 1012 806
f 806 1012 804
f 1014 1013 808
f 808 1013 806
f 1015 1014 810
f 810 1014 808
f 1016 1015 812
f 812 1015 810
f 1017 1016 814
f 814 1016 812
f 1018 1017 821
f 821 1017 814
f 1019 1018 820
f 820 1018 821
f 819 1020 817
f 817 1020 1021
f 817 1021 816
f 816 1021 1022
f 816 1022 820
f 820 1022 1019
f 1023 1020 818
f 818 1020 819
f 1024 1023 815
f 815 1023 818
f 1025 1024 813
f 813 1024 815
f 1026 1025 811
f 811 1025 813
f 1027 1026 809
f 809 1026 811
f 1028 1027 807
f 807 1027 809
f 1029 1028 805
f 805 1028 807
f 1030 1029 803
f 803 1029 805
f 1031 1030 801
f 801 1030 803
f 1032 1031 799
f 799 1031 801
f 787 1033 788
f 788 1033 1034
f 788 1034 789
f 789 1034 1035
f 789 1035 791
f 791 1035 1036
f 791 1036 792
f 792 1036 1037
f 792 1037 793
f 793 1037 1038
f 793 1038 799
f 799 1038 1032
f 784 1039 785
f 785 1039 1040
f 785 1040 786
f 786 1040 1041
f 786 1041 787
f 787 1041 1033
f 759 1042 757
f 757 1042 1043
f 757 1043 755
f 755 1043 1044
f 755 1044 753
f 753 1044 1045
f 753 1045 754
f 754 1045 1046
f 754 1046 783
f 783 1046 1047
f 783 1047 784
f 784 1047 1039
f 1048 1042 761
f 761 1042 759
f 1049 1048 763
f 763 1048 761
f 1050 1049 765
f 765 1049 763
f 1051 1050 767
f 767 1050 765
f 1052 1051 769
f 769 1051 767
f 1053 1052 771
f 771 1052 769
f 1054 1053 773
f 773 1053 771
f 1055 1054 775
f 775 1054 773
f 1056 1055 782
f 782 1055 775
f 1057 1056 781
f 781 1056 782
f 780 1058 778
f 778 1058 1059
f 778 1059 777
f 777 1059 1060
f 777 1060 781
f 781 1060 1057
f 1061 1058 779
f 779 1058 780
f 1062 1061 776
f 776 1061 779
f 1063 1062 774
f 774 1062 776
f 1064 1063 772
f 772 1063 774
f 1065 1064 770
f 770 1064 772
f 1066 1065 768
f 768 1065 770
f 1067 1066 766
f 766 1066 768
f 1068 1067 764
f 764 1067 766
f 1069 1068 762
f 762 1068 764
f 1070 1069 760
f 760 1069 762
f 748 1071 749
f 749 1071 1072
f 749 1072 750
f 750 1072 1073
f 750 1073 751
f 751 1073 1074
f 751 1074 756
f 756 1074 1075
f 756 1075 758
f 758 1075 1076
f 758 1076 760
f 760 1076 1070
f 745 1077 746
f 746 1077 1078
f 746 1078 747
f 747 1078 1079
f 747 1079 748
f 748 1079 1071
f 719 1080 717
f 717 1080 1081
f 717 1081 715
f 715 1081 1082
f 715 1082 713
f 713 1082 1083
f 713 1083 743
f 743 1083 1084
f 743 1084 744
f 744 1084 1085
f 744 1085 745
f 745 1085 1077
f 1086 1080 721
f 721 1080 719
f 1087 1086 723
f 723 1086 721
f 1088 1087 725
f 725 1087 723
f 1089 1088 727
f 727 1088 725
f 1090 1089 729
f 729 1089 727
f 1091 1090 731
f 731 1090 729
f 1092 1091 733
f 733 1091 731
f 1093 1092 735
f 735 1092 733
f 1094 1093 741
f 741 1093 735
f 1095 1094 740
f 740 1094 741
f 739 1096 736
f 736 1096 1097
f 736 1097 737
f 737 1097 1098
f 737 1098 740
f 740 1098 1095
f 1099 1096 738
f 738 1096 739
f 1100 1099 734
f 734 1099 738
f 1101 1100 732
f 732 1100 734
f 1102 1101 730
f 730 1101 732
f 1103 1102 728
f 728 1102 730
f 1104 1103 726
f 726 1103 728
f 1105 1104 724
f 724 1104 726
f 1106 1105 722
f 722 1105 724
f 1107 1106 720
f 720 1106 722
f 1108 1107 718
f 718 1107 720
f 709 1109 710
f 710 1109 1110
f 710 1110 711
f 711 1110 1111
f 711 1111 712
f 712 1111 1112
f 712 1112 714
f 714 1112 1113
f 714 1113 716
f 716 1113 1114
f 716 1114 718
f 718 1114 1108
f 706 1115 707
f 707 1115 1116
f 707 1116 708
f 708 1116 1117
f 708 1117 709
f 709 1117 1109
f 679 1118 677
f 677 1118 1119
f 677 1119 675
f 675 1119 1120
f 675 1120 702
f 702 1120 1121
f 702 1121 703
f 703 1121 1122
f 703 1122 705
f 705 1122 1123
f 705 1123 706
f 706 1123 1115
f 1124 1118 681
f 681 1118 679
f 1125 1124 683
f 683 1124 681
f 1126 1125 685
f 685 1125 683
f 1127 1126 687
f 687 1126 685
f 1128 1127 689
f 689 1127 687
f 1129 1128 691
f 691 1128 689
f 1130 1129 693
f 693 1129 691
f 1131 1130 695
f 695 1130 693
f 1132 1131 701
f 701 1131 695
f 1133 1132 700
f 700 1132 701
f 699 1134 696
f 696 1134 1135
f 696 1135 697
f 697 1135 1136
f 697 1136 700
f 700 1136 1133
f 1137 1134 698
f 698 1134 699
f 1138 1137 694
f 694 1137 698
f 1139 1138 692
f 692 1138 694
f 1140 1139 690
f 690 1139 692
f 1141 1140 688
f 688 1140 690
f 1142 1141 686
f 686 1141 688
f 1143 1142 684
f 684 1142 686
f 1144 1143 682
f 682 1143 684
f 1145 1144 680
f 680 1144 682
f 1146 1145 678
f 678 1145 680
f 670 1147 671
f 671 1147 1148
f 671 1148 672
f 672 1148 1149
f 672 1149 673
f 673 1149 1150
f 673 1150 674
f 674 1150 1151
f 674 1151 676
f 676 1151 1152
f 676 1152 678
f 678 1152 1146
f 667 1153 668
f 668 1153 1154
f 668 1154 669
f 669 1154 1155
f 669 1155 670
f 670 1155 1147
f 640 1156 638
f 638 1156 1157
f 638 1157 636
f 636 1157 1158
f 636 1158 663
f 663 1158 1159
f 663 1159 664
f 664 1159 1160
f 664 1160 665
f 665 1160 1161
f 665 1161 667
f 667 1161 1153
f 1162 1156 642
f 642 1156 640
f 1163 1162 644
f 644 1162 642
f 1164 1163 646
f 646 1163 644
f 1165 1164 648
f 648 1164 646
f 1166 1165 650
f 650 1165 648
f 1167 1166 652
f 652 1166 650
f 1168 1167 654
f 654 1167 652
f 1169 1168 656
f 656 1168 654
f 1170 1169 662
f 662 1169 656
f 1171 1170 661
f 661 1170 662
f 660 1172 657
f 657 1172 1173
f 657 1173 658
f 658 1173 1174
f 658 1174 661
f 661 1174 1171
f 1175 1172 659
f 659 1172 660
f 1176 1175 655
f 655 1175 659
f 1177 1176 653
f 653 1176 655
f 1178 1177 651
f 651 1177 653
f 1179 1178 649
f 649 1178 651
f 1180 1179 647
f 647 1179 649
f 1181 1180 645
f 645 1180 647
f 1182 1181 643
f 643 1181 645
f 1183 1182 641
f 641 1182 643
f 1184 1183 639
f 639 1183 641
f 631 1185 632
f 632 1185 1186
f 632 1186 633
f 633 1186 1187
f 633 1187 634
f 634 1187 1188
f 634 1188 635
f 635 1188 1189
f 635 1189 637
f 637 1189 1190
f 637 1190 639
f 639 1190 1184
f 628 1191 629
f 629 1191 1192
f 629 1192 630
f 630 1192 1193
f 630 1193 631
f 631 1193 1185
f 600 1194 598
f 598 1194 1195
f 598 1195 623
f 623 1195 1196
f 623 1196 624
f 624 1196 1197
f 624 1197 625
f 625 1197 1198
f 625 1198 626
f 626 1198 1199
f 626 1199 628
f 628 1199 1191
f 1200 1194 602
f 602 1194 600
f 1201 1200 604
f 604 1200 602
f 1202 1201 606
f 606 1201 604
f 1203 1202 608
f 608 1202 606
f 1204 1203 610
f 610 1203 608
f 1205 1204 612
f 612 1204 610
f 1206 1205 614
f 614 1205 612
f 1207 1206 616
f 616 1206 614
f 1208 1207 622
f 622 1207 616
f 1209 1208 621
f 621 1208 622
f 620 1210 617
f 617 1210 1211
f 617 1211 618
f 618 1211 1212
f 618 1212 621
f 621 1212 1209
f 1213 1210 619
f 619 1210 620
f 1214 1213 615
f 615 1213 619
f 1215 1214 613
f 613 1214 615
f 1216 1215 611
f 611 1215 613
f 1217 1216 609
f 609 1216 611
f 1218 1217 607
f 607 1217 609
f 1219 1218 605
f 605 1218 607
f 1220 1219 603
f 603 1219 605
f 1221 1220 601
f 601 1220 603
f 1222 1221 599
f 599 1221 601
f 592 1223 593
f 593 1223 1224
f 593 1224 594
f 594 1224 1225
f 594 1225 595
f 595 1225 1226
f 595 1226 596
f 596 1226 1227
f 596 1227 597
f 597 1227 1228
f 597 1228 599
f 599 1228 1222
f 588 1229 590
f 590 1229 1230
f 590 1230 591
f 591 1230 1231
f 591 1231 592
f 592 1231 1223
f 561 1232 559
f 559 1232 1233
f 559 1233 584
f 584 1233 1234
f 584 1234 585
f 585 1234 1235
f 585 1235 586
f 586 1235 1236
f 586 1236 587
f 587 1236 1237
f 587 1237 588
f 588 1237 1229
f 1238 1232 563
f 563 1232 561
f 1239 1238 565
f 565 1238 563
f 1240 1239 567
f 567 1239 565
f 1241 1240 569
f 569 1240 567
f 1242 1241 571
f 571 1241 569
f 1243 1242 573
f 573 1242 571
f 1244 1243 575
f 575 1243 573
f 1245 1244 577
f 577 1244 575
f 1246 1245 583
f 583 1245 577
f 1247 1246 582
f 582 1246 583
f 581 1248 578
f 578 1248 1249
f 578 1249 579
f 579 1249 1250
f 579 1250 582
f 582 1250 1247
f 1251 1248 580
f 580 1248 581
f 1252 1251 576
f 576 1251 580
f 1253 1252 574
f 574 1252 576
f 1254 1253 572
f 572 1253 574
f 1255 1254 570
f 570 1254 572
f 1256 1255 568
f 568 1255 570
f 1257 1256 566
f 566 1256 568
f 1258 1257 564
f 564 1257 566
f 1259 1258 562
f 562 1258 564
f 1260 1259 560
f 560 1259 562
f 553 1261 554
f 554 1261 1262
f 554 1262 555
f 555 1262 1263
f 555 1263 556
f 556 1263 1264
f 556 1264 557
f 557 1264 1265
f 557 1265 558
f 558 1265 1266
f 558 1266 560
f 560 1266 1260
f 549 1267 550
f 550 1267 1268
f 550 1268 552
f 552 1268 1269
f 552 1269 553
f 553 1269 1261
f 522 1270 520
f 520 1270 1271
f 520 1271 521
f 521 1271 1272
f 521 1272 546
f 546 1272 1273
f 546 1273 547
f 547 1273 1274
f 547 1274 548
f 548 1274 1275
f 548 1275 549
f 549 1275 1267
f 1276 1270 524
f 524 1270 522
f 1277 1276 526
f 526 1276 524
f 1278 1277 528
f 528 1277 526
f 1279 1278 530
f 530 1278 528
f 1280 1279 532
f 532 1279 530
f 1281 1280 534
f 534 1280 532
f 1282 1281 536
f 536 1281 534
f 1283 1282 538
f 538 1282 536
f 1284 1283 545
f 545 1283 538
f 1285 1284 544
f 544 1284 545
f 543 1286 541
f 541 1286 1287
f 541 1287 540
f 540 1287 1288
f 540 1288 544
f 544 1288 1285
f 1289 1286 542
f 542 1286 543
f 1290 1289 539
f 539 1289 542
f 1291 1290 537
f 537 1290 539
f 1292 1291 535
f 535 1291 537
f 1293 1292 533
f 533 1292 535
f 1294 1293 531
f 531 1293 533
f 1295 1294 529
f 529 1294 531
f 1296 1295 527
f 527 1295 529
f 1297 1296 525
f 525 1296 527
f 1298 1297 523
f 523 1297 525
f 514 1299 515
f 515 1299 1300
f 515 1300 516
f 516 1300 1301
f 516 1301 517
f 517 1301 1302
f 517 1302 518
f 518 1302 1303
f 518 1303 519
f 519 1303 1304
f 519 1304 523
f 523 1304 1298
f 510 1305 511
f 511 1305 1306
f 511 1306 512
f 512 1306 1307
f 512 1307 514
f 514 1307 1299
f 482 1308 483
f 483 1308 1309
f 483 1309 484
f 484 1309 1310
f 484 1310 485
f 485 1310 1311
f 485 1311 508
f 508 1311 1312
f 508 1312 509
f 509 1312 1313
f 509 1313 510
f 510 1313 1305
f 1314 1308 486
f 486 1308 482
f 1315 1314 488
f 488 1314 486
f 1316 1315 490
f 490 1315 488
f 1317 1316 492
f 492 1316 490
f 1318 1317 494
f 494 1317 492
f 1319 1318 496
f 496 1318 494
f 1320 1319 498
f 498 1319 496
f 1321 1320 500
f 500 1320 498
f 1322 1321 507
f 507 1321 500
f 1323 1322 506
f 506 1322 507
f 505 1324 503
f 503 1324 1325
f 503 1325 502
f 502 1325 1326
f 502 1326 506
f 506 1326 1323
f 1327 1324 504
f 504 1324 505
f 1328 1327 501
f 501 1327 504
f 1329 1328 499
f 499 1328 501
f 1330 1329 497
f 497 1329 499
f 1331 1330 495
f 495 1330 497
f 1332 1331 493
f 493 1331 495
f 1333 1332 491
f 491 1332 493
f 1334 1333 489
f 489 1333 491
f 1335 1334 487
f 487 1334 489
f 1336 1335 481
f 481 1335 487
f 474 1337 476
f 476 1337 1338
f 476 1338 477
f 477 1338 1339
f 477 1339 478
f 478 1339 1340
f 478 1340 479
f 479 1340 1341
f 479 1341 480
f 480 1341 1342
f 480 1342 481
f 481 1342 1336
f 471 1343 472
f 472 1343 1344
f 472 1344 473
f 473 1344 1345
f 473 1345 474
f 474 1345 1337
f 443 1346 442
f 442 1346 1347
f 442 1347 467
f 467 1347 1348
f 467 1348 468
f 468 1348 1349
f 468 1349 469
f 469 1349 1350
f 469 1350 470
f 470 1350 1351
f 470 1351 471
f 471 1351 1343
f 1352 1346 445
f 445 1346 443
f 1353 1352 447
f 447 1352 445
f 1354 1353 449
f 449 1353 447
f 1355 1354 451
f 451 1354 449
f 1356 1355 453
f 453 1355 451
f 1357 1356 455
f 455 1356 453
f 1358 1357 457
f 457 1357 455
f 1359 1358 459
f 459 1358 457
f 1360 1359 466
f 466 1359 459
f 1361 1360 465
f 465 1360 466
f 464 1362 462
f 462 1362 1363
f 462 1363 461
f 461 1363 1364
f 461 1364 465
f 465 1364 1361
f 1365 1362 463
f 463 1362 464
f 1366 1365 460
f 460 1365 463
f 1367 1366 458
f 458 1366 460
f 1368 1367 456
f 456 1367 458
f 1369 1368 454
f 454 1368 456
f 1370 1369 452
f 452 1369 454
f 1371 1370 450
f 450 1370 452
f 1372 1371 448
f 448 1371 450
f 1373 1372 446
f 446 1372 448
f 1374 1373 444
f 444 1373 446
f 435 1375 436
f 436 1375 1376
f 436 1376 438
f 438 1376 1377
f 438 1377 439
f 439 1377 1378
f 439 1378 440
f 440 1378 1379
f 440 1379 441
f 441 1379 1380
f 441 1380 444
f 444 1380 1374
f 432 1381 433
f 433 1381 1382
f 433 1382 434
f 434 1382 1383
f 434 1383 435
f 435 1383 1375
f 406 1384 404
f 404 1384 1385
f 404 1385 402
f 402 1385 1386
f 402 1386 403
f 403 1386 1387
f 403 1387 430
f 430 1387 1388
f 430 1388 431
f 431 1388 1389
f 431 1389 432
f 432 1389 1381
f 1390 1384 408
f 408 1384 406
f 1391 1390 410
f 410 1390 408
f 1392 1391 412
f 412 1391 410
f 1393 1392 414
f 414 1392 412
f 1394 1393 416
f 416 1393 414
f 1395 1394 418
f 418 1394 416
f 1396 1395 420
f 420 1395 418
f 1397 1396 422
f 422 1396 420
f 1398 1397 429
f 429 1397 422
f 1399 1398 428
f 428 1398 429
f 427 1400 425
f 425 1400 1401
f 425 1401 424
f 424 1401 1402
f 424 1402 428
f 428 1402 1399
f 1403 1400 426
f 426 1400 427
f 1404 1403 423
f 423 1403 426
f 1405 1404 421
f 421 1404 423
f 1406 1405 419
f 419 1405 421
f 1407 1406 417
f 417 1406 419
f 1408 1407 415
f 415 1407 417
f 1409 1408 413
f 413 1408 415
f 1410 1409 411
f 411 1409 413
f 1411 1410 409
f 409 1410 411
f 1412 1411 407
f 407 1411 409
f 396 1413 397
f 397 1413 1414
f 397 1414 399
f 399 1414 1415
f 399 1415 400
f 400 1415 1416
f 400 1416 401
f 401 1416 1417
f 401 1417 405
f 405 1417 1418
f 405 1418 407
f 407 1418 1412
f 393 1419 394
f 394 1419 1420
f 394 1420 395
f 395 1420 1421
f 395 1421 396
f 396 1421 1413
f 368 1422 364
f 364 1422 1423
f 364 1423 365
f 365 1423 1424
f 365 1424 366
f 366 1424 1425
f 366 1425 367
f 367 1425 1426
f 367 1426 392
f 392 1426 1427
f 392 1427 393
f 393 1427 1419
f 1428 1422 370
f 370 1422 368
f 1429 1428 372
f 372 1428 370
f 1430 1429 374
f 374 1429 372
f 1431 1430 376
f 376 1430 374
f 1432 1431 378
f 378 1431 376
f 1433 1432 380
f 380 1432 378
f 1434 1433 382
f 382 1433 380
f 1435 1434 384
f 384 1434 382
f 1436 1435 391
f 391 1435 384
f 1437 1436 390
f 390 1436 391
f 389 1438 387
f 387 1438 1439
f 387 1439 386
f 386 1439 1440
f 386 1440 390
f 390 1440 1437
f 1441 1438 388
f 388 1438 389
f 1442 1441 385
f 385 1441 388
f 1443 1442 383
f 383 1442 385
f 1444 1443 381
f 381 1443 383
f 1445 1444 379
f 379 1444 381
f 1446 1445 377
f 377 1445 379
f 1447 1446 375
f 375 1446 377
f 1448 1447 373
f 373 1447 375
f 1449 1448 371
f 371 1448 373
f 1450 1449 369
f 369 1449 371
f 357 1451 358
f 358 1451 1452
f 358 1452 359
f 359 1452 1453
f 359 1453 361
f 361 1453 1454
f 361 1454 362
f 362 1454 1455
f 362 1455 363
f 363 1455 1456
f 363 1456 369
f 369 1456 1450
f 354 1457 355
f 355 1457 1458
f 355 1458 356
f 356 1458 1459
f 356 1459 357
f 357 1459 1451
f 329 1460 327
f 327 1460 1461
f 327 1461 325
f 325 1461 1462
f 325 1462 323
f 323 1462 1463
f 323 1463 324
f 324 1463 1464
f 324 1464 353
f 353 1464 1465
f 353 1465 354
f 354 1465 1457
f 1466 1460 331
f 331 1460 329
f 1467 1466 333
f 333 1466 331
f 1468 1467 335
f 335 1467 333
f 1469 1468 337
f 337 1468 335
f 1470 1469 339
f 339 1469 337
f 1471 1470 341
f 341 1470 339
f 1472 1471 343
f 343 1471 341
f 1473 1472 345
f 345 1472 343
f 1474 1473 352
f 352 1473 345
f 1475 1474 351
f 351 1474 352
f 350 1476 348
f 348 1476 1477
f 348 1477 347
f 347 1477 1478
f 347 1478 351
f 351 1478 1475
f 1479 1476 349
f 349 1476 350
f 1480 1479 346
f 346 1479 349
f 1481 1480 344
f 344 1480 346
f 1482 1481 342
f 342 1481 344
f 1483 1482 340
f 340 1482 342
f 1484 1483 338
f 338 1483 340
f 1485 1484 336
f 336 1484 338
f 1486 1485 334
f 334 1485 336
f 1487 1486 332
f 332 1486 334
f 1488 1487 330
f 330 1487 332
f 318 1489 319
f 319 1489 1490
f 319 1490 320
f 320 1490 1491
f 320 1491 321
f 321 1491 1492
f 321 1492 326
f 326 1492 1493
f 326 1493 328
f 328 1493 1494
f 328 1494 330
f 330 1494 1488
f 315 1495 316
f 316 1495 1496
f 316 1496 317
f 317 1496 1497
f 317 1497 318
f 318 1497 1489
f 289 1498 287
f 287 1498 1499
f 287 1499 285
f 285 1499 1500
f 285 1500 283
f 283 1500 1501
f 283 1501 313
f 313 1501 1502
f 313 1502 314
f 314 1502 1503
f 314 1503 315
f 315 1503 1495
f 1504 1498 291
f 291 1498 289
f 1505 1504 293
f 293 1504 291
f 1506 1505 295
f 295 1505 293
f 1507 1506 297
f 297 1506 295
f 1508 1507 299
f 299 1507 297
f 1509 1508 301
f 301 1508 299
f 1510 1509 303
f 303 1509 301
f 1511 1510 305
f 305 1510 303
f 1512 1511 311
f 311 1511 305
f 1513 1512 310
f 310 1512 311
f 309 1514 306
f 306 1514 1515
f 306 1515 307
f 307 1515 1516
f 307 1516 310
f 310 1516 1513
f 1517 1514 308
f 308 1514 309
f 1518 1517 304
f 304 1517 308
f 1519 1518 302
f 302 1518 304
f 1520 1519 300
f 300 1519 302
f 1521 1520 298
f 298 1520 300
f 1522 1521 296
f 296 1521 298
f 1523 1522 294
f 294 1522 296
f 1524 1523 292
f 292 1523 294
f 1525 1524 290
f 290 1524 292
f 1526 1525 288
f 288 1525 290
f 279 1527 280
f 280 1527 1528
f 280 1528 281
f 281 1528 1529
f 281 1529 282
f 282 1529 1530
f 282 1530 284
f 284 1530 1531
f 284 1531 286
f 286 1531 1532
f 286 1532 288
f 288 1532 1526
f 276 1533 277
f 277 1533 1534
f 277 1534 278
f 278 1534 1535
f 278 1535 279
f 279 1535 1527
f 249 1536 247
f 247 1536 1537
f 247 1537 245
f 245 1537 1538
f 245 1538 272
f 272 1538 1539
f 272 1539 273
f 273 1539 1540
f 273 1540 275
f 275 1540 1541
f 275 1541 276
f 276 1541 1533
f 1542 1536 251
f 251 1536 249
f 1543 1542 253
f 253 1542 251
f 1544 1543 255
f 255 1543 253
f 1545 1544 257
f 257 1544 255
f 1546 1545 259
f 259 1545 257
f 1547 1546 261
f 261 1546 259
f 1548 1547 263
f 263 1547 261
f 1549 1548 265
f 265 1548 263
f 1550 1549 271
f 271 1549 265
f 1551 1550 270
f 270 1550 271
f 269 1552 266
f 266 1552 1553
f 266 1553 267
f 267 1553 1554
f 267 1554 270
f 270 1554 1551
f 1555 1552 268
f 268 1552 269
f 1556 1555 264
f 264 1555 268
f 1557 1556 262
f 262 1556 264
f 1558 1557 260
f 260 1557 262
f 1559 1558 258
f 258 1558 260
f 1560 1559 256
f 256 1559 258
f 1561 1560 254
f 254 1560 256
f 1562 1561 252
f 252 1561 254
f 1563 1562 250
f 250 1562 252
f 1564 1563 248
f 248 1563 250
f 240 1565 241
f 241 1565 1566
f 241 1566 242
f 242 1566 1567
f 242 1567 243
f 243 1567 1568
f 243 1568 244
f 244 1568 1569
f 244 1569 246
f 246 1569 1570
f 246 1570 248
f 248 1570 1564
f 237 1571 238
f 238 1571 1572
f 238 1572 239
f 239 1572 1573
f 239 1573 240
f 240 1573 1565
f 210 1574 208
f 208 1574 1575
f 208 1575 206
f 206 1575 1576
f 206 1576 233
f 233 1576 1577
f 233 1577 234
f 234 1577 1578
f 234 1578 235
f 235 1578 1579
f 235 1579 237
f 237 1579 1571
f 1580 1574 212
f 212 1574 210
f 1581 1580 214
f 214 1580 212
f 1582 1581 216
f 216 1581 214
f 1583 1582 218
f 218 1582 216
f 1584 1583 220
f 220 1583 218
f 1585 1584 222
f 222 1584 220
f 1586 1585 224
f 224 1585 222
f 1587 1586 226
f 226 1586 224
f 1588 1587 232
f 232 1587 226
f 1589 1588 231
f 231 1588 232
f 230 1590 227
f 227 1590 1591
f 227 1591 228
f 228 1591 1592
f 228 1592 231
f 231 1592 1589
f 1593 1590 229
f 229 1590 230
f 1594 1593 225
f 225 1593 229
f 1595 1594 223
f 223 1594 225
f 1596 1595 221
f 221 1595 223
f 1597 1596 219
f 219 1596 221
f 1598 1597 217
f 217 1597 219
f 1599 1598 215
f 215 1598 217
f 1600 1599 213
f 213 1599 215
f 1601 1600 211
f 211 1600 213
f 1602 1601 209
f 209 1601 211
f 201 1603 202
f 202 1603 1604
f 202 1604 203
f 203 1604 1605
f 203 1605 204
f 204 1605 1606
f 204 1606 205
f 205 1606 1607
f 205 1607 207
f 207 1607 1608
f 207 1608 209
f 209 1608 1602
f 198 1609 199
f 199 1609 1610
f 199 1610 200
f 200 1610 1611
f 200 1611 201
f 201 1611 1603
f 170 1612 168
f 168 1612 1613
f 168 1613 193
f 193 1613 1614
f 193 1614 194
f 194 1614 1615
f 194 1615 195
f 195 1615 1616
f 195 1616 196
f 196 1616 1617
f 196 1617 198
f 198 1617 1609
f 1618 1612 172
f 172 1612 170
f 1619 1618 174
f 174 1618 172
f 1620 1619 176
f 176 1619 174
f 1621 1620 178
f 178 1620 176
f 1622 1621 180
f 180 1621 178
f 1623 1622 182
f 182 1622 180
f 1624 1623 184
f 184 1623 182
f 1625 1624 186
f 186 1624 184
f 1626 1625 192
f 192 1625 186
f 1627 1626 191
f 191 1626 192
f 190 1628 187
f 187 1628 1629
f 187 1629 188
f 188 1629 1630
f 188 1630 191
f 191 1630 1627
f 1631 1628 189
f 189 1628 190
f 1632 1631 185
f 185 1631 189
f 1633 1632 183
f 183 1632 185
f 1634 1633 181
f 181 1633 183
f 1635 1634 179
f 179 1634 181
f 1636 1635 177
f 177 1635 179
f 1637 1636 175
f 175 1636 177
f 1638 1637 173
f 173 1637 175
f 1639 1638 171
f 171 1638 173
f 1640 1639 169
f 169 1639 171
f 162 1641 163
f 163 1641 1642
f 163 1642 164
f 164 1642 1643
f 164 1643 165
f 165 1643 1644
f 165 1644 166
f 166 1644 1645
f 166 1645 167
f 167 1645 1646
f 167 1646 169
f 169 1646 1640
f 158 1647 160
f 160 1647 1648
f 160 1648 161
f 161 1648 1649
f 161 1649 162
f 162 1649 1641
f 131 1650 129
f 129 1650 1651
f 129 1651 154
f 154 1651 1652
f 154 1652 155
f 155 1652 1653
f 155 1653 156
f 156 1653 1654
f 156 1654 157
f 157 1654 1655
f 157 1655 158
f 158 1655 1647
f 1656 1650 133
f 133 1650 131
f 1657 1656 135
f 135 1656 133
f 1658 1657 137
f 137 1657 135
f 1659 1658 139
f 139 1658 137
f 1660 1659 141
f 141 1659 139
f 1661 1660 143
f 143 1660 141
f 1662 1661 145
f 145 1661 143
f 1663 1662 147
f 147 1662 145
f 1664 1663 153
f 153 1663 147
f 1665 1664 152
f 152 1664 153
f 151 1666 148
f 148 1666 1667
f 148 1667 149
f 149 1667 1668
f 149 1668 152
f 152 1668 1665
f 1669 1666 150
f 150 1666 151
f 1670 1669 146
f 146 1669 150
f 1671 1670 144
f 144 1670 146
f 1672 1671 142
f 142 1671 144
f 1673 1672 140
f 140 1672 142
f 1674 1673 138
f 138 1673 140
f 1675 1674 136
f 136 1674 138
f 1676 1675 134
f 134 1675 136
f 1677 1676 132
f 132 1676 134
f 1678 1677 130
f 130 1677 132
f 123 1679 124
f 124 1679 1680
f 124 1680 125
f 125 1680 1681
f 125 1681 126
f 126 1681 1682
f 126 1682 127
f 127 1682 1683
f 127 1683 128
f 128 1683 1684
f 128 1684 130
f 130 1684 1678
f 119 1685 120
f 120 1685 1686
f 120 1686 122
f 122 1686 1687
f 122 1687 123
f 123 1687 1679
f 92 1688 90
f 90 1688 1689
f 90 1689 91
f 91 1689 1690
f 91 1690 116
f 116 1690 1691
f 116 1691 117
f 117 1691 1692
f 117 1692 118
f 118 1692 1693
f 118 1693 119
f 119 1693 1685
f 1694 1688 94
f 94 1688 92
f 1695 1694 96
f 96 1694 94
f 1696 1695 98
f 98 1695 96
f 1697 1696 100
f 100 1696 98
f 1698 1697 102
f 102 1697 100
f 1699 1698 104
f 104 1698 102
f 1700 1699 106
f 106 1699 104
f 1701 1700 108
f 108 1700 106
f 1702 1701 115
f 115 1701 108
f 1703 1702 114
f 114 1702 115
f 113 1704 111
f 111 1704 1705
f 111 1705 110
f 110 1705 1706
f 110 1706 114
f 114 1706 1703
f 1707 1704 112
f 112 1704 113
f 1708 1707 109
f 109 1707 112
f 1709 1708 107
f 107 1708 109
f 1710 1709 105
f 105 1709 107
f 1711 1710 103
f 103 1710 105
f 1712 1711 101
f 101 1711 103
f 1713 1712 99
f 99 1712 101
f 1714 1713 97
f 97 1713 99
f 1715 1714 95
f 95 1714 97
f 1716 1715 93
f 93 1715 95
f 84 1717 85
f 85 1717 1718
f 85 1718 86
f 86 1718 1719
f 86 1719 87
f 87 1719 1720
f 87 1720 88
f 88 1720 1721
f 88 1721 89
f 89 1721 1722
f 89 1722 93
f 93 1722 1716
f 80 1723 81
f 81 1723 1724
f 81 1724 82
f 82 1724 1725
f 82 1725 84
f 84 1725 1717
f 72 1726 74
f 74 1726 1727
f 74 1727 76
f 76 1727 1728
f 76 1728 77
f 77 1728 1729
f 77 1729 78
f 78 1729 1730
f 78 1730 79
f 79 1730 1731
f 79 1731 80
f 80 1731 1723
f 1732 1726 70
f 70 1726 72
f 1733 1732 68
f 68 1732 70
f 1734 1733 66
f 66 1733 68
f 1735 1734 64
f 64 1734 66
f 1736 1735 62
f 62 1735 64
f 1737 1736 60
f 60 1736 62
f 1738 1737 58
f 58 1737 60
f 1739 1738 54
f 54 1738 58
f 1740 1739 55
f 55 1739 54
f 1741 1740 56
f 56 1740 55
f 49 1742 50
f 50 1742 1743
f 50 1743 53
f 53 1743 1744
f 53 1744 56
f 56 1744 1741
f 910 1742 51
f 51 1742 49
f 752 1745 742
f 742 1745 1746
f 742 1746 704
f 704 1746 1747
f 704 1747 666
f 666 1747 1748
f 666 1748 627
f 627 1748 1749
f 627 1749 589
f 589 1749 1750
f 589 1750 551
f 551 1750 1751
f 551 1751 513
f 513 1751 1752
f 513 1752 475
f 475 1752 1753
f 475 1753 437
f 437 1753 1754
f 437 1754 398
f 398 1754 1755
f 398 1755 360
f 360 1755 1756
f 360 1756 322
f 322 1756 1757
f 322 1757 312
f 312 1757 1758
f 312 1758 274
f 274 1758 1759
f 274 1759 236
f 236 1759 1760
f 236 1760 197
f 197 1760 1761
f 197 1761 159
f 159 1761 1762
f 159 1762 121
f 121 1762 1763
f 121 1763 83
f 83 1763 1764
f 83 1764 75
f 75 1764 1765
f 75 1765 867
f 867 1765 1766
f 867 1766 828
f 828 1766 1767
f 828 1767 790
f 790 1767 1768
f 790 1768 752
f 752 1768 1745
f 5 1747 3
f 3 1747 1746
f 3 1746 1
f 1 1746 1745
f 1 1745 47
f 47 1745 1768
f 47 1768 45
f 45 1768 1767
f 45 1767 43
f 43 1767 1766
f 43 1766 41
f 41 1766 1765
f 41 1765 39
f 39 1765 1764
f 39 1764 1763
f 5 7 1747
f 1747 7 1748
f 1748 7 9
f 1748 9 1749
f 1749 9 11
f 1749 11 1750
f 1750 11 13
f 1750 13 1751
f 1751 13 15
f 1751 15 1752
f 1752 15 1753
f 1753 15 17
f 1753 17 1754
f 1754 17 19
f 1754 19 1755
f 1755 19 21
f 1755 21 1756
f 1756 21 23
f 1756 23 1757
f 1757 23 25
f 1757 25 1758
f 1758 25 27
f 1758 27 29
f 1758 29 1759
f 1759 29 31
f 1759 31 1760
f 1760 31 33
f 1760 33 1761
f 1761 33 35
f 1761 35 1762
f 1762 35 37
f 1762 37 1763
f 1763 37 39
f 2 1072 4
f 4 1072 1071
f 4 1071 1079
f 48 1034 2
f 2 1034 1033
f 2 1033 1041
f 46 995 48
f 48 995 1003
f 48 1003 1002
f 44 957 46
f 46 957 965
f 46 965 964
f 42 919 44
f 44 919 927
f 44 927 926
f 40 1725 42
f 42 1725 1724
f 42 1724 1723
f 38 1686 40
f 40 1686 1685
f 40 1685 1693
f 36 1647 38
f 38 1647 1655
f 38 1655 1680
f 1680 1655 1681
f 1681 1655 1654
f 1681 1654 1682
f 1682 1654 1653
f 1682 1653 1683
f 1683 1653 1652
f 1683 1652 1684
f 1684 1652 1651
f 1684 1651 1678
f 1678 1651 1650
f 1678 1650 1677
f 1677 1650 1656
f 1677 1656 1676
f 1676 1656 1657
f 1676 1657 1675
f 1675 1657 1658
f 1675 1658 1674
f 1674 1658 1659
f 1674 1659 1673
f 1673 1659 1660
f 1673 1660 1672
f 1672 1660 1661
f 1672 1661 1671
f 1671 1661 1662
f 1671 1662 1670
f 1670 1662 1663
f 1670 1663 1667
f 1667 1663 1668
f 1668 1663 1664
f 1668 1664 1665
f 34 1609 36
f 36 1609 1617
f 36 1617 1642
f 1642 1617 1643
f 1643 1617 1616
f 1643 1616 1644
f 1644 1616 1615
f 1644 1615 1645
f 1645 1615 1614
f 1645 1614 1646
f 1646 1614 1613
f 1646 1613 1640
f 1640 1613 1612
f 1640 1612 1639
f 1639 1612 1618
f 1639 1618 1638
f 1638 1618 1619
f 1638 1619 1637
f 1637 1619 1620
f 1637 1620 1636
f 1636 1620 1621
f 1636 1621 1635
f 1635 1621 1622
f 1635 1622 1634
f 1634 1622 1623
f 1634 1623 1633
f 1633 1623 1624
f 1633 1624 1632
f 1632 1624 1625
f 1632 1625 1629
f 1629 1625 1630
f 1630 1625 1626
f 1630 1626 1627
f 32 1571 34
f 34 1571 1579
f 34 1579 1604
f 1604 1579 1605
f 1605 1579 1578
f 1605 1578 1606
f 1606 1578 1577
f 1606 1577 1607
f 1607 1577 1576
f 1607 1576 1608
f 1608 1576 1575
f 1608 1575 1602
f 1602 1575 1574
f 1602 1574 1601
f 1601 1574 1580
f 1601 1580 1600
f 1600 1580 1581
f 1600 1581 1599
f 1599 1581 1582
f 1599 1582 1598
f 1598 1582 1583
f 1598 1583 1597
f 1597 1583 1584
f 1597 1584 1596
f 1596 1584 1585
f 1596 1585 1595
f 1595 1585 1586
f 1595 1586 1594
f 1594 1586 1587
f 1594 1587 1591
f 1591 1587 1592
f 1592 1587 1588
f 1592 1588 1589
f 30 1541 32
f 32 1541 1566
f 32 1566 1565
f 28 1503 30
f 30 1503 1528
f 30 1528 1527
f 26 1490 28
f 28 1490 1489
f 28 1489 1497
f 24 1452 26
f 26 1452 1451
f 26 1451 1459
f 22 1413 24
f 24 1413 1421
f 24 1421 1420
f 20 1375 22
f 22 1375 1383
f 22 1383 1382
f 18 1337 20
f 20 1337 1345
f 20 1345 1344
f 16 1307 18
f 18 1307 1306
f 18 1306 1305
f 14 1268 16
f 16 1268 1267
f 16 1267 1275
f 12 1229 14
f 14 1229 1237
f 14 1237 1262
f 1262 1237 1263
f 1263 1237 1236
f 1263 1236 1264
f 1264 1236 1235
f 1264 1235 1265
f 1265 1235 1234
f 1265 1234 1266
f 1266 1234 1233
f 1266 1233 1260
f 1260 1233 1232
f 1260 1232 1259
f 1259 1232 1238
f 1259 1238 1258
f 1258 1238 1239
f 1258 1239 1257
f 1257 1239 1240
f 1257 1240 1256
f 1256 1240 1241
f 1256 1241 1255
f 1255 1241 1242
f 1255 1242 1254
f 1254 1242 1243
f 1254 1243 1253
f 1253 1243 1244
f 1253 1244 1252
f 1252 1244 1245
f 1252 1245 1249
f 1249 1245 1250
f 1250 1245 1246
f 1250 1246 1247
f 10 1191 12
f 12 1191 1199
f 12 1199 1224
f 1224 1199 1225
f 1225 1199 1198
f 1225 1198 1226
f 1226 1198 1197
f 1226 1197 1227
f 1227 1197 1196
f 1227 1196 1228
f 1228 1196 1195
f 1228 1195 1222
f 1222 1195 1194
f 1222 1194 1221
f 1221 1194 1200
f 1221 1200 1220
f 1220 1200 1201
f 1220 1201 1219
f 1219 1201 1202
f 1219 1202 1218
f 1218 1202 1203
f 1218 1203 1217
f 1217 1203 1204
f 1217 1204 1216
f 1216 1204 1205
f 1216 1205 1215
f 1215 1205 1206
f 1215 1206 1214
f 1214 1206 1207
f 1214 1207 1211
f 1211 1207 1212
f 1212 1207 1208
f 1212 1208 1209
f 8 1153 10
f 10 1153 1161
f 10 1161 1186
f 1186 1161 1187
f 1187 1161 1160
f 1187 1160 1188
f 1188 1160 1159
f 1188 1159 1189
f 1189 1159 1158
f 1189 1158 1190
f 1190 1158 1157
f 1190 1157 1184
f 1184 1157 1156
f 1184 1156 1183
f 1183 1156 1162
f 1183 1162 1182
f 1182 1162 1163
f 1182 1163 1181
f 1181 1163 1164
f 1181 1164 1180
f 1180 1164 1165
f 1180 1165 1179
f 1179 1165 1166
f 1179 1166 1178
f 1178 1166 1167
f 1178 1167 1177
f 1177 1167 1168
f 1177 1168 1176
f 1176 1168 1169
f 1176 1169 1173
f 1173 1169 1174
f 1174 1169 1170
f 1174 1170 1171
f 6 1123 8
f 8 1123 1148
f 8 1148 1147
f 4 1085 6
f 6 1085 1110
f 6 1110 1109
f 1742 910 1743
f 1743 910 909
f 1743 909 1744
f 1744 909 1739
f 1744 1739 1740
f 909 911 1739
f 1739 911 1738
f 1738 911 912
f 1738 912 1737
f 1737 912 913
f 1737 913 1736
f 1736 913 914
f 1736 914 1735
f 1735 914 915
f 1735 915 1734
f 1734 915 916
f 1734 916 1733
f 1733 916 917
f 1733 917 1732
f 1732 917 918
f 1732 918 1726
f 1726 918 924
f 1726 924 1727
f 1727 924 923
f 1727 923 1728
f 1728 923 922
f 1728 922 1729
f 1729 922 921
f 1729 921 1730
f 1730 921 920
f 1730 920 1731
f 1731 920 42
f 1731 42 1723
f 920 919 42
f 926 925 44
f 44 925 933
f 44 933 958
f 958 933 932
f 958 932 959
f 959 932 931
f 959 931 960
f 960 931 930
f 960 930 961
f 961 930 929
f 961 929 962
f 962 929 928
f 962 928 956
f 956 928 934
f 956 934 955
f 955 934 935
f 955 935 954
f 954 935 936
f 954 936 953
f 953 936 937
f 953 937 952
f 952 937 938
f 952 938 951
f 951 938 939
f 951 939 950
f 950 939 940
f 950 940 949
f 949 940 941
f 949 941 948
f 948 941 946
f 948 946 945
f 941 942 946
f 946 942 943
f 944 947 945
f 945 947 948
f 958 957 44
f 964 963 46
f 46 963 971
f 46 971 996
f 996 971 970
f 996 970 997
f 997 970 969
f 997 969 998
f 998 969 968
f 998 968 999
f 999 968 967
f 999 967 1000
f 1000 967 966
f 1000 966 994
f 994 966 972
f 994 972 993
f 993 972 973
f 993 973 992
f 992 973 974
f 992 974 991
f 991 974 975
f 991 975 990
f 990 975 976
f 990 976 989
f 989 976 977
f 989 977 988
f 988 977 978
f 988 978 987
f 987 978 979
f 987 979 986
f 986 979 984
f 986 984 983
f 979 980 984
f 984 980 981
f 982 985 983
f 983 985 986
f 996 995 46
f 1002 1001 48
f 48 1001 1009
f 48 1009 1034
f 1034 1009 1008
f 1034 1008 1035
f 1035 1008 1007
f 1035 1007 1036
f 1036 1007 1006
f 1036 1006 1037
f 1037 1006 1005
f 1037 1005 1038
f 1038 1005 1004
f 1038 1004 1032
f 1032 1004 1010
f 1032 1010 1031
f 1031 1010 1011
f 1031 1011 1030
f 1030 1011 1012
f 1030 1012 1029
f 1029 1012 1013
f 1029 1013 1028
f 1028 1013 1014
f 1028 1014 1027
f 1027 1014 1015
f 1027 1015 1026
f 1026 1015 1016
f 1026 1016 1025
f 1025 1016 1017
f 1025 1017 1024
f 1024 1017 1022
f 1024 1022 1021
f 1017 1018 1022
f 1022 1018 1019
f 1020 1023 1021
f 1021 1023 1024
f 1041 1040 2
f 2 1040 1039
f 2 1039 1047
f 2 1047 1072
f 1072 1047 1046
f 1072 1046 1073
f 1073 1046 1045
f 1073 1045 1074
f 1074 1045 1044
f 1074 1044 1075
f 1075 1044 1043
f 1075 1043 1076
f 1076 1043 1042
f 1076 1042 1070
f 1070 1042 1048
f 1070 1048 1069
f 1069 1048 1049
f 1069 1049 1068
f 1068 1049 1050
f 1068 1050 1067
f 1067 1050 1051
f 1067 1051 1066
f 1066 1051 1052
f 1066 1052 1065
f 1065 1052 1053
f 1065 1053 1064
f 1064 1053 1054
f 1064 1054 1063
f 1063 1054 1055
f 1063 1055 1062
f 1062 1055 1060
f 1062 1060 1059
f 1055 1056 1060
f 1060 1056 1057
f 1058 1061 1059
f 1059 1061 1062
f 1079 1078 4
f 4 1078 1077
f 4 1077 1085
f 1110 1085 1111
f 1111 1085 1084
f 1111 1084 1112
f 1112 1084 1083
f 1112 1083 1113
f 1113 1083 1082
f 1113 1082 1114
f 1114 1082 1081
f 1114 1081 1108
f 1108 1081 1080
f 1108 1080 1107
f 1107 1080 1086
f 1107 1086 1106
f 1106 1086 1087
f 1106 1087 1105
f 1105 1087 1088
f 1105 1088 1104
f 1104 1088 1089
f 1104 1089 1103
f 1103 1089 1090
f 1103 1090 1102
f 1102 1090 1091
f 1102 1091 1101
f 1101 1091 1092
f 1101 1092 1100
f 1100 1092 1093
f 1100 1093 1097
f 1097 1093 1098
f 1098 1093 1094
f 1098 1094 1095
f 1096 1099 1097
f 1097 1099 1100
f 1109 1117 6
f 6 1117 1116
f 6 1116 1115
f 1115 1123 6
f 1148 1123 1149
f 1149 1123 1122
f 1149 1122 1150
f 1150 1122 1121
f 1150 1121 1151
f 1151 1121 1120
f 1151 1120 1152
f 1152 1120 1119
f 1152 1119 1146
f 1146 1119 1118
f 1146 1118 1145
f 1145 1118 1124
f 1145 1124 1144
f 1144 1124 1125
f 1144 1125 1143
f 1143 1125 1126
f 1143 1126 1142
f 1142 1126 1127
f 1142 1127 1141
f 1141 1127 1128
f 1141 1128 1140
f 1140 1128 1129
f 1140 1129 1139
f 1139 1129 1130
f 1139 1130 1138
f 1138 1130 1131
f 1138 1131 1135
f 1135 1131 1136
f 1136 1131 1132
f 1136 1132 1133
f 1134 1137 1135
f 1135 1137 1138
f 1147 1155 8
f 8 1155 1154
f 8 1154 1153
f 1172 1175 1173
f 1173 1175 1176
f 1186 1185 10
f 10 1185 1193
f 10 1193 1192
f 1192 1191 10
f 1210 1213 1211
f 1211 1213 1214
f 1224 1223 12
f 12 1223 1231
f 12 1231 1230
f 1230 1229 12
f 1248 1251 1249
f 1249 1251 1252
f 1262 1261 14
f 14 1261 1269
f 14 1269 1268
f 1274 1301 1275
f 1275 1301 1300
f 1275 1300 16
f 16 1300 1299
f 16 1299 1307
f 1301 1274 1302
f 1302 1274 1273
f 1302 1273 1303
f 1303 1273 1272
f 1303 1272 1304
f 1304 1272 1271
f 1304 1271 1298
f 1298 1271 1270
f 1298 1270 1297
f 1297 1270 1276
f 1297 1276 1296
f 1296 1276 1277
f 1296 1277 1295
f 1295 1277 1278
f 1295 1278 1294
f 1294 1278 1279
f 1294 1279 1293
f 1293 1279 1280
f 1293 1280 1292
f 1292 1280 1281
f 1292 1281 1291
f 1291 1281 1282
f 1291 1282 1290
f 1290 1282 1283
f 1290 1283 1287
f 1287 1283 1288
f 1288 1283 1284
f 1288 1284 1285
f 1286 1289 1287
f 1287 1289 1290
f 1305 1313 18
f 18 1313 1338
f 18 1338 1337
f 1313 1312 1338
f 1338 1312 1339
f 1339 1312 1311
f 1339 1311 1340
f 1340 1311 1310
f 1340 1310 1341
f 1341 1310 1309
f 1341 1309 1342
f 1342 1309 1308
f 1342 1308 1336
f 1336 1308 1314
f 1336 1314 1335
f 1335 1314 1315
f 1335 1315 1334
f 1334 1315 1316
f 1334 1316 1333
f 1333 1316 1317
f 1333 1317 1332
f 1332 1317 1318
f 1332 1318 1331
f 1331 1318 1319
f 1331 1319 1330
f 1330 1319 1320
f 1330 1320 1329
f 1329 1320 1321
f 1329 1321 1328
f 1328 1321 1326
f 1328 1326 1325
f 1321 1322 1326
f 1326 1322 1323
f 1324 1327 1325
f 1325 1327 1328
f 1344 1343 20
f 20 1343 1351
f 20 1351 1376
f 1376 1351 1350
f 1376 1350 1377
f 1377 1350 1349
f 1377 1349 1378
f 1378 1349 1348
f 1378 1348 1379
f 1379 1348 1347
f 1379 1347 1380
f 1380 1347 1346
f 1380 1346 1374
f 1374 1346 1352
f 1374 1352 1373
f 1373 1352 1353
f 1373 1353 1372
f 1372 1353 1354
f 1372 1354 1371
f 1371 1354 1355
f 1371 1355 1370
f 1370 1355 1356
f 1370 1356 1369
f 1369 1356 1357
f 1369 1357 1368
f 1368 1357 1358
f 1368 1358 1367
f 1367 1358 1359
f 1367 1359 1366
f 1366 1359 1364
f 1366 1364 1363
f 1359 1360 1364
f 1364 1360 1361
f 1362 1365 1363
f 1363 1365 1366
f 1376 1375 20
f 1382 1381 22
f 22 1381 1389
f 22 1389 1414
f 1414 1389 1388
f 1414 1388 1415
f 1415 1388 1387
f 1415 1387 1416
f 1416 1387 1386
f 1416 1386 1417
f 1417 1386 1385
f 1417 1385 1418
f 1418 1385 1384
f 1418 1384 1412
f 1412 1384 1390
f 1412 1390 1411
f 1411 1390 1391
f 1411 1391 1410
f 1410 1391 1392
f 1410 1392 1409
f 1409 1392 1393
f 1409 1393 1408
f 1408 1393 1394
f 1408 1394 1407
f 1407 1394 1395
f 1407 1395 1406
f 1406 1395 1396
f 1406 1396 1405
f 1405 1396 1397
f 1405 1397 1404
f 1404 1397 1402
f 1404 1402 1401
f 1397 1398 1402
f 1402 1398 1399
f 1400 1403 1401
f 1401 1403 1404
f 1414 1413 22
f 1420 1419 24
f 24 1419 1427
f 24 1427 1452
f 1452 1427 1426
f 1452 1426 1453
f 1453 1426 1425
f 1453 1425 1454
f 1454 1425 1424
f 1454 1424 1455
f 1455 1424 1423
f 1455 1423 1456
f 1456 1423 1422
f 1456 1422 1450
f 1450 1422 1428
f 1450 1428 1449
f 1449 1428 1429
f 1449 1429 1448
f 1448 1429 1430
f 1448 1430 1447
f 1447 1430 1431
f 1447 1431 1446
f 1446 1431 1432
f 1446 1432 1445
f 1445 1432 1433
f 1445 1433 1444
f 1444 1433 1434
f 1444 1434 1443
f 1443 1434 1435
f 1443 1435 1442
f 1442 1435 1440
f 1442 1440 1439
f 1435 1436 1440
f 1440 1436 1437
f 1438 1441 1439
f 1439 1441 1442
f 1459 1458 26
f 26 1458 1457
f 26 1457 1465
f 26 1465 1490
f 1490 1465 1464
f 1490 1464 1491
f 1491 1464 1463
f 1491 1463 1492
f 1492 1463 1462
f 1492 1462 1493
f 1493 1462 1461
f 1493 1461 1494
f 1494 1461 1460
f 1494 1460 1488
f 1488 1460 1466
f 1488 1466 1487
f 1487 1466 1467
f 1487 1467 1486
f 1486 1467 1468
f 1486 1468 1485
f 1485 1468 1469
f 1485 1469 1484
f 1484 1469 1470
f 1484 1470 1483
f 1483 1470 1471
f 1483 1471 1482
f 1482 1471 1472
f 1482 1472 1481
f 1481 1472 1473
f 1481 1473 1480
f 1480 1473 1478
f 1480 1478 1477
f 1473 1474 1478
f 1478 1474 1475
f 1476 1479 1477
f 1477 1479 1480
f 1497 1496 28
f 28 1496 1495
f 28 1495 1503
f 1528 1503 1529
f 1529 1503 1502
f 1529 1502 1530
f 1530 1502 1501
f 1530 1501 1531
f 1531 1501 1500
f 1531 1500 1532
f 1532 1500 1499
f 1532 1499 1526
f 1526 1499 1498
f 1526 1498 1525
f 1525 1498 1504
f 1525 1504 1524
f 1524 1504 1505
f 1524 1505 1523
f 1523 1505 1506
f 1523 1506 1522
f 1522 1506 1507
f 1522 1507 1521
f 1521 1507 1508
f 1521 1508 1520
f 1520 1508 1509
f 1520 1509 1519
f 1519 1509 1510
f 1519 1510 1518
f 1518 1510 1511
f 1518 1511 1515
f 1515 1511 1516
f 1516 1511 1512
f 1516 1512 1513
f 1514 1517 1515
f 1515 1517 1518
f 1527 1535 30
f 30 1535 1534
f 30 1534 1533
f 1533 1541 30
f 1566 1541 1567
f 1567 1541 1540
f 1567 1540 1568
f 1568 1540 1539
f 1568 1539 1569
f 1569 1539 1538
f 1569 1538 1570
f 1570 1538 1537
f 1570 1537 1564
f 1564 1537 1536
f 1564 1536 1563
f 1563 1536 1542
f 1563 1542 1562
f 1562 1542 1543
f 1562 1543 1561
f 1561 1543 1544
f 1561 1544 1560
f 1560 1544 1545
f 1560 1545 1559
f 1559 1545 1546
f 1559 1546 1558
f 1558 1546 1547
f 1558 1547 1557
f 1557 1547 1548
f 1557 1548 1556
f 1556 1548 1549
f 1556 1549 1553
f 1553 1549 1554
f 1554 1549 1550
f 1554 1550 1551
f 1552 1555 1553
f 1553 1555 1556
f 1565 1573 32
f 32 1573 1572
f 32 1572 1571
f 1590 1593 1591
f 1591 1593 1594
f 1604 1603 34
f 34 1603 1611
f 34 1611 1610
f 1610 1609 34
f 1628 1631 1629
f 1629 1631 1632
f 1642 1641 36
f 36 1641 1649
f 36 1649 1648
f 1648 1647 36
f 1666 1669 1667
f 1667 1669 1670
f 1680 1679 38
f 38 1679 1687
f 38 1687 1686
f 1692 1719 1693
f 1693 1719 1718
f 1693 1718 40
f 40 1718 1717
f 40 1717 1725
f 1719 1692 1720
f 1720 1692 1691
f 1720 1691 1721
f 1721 1691 1690
f 1721 1690 1722
f 1722 1690 1689
f 1722 1689 1716
f 1716 1689 1688
f 1716 1688 1715
f 1715 1688 1694
f 1715 1694 1714
f 1714 1694 1695
f 1714 1695 1713
f 1713 1695 1696
f 1713 1696 1712
f 1712 1696 1697
f 1712 1697 1711
f 1711 1697 1698
f 1711 1698 1710
f 1710 1698 1699
f 1710 1699 1709
f 1709 1699 1700
f 1709 1700 1708
f 1708 1700 1701
f 1708 1701 1705
f 1705 1701 1706
f 1706 1701 1702
f 1706 1702 1703
f 1704 1707 1705
f 1705 1707 1708
f 1740 1741 1744

