# https://github.com/mikedh/trimesh

o mori-design-2.stl
v 0.00500000073399649 -0.00144888978504108 -0.00038822848862914
v -0.00500000047348932 -0.00144889048218334 -0.00038822848862914
v 0.00499999741442650 -0.00150000097873657 -0.00000000007218627
v -0.00499999718580983 -0.00149999786118156 -0.00000000007218627
v 0.00500000073399649 -0.00144888978504108 0.00038822834425660
v -0.00500000047348932 -0.00144889048218334 0.00038822834425660
v 0.00500000253064694 -0.00129903632954812 0.00074999992781373
v -0.00499999867683887 -0.00129903702669038 0.00074999992781373
v 0.00500000099605466 -0.00106066086882195 0.00106066029005738
v -0.00500000021143116 -0.00106066156596420 0.00106066029005738
v 0.00499999841118258 -0.00075000270516874 0.00129903786116334
v -0.00499999618905375 -0.00074999958761374 0.00129903786116334
v 0.00499999723853187 -0.00038823004419531 0.00144888870650025
v -0.00499999736170447 -0.00038822692664030 0.00144888870650025
v 0.00499999750059003 -0.00000000112797617 0.00149999992781373
v -0.00499999709964631 0.00000000198957883 0.00149999992781373
v 0.00499999776264819 0.00038822778824296 0.00144888870650025
v -0.00500000344483762 0.00038822709110070 0.00144888870650025
v 0.00499999658999747 0.00075000044921639 0.00129903786116334
v -0.00499999801023886 0.00075000356677140 0.00129903786116334
v 0.00500000061237488 0.00106066242756686 0.00106066029005738
v -0.00500000059511094 0.00106066173042460 0.00106066029005738
v 0.00499999907778260 0.00129903788829304 0.00074999992781373
v -0.00500000212970322 0.00129903719115078 0.00074999992781373
v 0.00500000087443304 0.00144889134378600 0.00038822834425660
v -0.00500000033305277 0.00144889064664374 0.00038822834425660
v 0.00499999758675355 0.00149999872278422 -0.00000000007218627
v -0.00499999701348278 0.00150000184033923 -0.00000000007218627
v 0.00500000087443304 0.00144889134378600 -0.00038822848862914
v -0.00500000033305277 0.00144889064664374 -0.00038822848862914
v 0.00499999907778260 0.00129903788829304 -0.00075000007218627
v -0.00500000212970322 0.00129903719115078 -0.00075000007218627
v 0.00500000061237488 0.00106066242756686 -0.00106066043442992
v -0.00500000059511094 0.00106066173042460 -0.00106066043442992
v 0.00499999658999747 0.00075000044921639 -0.00129903800553588
v -0.00499999801023886 0.00075000356677140 -0.00129903800553588
v 0.00499999776264819 0.00038822778824296 -0.00144888885087279
v -0.00500000344483762 0.00038822709110070 -0.00144888885087279
v 0.00499999750059003 -0.00000000112797617 -0.00150000007218627
v -0.00499999709964631 0.00000000198957883 -0.00150000007218627
v 0.00499999723853187 -0.00038823004419531 -0.00144888885087279
v -0.00499999736170447 -0.00038822692664030 -0.00144888885087279
v 0.00499999841118258 -0.00075000270516874 -0.00129903800553588
v -0.00499999618905375 -0.00074999958761374 -0.00129903800553588
v 0.00500000099605466 -0.00106066086882195 -0.00106066043442992
v -0.00500000021143116 -0.00106066156596420 -0.00106066043442992
v 0.00500000253064694 -0.00129903632954812 -0.00075000007218627
v -0.00499999867683887 -0.00129903702669038 -0.00075000007218627
v -0.00199999788828067 -0.00176365394998552 -0.00573493833607940
v -0.00200000323464524 -0.00171484708238857 -0.00574972183770446
v -0.00199999870108037 -0.00187929890447983 -0.00560510210460929
v -0.00199999985348616 -0.00189434207447008 -0.00551602910227088
v -0.00200000252152622 -0.00166591338102351 -0.00576408992475776
v -0.00200000345430220 -0.00138856801540811 -0.00566453791922835
v -0.00200000048825363 -0.00144937942716900 -0.00573133928841857
v -0.00200000044882444 -0.00161685996421235 -0.00577804158396033
v -0.00199999784184314 -0.00190775803432393 -0.00541546256608276
v -0.00200000149116374 -0.00132291284632773 -0.00558718941873817
v -0.00199999946933400 -0.00191695626523176 -0.00531513155764846
v -0.00200000114639009 -0.00126093224232134 -0.00550775767630843
v -0.00199999772771680 -0.00192159795367623 -0.00521468592948226
v -0.00200000010180820 -0.00120272177131681 -0.00542576797074584
v -0.00199999705284140 -0.00192132446439158 -0.00511384804314880
v -0.00199999958005935 -0.00114843190352795 -0.00534078992671279
v -0.00199999746437172 -0.00191528127113142 -0.00501305503911285
v -0.00200000003585880 -0.00109902315507576 -0.00525272978610305
v -0.00199999749527939 -0.00190209762384776 -0.00491296453542022
v -0.00200000327367261 -0.00105600302065055 -0.00516140098637847
v -0.00199999831975182 -0.00187810937941337 -0.00481498987740783
v -0.00200000259776370 -0.00102321305366381 -0.00506600983208923
v -0.00200000348001515 -0.00183146958220011 -0.00469541616505889
v -0.00200000311429430 -0.00099780627521751 -0.00494020242757110
v -0.00199999751955701 -0.00182111918824301 -0.00465381391114501
v -0.00200000016198549 -0.00098401744345388 -0.00489961011475829
v -0.00199999818430000 -0.00116468493140562 -0.00434666628903655
v -0.00200000315785754 -0.00096039164898252 -0.00486383779114989
v -0.00200000144013966 -0.00092847323743840 -0.00483522160119323
v -0.00200000184080451 -0.00089034082959934 -0.00481563050812987
v -0.00199999987484244 -0.00084848937634710 -0.00480634374684600
v -0.00199999759110658 -0.00080564665220614 -0.00480796797341613
v -0.00200000012351561 -0.00073111834016378 -0.00481986434525756
v -0.00199999966287620 -0.00065641210676464 -0.00483060557908324
v -0.00199999739812551 0.00000000181725178 -0.00450000007218627
v -0.00200000179429278 -0.00058154879590221 -0.00484018893307952
v -0.00200000138840969 -0.00053998455750610 -0.00485069961613921
v -0.00200000197973880 -0.00050244691220027 -0.00487140114373473
v -0.00200000214970565 -0.00047137972327780 -0.00490094168252257
v -0.00200000137477129 -0.00044881331648006 -0.00493739171094207
v -0.00200000159634323 -0.00043622443172963 -0.00497837109631805
v -0.00199999980715727 0.00043622425153593 -0.00497837109631805
v -0.00200000002872921 0.00044881313628636 -0.00493739171094207
v -0.00200000317170230 0.00043442954198950 -0.00502120329207687
v -0.00199999823179820 -0.00043442972218320 -0.00502120329207687
v -0.00200000226824661 0.00044549059922866 -0.00514907349414138
v -0.00199999913525389 -0.00044549077942236 -0.00514907349414138
v -0.00199999889316372 0.00044090711669487 -0.00524983806676177
v -0.00200000251033678 -0.00044090729688856 -0.00524983806676177
v -0.00199999873970956 0.00042535814484978 -0.00534958834714202
v -0.00200000266379094 -0.00042535832504347 -0.00534958834714202
v -0.00199999937770246 0.00040276098328432 -0.00544800127810744
v -0.00200000202579804 -0.00040276116347802 -0.00544800127810744
v -0.00200000179522857 0.00037461270474206 -0.00554483158654479
v -0.00199999960827193 -0.00037461288493576 -0.00554483158654479
v -0.00199999790817810 0.00034186061084504 -0.00563990019029884
v -0.00200000349532240 -0.00034186079103874 -0.00563990019029884
v -0.00200000025617462 0.00030477056148337 -0.00573357610172538
v -0.00200000114732588 -0.00030477074167707 -0.00573357610172538
v -0.00200000319055895 0.00026356165472829 -0.00582628915972022
v -0.00199999821294155 -0.00026356183492199 -0.00582628915972022
v -0.00199999832548052 0.00002550086000122 -0.00599994584009405
v -0.00200000307801998 -0.00002550104019492 -0.00599994584009405
v -0.00200000007607173 -0.00022403834421399 -0.00590751661873368
v -0.00200000122330995 -0.00007649912569379 -0.00599951235985795
v -0.00200000018019055 0.00007649894550009 -0.00599951235985795
v -0.00200000132742877 0.00022403816402029 -0.00590751661873368
v -0.00199999925379485 0.00047137954308410 -0.00490094168252257
v -0.00199999942376170 0.00050244673200657 -0.00487140114373473
v -0.00200000001509081 0.00053998437731240 -0.00485069961613921
v -0.00199999960920772 0.00058154861570851 -0.00484018893307952
v -0.00200000174062430 0.00065641192657094 -0.00483060557908324
v -0.00200000321920050 0.00116468475121192 -0.00434666628903655
v -0.00200000127998489 0.00073111815997008 -0.00481986434525756
v -0.00199999720514444 0.00080565028670971 -0.00480796797341613
v -0.00200000152865806 0.00084848919615340 -0.00480634374684600
v -0.00199999956269599 0.00089034064940564 -0.00481563050812987
v -0.00199999996336083 0.00092847305724470 -0.00483522160119323
v -0.00199999824564296 0.00096039146878882 -0.00486383779114989
v -0.00200000124151501 0.00098401726326018 -0.00489961011475829
v -0.00199999727669402 0.00182112282274658 -0.00465381391114501
v -0.00199999828920620 0.00099780609502381 -0.00494020242757110
v -0.00199999792348535 0.00183146940200641 -0.00469541616505889
v -0.00199999880573680 0.00102321287347012 -0.00506600983208923
v -0.00200000308374868 0.00187810919921967 -0.00481498987740783
v -0.00199999812982789 0.00105600284045685 -0.00516140098637847
v -0.00200000390822111 0.00190209744365407 -0.00491296453542022
v -0.00200000136764170 0.00109902297488207 -0.00525272978610305
v -0.00200000393912878 0.00191528109093772 -0.00501305503911285
v -0.00200000182344115 0.00114843172333425 -0.00534078992671279
v -0.00199999774340962 0.00192132809889515 -0.00511384804314880
v -0.00200000130169230 0.00120272159112311 -0.00542576797074584
v -0.00200000367578370 0.00192159777348253 -0.00521468592948226
v -0.00200000025711041 0.00126093206212764 -0.00550775767630843
v -0.00200000193416650 0.00191695608503806 -0.00531513155764846
v -0.00199999991233676 0.00132291266613403 -0.00558718941873817
v -0.00200000356165736 0.00190775785413023 -0.00541546256608276
v -0.00199999794919830 0.00138856783521441 -0.00566453791922835
v -0.00200000155001434 0.00189434189427638 -0.00551602910227088
v -0.00199999888197428 0.00166591320082981 -0.00576408992475776
v -0.00199999816885526 0.00171484690219487 -0.00574972183770446
v -0.00200000091524687 0.00144937924697531 -0.00573133928841857
v -0.00200000095467606 0.00161685978401866 -0.00577804158396033
v -0.00199999690797035 0.00176365758448909 -0.00573493833607940
v -0.00200000270242013 0.00187929872428613 -0.00560510210460929
v -0.00199999871949543 0.00182165937936913 -0.00461094756192474
v -0.00199999830025087 0.00183304170985687 -0.00456961650914458
v -0.00199999933961452 0.00185452788508751 -0.00453252000874786
v -0.00200000126032462 0.00188471309662061 -0.00450208063191680
v -0.00200000381272517 0.00192162852825024 -0.00448028655118255
v -0.00199999822255454 0.00225000324520475 -0.00389711434907226
v -0.00200000029477666 0.00199076000822687 -0.00444999976224212
v -0.00200000221515915 0.00205941262641910 -0.00441864640778808
v -0.00200000194447811 0.00212757316832798 -0.00438623399800567
v -0.00200000124504817 0.00216822137094228 -0.00437260646886138
v -0.00200000147998158 0.00221099216360107 -0.00436972601479797
v -0.00199999781699906 0.00225310007694174 -0.00437778074807433
v -0.00200000258995901 0.00229178937422431 -0.00439624471730499
v -0.00200000266231221 0.00232453486087185 -0.00442391200131683
v -0.00200000211359065 0.00305848166436449 -0.00395223243302611
v -0.00199999989224751 0.00234920352489313 -0.00445897574490813
v -0.00200000104510944 0.00308013203538042 -0.00398923428124694
v -0.00199999656882040 0.00240902748046257 -0.00457252819604186
v -0.00199999923998816 0.00315857434338897 -0.00409082443780212
v -0.00199999797935302 0.00246736427416268 -0.00465481777257232
v -0.00200000224395275 0.00320919294972858 -0.00417807180947570
v -0.00200000204163927 0.00253437265302228 -0.00473032624787597
v -0.00200000148096805 0.00325003940652063 -0.00427039380139617
v -0.00199999900333885 0.00260658723916441 -0.00480089945859222
v -0.00200000138232089 0.00328423418194779 -0.00436540122098235
v -0.00199999782393320 0.00268261974227233 -0.00486714084214477
v -0.00200000129279978 0.00331290529154112 -0.00446207745141296
v -0.00199999923202050 0.00276157115576046 -0.00492940933770446
v -0.00199999864001264 0.00333675018408371 -0.00455976255006103
v -0.00199999839075845 0.00284341784318310 -0.00498816187447814
v -0.00200000004104092 0.00335619230800149 -0.00465862042969970
v -0.00200000306648304 0.00292820377380690 -0.00504387952155379
v -0.00200000169101930 0.00337165231916820 -0.00475889320439605
v -0.00200000316006400 0.00322236287144075 -0.00506126172608642
v -0.00200000115021109 0.00326526710511713 -0.00503368957108764
v -0.00199999843931369 0.00300537471439261 -0.00509084291524200
v -0.00200000318918158 0.00317922632519418 -0.00508846826619414
v -0.00200000185952367 0.00330793190790131 -0.00500575370854644
v -0.00200000091467313 0.00338231686805187 -0.00484859557217864
v -0.00199999701128554 0.00304692192359249 -0.00391095192498473
v -0.00200000135408478 0.00304619702366642 -0.00386808807915954
v -0.00200000308657593 0.00305636237794474 -0.00382644088334350
v -0.00199999640349442 0.00307675180348457 -0.00378872997826842
v -0.00199999936992129 0.00318198155086162 -0.00318198044366149
v -0.00200000375270357 0.00310603089011008 -0.00375741798943786
v -0.00200000181308614 0.00316382782356290 -0.00370888145036010
v -0.00199999747207700 0.00322087291701920 -0.00365945608681945
v -0.00200000101468142 0.00327713820826349 -0.00360915334290771
v -0.00200000236866763 0.00331229680343640 -0.00358462650841979
v -0.00199999886685352 0.00335252816487425 -0.00356981237000732
v -0.00200000148351473 0.00339519627128317 -0.00356567819184570
v -0.00200000068647114 0.00343752277162254 -0.00357249386376647
v -0.00200000338247037 0.00402534177228489 -0.00289411408967284
v -0.00199999927283797 0.00347673541102871 -0.00358981473511962
v -0.00199999859234251 0.00404806907124318 -0.00293046481675414
v -0.00200000290566941 0.00351028052163670 -0.00361650927132873
v -0.00200000121742388 0.00407926258286123 -0.00295986850327758
v -0.00199999876412298 0.00359967459338506 -0.00370860750741271
v -0.00200000197312331 0.00418314572770854 -0.00303524453706054
v -0.00200000201600416 0.00367882756467567 -0.00377112896508483
v -0.00200000215786343 0.00425629668245344 -0.00310469658440856
v -0.00200000071546383 0.00376439660113623 -0.00382469995087890
v -0.00200000195530018 0.00432149713726766 -0.00318177063531188
v -0.00200000222257659 0.00385357157481335 -0.00387206871575622
v -0.00199999944368993 0.00438107835832016 -0.00326329548424987
v -0.00200000133356656 0.00394518380453407 -0.00391420705384521
v -0.00199999906871451 0.00443582624399993 -0.00334797794884948
v -0.00200000416164016 0.00403848093922935 -0.00395170958108215
v -0.00199999729939154 0.00448622295971609 -0.00343498880929259
v -0.00199999981047145 0.00413356617622158 -0.00398502309388427
v -0.00200000279709257 0.00453272601228703 -0.00352436454362182
v -0.00200000231620823 0.00423061641472249 -0.00401459593838958
v -0.00199999970153984 0.00457581147094493 -0.00361622006959228
v -0.00200000333817771 0.00451775807740369 -0.00394840009278564
v -0.00200000158640095 0.00455115653249514 -0.00390985758370666
v -0.00199999914764708 0.00431789120005109 -0.00403791673249511
v -0.00200000269839472 0.00448403504543891 -0.00398665745324401
v -0.00200000214296527 0.00458422329239126 -0.00387103278703002
v -0.00199999976933001 0.00461131879050939 -0.00369928462571410
v -0.00200000424659824 0.00401257166255294 -0.00285319049424438
v -0.00199999827489634 0.00401059293547278 -0.00281036646432189
v -0.00200000304432677 0.00401952758797018 -0.00276843888825683
v -0.00199999927379728 0.00389711505136215 -0.00225000007218627
v -0.00199999803860180 0.00403880602717520 -0.00273014576501159
v -0.00199999859130900 0.00408058554894527 -0.00266729171342162
v -0.00200000048393504 0.00412139082902286 -0.00260379822320251
v -0.00200000269433487 0.00416120483821173 -0.00253968079156188
v -0.00199999629567416 0.00418803396536722 -0.00250624163216857
v -0.00199999817776234 0.00422246105336457 -0.00248069365090636
v -0.00200000304377292 0.00426223388583899 -0.00246470553941039
v -0.00199999748327372 0.00430476575867811 -0.00245932109421996
v -0.00200000272625253 0.00467765386810412 -0.00164281232423095
v -0.00200000220777979 0.00434726966930174 -0.00246489222115783
v -0.00200000346364918 0.00470969860234382 -0.00167128808564452
v -0.00199999828530931 0.00438698150331326 -0.00248105485505370
v -0.00200000046044117 0.00474791666723653 -0.00169071157044677
v -0.00200000078789487 0.00449869543264516 -0.00254423744744567
v -0.00199999942818723 0.00486882552385151 -0.00173376758164672
v -0.00199999912639580 0.00459225944937560 -0.00258192570275573
v -0.00200000162983930 0.00495858153449038 -0.00177979714936523
v -0.00199999850214266 0.00468945685446558 -0.00260921914643554
v -0.00200000118500668 0.00504285505600987 -0.00183537967271117
v -0.00199999791721735 0.00478836331204834 -0.00262954599923400
v -0.00199999839706817 0.00512298938731498 -0.00189681727952270
v -0.00200000307400184 0.00488813420675172 -0.00264416725701598
v -0.00199999974616375 0.00519937722206393 -0.00196264512604980
v -0.00199999638570209 0.00498822027852672 -0.00265386588639526
v -0.00199999774475632 0.00527224973208708 -0.00203193242615966
v -0.00199999774745323 0.00508883909222701 -0.00265904147691039
v -0.00200000098574669 0.00534204904681894 -0.00210458571976928
v -0.00200000280662407 0.00519028828465546 -0.00266007382935790
v -0.00200000219192596 0.00540926610180304 -0.00218058211869506
v -0.00200000054338473 0.00544715081968805 -0.00251566274232177
v -0.00200000307435661 0.00546833440267870 -0.00246927244729308
v -0.00199999895862450 0.00528059839218563 -0.00265786249703674
v -0.00199999909319667 0.00542557238015428 -0.00256187136239318
v -0.00200000007886285 0.00548912694382350 -0.00242270357674865
v -0.00200000351432394 0.00546673299187290 -0.00225027973717956
v -0.00199999713832450 0.00465387099616948 -0.00160714395112304
v -0.00200000308368175 0.00463990424304907 -0.00156661279267577
v -0.00199999858374680 0.00434666829951903 -0.00116468579835204
v -0.00200000191932630 0.00463666736304502 -0.00152386529511718
v -0.00200000121109792 0.00464437182483403 -0.00148169334000854
v -0.00200000152186336 0.00466675700665025 -0.00140961368150024
v -0.00199999778793944 0.00468802129125744 -0.00133719642228393
v -0.00199999661657565 0.00470816086395834 -0.00126445825166015
v -0.00200000019356657 0.00472447870499617 -0.00122481591767577
v -0.00200000071992913 0.00475031274656567 -0.00119060380524902
v -0.00200000108582918 0.00478397426899502 -0.00116405685014037
v -0.00199999947316227 0.00491814200800057 -0.00023089654511718
v -0.00200000096822401 0.00482326544713283 -0.00114690835541991
v -0.00200000009328136 0.00495101051371896 -0.00025841958588866
v -0.00199999840077325 0.00486561939861518 -0.00114027841157226
v -0.00199999764767119 0.00498977886080570 -0.00027671344346313
v -0.00199999999528941 0.00490827047582787 -0.00114459998673705
v -0.00200000454357688 0.00503192032146629 -0.00028458364075927
v -0.00200000293960705 0.00503326031674655 -0.00117374856538085
v -0.00200000354152471 0.00516006189640789 -0.00029183061188964
v -0.00199999952807063 0.00513365723982339 -0.00118355043000487
v -0.00200000187089959 0.00525914957897218 -0.00031070954865722
v -0.00200000328138153 0.00523460063039700 -0.00118235499924926
v -0.00199999918760842 0.00535567203098491 -0.00034029681748656
v -0.00200000185058046 0.00533522986604403 -0.00117399318284301
v -0.00200000033340950 0.00544986652045340 -0.00037666995591430
v -0.00199999978879483 0.00543507981055158 -0.00115991313523559
v -0.00199999951778618 0.00554170775911958 -0.00041831071442870
v -0.00200000328753375 0.00553384075335764 -0.00114102180070190
v -0.00200000218890145 0.00563114414832223 -0.00046426112717895
v -0.00200000057018369 0.00563184324891771 -0.00111764009064941
v -0.00200000072719270 0.00571858973668561 -0.00051430566376952
v -0.00199999716321029 0.00572947833907763 -0.00109004838532714
v -0.00199999997933422 0.00580449542377860 -0.00056828649110107
v -0.00199999924168599 0.00593524670961095 -0.00087912137574462
v -0.00200000315505576 0.00594250141257091 -0.00082864148682861
v -0.00200000261669286 0.00581550157873182 -0.00106248433656005
v -0.00200000097205943 0.00592755927701816 -0.00092953784531860
v -0.00200000045134410 0.00594933266710494 -0.00077810151643066
v -0.00200000265360070 0.00587926812215027 -0.00061897046632079
v -0.00199999713963494 0.00450000136953298 -0.00000000007218627
v -0.00200000346586825 0.00489332287376549 -0.00019594152039794
v -0.00199999848540373 0.00487817752859789 -0.00015583713120727
v -0.00200000212839473 0.00487368249566996 -0.00011320312089233
v -0.00200000072492113 0.00487485499154019 -0.00003773744172362
v -0.00200000072492113 0.00487485499154019 0.00003773729735108
v -0.00200000212839473 0.00487368249566996 0.00011320297651978
v -0.00199999848540373 0.00487817752859789 0.00015583698683472
v -0.00200000346586825 0.00489332287376549 0.00019594137602540
v -0.00199999947316227 0.00491814200800057 0.00023089640074464
v -0.00199999858374680 0.00434666829951903 0.00116468565397950
v -0.00200000108582918 0.00478397426899502 0.00116405670576783
v -0.00200000071992913 0.00475031274656567 0.00119060413771363
v -0.00200000096822401 0.00482326544713283 0.00114690868788453
v -0.00200000009328136 0.00495101051371896 0.00025841991835328
v -0.00199999840077325 0.00486561939861518 0.00114027826719972
v -0.00199999764767119 0.00498977886080570 0.00027671377592774
v -0.00199999999528941 0.00490827047582787 0.00114459984236451
v -0.00200000454357688 0.00503192032146629 0.00028458349638673
v -0.00200000293960705 0.00503326031674655 0.00117374842100831
v -0.00200000354152471 0.00516006189640789 0.00029183046751710
v -0.00199999952807063 0.00513365723982339 0.00118355028563233
v -0.00200000187089959 0.00525914957897218 0.00031070940428468
v -0.00200000328138153 0.00523460063039700 0.00118235485487672
v -0.00199999918760842 0.00535567203098491 0.00034029667311402
v -0.00200000185058046 0.00533522986604403 0.00117399303847047
v -0.00200000033340950 0.00544986652045340 0.00037666981154176
v -0.00199999978879483 0.00543507981055158 0.00115991299086305
v -0.00199999951778618 0.00554170775911958 0.00041831057005616
v -0.00200000328753375 0.00553384075335764 0.00114102165632935
v -0.00200000218890145 0.00563114414832223 0.00046426098280640
v -0.00200000057018369 0.00563184324891771 0.00111763994627686
v -0.00200000072719270 0.00571858973668561 0.00051430551939698
v -0.00199999716321029 0.00572947833907763 0.00109004824095460
v -0.00199999997933422 0.00580449542377860 0.00056828682356568
v -0.00199999924168599 0.00593524670961095 0.00087912123137208
v -0.00200000315505576 0.00594250141257091 0.00082864134245606
v -0.00200000265360070 0.00587926812215027 0.00061897032194825
v -0.00200000045134410 0.00594933266710494 0.00077810137205811
v -0.00200000097205943 0.00592755927701816 0.00092953770094605
v -0.00200000261669286 0.00581550157873182 0.00106248419218751
v -0.00200000019356657 0.00472447870499617 0.00122481577330323
v -0.00199999661657565 0.00470816086395834 0.00126445810728761
v -0.00199999778793944 0.00468802129125744 0.00133719627791139
v -0.00200000152186336 0.00466675700665025 0.00140961401396485
v -0.00200000121109792 0.00464437182483403 0.00148169367247315
v -0.00200000191932630 0.00463666736304502 0.00152386515074464
v -0.00200000308368175 0.00463990424304907 0.00156661264830323
v -0.00199999927379728 0.00389711505136215 0.00224999992781373
v -0.00199999713832450 0.00465387099616948 0.00160714380675050
v -0.00200000272625253 0.00467765386810412 0.00164281217985841
v -0.00200000346364918 0.00470969860234382 0.00167128794127198
v -0.00200000220777979 0.00434726966930174 0.00246489231520387
v -0.00199999748327372 0.00430476575867811 0.00245932094984742
v -0.00200000304377292 0.00426223388583899 0.00246470539503785
v -0.00199999817776234 0.00422246105336457 0.00248069374495240
v -0.00199999828530931 0.00438698150331326 0.00248105518751832
v -0.00200000046044117 0.00474791666723653 0.00169071142607423
v -0.00200000078789487 0.00449869543264516 0.00254423706465455
v -0.00199999942818723 0.00486882552385151 0.00173376743727418
v -0.00199999912639580 0.00459225944937560 0.00258192531996461
v -0.00200000162983930 0.00495858153449038 0.00177979748182984
v -0.00199999850214266 0.00468945685446558 0.00260921947890015
v -0.00200000118500668 0.00504285505600987 0.00183537952833863
v -0.00199999791721735 0.00478836331204834 0.00262954609328004
v -0.00199999839706817 0.00512298938731498 0.00189681713515015
v -0.00200000307400184 0.00488813420675172 0.00264416687422486
v -0.00199999974616375 0.00519937722206393 0.00196264545851441
v -0.00199999638570209 0.00498822027852672 0.00265386574202271
v -0.00199999774475632 0.00527224973208708 0.00203193275862428
v -0.00199999774745323 0.00508883909222701 0.00265904133253785
v -0.00200000098574669 0.00534204904681894 0.00210458557539674
v -0.00200000280662407 0.00519028828465546 0.00266007416182252
v -0.00200000219192596 0.00540926610180304 0.00218058197432252
v -0.00200000054338473 0.00544715081968805 0.00251566307478638
v -0.00200000307435661 0.00546833440267870 0.00246927254133912
v -0.00200000351432394 0.00546673299187290 0.00225027935438844
v -0.00200000007886285 0.00548912694382350 0.00242270367079469
v -0.00199999909319667 0.00542557238015428 0.00256187145643922
v -0.00199999895862450 0.00528059839218563 0.00265786259108277
v -0.00199999629567416 0.00418803396536722 0.00250624172621461
v -0.00200000269433487 0.00416120483821173 0.00253968040877076
v -0.00200000048393504 0.00412139082902286 0.00260379784041139
v -0.00199999859130900 0.00408058554894527 0.00266729156904908
v -0.00199999803860180 0.00403880602717520 0.00273014538222047
v -0.00200000304432677 0.00401952758797018 0.00276843922072144
v -0.00199999936992129 0.00318198155086162 0.00318198006087037
v -0.00199999827489634 0.00401059293547278 0.00281036655836793
v -0.00200000424659824 0.00401257166255294 0.00285319034987183
v -0.00200000338247037 0.00402534177228489 0.00289411442213746
v -0.00200000068647114 0.00343752277162254 0.00357249348097535
v -0.00200000148351473 0.00339519627128317 0.00356567852431031
v -0.00199999927283797 0.00347673541102871 0.00358981506758424
v -0.00199999859234251 0.00404806907124318 0.00293046467238160
v -0.00200000290566941 0.00351028052163670 0.00361650936537476
v -0.00200000121742388 0.00407926258286123 0.00295986835890504
v -0.00199999876412298 0.00359967459338506 0.00370860760145875
v -0.00200000197312331 0.00418314572770854 0.00303524486952515
v -0.00200000201600416 0.00367882756467567 0.00377112858229371
v -0.00200000215786343 0.00425629668245344 0.00310469620161744
v -0.00200000071546383 0.00376439660113623 0.00382470028334351
v -0.00200000195530018 0.00432149713726766 0.00318177025252076
v -0.00200000222257659 0.00385357157481335 0.00387206833296510
v -0.00199999944368993 0.00438107835832016 0.00326329510145875
v -0.00200000133356656 0.00394518380453407 0.00391420738630982
v -0.00199999906871451 0.00443582624399993 0.00334797756605836
v -0.00200000416164016 0.00403848093922935 0.00395170967512818
v -0.00199999729939154 0.00448622295971609 0.00343498890333863
v -0.00199999981047145 0.00413356617622158 0.00398502342634888
v -0.00200000279709257 0.00453272601228703 0.00352436439924928
v -0.00200000231620823 0.00423061641472249 0.00401459591322633
v -0.00199999970153984 0.00457581147094493 0.00361622040205689
v -0.00200000333817771 0.00451775807740369 0.00394840042525025
v -0.00200000158640095 0.00455115653249514 0.00390985767775269
v -0.00199999976933001 0.00461131879050939 0.00369928448134156
v -0.00200000214296527 0.00458422329239126 0.00387103264265748
v -0.00200000269839472 0.00448403504543891 0.00398665707045289
v -0.00199999914764708 0.00431789120005109 0.00403791706495973
v -0.00199999886685352 0.00335252816487425 0.00356981270247193
v -0.00200000236866763 0.00331229680343640 0.00358462612562867
v -0.00200000101468142 0.00327713820826349 0.00360915367537232
v -0.00199999747207700 0.00322087291701920 0.00365945618086549
v -0.00200000181308614 0.00316382782356290 0.00370888130598756
v -0.00200000375270357 0.00310603089011008 0.00375741760664674
v -0.00199999640349442 0.00307675180348457 0.00378872959547730
v -0.00199999822255454 0.00225000324520475 0.00389711468153687
v -0.00200000308657593 0.00305636237794474 0.00382644073897096
v -0.00200000135408478 0.00304619702366642 0.00386808769636842
v -0.00199999701128554 0.00304692192359249 0.00391095154219361
v -0.00200000211359065 0.00305848166436449 0.00395223228865357
v -0.00200000266231221 0.00232453486087185 0.00442391197615357
v -0.00199999989224751 0.00234920352489313 0.00445897571974488
v -0.00200000104510944 0.00308013203538042 0.00398923389845582
v -0.00199999656882040 0.00240902748046257 0.00457252781325074
v -0.00199999923998816 0.00315857434338897 0.00409082405501099
v -0.00199999797935302 0.00246736427416268 0.00465481750899049
v -0.00200000224395275 0.00320919294972858 0.00417807190352174
v -0.00200000204163927 0.00253437265302228 0.00473032658034058
v -0.00200000148096805 0.00325003940652063 0.00427039425307008
v -0.00199999900333885 0.00260658723916441 0.00480089943342896
v -0.00200000138232089 0.00328423418194779 0.00436540119581910
v -0.00199999782393320 0.00268261974227233 0.00486714069777223
v -0.00200000129279978 0.00331290529154112 0.00446207706862183
v -0.00199999923202050 0.00276157115576046 0.00492940895491334
v -0.00199999864001264 0.00333675018408371 0.00455976288252564
v -0.00199999839075845 0.00284341784318310 0.00498816196852418
v -0.00200000004104092 0.00335619230800149 0.00465862076216431
v -0.00200000306648304 0.00292820377380690 0.00504387943678590
v -0.00200000169101930 0.00337165231916820 0.00475889294081422
v -0.00200000316006400 0.00322236287144075 0.00506126205855103
v -0.00200000115021109 0.00326526710511713 0.00503368942671510
v -0.00200000091467313 0.00338231686805187 0.00484859554701539
v -0.00200000185952367 0.00330793190790131 0.00500575344496461
v -0.00200000318918158 0.00317922632519418 0.00508846847944947
v -0.00199999843931369 0.00300537471439261 0.00509084312849732
v -0.00200000258995901 0.00229178937422431 0.00439624493056031
v -0.00199999781699906 0.00225310007694174 0.00437778084212037
v -0.00200000147998158 0.00221099216360107 0.00436972610884400
v -0.00200000124504817 0.00216822137094228 0.00437260620527955
v -0.00200000194447811 0.00212757316832798 0.00438623421126099
v -0.00200000221515915 0.00205941262641910 0.00441864674025269
v -0.00200000029477666 0.00199076000822687 0.00444999973707887
v -0.00200000381272517 0.00192162852825024 0.00448028652601929
v -0.00200000321920050 0.00116468475121192 0.00434666626387330
v -0.00200000126032462 0.00188471309662061 0.00450208084517213
v -0.00199999933961452 0.00185452788508751 0.00453252022200318
v -0.00199999830025087 0.00183304170985687 0.00456961624556275
v -0.00199999871949543 0.00182165937936913 0.00461094753676148
v -0.00199999727669402 0.00182112282274658 0.00465381424360963
v -0.00199999792348535 0.00183146940200641 0.00469541637831422
v -0.00199999828920620 0.00099780609502381 0.00494020264082642
v -0.00200000124151501 0.00098401726326018 0.00489961044722291
v -0.00199999824564296 0.00096039146878882 0.00486383812361451
v -0.00199999996336083 0.00092847305724470 0.00483522121840211
v -0.00199999880573680 0.00102321287347012 0.00506600944929810
v -0.00200000308374868 0.00187810919921967 0.00481498997145387
v -0.00199999812982789 0.00105600284045685 0.00516140072279664
v -0.00200000390822111 0.00190209744365407 0.00491296474867555
v -0.00200000136764170 0.00109902297488207 0.00525272934370728
v -0.00200000393912878 0.00191528109093772 0.00501305477553101
v -0.00200000182344115 0.00114843172333425 0.00534078972273560
v -0.00199999774340962 0.00192132809889515 0.00511384766035767
v -0.00200000130169230 0.00120272159112311 0.00542576782637330
v -0.00200000367578370 0.00192159777348253 0.00521468632155152
v -0.00200000025711041 0.00126093206212764 0.00550775806837769
v -0.00200000193416650 0.00191695608503806 0.00531513111525269
v -0.00199999991233676 0.00132291266613403 0.00558718960219117
v -0.00200000356165736 0.00190775785413023 0.00541546242171021
v -0.00199999794919830 0.00138856783521441 0.00566453831129762
v -0.00200000155001434 0.00189434189427638 0.00551602928572389
v -0.00199999888197428 0.00166591320082981 0.00576408951216431
v -0.00199999816885526 0.00171484690219487 0.00574972145491334
v -0.00200000270242013 0.00187929872428613 0.00560510246687623
v -0.00199999690797035 0.00176365758448909 0.00573493854933472
v -0.00200000095467606 0.00161685978401866 0.00577804176741334
v -0.00200000091524687 0.00144937924697531 0.00573133938246461
v -0.00199999956269599 0.00089034064940564 0.00481563084059449
v -0.00200000152865806 0.00084848919615340 0.00480634396010133
v -0.00199999720514444 0.00080565028670971 0.00480796806746217
v -0.00200000127998489 0.00073111815997008 0.00481986420088502
v -0.00200000174062430 0.00065641192657094 0.00483060543471070
v -0.00199999739812551 0.00000000181725178 0.00449999992781373
v -0.00199999960920772 0.00058154861570851 0.00484018890791627
v -0.00200000001509081 0.00053998437731240 0.00485069935255738
v -0.00199999942376170 0.00050244673200657 0.00487140076094361
v -0.00199999925379485 0.00047137954308410 0.00490094177656861
v -0.00200000002872921 0.00044881313628636 0.00493739216261598
v -0.00199999980715727 0.00043622425153593 0.00497837059431764
v -0.00200000159634323 -0.00043622443172963 0.00497837059431764
v -0.00200000137477129 -0.00044881331648006 0.00493739216261598
v -0.00199999823179820 -0.00043442972218320 0.00502120296889039
v -0.00200000317170230 0.00043442954198950 0.00502120296889039
v -0.00199999913525389 -0.00044549077942236 0.00514907352858277
v -0.00200000226824661 0.00044549059922866 0.00514907352858277
v -0.00200000251033678 -0.00044090729688856 0.00524983780317994
v -0.00199999889316372 0.00044090711669487 0.00524983780317994
v -0.00200000266379094 -0.00042535832504347 0.00534958832197877
v -0.00199999873970956 0.00042535814484978 0.00534958832197877
v -0.00200000202579804 -0.00040276116347802 0.00544800083571168
v -0.00199999937770246 0.00040276098328432 0.00544800083571168
v -0.00199999960827193 -0.00037461288493576 0.00554483120375367
v -0.00200000179522857 0.00037461270474206 0.00554483120375367
v -0.00200000349532240 -0.00034186079103874 0.00563990013533326
v -0.00199999790817810 0.00034186061084504 0.00563990013533326
v -0.00200000114732588 -0.00030477074167707 0.00573357574873658
v -0.00200000025617462 0.00030477056148337 0.00573357574873658
v -0.00199999821294155 -0.00026356183492199 0.00582628910475465
v -0.00200000319055895 0.00026356165472829 0.00582628910475465
v -0.00200000307801998 -0.00002550104019492 0.00599994556837769
v -0.00199999832548052 0.00002550086000122 0.00599994556837769
v -0.00200000132742877 0.00022403816402029 0.00590751640730592
v -0.00200000018019055 0.00007649894550009 0.00599951260023805
v -0.00200000122330995 -0.00007649912569379 0.00599951260023805
v -0.00200000007607173 -0.00022403834421399 0.00590751640730592
v -0.00200000214970565 -0.00047137972327780 0.00490094177656861
v -0.00200000197973880 -0.00050244691220027 0.00487140076094361
v -0.00200000138840969 -0.00053998455750610 0.00485069935255738
v -0.00200000179429278 -0.00058154879590221 0.00484018890791627
v -0.00199999966287620 -0.00065641210676464 0.00483060543471070
v -0.00199999818430000 -0.00116468493140562 0.00434666626387330
v -0.00200000012351561 -0.00073111834016378 0.00481986420088502
v -0.00199999759110658 -0.00080564665220614 0.00480796806746217
v -0.00199999987484244 -0.00084848937634710 0.00480634396010133
v -0.00200000184080451 -0.00089034082959934 0.00481563084059449
v -0.00200000144013966 -0.00092847323743840 0.00483522121840211
v -0.00200000315785754 -0.00096039164898252 0.00486383812361451
v -0.00200000016198549 -0.00098401744345388 0.00489961044722291
v -0.00199999751955701 -0.00182111918824301 0.00465381424360963
v -0.00200000311429430 -0.00099780627521751 0.00494020264082642
v -0.00200000348001515 -0.00183146958220011 0.00469541637831422
v -0.00200000259776370 -0.00102321305366381 0.00506600944929810
v -0.00199999831975182 -0.00187810937941337 0.00481498997145387
v -0.00200000327367261 -0.00105600302065055 0.00516140072279664
v -0.00199999749527939 -0.00190209762384776 0.00491296474867555
v -0.00200000003585880 -0.00109902315507576 0.00525272934370728
v -0.00199999746437172 -0.00191528127113142 0.00501305477553101
v -0.00199999958005935 -0.00114843190352795 0.00534078972273560
v -0.00199999705284140 -0.00192132446439158 0.00511384766035767
v -0.00200000010180820 -0.00120272177131681 0.00542576782637330
v -0.00199999772771680 -0.00192159795367623 0.00521468632155152
v -0.00200000114639009 -0.00126093224232134 0.00550775806837769
v -0.00199999946933400 -0.00191695626523176 0.00531513111525269
v -0.00200000149116374 -0.00132291284632773 0.00558718960219117
v -0.00199999784184314 -0.00190775803432393 0.00541546242171021
v -0.00200000345430220 -0.00138856801540811 0.00566453831129762
v -0.00199999985348616 -0.00189434207447008 0.00551602928572389
v -0.00200000252152622 -0.00166591338102351 0.00576408951216431
v -0.00200000323464524 -0.00171484708238857 0.00574972145491334
v -0.00200000048825363 -0.00144937942716900 0.00573133938246461
v -0.00200000044882444 -0.00161685996421235 0.00577804176741334
v -0.00199999788828067 -0.00176365394998552 0.00573493854933472
v -0.00199999870108037 -0.00187929890447983 0.00560510246687623
v -0.00200000268400507 -0.00182165955956282 0.00461094753676148
v -0.00199999649600015 -0.00183303807535330 0.00456961624556275
v -0.00200000206388598 -0.00185452806528121 0.00453252022200318
v -0.00200000014317588 -0.00188471327681431 0.00450208084517213
v -0.00199999759077533 -0.00192162870844394 0.00448028652601929
v -0.00199999657369648 -0.00224999961070118 0.00389711468153687
v -0.00200000110872384 -0.00199076018842057 0.00444999973707887
v -0.00199999918834135 -0.00205941280661280 0.00441864674025269
v -0.00199999945902239 -0.00212757334852168 0.00438623421126099
v -0.00200000015845233 -0.00216822155113598 0.00437260620527955
v -0.00199999992351892 -0.00221099234379477 0.00436972610884400
v -0.00200000358650144 -0.00225310025713543 0.00437778084212037
v -0.00199999881354149 -0.00229178955441801 0.00439624493056031
v -0.00199999874118829 -0.00232453504106555 0.00442391197615357
v -0.00199999928990985 -0.00305848184455819 0.00395223228865357
v -0.00200000151125299 -0.00234920370508682 0.00445897571974488
v -0.00200000035839106 -0.00308013221557412 0.00398923389845582
v -0.00199999822743062 -0.00240902384595900 0.00457252781325074
v -0.00200000216351234 -0.00315857452358267 0.00409082405501099
v -0.00199999681689800 -0.00246736063965911 0.00465481750899049
v -0.00199999915954775 -0.00320919312992228 0.00417807190352174
v -0.00199999936186123 -0.00253437283321598 0.00473032658034058
v -0.00199999992253245 -0.00325003958671432 0.00427039425307008
v -0.00200000240016165 -0.00260658741935811 0.00480089943342896
v -0.00200000002117961 -0.00328423436214149 0.00436540119581910
v -0.00199999697231782 -0.00268261610776877 0.00486714069777223
v -0.00200000011070072 -0.00331290547173481 0.00446207706862183
v -0.00200000217147999 -0.00276157133595416 0.00492940895491334
v -0.00200000276348786 -0.00333675036427741 0.00455976288252564
v -0.00200000301274205 -0.00284341802337680 0.00498816196852418
v -0.00200000136245958 -0.00335619248819519 0.00465862076216431
v -0.00199999833701746 -0.00292820395400060 0.00504387943678590
v -0.00199999971248120 -0.00337165249936189 0.00475889294081422
v -0.00199999824343650 -0.00322236305163445 0.00506126205855103
v -0.00200000025328941 -0.00326526728531083 0.00503368942671510
v -0.00200000296418681 -0.00300537489458631 0.00509084312849732
v -0.00199999821431892 -0.00317922650538788 0.00508846847944947
v -0.00199999954397683 -0.00330793208809501 0.00500575344496461
v -0.00200000048882737 -0.00338231704824557 0.00484859554701539
v -0.00199999778496548 -0.00304691828908893 0.00391095154219361
v -0.00200000004941572 -0.00304619720386012 0.00386808769636842
v -0.00199999831692457 -0.00305636255813843 0.00382644073897096
v -0.00199999839275660 -0.00307674816898100 0.00378872959547730
v -0.00200000203357921 -0.00318198173105532 0.00318198006087037
v -0.00199999765079693 -0.00310603107030378 0.00375741760664674
v -0.00199999959041436 -0.00316382800375660 0.00370888130598756
v -0.00199999732417402 -0.00322086928251564 0.00365945618086549
v -0.00200000038881908 -0.00327713838845719 0.00360915367537232
v -0.00199999903483287 -0.00331229698363010 0.00358462612562867
v -0.00200000253664698 -0.00335252834506795 0.00356981270247193
v -0.00199999991998577 -0.00339519645147687 0.00356567852431031
v -0.00200000071702936 -0.00343752295181624 0.00357249348097535
v -0.00199999802103013 -0.00402534195247858 0.00289411442213746
v -0.00200000213066253 -0.00347673559122240 0.00358981506758424
v -0.00200000281115799 -0.00404806925143688 0.00293046467238160
v -0.00199999849783109 -0.00351028070183040 0.00361650936537476
v -0.00200000018607662 -0.00407926276305493 0.00295986835890504
v -0.00200000263937752 -0.00359967477357876 0.00370860760145875
v -0.00199999943037719 -0.00418314590790224 0.00303524486952515
v -0.00199999938749634 -0.00367882774486937 0.00377112858229371
v -0.00199999924563707 -0.00425629686264714 0.00310469620161744
v -0.00200000068803667 -0.00376439678132993 0.00382470028334351
v -0.00199999944820032 -0.00432149731746135 0.00318177025252076
v -0.00199999918092391 -0.00385357175500705 0.00387206833296510
v -0.00200000195981057 -0.00438107853851386 0.00326329510145875
v -0.00200000006993394 -0.00394518398472777 0.00391420738630982
v -0.00200000233478599 -0.00443582642419363 0.00334797756605836
v -0.00199999724186034 -0.00403848111942305 0.00395170967512818
v -0.00200000410410896 -0.00448622313990979 0.00343498890333863
v -0.00200000159302905 -0.00413356635641527 0.00398502342634888
v -0.00199999860640793 -0.00453272619248073 0.00352436439924928
v -0.00199999908729227 -0.00423061659491619 0.00401459591322633
v -0.00200000170196066 -0.00457581165113862 0.00361622040205689
v -0.00199999806532279 -0.00451775825759738 0.00394840042525025
v -0.00199999981709955 -0.00455115671268884 0.00390985767775269
v -0.00200000225585342 -0.00431789138024479 0.00403791706495973
v -0.00199999870510578 -0.00448403522563261 0.00398665707045289
v -0.00199999926053523 -0.00458422347258496 0.00387103264265748
v -0.00200000163417049 -0.00461131897070309 0.00369928448134156
v -0.00199999906425089 -0.00401256853912190 0.00285319034987183
v -0.00200000312860416 -0.00401059311566647 0.00281036655836793
v -0.00199999835917373 -0.00401952776816387 0.00276843922072144
v -0.00200000212970322 -0.00389711523155585 0.00224999992781373
v -0.00199999675764922 -0.00403880239267163 0.00273014538222047
v -0.00200000281219150 -0.00408058572913897 0.00266729156904908
v -0.00200000091956546 -0.00412139100921656 0.00260379784041139
v -0.00199999870916563 -0.00416120501840543 0.00253968040877076
v -0.00199999850057686 -0.00418803033086365 0.00250624172621461
v -0.00200000322573816 -0.00422246123355827 0.00248069374495240
v -0.00199999835972759 -0.00426223406603269 0.00246470539503785
v -0.00200000392022678 -0.00430476593887181 0.00245932094984742
v -0.00199999867724797 -0.00467765404829782 0.00164281217985841
v -0.00199999919572071 -0.00434726984949544 0.00246489231520387
v -0.00199999793985132 -0.00470969878253752 0.00167128794127198
v -0.00199999651094171 -0.00438697786880969 0.00248105518751832
v -0.00200000094305933 -0.00474791684743023 0.00169071142607423
v -0.00200000061560563 -0.00449869561283886 0.00254423706465455
v -0.00200000197531327 -0.00486882570404521 0.00173376743727418
v -0.00200000227710470 -0.00459225962956930 0.00258192531996461
v -0.00199999977366120 -0.00495858171468408 0.00177979748182984
v -0.00200000290135784 -0.00468945703465928 0.00260921947890015
v -0.00200000021849382 -0.00504285523620357 0.00183537952833863
v -0.00200000348628315 -0.00478836349224204 0.00262954609328004
v -0.00200000300643233 -0.00512298956750868 0.00189681713515015
v -0.00199999832949866 -0.00488813438694542 0.00264416687422486
v -0.00200000165733675 -0.00519937740225763 0.00196264545851441
v -0.00199999841054893 -0.00498821664402315 0.00265386574202271
v -0.00199999800516902 -0.00527224444577114 0.00203193275862428
v -0.00200000365604727 -0.00508883927242071 0.00265904133253785
v -0.00200000041775381 -0.00534204922701264 0.00210458557539674
v -0.00199999859687643 -0.00519028846484915 0.00266007416182252
v -0.00199999921157454 -0.00540926628199674 0.00218058197432252
v -0.00200000181379009 -0.00544714934806938 0.00251566307478638
v -0.00199999832914389 -0.00546833458287240 0.00246927254133912
v -0.00200000244487600 -0.00528059857237932 0.00265786259108277
v -0.00200000326397814 -0.00542557090853561 0.00256187145643922
v -0.00200000132463765 -0.00548912712401720 0.00242270367079469
v -0.00199999884285088 -0.00546673152025423 0.00225027935438844
v -0.00200000426517600 -0.00465387117636317 0.00160714380675050
v -0.00199999831981875 -0.00463990442324276 0.00156661264830323
v -0.00200000281975370 -0.00434666847971273 0.00116468565397950
v -0.00199999948417420 -0.00463666754323871 0.00152386515074464
v -0.00200000019240258 -0.00464437200502773 0.00148169367247315
v -0.00199999988163714 -0.00466675718684395 0.00140961401396485
v -0.00200000361556106 -0.00468802147145114 0.00133719627791139
v -0.00199999817967537 -0.00470815722945477 0.00126445810728761
v -0.00200000120993393 -0.00472447888518987 0.00122481577330323
v -0.00200000068357137 -0.00475031292675937 0.00119060413771363
v -0.00200000031767132 -0.00478397444918872 0.00116405670576783
v -0.00200000193033823 -0.00491814218819427 0.00023089640074464
v -0.00200000234262512 -0.00482326232370179 0.00114690868788453
v -0.00200000131021914 -0.00495101069391265 0.00025841991835328
v -0.00200000300272725 -0.00486561957880887 0.00114027826719972
v -0.00200000375582931 -0.00498977904099939 0.00027671377592774
v -0.00200000140821109 -0.00490827065602157 0.00114459984236451
v -0.00199999685992362 -0.00503192050165998 0.00028458349638673
v -0.00199999846389345 -0.00503326049694025 0.00117374842100831
v -0.00199999786197579 -0.00516006207660159 0.00029183046751710
v -0.00200000187542987 -0.00513365742001709 0.00118355028563233
v -0.00199999953260091 -0.00525914975916587 0.00031070940428468
v -0.00199999812211897 -0.00523460081059070 0.00118235485487672
v -0.00200000126221776 -0.00535567386299098 0.00034029667311402
v -0.00199999955292004 -0.00533523004623773 0.00117399303847047
v -0.00200000107009100 -0.00544986670064710 0.00037666981154176
v -0.00200000161470567 -0.00543507999074527 0.00115991299086305
v -0.00200000188571432 -0.00554170793931327 0.00041831057005616
v -0.00199999716229243 -0.00553384258536371 0.00114102165632935
v -0.00199999826092474 -0.00563114598032830 0.00046426098280640
v -0.00200000083331681 -0.00563184342911141 0.00111763994627686
v -0.00200000162998212 -0.00571858826506694 0.00051430551939698
v -0.00199999763304073 -0.00572947470457406 0.00109004824095460
v -0.00200000142416628 -0.00580449560397230 0.00056828682356568
v -0.00200000120814019 -0.00593524854161702 0.00087912123137208
v -0.00199999824844474 -0.00594250159276461 0.00082864134245606
v -0.00199999878680764 -0.00581550175892552 0.00106248419218751
v -0.00200000138511539 -0.00592755780539949 0.00092953770094605
v -0.00200000190583072 -0.00594933119548626 0.00077810137205811
v -0.00199999779622548 -0.00587926995415634 0.00061897032194825
v -0.00199999765661608 -0.00449999773502941 -0.00000000007218627
v -0.00199999793763225 -0.00489332305395919 0.00019594137602540
v -0.00199999631084729 -0.00487817389409432 0.00015583698683472
v -0.00199999927510577 -0.00487368267586366 0.00011320297651978
v -0.00200000067857937 -0.00487485517173389 0.00003773729735108
v -0.00200000067857937 -0.00487485517173389 -0.00003773744172362
v -0.00199999927510577 -0.00487368267586366 -0.00011320312089233
v -0.00199999631084729 -0.00487817389409432 -0.00015583713120727
v -0.00199999793763225 -0.00489332305395919 -0.00019594152039794
v -0.00200000193033823 -0.00491814218819427 -0.00023089654511718
v -0.00200000281975370 -0.00434666847971273 -0.00116468579835204
v -0.00200000031767132 -0.00478397444918872 -0.00116405685014037
v -0.00200000068357137 -0.00475031292675937 -0.00119060380524902
v -0.00200000234262512 -0.00482326232370179 -0.00114690835541991
v -0.00200000131021914 -0.00495101069391265 -0.00025841958588866
v -0.00200000300272725 -0.00486561957880887 -0.00114027841157226
v -0.00200000375582931 -0.00498977904099939 -0.00027671344346313
v -0.00200000140821109 -0.00490827065602157 -0.00114459998673705
v -0.00199999685992362 -0.00503192050165998 -0.00028458364075927
v -0.00199999846389345 -0.00503326049694025 -0.00117374856538085
v -0.00199999786197579 -0.00516006207660159 -0.00029183061188964
v -0.00200000187542987 -0.00513365742001709 -0.00118355043000487
v -0.00199999953260091 -0.00525914975916587 -0.00031070954865722
v -0.00199999812211897 -0.00523460081059070 -0.00118235499924926
v -0.00200000126221776 -0.00535567386299098 -0.00034029681748656
v -0.00199999955292004 -0.00533523004623773 -0.00117399318284301
v -0.00200000107009100 -0.00544986670064710 -0.00037666995591430
v -0.00200000161470567 -0.00543507999074527 -0.00115991313523559
v -0.00200000188571432 -0.00554170793931327 -0.00041831071442870
v -0.00199999716229243 -0.00553384258536371 -0.00114102180070190
v -0.00199999826092474 -0.00563114598032830 -0.00046426112717895
v -0.00200000083331681 -0.00563184342911141 -0.00111764009064941
v -0.00200000162998212 -0.00571858826506694 -0.00051430566376952
v -0.00199999763304073 -0.00572947470457406 -0.00109004838532714
v -0.00200000142416628 -0.00580449560397230 -0.00056828649110107
v -0.00200000120814019 -0.00593524854161702 -0.00087912137574462
v -0.00199999824844474 -0.00594250159276461 -0.00082864148682861
v -0.00199999779622548 -0.00587926995415634 -0.00061897046632079
v -0.00200000190583072 -0.00594933119548626 -0.00077810151643066
v -0.00200000138511539 -0.00592755780539949 -0.00092953784531860
v -0.00199999878680764 -0.00581550175892552 -0.00106248433656005
v -0.00200000120993393 -0.00472447888518987 -0.00122481591767577
v -0.00199999817967537 -0.00470815722945477 -0.00126445825166015
v -0.00200000361556106 -0.00468802147145114 -0.00133719642228393
v -0.00199999988163714 -0.00466675718684395 -0.00140961368150024
v -0.00200000019240258 -0.00464437200502773 -0.00148169334000854
v -0.00199999948417420 -0.00463666754323871 -0.00152386529511718
v -0.00199999831981875 -0.00463990442324276 -0.00156661279267577
v -0.00200000212970322 -0.00389711523155585 -0.00225000007218627
v -0.00200000426517600 -0.00465387117636317 -0.00160714395112304
v -0.00199999867724797 -0.00467765404829782 -0.00164281232423095
v -0.00199999793985132 -0.00470969878253752 -0.00167128808564452
v -0.00199999919572071 -0.00434726984949544 -0.00246489222115783
v -0.00200000392022678 -0.00430476593887181 -0.00245932109421996
v -0.00199999835972759 -0.00426223406603269 -0.00246470553941039
v -0.00200000322573816 -0.00422246123355827 -0.00248069365090636
v -0.00199999651094171 -0.00438697786880969 -0.00248105485505370
v -0.00200000094305933 -0.00474791684743023 -0.00169071157044677
v -0.00200000061560563 -0.00449869561283886 -0.00254423744744567
v -0.00200000197531327 -0.00486882570404521 -0.00173376758164672
v -0.00200000227710470 -0.00459225962956930 -0.00258192570275573
v -0.00199999977366120 -0.00495858171468408 -0.00177979714936523
v -0.00200000290135784 -0.00468945703465928 -0.00260921914643554
v -0.00200000021849382 -0.00504285523620357 -0.00183537967271117
v -0.00200000348628315 -0.00478836349224204 -0.00262954599923400
v -0.00200000300643233 -0.00512298956750868 -0.00189681727952270
v -0.00199999832949866 -0.00488813438694542 -0.00264416725701598
v -0.00200000165733675 -0.00519937740225763 -0.00196264512604980
v -0.00199999841054893 -0.00498821664402315 -0.00265386588639526
v -0.00199999800516902 -0.00527224444577114 -0.00203193242615966
v -0.00200000365604727 -0.00508883927242071 -0.00265904147691039
v -0.00200000041775381 -0.00534204922701264 -0.00210458571976928
v -0.00199999859687643 -0.00519028846484915 -0.00266007382935790
v -0.00199999921157454 -0.00540926628199674 -0.00218058211869506
v -0.00200000181379009 -0.00544714934806938 -0.00251566274232177
v -0.00199999832914389 -0.00546833458287240 -0.00246927244729308
v -0.00199999884285088 -0.00546673152025423 -0.00225027973717956
v -0.00200000132463765 -0.00548912712401720 -0.00242270357674865
v -0.00200000326397814 -0.00542557090853561 -0.00256187136239318
v -0.00200000244487600 -0.00528059857237932 -0.00265786249703674
v -0.00199999850057686 -0.00418803033086365 -0.00250624163216857
v -0.00199999870916563 -0.00416120501840543 -0.00253968079156188
v -0.00200000091956546 -0.00412139100921656 -0.00260379822320251
v -0.00200000281219150 -0.00408058572913897 -0.00266729171342162
v -0.00199999675764922 -0.00403880239267163 -0.00273014576501159
v -0.00199999835917373 -0.00401952776816387 -0.00276843888825683
v -0.00200000203357921 -0.00318198173105532 -0.00318198044366149
v -0.00200000312860416 -0.00401059311566647 -0.00281036646432189
v -0.00199999906425089 -0.00401256853912190 -0.00285319049424438
v -0.00199999802103013 -0.00402534195247858 -0.00289411408967284
v -0.00200000071702936 -0.00343752295181624 -0.00357249386376647
v -0.00199999991998577 -0.00339519645147687 -0.00356567819184570
v -0.00200000213066253 -0.00347673559122240 -0.00358981473511962
v -0.00200000281115799 -0.00404806925143688 -0.00293046481675414
v -0.00199999849783109 -0.00351028070183040 -0.00361650927132873
v -0.00200000018607662 -0.00407926276305493 -0.00295986850327758
v -0.00200000263937752 -0.00359967477357876 -0.00370860750741271
v -0.00199999943037719 -0.00418314590790224 -0.00303524453706054
v -0.00199999938749634 -0.00367882774486937 -0.00377112896508483
v -0.00199999924563707 -0.00425629686264714 -0.00310469658440856
v -0.00200000068803667 -0.00376439678132993 -0.00382469995087890
v -0.00199999944820032 -0.00432149731746135 -0.00318177063531188
v -0.00199999918092391 -0.00385357175500705 -0.00387206871575622
v -0.00200000195981057 -0.00438107853851386 -0.00326329548424987
v -0.00200000006993394 -0.00394518398472777 -0.00391420705384521
v -0.00200000233478599 -0.00443582642419363 -0.00334797794884948
v -0.00199999724186034 -0.00403848111942305 -0.00395170958108215
v -0.00200000410410896 -0.00448622313990979 -0.00343498880929259
v -0.00200000159302905 -0.00413356635641527 -0.00398502309388427
v -0.00199999860640793 -0.00453272619248073 -0.00352436454362182
v -0.00199999908729227 -0.00423061659491619 -0.00401459593838958
v -0.00200000170196066 -0.00457581165113862 -0.00361622006959228
v -0.00199999806532279 -0.00451775825759738 -0.00394840009278564
v -0.00199999981709955 -0.00455115671268884 -0.00390985758370666
v -0.00200000163417049 -0.00461131897070309 -0.00369928462571410
v -0.00199999926053523 -0.00458422347258496 -0.00387103278703002
v -0.00199999870510578 -0.00448403522563261 -0.00398665745324401
v -0.00200000225585342 -0.00431789138024479 -0.00403791673249511
v -0.00200000253664698 -0.00335252834506795 -0.00356981237000732
v -0.00199999903483287 -0.00331229698363010 -0.00358462650841979
v -0.00200000038881908 -0.00327713838845719 -0.00360915334290771
v -0.00199999732417402 -0.00322086928251564 -0.00365945608681945
v -0.00199999959041436 -0.00316382800375660 -0.00370888145036010
v -0.00199999765079693 -0.00310603107030378 -0.00375741798943786
v -0.00199999839275660 -0.00307674816898100 -0.00378872997826842
v -0.00199999657369648 -0.00224999961070118 -0.00389711434907226
v -0.00199999831692457 -0.00305636255813843 -0.00382644088334350
v -0.00200000004941572 -0.00304619720386012 -0.00386808807915954
v -0.00199999778496548 -0.00304691828908893 -0.00391095192498473
v -0.00199999928990985 -0.00305848184455819 -0.00395223243302611
v -0.00199999874118829 -0.00232453504106555 -0.00442391200131683
v -0.00200000151125299 -0.00234920370508682 -0.00445897574490813
v -0.00200000035839106 -0.00308013221557412 -0.00398923428124694
v -0.00199999822743062 -0.00240902384595900 -0.00457252819604186
v -0.00200000216351234 -0.00315857452358267 -0.00409082443780212
v -0.00199999681689800 -0.00246736063965911 -0.00465481777257232
v -0.00199999915954775 -0.00320919312992228 -0.00417807180947570
v -0.00199999936186123 -0.00253437283321598 -0.00473032624787597
v -0.00199999992253245 -0.00325003958671432 -0.00427039380139617
v -0.00200000240016165 -0.00260658741935811 -0.00480089945859222
v -0.00200000002117961 -0.00328423436214149 -0.00436540122098235
v -0.00199999697231782 -0.00268261610776877 -0.00486714084214477
v -0.00200000011070072 -0.00331290547173481 -0.00446207745141296
v -0.00200000217147999 -0.00276157133595416 -0.00492940933770446
v -0.00200000276348786 -0.00333675036427741 -0.00455976255006103
v -0.00200000301274205 -0.00284341802337680 -0.00498816187447814
v -0.00200000136245958 -0.00335619248819519 -0.00465862042969970
v -0.00199999833701746 -0.00292820395400060 -0.00504387952155379
v -0.00199999971248120 -0.00337165249936189 -0.00475889320439605
v -0.00199999824343650 -0.00322236305163445 -0.00506126172608642
v -0.00200000025328941 -0.00326526728531083 -0.00503368957108764
v -0.00200000048882737 -0.00338231704824557 -0.00484859557217864
v -0.00199999954397683 -0.00330793208809501 -0.00500575370854644
v -0.00199999821431892 -0.00317922650538788 -0.00508846826619414
v -0.00200000296418681 -0.00300537489458631 -0.00509084291524200
v -0.00199999881354149 -0.00229178955441801 -0.00439624471730499
v -0.00200000358650144 -0.00225310025713543 -0.00437778074807433
v -0.00199999992351892 -0.00221099234379477 -0.00436972601479797
v -0.00200000015845233 -0.00216822155113598 -0.00437260646886138
v -0.00199999945902239 -0.00212757334852168 -0.00438623399800567
v -0.00199999918834135 -0.00205941280661280 -0.00441864640778808
v -0.00200000110872384 -0.00199076018842057 -0.00444999976224212
v -0.00199999759077533 -0.00192162870844394 -0.00448028655118255
v -0.00200000014317588 -0.00188471327681431 -0.00450208063191680
v -0.00200000206388598 -0.00185452806528121 -0.00453252000874786
v -0.00199999649600015 -0.00183303807535330 -0.00456961650914458
v -0.00200000268400507 -0.00182165955956282 -0.00461094756192474
v -0.00499999955500695 -0.00189434190214303 -0.00551602910227088
v -0.00499999840260116 -0.00187929873215278 -0.00560510210460929
v -0.00499999754336393 -0.00190775786199688 -0.00541546256608276
v -0.00499999917085479 -0.00191695609290471 -0.00531513155764846
v -0.00499999742923760 -0.00192159778134918 -0.00521468592948226
v -0.00500000336161168 -0.00192132810676180 -0.00511384804314880
v -0.00499999716589251 -0.00191528109880437 -0.00501305503911285
v -0.00499999719680018 -0.00190209745152072 -0.00491296453542022
v -0.00499999802127262 -0.00187810920708632 -0.00481498987740783
v -0.00500000318153594 -0.00183146940987306 -0.00469541616505889
v -0.00499999729229612 -0.00192162853611689 -0.00448028655118255
v -0.00499999984469668 -0.00188471310448726 -0.00450208063191680
v -0.00500000176540678 -0.00185452789295416 -0.00453252000874786
v -0.00500000280477042 -0.00183304171772352 -0.00456961650914458
v -0.00500000238552586 -0.00182165938723577 -0.00461094756192474
v -0.00500000382832728 -0.00182112283061323 -0.00465381391114501
v -0.00499999916054318 -0.00212757317619463 -0.00438623399800567
v -0.00499999888986215 -0.00205941263428575 -0.00441864640778808
v -0.00500000081024464 -0.00199076001609352 -0.00444999976224212
v -0.00500000121277378 -0.00234920353275977 -0.00445897574490813
v -0.00499999844270909 -0.00232453486873850 -0.00442391200131683
v -0.00499999851506229 -0.00229178938209096 -0.00439624471730499
v -0.00500000328802224 -0.00225310008480839 -0.00437778074807433
v -0.00499999962503972 -0.00221099217146772 -0.00436972601479797
v -0.00499999985997313 -0.00216822137880893 -0.00437260646886138
v -0.00499999792895142 -0.00240902367363195 -0.00457252819604186
v -0.00499999651841879 -0.00246736046733206 -0.00465481777257232
v -0.00499999906338203 -0.00253437266088893 -0.00473032624787597
v -0.00500000210168244 -0.00260658724703106 -0.00480089945859222
v -0.00499999667383862 -0.00268261593544172 -0.00486714084214477
v -0.00500000187300079 -0.00276157116362711 -0.00492940933770446
v -0.00500000271426284 -0.00284341785104975 -0.00498816187447814
v -0.00499999803853825 -0.00292820378167355 -0.00504387952155379
v -0.00500000266570761 -0.00300537472225926 -0.00509084291524200
v -0.00499999791583972 -0.00317922633306083 -0.00508846826619414
v -0.00499999924549763 -0.00330793191576796 -0.00500575370854644
v -0.00499999995481021 -0.00326526711298378 -0.00503368957108764
v -0.00499999794495729 -0.00322236287930740 -0.00506126172608642
v -0.00500000019034816 -0.00338231687591852 -0.00484859557217864
v -0.00499999941400199 -0.00337165232703484 -0.00475889320439605
v -0.00500000106398037 -0.00335619231586814 -0.00465862042969970
v -0.00500000246500865 -0.00333675019195036 -0.00455976255006103
v -0.00499999981222152 -0.00331290529940776 -0.00446207745141296
v -0.00499999972270041 -0.00328423418981444 -0.00436540122098235
v -0.00499999962405325 -0.00325003941438727 -0.00427039380139617
v -0.00499999886106854 -0.00320919295759523 -0.00417807180947570
v -0.00500000186503314 -0.00315857435125562 -0.00409082443780212
v -0.00500000005991186 -0.00308013204324707 -0.00398923428124694
v -0.00499999735231773 -0.00310603089797673 -0.00375741798943786
v -0.00499999809427740 -0.00307674799665395 -0.00378872997826842
v -0.00499999801844537 -0.00305636238581138 -0.00382644088334350
v -0.00499999975093651 -0.00304619703153307 -0.00386808807915954
v -0.00499999748648627 -0.00304691811676188 -0.00391095192498473
v -0.00499999899143064 -0.00305848167223114 -0.00395223243302611
v -0.00500000009033988 -0.00327713821613014 -0.00360915334290771
v -0.00499999702569482 -0.00322086911018859 -0.00365945608681945
v -0.00499999929193516 -0.00316382783142955 -0.00370888145036010
v -0.00499999819935189 -0.00351028052950335 -0.00361650927132873
v -0.00500000183218332 -0.00347673541889535 -0.00358981473511962
v -0.00500000041855016 -0.00343752277948919 -0.00357249386376647
v -0.00499999962150657 -0.00339519627914982 -0.00356567819184570
v -0.00500000223816778 -0.00335252817274090 -0.00356981237000732
v -0.00499999873635366 -0.00331229681130305 -0.00358462650841979
v -0.00500000234089831 -0.00359967460125171 -0.00370860750741271
v -0.00499999908901713 -0.00367882757254232 -0.00377112896508483
v -0.00500000038955747 -0.00376439660900288 -0.00382469995087890
v -0.00499999888244471 -0.00385357158268000 -0.00387206871575622
v -0.00499999977145473 -0.00394518381240072 -0.00391420705384521
v -0.00499999694338114 -0.00403848094709600 -0.00395170958108215
v -0.00500000129454985 -0.00413356618408823 -0.00398502309388427
v -0.00499999878881307 -0.00423061642258914 -0.00401459593838958
v -0.00500000195737422 -0.00431789120791774 -0.00403791673249511
v -0.00499999840662657 -0.00448403505330556 -0.00398665745324401
v -0.00499999896205602 -0.00458422330025791 -0.00387103278703002
v -0.00499999951862035 -0.00455115654036179 -0.00390985758370666
v -0.00499999776684358 -0.00451775808527033 -0.00394840009278564
v -0.00500000133569129 -0.00461131879837604 -0.00369928462571410
v -0.00500000140348146 -0.00457581147881158 -0.00361622006959228
v -0.00499999830792873 -0.00453272602015368 -0.00352436454362182
v -0.00500000380562976 -0.00448622296758274 -0.00343498880929259
v -0.00500000203630679 -0.00443582625186658 -0.00334797794884948
v -0.00500000166133137 -0.00438107836618681 -0.00326329548424987
v -0.00499999914972112 -0.00432149714513430 -0.00318177063531188
v -0.00499999894715786 -0.00425629669032009 -0.00310469658440856
v -0.00499999913189799 -0.00418314573557519 -0.00303524453706054
v -0.00499999988759742 -0.00407926259072788 -0.00295986850327758
v -0.00499999645917001 -0.00403880222034458 -0.00273014576501159
v -0.00499999806069452 -0.00401952759583683 -0.00276843888825683
v -0.00500000283012496 -0.00401059294333942 -0.00281036646432189
v -0.00499999876577169 -0.00401256836679485 -0.00285319049424438
v -0.00499999772255092 -0.00402534178015154 -0.00289411408967284
v -0.00500000251267878 -0.00404806907910983 -0.00293046481675414
v -0.00499999841068643 -0.00416120484607838 -0.00253968079156188
v -0.00500000062108625 -0.00412139083688951 -0.00260379822320251
v -0.00500000251371229 -0.00408058555681192 -0.00266729171342162
v -0.00500000281971199 -0.00438698151117991 -0.00248105485505370
v -0.00499999889724151 -0.00434726967716839 -0.00246489222115783
v -0.00500000362174758 -0.00430476576654476 -0.00245932109421996
v -0.00499999806124838 -0.00426223389370564 -0.00246470553941039
v -0.00500000292725895 -0.00422246106123122 -0.00248069365090636
v -0.00499999820209766 -0.00418803015853660 -0.00250624163216857
v -0.00500000031712643 -0.00449869544051181 -0.00254423744744567
v -0.00500000197862550 -0.00459225945724225 -0.00258192570275573
v -0.00500000260287863 -0.00468945686233223 -0.00260921914643554
v -0.00500000318780395 -0.00478836331991499 -0.00262954599923400
v -0.00499999803101945 -0.00488813421461837 -0.00264416725701598
v -0.00499999811206973 -0.00498821647169610 -0.00265386588639526
v -0.00500000335756807 -0.00508883910009366 -0.00265904147691039
v -0.00499999829839723 -0.00519028829252210 -0.00266007382935790
v -0.00500000214639680 -0.00528059840005227 -0.00265786249703674
v -0.00500000296549894 -0.00542557073620856 -0.00256187136239318
v -0.00500000102615844 -0.00548912695169015 -0.00242270357674865
v -0.00499999803066468 -0.00546833441054535 -0.00246927244729308
v -0.00500000151531089 -0.00544714917574233 -0.00251566274232177
v -0.00499999854437167 -0.00546673134792718 -0.00225027973717956
v -0.00499999891309533 -0.00540926610966969 -0.00218058211869506
v -0.00500000011927461 -0.00534204905468559 -0.00210458571976928
v -0.00499999770668982 -0.00527224427344409 -0.00203193242615966
v -0.00500000135885755 -0.00519937722993058 -0.00196264512604980
v -0.00500000270795312 -0.00512298939518163 -0.00189681727952270
v -0.00499999992001462 -0.00504285506387652 -0.00183537967271117
v -0.00499999947518200 -0.00495858154235703 -0.00177979714936523
v -0.00500000167683406 -0.00486882553171816 -0.00173376758164672
v -0.00500000064458013 -0.00474791667510318 -0.00169071157044677
v -0.00499999989392338 -0.00464437183270068 -0.00148169334000854
v -0.00499999918569499 -0.00463666737091166 -0.00152386529511718
v -0.00499999802133954 -0.00463990425091571 -0.00156661279267577
v -0.00500000396669680 -0.00465387100403612 -0.00160714395112304
v -0.00499999837876876 -0.00467765387597077 -0.00164281232423095
v -0.00499999764137212 -0.00470969861021047 -0.00167128808564452
v -0.00499999788119617 -0.00470815705712772 -0.00126445825166015
v -0.00500000331708185 -0.00468802129912409 -0.00133719642228393
v -0.00499999958315794 -0.00466675701451690 -0.00140961368150024
v -0.00500000110973188 -0.00490827048369452 -0.00114459998673705
v -0.00500000270424804 -0.00486561940648182 -0.00114027841157226
v -0.00500000204414592 -0.00482326215137474 -0.00114690835541991
v -0.00500000001919212 -0.00478397427686167 -0.00116405685014037
v -0.00500000038509217 -0.00475031275443232 -0.00119060380524902
v -0.00500000091145472 -0.00472447871286282 -0.00122481591767577
v -0.00499999816541424 -0.00503326032461320 -0.00117374856538085
v -0.00500000157695066 -0.00513365724769004 -0.00118355043000487
v -0.00499999782363976 -0.00523460063826365 -0.00118235499924926
v -0.00499999925444084 -0.00533522987391068 -0.00117399318284301
v -0.00500000131622646 -0.00543507981841822 -0.00115991313523559
v -0.00499999686381323 -0.00553384241303666 -0.00114102180070190
v -0.00500000053483761 -0.00563184325678436 -0.00111764009064941
v -0.00499999733456152 -0.00572947453224701 -0.00109004838532714
v -0.00499999848832844 -0.00581550158659847 -0.00106248433656005
v -0.00500000108663618 -0.00592755763307244 -0.00092953784531860
v -0.00500000160735152 -0.00594933102315921 -0.00077810151643066
v -0.00499999794996554 -0.00594250142043756 -0.00082864148682861
v -0.00500000090966099 -0.00593524836928997 -0.00087912137574462
v -0.00499999749774628 -0.00587926978182929 -0.00061897046632079
v -0.00500000112568707 -0.00580449543164525 -0.00056828649110107
v -0.00500000133150291 -0.00571858809273989 -0.00051430566376952
v -0.00499999796244554 -0.00563114580800125 -0.00046426112717895
v -0.00500000158723511 -0.00554170776698623 -0.00041831071442870
v -0.00500000077161180 -0.00544986652832005 -0.00037666995591430
v -0.00500000096373856 -0.00535567369066393 -0.00034029681748656
v -0.00499999923412171 -0.00525914958683882 -0.00031070954865722
v -0.00499999756349658 -0.00516006190427454 -0.00029183061188964
v -0.00499999656144442 -0.00503192032933293 -0.00028458364075927
v -0.00499999897662657 -0.00487368250353661 -0.00011320312089233
v -0.00500000261961757 -0.00487817753646454 -0.00015583713120727
v -0.00499999763915305 -0.00489332288163214 -0.00019594152039794
v -0.00500000163185902 -0.00491814201586722 -0.00023089654511718
v -0.00500000101173994 -0.00495101052158560 -0.00025841958588866
v -0.00500000345735011 -0.00498977886867235 -0.00027671344346313
v -0.00499999897662657 -0.00487368250353661 0.00011320297651978
v -0.00500000038010017 -0.00487485499940684 0.00003773729735108
v -0.00500000038010017 -0.00487485499940684 -0.00003773744172362
v -0.00499999656144442 -0.00503192032933293 0.00028458349638673
v -0.00500000345735011 -0.00498977886867235 0.00027671377592774
v -0.00500000101173994 -0.00495101052158560 0.00025841991835328
v -0.00500000163185902 -0.00491814201586722 0.00023089640074464
v -0.00499999763915305 -0.00489332288163214 0.00019594137602540
v -0.00500000261961757 -0.00487817753646454 0.00015583698683472
v -0.00499999756349658 -0.00516006190427454 0.00029183046751710
v -0.00499999923412171 -0.00525914958683882 0.00031070940428468
v -0.00500000096373856 -0.00535567369066393 0.00034029667311402
v -0.00500000077161180 -0.00544986652832005 0.00037666981154176
v -0.00500000158723511 -0.00554170776698623 0.00041831057005616
v -0.00499999796244554 -0.00563114580800125 0.00046426098280640
v -0.00500000133150291 -0.00571858809273989 0.00051430551939698
v -0.00500000112568707 -0.00580449543164525 0.00056828682356568
v -0.00499999749774628 -0.00587926978182929 0.00061897032194825
v -0.00500000160735152 -0.00594933102315921 0.00077810137205811
v -0.00500000108663618 -0.00592755763307244 0.00092953770094605
v -0.00500000090966099 -0.00593524836928997 0.00087912123137208
v -0.00499999794996554 -0.00594250142043756 0.00082864134245606
v -0.00499999848832844 -0.00581550158659847 0.00106248419218751
v -0.00499999733456152 -0.00572947453224701 0.00109004824095460
v -0.00500000053483761 -0.00563184325678436 0.00111763994627686
v -0.00499999686381323 -0.00553384241303666 0.00114102165632935
v -0.00500000131622646 -0.00543507981841822 0.00115991299086305
v -0.00499999925444084 -0.00533522987391068 0.00117399303847047
v -0.00499999782363976 -0.00523460063826365 0.00118235485487672
v -0.00500000157695066 -0.00513365724769004 0.00118355028563233
v -0.00499999816541424 -0.00503326032461320 0.00117374842100831
v -0.00500000110973188 -0.00490827048369452 0.00114459984236451
v -0.00499999788119617 -0.00470815705712772 0.00126445810728761
v -0.00500000091145472 -0.00472447871286282 0.00122481577330323
v -0.00500000038509217 -0.00475031275443232 0.00119060413771363
v -0.00500000001919212 -0.00478397427686167 0.00116405670576783
v -0.00500000204414592 -0.00482326215137474 0.00114690868788453
v -0.00500000270424804 -0.00486561940648182 0.00114027826719972
v -0.00499999989392338 -0.00464437183270068 0.00148169367247315
v -0.00499999958315794 -0.00466675701451690 0.00140961401396485
v -0.00500000331708185 -0.00468802129912409 0.00133719627791139
v -0.00500000064458013 -0.00474791667510318 0.00169071142607423
v -0.00499999764137212 -0.00470969861021047 0.00167128794127198
v -0.00499999837876876 -0.00467765387597077 0.00164281217985841
v -0.00500000396669680 -0.00465387100403612 0.00160714380675050
v -0.00499999802133954 -0.00463990425091571 0.00156661264830323
v -0.00499999918569499 -0.00463666737091166 0.00152386515074464
v -0.00500000167683406 -0.00486882553171816 0.00173376743727418
v -0.00499999947518200 -0.00495858154235703 0.00177979748182984
v -0.00499999992001462 -0.00504285506387652 0.00183537952833863
v -0.00500000270795312 -0.00512298939518163 0.00189681713515015
v -0.00500000135885755 -0.00519937722993058 0.00196264545851441
v -0.00499999770668982 -0.00527224427344409 0.00203193275862428
v -0.00500000011927461 -0.00534204905468559 0.00210458557539674
v -0.00499999891309533 -0.00540926610966969 0.00218058197432252
v -0.00499999854437167 -0.00546673134792718 0.00225027935438844
v -0.00500000102615844 -0.00548912695169015 0.00242270367079469
v -0.00500000296549894 -0.00542557073620856 0.00256187145643922
v -0.00500000151531089 -0.00544714917574233 0.00251566307478638
v -0.00499999803066468 -0.00546833441054535 0.00246927254133912
v -0.00500000214639680 -0.00528059840005227 0.00265786259108277
v -0.00499999829839723 -0.00519028829252210 0.00266007416182252
v -0.00500000335756807 -0.00508883910009366 0.00265904133253785
v -0.00499999811206973 -0.00498821647169610 0.00265386574202271
v -0.00499999803101945 -0.00488813421461837 0.00264416687422486
v -0.00500000318780395 -0.00478836331991499 0.00262954609328004
v -0.00500000260287863 -0.00468945686233223 0.00260921947890015
v -0.00500000197862550 -0.00459225945724225 0.00258192531996461
v -0.00500000031712643 -0.00449869544051181 0.00254423706465455
v -0.00500000281971199 -0.00438698151117991 0.00248105518751832
v -0.00499999841068643 -0.00416120484607838 0.00253968040877076
v -0.00499999820209766 -0.00418803015853660 0.00250624172621461
v -0.00500000292725895 -0.00422246106123122 0.00248069374495240
v -0.00499999806124838 -0.00426223389370564 0.00246470539503785
v -0.00500000362174758 -0.00430476576654476 0.00245932094984742
v -0.00499999889724151 -0.00434726967716839 0.00246489231520387
v -0.00499999645917001 -0.00403880222034458 0.00273014538222047
v -0.00500000251371229 -0.00408058555681192 0.00266729156904908
v -0.00500000062108625 -0.00412139083688951 0.00260379784041139
v -0.00499999988759742 -0.00407926259072788 0.00295986835890504
v -0.00500000251267878 -0.00404806907910983 0.00293046467238160
v -0.00499999772255092 -0.00402534178015154 0.00289411442213746
v -0.00499999876577169 -0.00401256836679485 0.00285319034987183
v -0.00500000283012496 -0.00401059294333942 0.00281036655836793
v -0.00499999806069452 -0.00401952759583683 0.00276843922072144
v -0.00499999913189799 -0.00418314573557519 0.00303524486952515
v -0.00499999894715786 -0.00425629669032009 0.00310469620161744
v -0.00499999914972112 -0.00432149714513430 0.00318177025252076
v -0.00500000166133137 -0.00438107836618681 0.00326329510145875
v -0.00500000203630679 -0.00443582625186658 0.00334797756605836
v -0.00500000380562976 -0.00448622296758274 0.00343498890333863
v -0.00499999830792873 -0.00453272602015368 0.00352436439924928
v -0.00500000140348146 -0.00457581147881158 0.00361622040205689
v -0.00500000133569129 -0.00461131879837604 0.00369928448134156
v -0.00499999896205602 -0.00458422330025791 0.00387103264265748
v -0.00499999840662657 -0.00448403505330556 0.00398665707045289
v -0.00499999776684358 -0.00451775808527033 0.00394840042525025
v -0.00499999951862035 -0.00455115654036179 0.00390985767775269
v -0.00500000195737422 -0.00431789120791774 0.00403791706495973
v -0.00499999878881307 -0.00423061642258914 0.00401459591322633
v -0.00500000129454985 -0.00413356618408823 0.00398502342634888
v -0.00499999694338114 -0.00403848094709600 0.00395170967512818
v -0.00499999977145473 -0.00394518381240072 0.00391420738630982
v -0.00499999888244471 -0.00385357158268000 0.00387206833296510
v -0.00500000038955747 -0.00376439660900288 0.00382470028334351
v -0.00499999908901713 -0.00367882757254232 0.00377112858229371
v -0.00500000234089831 -0.00359967460125171 0.00370860760145875
v -0.00499999819935189 -0.00351028052950335 0.00361650936537476
v -0.00500000009033988 -0.00327713821613014 0.00360915367537232
v -0.00499999873635366 -0.00331229681130305 0.00358462612562867
v -0.00500000223816778 -0.00335252817274090 0.00356981270247193
v -0.00499999962150657 -0.00339519627914982 0.00356567852431031
v -0.00500000041855016 -0.00343752277948919 0.00357249348097535
v -0.00500000183218332 -0.00347673541889535 0.00358981506758424
v -0.00499999735231773 -0.00310603089797673 0.00375741760664674
v -0.00499999929193516 -0.00316382783142955 0.00370888130598756
v -0.00499999702569482 -0.00322086911018859 0.00365945618086549
v -0.00500000005991186 -0.00308013204324707 0.00398923389845582
v -0.00499999899143064 -0.00305848167223114 0.00395223228865357
v -0.00499999748648627 -0.00304691811676188 0.00391095154219361
v -0.00499999975093651 -0.00304619703153307 0.00386808769636842
v -0.00499999801844537 -0.00305636238581138 0.00382644073897096
v -0.00499999809427740 -0.00307674799665395 0.00378872959547730
v -0.00500000186503314 -0.00315857435125562 0.00409082405501099
v -0.00499999886106854 -0.00320919295759523 0.00417807190352174
v -0.00499999962405325 -0.00325003941438727 0.00427039425307008
v -0.00499999972270041 -0.00328423418981444 0.00436540119581910
v -0.00499999981222152 -0.00331290529940776 0.00446207706862183
v -0.00500000246500865 -0.00333675019195036 0.00455976288252564
v -0.00500000106398037 -0.00335619231586814 0.00465862076216431
v -0.00499999941400199 -0.00337165232703484 0.00475889294081422
v -0.00500000019034816 -0.00338231687591852 0.00484859554701539
v -0.00499999924549763 -0.00330793191576796 0.00500575344496461
v -0.00499999791583972 -0.00317922633306083 0.00508846847944947
v -0.00499999794495729 -0.00322236287930740 0.00506126205855103
v -0.00499999995481021 -0.00326526711298378 0.00503368942671510
v -0.00500000266570761 -0.00300537472225926 0.00509084312849732
v -0.00499999803853825 -0.00292820378167355 0.00504387943678590
v -0.00500000271426284 -0.00284341785104975 0.00498816196852418
v -0.00500000187300079 -0.00276157116362711 0.00492940895491334
v -0.00499999667383862 -0.00268261593544172 0.00486714069777223
v -0.00500000210168244 -0.00260658724703106 0.00480089943342896
v -0.00499999906338203 -0.00253437266088893 0.00473032658034058
v -0.00499999651841879 -0.00246736046733206 0.00465481750899049
v -0.00499999792895142 -0.00240902367363195 0.00457252781325074
v -0.00500000121277378 -0.00234920353275977 0.00445897571974488
v -0.00499999916054318 -0.00212757317619463 0.00438623421126099
v -0.00499999985997313 -0.00216822137880893 0.00437260620527955
v -0.00499999962503972 -0.00221099217146772 0.00436972610884400
v -0.00500000328802224 -0.00225310008480839 0.00437778084212037
v -0.00499999851506229 -0.00229178938209096 0.00439624493056031
v -0.00499999844270909 -0.00232453486873850 0.00442391197615357
v -0.00499999729229612 -0.00192162853611689 0.00448028652601929
v -0.00500000081024464 -0.00199076001609352 0.00444999973707887
v -0.00499999888986215 -0.00205941263428575 0.00441864674025269
v -0.00500000318153594 -0.00183146940987306 0.00469541637831422
v -0.00500000382832728 -0.00182112283061323 0.00465381424360963
v -0.00500000238552586 -0.00182165938723577 0.00461094753676148
v -0.00500000280477042 -0.00183304171772352 0.00456961624556275
v -0.00500000176540678 -0.00185452789295416 0.00453252022200318
v -0.00499999984469668 -0.00188471310448726 0.00450208084517213
v -0.00499999802127262 -0.00187810920708632 0.00481498997145387
v -0.00499999719680018 -0.00190209745152072 0.00491296474867555
v -0.00499999716589251 -0.00191528109880437 0.00501305477553101
v -0.00500000336161168 -0.00192132810676180 0.00511384766035767
v -0.00499999742923760 -0.00192159778134918 0.00521468632155152
v -0.00499999917085479 -0.00191695609290471 0.00531513111525269
v -0.00499999754336393 -0.00190775786199688 0.00541546242171021
v -0.00499999955500695 -0.00189434190214303 0.00551602928572389
v -0.00499999840260116 -0.00187929873215278 0.00560510246687623
v -0.00499999758980146 -0.00176365377765847 0.00573493854933472
v -0.00500000015034524 -0.00161685979188530 0.00577804176741334
v -0.00500000222304701 -0.00166591320869646 0.00576408951216431
v -0.00500000293616604 -0.00171484691006152 0.00574972145491334
v -0.00500000018977442 -0.00144937925484195 0.00573133938246461
v -0.00500000315582300 -0.00138856784308106 0.00566453831129762
v -0.00500000119268454 -0.00132291267400068 0.00558718960219117
v -0.00500000084791088 -0.00126093206999429 0.00550775806837769
v -0.00499999980332899 -0.00120272159898976 0.00542576782637330
v -0.00499999928158014 -0.00114843173120090 0.00534078972273560
v -0.00499999973737960 -0.00109902298274871 0.00525272934370728
v -0.00500000297519341 -0.00105600284832350 0.00516140072279664
v -0.00500000229928450 -0.00102321288133677 0.00506600944929810
v -0.00500000281581510 -0.00099780610289046 0.00494020264082642
v -0.00499999729262737 -0.00080564647987909 0.00480796806746217
v -0.00499999957636323 -0.00084848920402005 0.00480634396010133
v -0.00500000154232531 -0.00089034065727229 0.00481563084059449
v -0.00500000114166046 -0.00092847306511135 0.00483522121840211
v -0.00500000285937833 -0.00096039147665547 0.00486383812361451
v -0.00499999986350628 -0.00098401727112683 0.00489961044722291
v -0.00500000149581358 -0.00058154862357516 0.00484018890791627
v -0.00499999936439700 -0.00065641193443759 0.00483060543471070
v -0.00499999982503641 -0.00073111816783673 0.00481986420088502
v -0.00499999793331900 -0.00043442954985615 0.00502120296889039
v -0.00500000129786403 -0.00043622425940258 0.00497837059431764
v -0.00500000107629209 -0.00044881314415301 0.00493739216261598
v -0.00500000185122645 -0.00047137955095075 0.00490094177656861
v -0.00500000168125960 -0.00050244673987322 0.00487140076094361
v -0.00500000108993048 -0.00053998438517905 0.00485069935255738
v -0.00499999883677468 -0.00044549060709531 0.00514907352858277
v -0.00500000221185757 -0.00044090712456151 0.00524983780317994
v -0.00500000236531173 -0.00042535815271643 0.00534958832197877
v -0.00500000172731884 -0.00040276099115097 0.00544800083571168
v -0.00499999930979273 -0.00037461271260871 0.00554483120375367
v -0.00500000319684319 -0.00034186061871169 0.00563990013533326
v -0.00500000084884667 -0.00030477056935002 0.00573357574873658
v -0.00499999791446235 -0.00026356166259494 0.00582628910475465
v -0.00499999977759253 -0.00022403817188694 0.00590751640730592
v -0.00500000092483075 -0.00007649895336674 0.00599951260023805
v -0.00499999988171134 0.00007649911782714 0.00599951260023805
v -0.00499999802700132 0.00002550103232827 0.00599994556837769
v -0.00500000277954077 -0.00002550086786787 0.00599994556837769
v -0.00500000102894957 0.00022403833634734 0.00590751640730592
v -0.00500000289207974 0.00026356182705534 0.00582628910475465
v -0.00499999995769542 0.00030477073381042 0.00573357574873658
v -0.00499999760969890 0.00034186078317209 0.00563990013533326
v -0.00500000149674936 0.00037461287706911 0.00554483120375367
v -0.00499999907922325 0.00040276115561137 0.00544800083571168
v -0.00499999844123036 0.00042535831717683 0.00534958832197877
v -0.00499999859468452 0.00044090728902191 0.00524983780317994
v -0.00500000196976741 0.00044549077155571 0.00514907352858277
v -0.00500000287322310 0.00043442971431655 0.00502120296889039
v -0.00499999931072852 0.00058154878803556 0.00484018890791627
v -0.00499999971661161 0.00053998454963945 0.00485069935255738
v -0.00499999912528249 0.00050244690433362 0.00487140076094361
v -0.00499999895531564 0.00047137971541115 0.00490094177656861
v -0.00499999973025001 0.00044881330861341 0.00493739216261598
v -0.00499999950867806 0.00043622442386298 0.00497837059431764
v -0.00500000351391472 0.00080564664433949 0.00480796806746217
v -0.00500000098150568 0.00073111833229713 0.00481986420088502
v -0.00500000144214509 0.00065641209889799 0.00483060543471070
v -0.00499999799072699 0.00099780626735086 0.00494020264082642
v -0.00500000094303581 0.00098401743558723 0.00489961044722291
v -0.00499999794716376 0.00096039164111587 0.00486383812361451
v -0.00499999966488163 0.00092847322957175 0.00483522121840211
v -0.00499999926421679 0.00089034082173269 0.00481563084059449
v -0.00500000123017886 0.00084848936848045 0.00480634396010133
v -0.00499999850725760 0.00102321304579717 0.00506600944929810
v -0.00499999783134868 0.00105600301278390 0.00516140072279664
v -0.00500000106916249 0.00109902314720911 0.00525272934370728
v -0.00500000152496195 0.00114843189566130 0.00534078972273560
v -0.00500000100321310 0.00120272176345016 0.00542576782637330
v -0.00499999995863121 0.00126093223445469 0.00550775806837769
v -0.00499999961385755 0.00132291283846108 0.00558718960219117
v -0.00499999765071909 0.00138856800754146 0.00566453831129762
v -0.00500000061676767 0.00144937941930236 0.00573133938246461
v -0.00500000065619685 0.00161685995634571 0.00577804176741334
v -0.00500000321674063 0.00176365394211887 0.00573493854933472
v -0.00499999787037606 0.00171484707452192 0.00574972145491334
v -0.00499999858349508 0.00166591337315686 0.00576408951216431
v -0.00500000240394093 0.00187929889661318 0.00560510246687623
v -0.00500000125153514 0.00189434206660343 0.00551602928572389
v -0.00500000326317816 0.00190775802645728 0.00541546242171021
v -0.00500000163568730 0.00191695625736511 0.00531513111525269
v -0.00500000337730450 0.00192159794580958 0.00521468632155152
v -0.00499999744493041 0.00192132827122220 0.00511384766035767
v -0.00500000364064958 0.00191528126326477 0.00501305477553101
v -0.00500000360974191 0.00190209761598112 0.00491296474867555
v -0.00500000278526948 0.00187810937154672 0.00481498997145387
v -0.00499999762500615 0.00183146957433346 0.00469541637831422
v -0.00500000351424597 0.00192162870057729 0.00448028652601929
v -0.00500000096184541 0.00188471326894766 0.00450208084517213
v -0.00499999904113531 0.00185452805741456 0.00453252022200318
v -0.00499999800177167 0.00183304188218392 0.00456961624556275
v -0.00499999842101623 0.00182165955169618 0.00461094753676148
v -0.00499999697821481 0.00182112299507363 0.00465381424360963
v -0.00500000164599891 0.00212757334065503 0.00438623421126099
v -0.00500000191667995 0.00205941279874615 0.00441864674025269
v -0.00499999999629746 0.00199076018055392 0.00444999973707887
v -0.00499999959376831 0.00234920369722017 0.00445897571974488
v -0.00500000236383300 0.00232453503319890 0.00442391197615357
v -0.00500000229147980 0.00229178954655136 0.00439624493056031
v -0.00499999751851985 0.00225310024926879 0.00437778084212037
v -0.00500000118150238 0.00221099233592812 0.00436972610884400
v -0.00500000094656896 0.00216822154326933 0.00437260620527955
v -0.00500000287759068 0.00240902383809235 0.00457252781325074
v -0.00500000428812330 0.00246736063179246 0.00465481750899049
v -0.00500000174316006 0.00253437282534933 0.00473032658034058
v -0.00499999870485965 0.00260658741149146 0.00480089943342896
v -0.00500000413270348 0.00268261609990212 0.00486714069777223
v -0.00499999893354130 0.00276157132808751 0.00492940895491334
v -0.00499999809227925 0.00284341801551015 0.00498816196852418
v -0.00500000276800384 0.00292820394613395 0.00504387943678590
v -0.00499999814083449 0.00300537488671966 0.00509084312849732
v -0.00500000289070237 0.00317922649752123 0.00508846847944947
v -0.00500000156104446 0.00330793208022836 0.00500575344496461
v -0.00500000085173188 0.00326526727744418 0.00503368942671510
v -0.00500000286158480 0.00322236304376780 0.00506126205855103
v -0.00500000061619393 0.00338231704037892 0.00484859554701539
v -0.00500000139254010 0.00337165249149524 0.00475889294081422
v -0.00499999974256172 0.00335619248032854 0.00465862076216431
v -0.00499999834153344 0.00333675035641076 0.00455976288252564
v -0.00500000099432057 0.00331290546386816 0.00446207706862183
v -0.00500000108384168 0.00328423435427484 0.00436540119581910
v -0.00500000118248885 0.00325003957884767 0.00427039425307008
v -0.00500000194547355 0.00320919312205563 0.00417807190352174
v -0.00499999894150896 0.00315857451571602 0.00409082405501099
v -0.00500000074663023 0.00308013220770747 0.00398923389845582
v -0.00500000345422436 0.00310603106243713 0.00375741760664674
v -0.00500000271226469 0.00307674816111435 0.00378872959547730
v -0.00500000278809672 0.00305636255027179 0.00382644073897096
v -0.00500000105560558 0.00304619719599347 0.00386808769636842
v -0.00499999671280634 0.00304692209591954 0.00391095154219361
v -0.00500000181511145 0.00305848183669154 0.00395223228865357
v -0.00500000071620222 0.00327713838059054 0.00360915367537232
v -0.00500000378084727 0.00322086927464899 0.00365945618086549
v -0.00500000151460693 0.00316382799588995 0.00370888130598756
v -0.00500000260719020 0.00351028069396375 0.00361650936537476
v -0.00499999897435877 0.00347673558335575 0.00358981506758424
v -0.00500000038799193 0.00343752294394959 0.00357249348097535
v -0.00500000118503553 0.00339519644361022 0.00356567852431031
v -0.00499999856837431 0.00335252833720130 0.00356981270247193
v -0.00500000207018843 0.00331229697576345 0.00358462612562867
v -0.00499999846564378 0.00359967476571211 0.00370860760145875
v -0.00500000171752496 0.00367882773700272 0.00377112858229371
v -0.00500000137065894 0.00376439842527565 0.00382470028334351
v -0.00500000192409738 0.00385357174714040 0.00387206833296510
v -0.00500000103508736 0.00394518397686112 0.00391420738630982
v -0.00500000290948664 0.00403847945974403 0.00395170967512818
v -0.00499999951199225 0.00413356634854863 0.00398502342634888
v -0.00500000201772902 0.00423061658704954 0.00401459591322633
v -0.00499999884916787 0.00431789137237814 0.00403791706495973
v -0.00500000144624120 0.00448403356595359 0.00398665707045289
v -0.00500000184448607 0.00458422346471831 0.00387103264265748
v -0.00500000033424743 0.00455115505300982 0.00390985767775269
v -0.00500000208602419 0.00451775659791837 0.00394840042525025
v -0.00499999851717649 0.00461131731102407 0.00369928448134156
v -0.00500000035673495 0.00457581329508435 0.00361622040205689
v -0.00500000345228768 0.00453272783642645 0.00352436439924928
v -0.00499999795458665 0.00448622478385551 0.00343498890333863
v -0.00499999781656099 0.00443582476451461 0.00334797756605836
v -0.00499999914521073 0.00438107853064721 0.00326329510145875
v -0.00500000261049529 0.00432149896140707 0.00318177025252076
v -0.00500000090570991 0.00425629520296812 0.00310469620161744
v -0.00500000167464410 0.00418314590003559 0.00303524486952515
v -0.00500000091894467 0.00407926275518828 0.00295986835890504
v -0.00500000339369776 0.00403880073299261 0.00273014538222047
v -0.00500000274584757 0.00401952776029723 0.00276843922072144
v -0.00499999797641713 0.00401059310779982 0.00281036655836793
v -0.00500000299444472 0.00401257018306762 0.00285319034987183
v -0.00500000213031685 0.00402534029279957 0.00289411442213746
v -0.00499999829386331 0.00404806924357023 0.00293046467238160
v -0.00500000334952998 0.00416120666235115 0.00253968040877076
v -0.00500000018545584 0.00412139100134991 0.00260379784041139
v -0.00499999924650411 0.00408058737308469 0.00266729156904908
v -0.00499999703315579 0.00438698002382794 0.00248105518751832
v -0.00500000286297490 0.00434727149344116 0.00246489231520387
v -0.00499999813846883 0.00430476758281753 0.00245932094984742
v -0.00500000274529371 0.00426223405816604 0.00246470539503785
v -0.00499999787928314 0.00422246122569162 0.00248069374495240
v -0.00500000355811875 0.00418803197480937 0.00250624172621461
v -0.00500000144308998 0.00449869725678458 0.00254423706465455
v -0.00499999978159091 0.00459226127351502 0.00258192531996461
v -0.00499999820366346 0.00468945702679263 0.00260921947890015
v -0.00499999857241246 0.00478836513618776 0.00262954609328004
v -0.00500000277552264 0.00488813437907877 0.00264416687422486
v -0.00500000364814668 0.00498821828796887 0.00265386574202271
v -0.00499999744897402 0.00508883926455406 0.00265904133253785
v -0.00500000346181918 0.00519029010879487 0.00266007416182252
v -0.00499999866014529 0.00528059856451267 0.00265786259108277
v -0.00499999879471747 0.00542557255248133 0.00256187145643922
v -0.00499999978038365 0.00548912711615055 0.00242270367079469
v -0.00500000277587741 0.00546833457500575 0.00246927254133912
v -0.00500000024490552 0.00544715099201510 0.00251566307478638
v -0.00500000321584474 0.00546673316419995 0.00225027935438844
v -0.00500000189344676 0.00540926627413009 0.00218058197432252
v -0.00500000068726749 0.00534204921914599 0.00210458557539674
v -0.00499999744627711 0.00527224990441413 0.00203193275862428
v -0.00499999944768454 0.00519937739439098 0.00196264545851441
v -0.00499999905226329 0.00512299121145440 0.00189681713515015
v -0.00500000184020179 0.00504285688014929 0.00183537952833863
v -0.00500000037768578 0.00495858005500506 0.00177979748182984
v -0.00500000008338235 0.00486882734799093 0.00173376743727418
v -0.00500000016196196 0.00474791683956358 0.00169071142607423
v -0.00500000186629303 0.00464437364897345 0.00148169367247315
v -0.00500000257452142 0.00463666918718443 0.00152386515074464
v -0.00500000278520255 0.00463990441537611 0.00156661264830323
v -0.00499999779351961 0.00465387282030889 0.00160714380675050
v -0.00500000147409901 0.00467765238861880 0.00164281217985841
v -0.00500000221149566 0.00470969712285850 0.00167128794127198
v -0.00500000387902024 0.00470815887340049 0.00126445810728761
v -0.00499999748946024 0.00468802146358449 0.00133719627791139
v -0.00500000026970984 0.00466675552716493 0.00140961401396485
v -0.00499999874313590 0.00490826899634255 0.00114459984236451
v -0.00499999810229405 0.00486561957094222 0.00114027826719972
v -0.00499999971607049 0.00482326396764751 0.00114690868788453
v -0.00499999983367566 0.00478397278950970 0.00116405670576783
v -0.00500000042144992 0.00475031291889272 0.00119060413771363
v -0.00499999989508737 0.00472447887732322 0.00122481577330323
v -0.00500000359480217 0.00503326214088597 0.00117374842100831
v -0.00499999827591711 0.00513365576033807 0.00118355028563233
v -0.00500000298290233 0.00523460080272405 0.00118235485487672
v -0.00500000155210125 0.00533523003837108 0.00117399303847047
v -0.00499999949031563 0.00543507998287863 0.00115991299086305
v -0.00500000298905455 0.00553384092568469 0.00114102165632935
v -0.00500000027170448 0.00563184342124476 0.00111763994627686
v -0.00499999686473109 0.00572947851140468 0.00109004824095460
v -0.00500000231821366 0.00581550175105887 0.00106248419218751
v -0.00500000067358023 0.00592755944934521 0.00092953770094605
v -0.00500000015286489 0.00594933283943198 0.00077810137205811
v -0.00500000285657656 0.00594250158489796 0.00082864134245606
v -0.00499999894320679 0.00593524688193800 0.00087912123137208
v -0.00500000235512150 0.00587926829447732 0.00061897032194825
v -0.00499999968085502 0.00580449559610565 0.00056828682356568
v -0.00500000042871350 0.00571858990901266 0.00051430551939698
v -0.00500000189042224 0.00563114432064928 0.00046426098280640
v -0.00499999921930698 0.00554170793144663 0.00041831057005616
v -0.00500000003493029 0.00544986669278045 0.00037666981154176
v -0.00499999888912921 0.00535567220331196 0.00034029667311402
v -0.00500000157242039 0.00525914975129922 0.00031070940428468
v -0.00500000324304551 0.00516006206873494 0.00029183046751710
v -0.00500000329142336 0.00503191884198096 0.00028458349638673
v -0.00500000278358984 0.00487368431980938 0.00011320297651978
v -0.00499999723325021 0.00487817604911257 0.00015583698683472
v -0.00500000221371473 0.00489332139428017 0.00019594137602540
v -0.00499999917468307 0.00491814218032762 0.00023089640074464
v -0.00499999884112784 0.00495100903423363 0.00025841991835328
v -0.00499999830286630 0.00498978068494512 0.00027671377592774
v -0.00500000278358984 0.00487368431980938 -0.00011320312089233
v -0.00499999947276761 0.00487485351205487 -0.00003773744172362
v -0.00499999947276761 0.00487485351205487 0.00003773729735108
v -0.00500000329142336 0.00503191884198096 -0.00028458364075927
v -0.00499999830286630 0.00498978068494512 -0.00027671344346313
v -0.00499999884112784 0.00495100903423363 -0.00025841958588866
v -0.00499999917468307 0.00491814218032762 -0.00023089654511718
v -0.00500000221371473 0.00489332139428017 -0.00019594152039794
v -0.00499999723325021 0.00487817604911257 -0.00015583713120727
v -0.00500000324304551 0.00516006206873494 -0.00029183061188964
v -0.00500000157242039 0.00525914975129922 -0.00031070954865722
v -0.00499999888912921 0.00535567220331196 -0.00034029681748656
v -0.00500000003493029 0.00544986669278045 -0.00037666995591430
v -0.00499999921930698 0.00554170793144663 -0.00041831071442870
v -0.00500000189042224 0.00563114432064928 -0.00046426112717895
v -0.00500000042871350 0.00571858990901266 -0.00051430566376952
v -0.00499999968085502 0.00580449559610565 -0.00056828649110107
v -0.00500000235512150 0.00587926829447732 -0.00061897046632079
v -0.00500000015286489 0.00594933283943198 -0.00077810151643066
v -0.00500000067358023 0.00592755944934521 -0.00092953784531860
v -0.00499999894320679 0.00593524688193800 -0.00087912137574462
v -0.00500000285657656 0.00594250158489796 -0.00082864148682861
v -0.00500000231821366 0.00581550175105887 -0.00106248433656005
v -0.00499999686473109 0.00572947851140468 -0.00109004838532714
v -0.00500000027170448 0.00563184342124476 -0.00111764009064941
v -0.00500000298905455 0.00553384092568469 -0.00114102180070190
v -0.00499999949031563 0.00543507998287863 -0.00115991313523559
v -0.00500000155210125 0.00533523003837108 -0.00117399318284301
v -0.00500000298290233 0.00523460080272405 -0.00118235499924926
v -0.00499999827591711 0.00513365576033807 -0.00118355043000487
v -0.00500000359480217 0.00503326214088597 -0.00117374856538085
v -0.00499999874313590 0.00490826899634255 -0.00114459998673705
v -0.00500000387902024 0.00470815887340049 -0.00126445825166015
v -0.00499999989508737 0.00472447887732322 -0.00122481591767577
v -0.00500000042144992 0.00475031291889272 -0.00119060380524902
v -0.00499999983367566 0.00478397278950970 -0.00116405685014037
v -0.00499999971607049 0.00482326396764751 -0.00114690835541991
v -0.00499999810229405 0.00486561957094222 -0.00114027841157226
v -0.00500000186629303 0.00464437364897345 -0.00148169334000854
v -0.00500000026970984 0.00466675552716493 -0.00140961368150024
v -0.00499999748946024 0.00468802146358449 -0.00133719642228393
v -0.00500000016196196 0.00474791683956358 -0.00169071157044677
v -0.00500000221149566 0.00470969712285850 -0.00167128808564452
v -0.00500000147409901 0.00467765238861880 -0.00164281232423095
v -0.00499999779351961 0.00465387282030889 -0.00160714395112304
v -0.00500000278520255 0.00463990441537611 -0.00156661279267577
v -0.00500000257452142 0.00463666918718443 -0.00152386529511718
v -0.00500000008338235 0.00486882734799093 -0.00173376758164672
v -0.00500000037768578 0.00495858005500506 -0.00177979714936523
v -0.00500000184020179 0.00504285688014929 -0.00183537967271117
v -0.00499999905226329 0.00512299121145440 -0.00189681727952270
v -0.00499999944768454 0.00519937739439098 -0.00196264512604980
v -0.00499999744627711 0.00527224990441413 -0.00203193242615966
v -0.00500000068726749 0.00534204921914599 -0.00210458571976928
v -0.00500000189344676 0.00540926627413009 -0.00218058211869506
v -0.00500000321584474 0.00546673316419995 -0.00225027973717956
v -0.00499999978038365 0.00548912711615055 -0.00242270357674865
v -0.00499999879471747 0.00542557255248133 -0.00256187136239318
v -0.00500000024490552 0.00544715099201510 -0.00251566274232177
v -0.00500000277587741 0.00546833457500575 -0.00246927244729308
v -0.00499999866014529 0.00528059856451267 -0.00265786249703674
v -0.00500000346181918 0.00519029010879487 -0.00266007382935790
v -0.00499999744897402 0.00508883926455406 -0.00265904147691039
v -0.00500000364814668 0.00498821828796887 -0.00265386588639526
v -0.00500000277552264 0.00488813437907877 -0.00264416725701598
v -0.00499999857241246 0.00478836513618776 -0.00262954599923400
v -0.00499999820366346 0.00468945702679263 -0.00260921914643554
v -0.00499999978159091 0.00459226127351502 -0.00258192570275573
v -0.00500000144308998 0.00449869725678458 -0.00254423744744567
v -0.00499999703315579 0.00438698002382794 -0.00248105485505370
v -0.00500000334952998 0.00416120666235115 -0.00253968079156188
v -0.00500000355811875 0.00418803197480937 -0.00250624163216857
v -0.00499999787928314 0.00422246122569162 -0.00248069365090636
v -0.00500000274529371 0.00426223405816604 -0.00246470553941039
v -0.00499999813846883 0.00430476758281753 -0.00245932109421996
v -0.00500000286297490 0.00434727149344116 -0.00246489222115783
v -0.00500000339369776 0.00403880073299261 -0.00273014576501159
v -0.00499999924650411 0.00408058737308469 -0.00266729171342162
v -0.00500000018545584 0.00412139100134991 -0.00260379822320251
v -0.00500000091894467 0.00407926275518828 -0.00295986850327758
v -0.00499999829386331 0.00404806924357023 -0.00293046481675414
v -0.00500000213031685 0.00402534029279957 -0.00289411408967284
v -0.00500000299444472 0.00401257018306762 -0.00285319049424438
v -0.00499999797641713 0.00401059310779982 -0.00281036646432189
v -0.00500000274584757 0.00401952776029723 -0.00276843888825683
v -0.00500000167464410 0.00418314590003559 -0.00303524453706054
v -0.00500000090570991 0.00425629520296812 -0.00310469658440856
v -0.00500000261049529 0.00432149896140707 -0.00318177063531188
v -0.00499999914521073 0.00438107853064721 -0.00326329548424987
v -0.00499999781656099 0.00443582476451461 -0.00334797794884948
v -0.00499999795458665 0.00448622478385551 -0.00343498880929259
v -0.00500000345228768 0.00453272783642645 -0.00352436454362182
v -0.00500000035673495 0.00457581329508435 -0.00361622006959228
v -0.00499999851717649 0.00461131731102407 -0.00369928462571410
v -0.00500000184448607 0.00458422346471831 -0.00387103278703002
v -0.00500000144624120 0.00448403356595359 -0.00398665745324401
v -0.00500000208602419 0.00451775659791837 -0.00394840009278564
v -0.00500000033424743 0.00455115505300982 -0.00390985758370666
v -0.00499999884916787 0.00431789137237814 -0.00403791673249511
v -0.00500000201772902 0.00423061658704954 -0.00401459593838958
v -0.00499999951199225 0.00413356634854863 -0.00398502309388427
v -0.00500000290948664 0.00403847945974403 -0.00395170958108215
v -0.00500000103508736 0.00394518397686112 -0.00391420705384521
v -0.00500000192409738 0.00385357174714040 -0.00387206871575622
v -0.00500000137065894 0.00376439842527565 -0.00382469995087890
v -0.00500000171752496 0.00367882773700272 -0.00377112896508483
v -0.00499999846564378 0.00359967476571211 -0.00370860750741271
v -0.00500000260719020 0.00351028069396375 -0.00361650927132873
v -0.00500000071620222 0.00327713838059054 -0.00360915334290771
v -0.00500000207018843 0.00331229697576345 -0.00358462650841979
v -0.00499999856837431 0.00335252833720130 -0.00356981237000732
v -0.00500000118503553 0.00339519644361022 -0.00356567819184570
v -0.00500000038799193 0.00343752294394959 -0.00357249386376647
v -0.00499999897435877 0.00347673558335575 -0.00358981473511962
v -0.00500000345422436 0.00310603106243713 -0.00375741798943786
v -0.00500000151460693 0.00316382799588995 -0.00370888145036010
v -0.00500000378084727 0.00322086927464899 -0.00365945608681945
v -0.00500000074663023 0.00308013220770747 -0.00398923428124694
v -0.00500000181511145 0.00305848183669154 -0.00395223243302611
v -0.00499999671280634 0.00304692209591954 -0.00391095192498473
v -0.00500000105560558 0.00304619719599347 -0.00386808807915954
v -0.00500000278809672 0.00305636255027179 -0.00382644088334350
v -0.00500000271226469 0.00307674816111435 -0.00378872997826842
v -0.00499999894150896 0.00315857451571602 -0.00409082443780212
v -0.00500000194547355 0.00320919312205563 -0.00417807180947570
v -0.00500000118248885 0.00325003957884767 -0.00427039380139617
v -0.00500000108384168 0.00328423435427484 -0.00436540122098235
v -0.00500000099432057 0.00331290546386816 -0.00446207745141296
v -0.00499999834153344 0.00333675035641076 -0.00455976255006103
v -0.00499999974256172 0.00335619248032854 -0.00465862042969970
v -0.00500000139254010 0.00337165249149524 -0.00475889320439605
v -0.00500000061619393 0.00338231704037892 -0.00484859557217864
v -0.00500000156104446 0.00330793208022836 -0.00500575370854644
v -0.00500000289070237 0.00317922649752123 -0.00508846826619414
v -0.00500000286158480 0.00322236304376780 -0.00506126172608642
v -0.00500000085173188 0.00326526727744418 -0.00503368957108764
v -0.00499999814083449 0.00300537488671966 -0.00509084291524200
v -0.00500000276800384 0.00292820394613395 -0.00504387952155379
v -0.00499999809227925 0.00284341801551015 -0.00498816187447814
v -0.00499999893354130 0.00276157132808751 -0.00492940933770446
v -0.00500000413270348 0.00268261609990212 -0.00486714084214477
v -0.00499999870485965 0.00260658741149146 -0.00480089945859222
v -0.00500000174316006 0.00253437282534933 -0.00473032624787597
v -0.00500000428812330 0.00246736063179246 -0.00465481777257232
v -0.00500000287759068 0.00240902383809235 -0.00457252819604186
v -0.00499999959376831 0.00234920369722017 -0.00445897574490813
v -0.00500000164599891 0.00212757334065503 -0.00438623399800567
v -0.00500000094656896 0.00216822154326933 -0.00437260646886138
v -0.00500000118150238 0.00221099233592812 -0.00436972601479797
v -0.00499999751851985 0.00225310024926879 -0.00437778074807433
v -0.00500000229147980 0.00229178954655136 -0.00439624471730499
v -0.00500000236383300 0.00232453503319890 -0.00442391200131683
v -0.00500000351424597 0.00192162870057729 -0.00448028655118255
v -0.00499999999629746 0.00199076018055392 -0.00444999976224212
v -0.00500000191667995 0.00205941279874615 -0.00441864640778808
v -0.00499999762500615 0.00183146957433346 -0.00469541616505889
v -0.00499999697821481 0.00182112299507363 -0.00465381391114501
v -0.00499999842101623 0.00182165955169618 -0.00461094756192474
v -0.00499999800177167 0.00183304188218392 -0.00456961650914458
v -0.00499999904113531 0.00185452805741456 -0.00453252000874786
v -0.00500000096184541 0.00188471326894766 -0.00450208063191680
v -0.00500000278526948 0.00187810937154672 -0.00481498987740783
v -0.00500000360974191 0.00190209761598112 -0.00491296453542022
v -0.00500000364064958 0.00191528126326477 -0.00501305503911285
v -0.00499999744493041 0.00192132827122220 -0.00511384804314880
v -0.00500000337730450 0.00192159794580958 -0.00521468592948226
v -0.00500000163568730 0.00191695625736511 -0.00531513155764846
v -0.00500000326317816 0.00190775802645728 -0.00541546256608276
v -0.00500000125153514 0.00189434206660343 -0.00551602910227088
v -0.00500000240394093 0.00187929889661318 -0.00560510210460929
v -0.00500000321674063 0.00176365394211887 -0.00573493833607940
v -0.00500000065619685 0.00161685995634571 -0.00577804158396033
v -0.00499999858349508 0.00166591337315686 -0.00576408992475776
v -0.00499999787037606 0.00171484707452192 -0.00574972183770446
v -0.00500000061676767 0.00144937941930236 -0.00573133928841857
v -0.00499999765071909 0.00138856800754146 -0.00566453791922835
v -0.00499999961385755 0.00132291283846108 -0.00558718941873817
v -0.00499999995863121 0.00126093223445469 -0.00550775767630843
v -0.00500000100321310 0.00120272176345016 -0.00542576797074584
v -0.00500000152496195 0.00114843189566130 -0.00534078992671279
v -0.00500000106916249 0.00109902314720911 -0.00525272978610305
v -0.00499999783134868 0.00105600301278390 -0.00516140098637847
v -0.00499999850725760 0.00102321304579717 -0.00506600983208923
v -0.00499999799072699 0.00099780626735086 -0.00494020242757110
v -0.00500000351391472 0.00080564664433949 -0.00480796797341613
v -0.00500000123017886 0.00084848936848045 -0.00480634374684600
v -0.00499999926421679 0.00089034082173269 -0.00481563050812987
v -0.00499999966488163 0.00092847322957175 -0.00483522160119323
v -0.00499999794716376 0.00096039164111587 -0.00486383779114989
v -0.00500000094303581 0.00098401743558723 -0.00489961011475829
v -0.00499999931072852 0.00058154878803556 -0.00484018893307952
v -0.00500000144214509 0.00065641209889799 -0.00483060557908324
v -0.00500000098150568 0.00073111833229713 -0.00481986434525756
v -0.00500000287322310 0.00043442971431655 -0.00502120329207687
v -0.00499999950867806 0.00043622442386298 -0.00497837109631805
v -0.00499999973025001 0.00044881330861341 -0.00493739171094207
v -0.00499999895531564 0.00047137971541115 -0.00490094168252257
v -0.00499999912528249 0.00050244690433362 -0.00487140114373473
v -0.00499999971661161 0.00053998454963945 -0.00485069961613921
v -0.00500000196976741 0.00044549077155571 -0.00514907349414138
v -0.00499999859468452 0.00044090728902191 -0.00524983806676177
v -0.00499999844123036 0.00042535831717683 -0.00534958834714202
v -0.00499999907922325 0.00040276115561137 -0.00544800127810744
v -0.00500000149674936 0.00037461287706911 -0.00554483158654479
v -0.00499999760969890 0.00034186078317209 -0.00563990019029884
v -0.00499999995769542 0.00030477073381042 -0.00573357610172538
v -0.00500000289207974 0.00026356182705534 -0.00582628915972022
v -0.00500000102894957 0.00022403833634734 -0.00590751661873368
v -0.00499999988171134 0.00007649911782714 -0.00599951235985795
v -0.00500000092483075 -0.00007649895336674 -0.00599951235985795
v -0.00500000277954077 -0.00002550086786787 -0.00599994584009405
v -0.00499999802700132 0.00002550103232827 -0.00599994584009405
v -0.00499999977759253 -0.00022403817188694 -0.00590751661873368
v -0.00499999791446235 -0.00026356166259494 -0.00582628915972022
v -0.00500000084884667 -0.00030477056935002 -0.00573357610172538
v -0.00500000319684319 -0.00034186061871169 -0.00563990019029884
v -0.00499999930979273 -0.00037461271260871 -0.00554483158654479
v -0.00500000172731884 -0.00040276099115097 -0.00544800127810744
v -0.00500000236531173 -0.00042535815271643 -0.00534958834714202
v -0.00500000221185757 -0.00044090712456151 -0.00524983806676177
v -0.00499999883677468 -0.00044549060709531 -0.00514907349414138
v -0.00499999793331900 -0.00043442954985615 -0.00502120329207687
v -0.00500000149581358 -0.00058154862357516 -0.00484018893307952
v -0.00500000108993048 -0.00053998438517905 -0.00485069961613921
v -0.00500000168125960 -0.00050244673987322 -0.00487140114373473
v -0.00500000185122645 -0.00047137955095075 -0.00490094168252257
v -0.00500000107629209 -0.00044881314415301 -0.00493739171094207
v -0.00500000129786403 -0.00043622425940258 -0.00497837109631805
v -0.00499999729262737 -0.00080564647987909 -0.00480796797341613
v -0.00499999982503641 -0.00073111816783673 -0.00481986434525756
v -0.00499999936439700 -0.00065641193443759 -0.00483060557908324
v -0.00500000281581510 -0.00099780610289046 -0.00494020242757110
v -0.00499999986350628 -0.00098401727112683 -0.00489961011475829
v -0.00500000285937833 -0.00096039147665547 -0.00486383779114989
v -0.00500000114166046 -0.00092847306511135 -0.00483522160119323
v -0.00500000154232531 -0.00089034065727229 -0.00481563050812987
v -0.00499999957636323 -0.00084848920402005 -0.00480634374684600
v -0.00500000229928450 -0.00102321288133677 -0.00506600983208923
v -0.00500000297519341 -0.00105600284832350 -0.00516140098637847
v -0.00499999973737960 -0.00109902298274871 -0.00525272978610305
v -0.00499999928158014 -0.00114843173120090 -0.00534078992671279
v -0.00499999980332899 -0.00120272159898976 -0.00542576797074584
v -0.00500000084791088 -0.00126093206999429 -0.00550775767630843
v -0.00500000119268454 -0.00132291267400068 -0.00558718941873817
v -0.00500000315582300 -0.00138856784308106 -0.00566453791922835
v -0.00500000018977442 -0.00144937925484195 -0.00573133928841857
v -0.00500000015034524 -0.00161685979188530 -0.00577804158396033
v -0.00499999758980146 -0.00176365377765847 -0.00573493833607940
v -0.00500000293616604 -0.00171484691006152 -0.00574972183770446
v -0.00500000222304701 -0.00166591320869646 -0.00576408992475776
v 0.00499999868621132 -0.00434666761024342 -0.00116468579835204
v 0.00499999724209946 -0.00450000068025737 -0.00000000007218627
v 0.00499999868621132 -0.00434666761024342 0.00116468565397950
v 0.00499999937626180 -0.00389711436208654 0.00224999992781373
v 0.00499999947238580 -0.00318198086158601 0.00318198006087037
v 0.00499999832501906 -0.00225000255592914 0.00389711468153687
v 0.00499999671441554 -0.00116468787663358 0.00434666626387330
v 0.00499999750059003 -0.00000000112797617 0.00449999992781373
v 0.00499999828676452 0.00116468562068123 0.00434666626387330
v 0.00499999667616100 0.00225000029997679 0.00389711468153687
v 0.00500000213604373 0.00318198242033093 0.00318198006087037
v 0.00500000223216773 0.00389711592083146 0.00224999992781373
v 0.00499999631496874 0.00434666535429107 0.00116468565397950
v 0.00499999775908060 0.00449999842430502 -0.00000000007218627
v 0.00499999631496874 0.00434666535429107 -0.00116468579835204
v 0.00500000223216773 0.00389711592083146 -0.00225000007218627
v 0.00500000213604373 0.00318198242033093 -0.00318198044366149
v 0.00499999667616100 0.00225000029997679 -0.00389711434907226
v 0.00499999828676452 0.00116468562068123 -0.00434666628903655
v 0.00499999750059003 -0.00000000112797617 -0.00450000007218627
v 0.00499999671441554 -0.00116468787663358 -0.00434666628903655
v 0.00499999832501906 -0.00225000255592914 -0.00389711434907226
v 0.00499999947238580 -0.00318198086158601 -0.00318198044366149
v 0.00499999937626180 -0.00389711436208654 -0.00225000007218627
f 1 2 3
f 3 2 4
f 3 4 5
f 5 4 6
f 5 6 7
f 7 6 8
f 7 8 9
f 9 8 10
f 9 10 11
f 11 10 12
f 11 12 13
f 13 12 14
f 13 14 15
f 15 14 16
f 15 16 17
f 17 16 18
f 17 18 19
f 19 18 20
f 19 20 21
f 21 20 22
f 21 22 23
f 23 22 24
f 23 24 25
f 25 24 26
f 25 26 27
f 27 26 28
f 27 28 29
f 29 28 30
f 29 30 31
f 31 30 32
f 31 32 33
f 33 32 34
f 33 34 35
f 35 34 36
f 35 36 37
f 37 36 38
f 37 38 39
f 39 38 40
f 39 40 41
f 41 40 42
f 41 42 43
f 43 42 44
f 43 44 45
f 45 44 46
f 45 46 47
f 47 46 48
f 47 48 1
f 1 48 2
f 49 50 51
f 51 50 52
f 52 50 53
f 52 53 54
f 54 53 55
f 55 53 56
f 52 54 57
f 57 54 58
f 57 58 59
f 59 58 60
f 59 60 61
f 61 60 62
f 61 62 63
f 63 62 64
f 63 64 65
f 65 64 66
f 65 66 67
f 67 66 68
f 67 68 69
f 69 68 70
f 69 70 71
f 71 70 72
f 71 72 73
f 73 72 74
f 73 74 75
f 75 74 76
f 75 76 77
f 77 78 75
f 75 78 79
f 75 79 80
f 80 81 75
f 75 81 82
f 75 82 83
f 83 82 84
f 83 84 85
f 85 86 83
f 83 86 87
f 83 87 88
f 88 89 83
f 83 89 90
f 83 90 91
f 90 89 92
f 92 89 93
f 92 93 94
f 94 93 95
f 94 95 96
f 96 95 97
f 96 97 98
f 98 97 99
f 98 99 100
f 100 99 101
f 100 101 102
f 102 101 103
f 102 103 104
f 104 103 105
f 104 105 106
f 106 105 107
f 106 107 108
f 108 107 109
f 108 109 110
f 110 109 111
f 111 109 112
f 111 112 113
f 114 115 110
f 110 115 108
f 91 116 83
f 83 116 117
f 83 117 118
f 118 119 83
f 83 119 120
f 83 120 121
f 121 120 122
f 121 122 123
f 123 124 121
f 121 124 125
f 121 125 126
f 126 127 121
f 121 127 128
f 121 128 129
f 129 128 130
f 129 130 131
f 131 130 132
f 131 132 133
f 133 132 134
f 133 134 135
f 135 134 136
f 135 136 137
f 137 136 138
f 137 138 139
f 139 138 140
f 139 140 141
f 141 140 142
f 141 142 143
f 143 142 144
f 143 144 145
f 145 144 146
f 145 146 147
f 147 146 148
f 147 148 149
f 146 150 148
f 148 150 151
f 152 153 149
f 149 153 147
f 129 154 121
f 121 154 155
f 121 155 156
f 156 157 121
f 121 157 158
f 121 158 159
f 159 158 160
f 159 160 161
f 161 162 159
f 159 162 163
f 159 163 164
f 164 165 159
f 159 165 166
f 159 166 167
f 159 167 168
f 168 167 169
f 168 169 170
f 170 169 171
f 170 171 172
f 172 171 173
f 172 173 174
f 174 173 175
f 174 175 176
f 176 175 177
f 176 177 178
f 178 177 179
f 178 179 180
f 180 179 181
f 180 181 182
f 182 181 183
f 182 183 184
f 184 183 185
f 184 185 186
f 186 185 187
f 186 187 188
f 185 189 187
f 187 189 190
f 191 192 188
f 188 192 186
f 168 193 159
f 159 193 194
f 159 194 195
f 195 196 159
f 159 196 197
f 197 196 198
f 197 198 199
f 199 200 197
f 197 200 201
f 197 201 202
f 202 203 197
f 197 203 204
f 197 204 205
f 197 205 206
f 206 205 207
f 206 207 208
f 208 207 209
f 208 209 210
f 210 209 211
f 210 211 212
f 212 211 213
f 212 213 214
f 214 213 215
f 214 215 216
f 216 215 217
f 216 217 218
f 218 217 219
f 218 219 220
f 220 219 221
f 220 221 222
f 222 221 223
f 222 223 224
f 224 223 225
f 224 225 226
f 226 225 227
f 226 227 228
f 225 229 227
f 227 229 230
f 231 232 228
f 228 232 226
f 206 233 197
f 197 233 234
f 197 234 235
f 197 235 236
f 236 235 237
f 236 237 238
f 238 239 236
f 236 239 240
f 236 240 241
f 241 242 236
f 236 242 243
f 236 243 244
f 236 244 245
f 245 244 246
f 245 246 247
f 247 246 248
f 247 248 249
f 249 248 250
f 249 250 251
f 251 250 252
f 251 252 253
f 253 252 254
f 253 254 255
f 255 254 256
f 255 256 257
f 257 256 258
f 257 258 259
f 259 258 260
f 259 260 261
f 261 260 262
f 261 262 263
f 263 262 264
f 263 264 265
f 265 264 266
f 265 266 267
f 264 268 266
f 266 268 269
f 270 271 267
f 267 271 265
f 245 272 236
f 236 272 273
f 236 273 274
f 274 273 275
f 274 275 276
f 276 277 274
f 274 277 278
f 274 278 279
f 279 280 274
f 274 280 281
f 274 281 282
f 274 282 283
f 283 282 284
f 283 284 285
f 285 284 286
f 285 286 287
f 287 286 288
f 287 288 289
f 289 288 290
f 289 290 291
f 291 290 292
f 291 292 293
f 293 292 294
f 293 294 295
f 295 294 296
f 295 296 297
f 297 296 298
f 297 298 299
f 299 298 300
f 299 300 301
f 301 300 302
f 301 302 303
f 303 302 304
f 303 304 305
f 305 304 306
f 305 306 307
f 304 308 306
f 306 308 309
f 310 311 307
f 307 311 305
f 274 283 312
f 312 283 313
f 312 313 314
f 314 315 312
f 312 315 316
f 312 316 317
f 317 318 312
f 312 318 319
f 312 319 320
f 320 321 312
f 312 321 322
f 322 321 323
f 322 323 324
f 323 321 325
f 325 321 326
f 325 326 327
f 327 326 328
f 327 328 329
f 329 328 330
f 329 330 331
f 331 330 332
f 331 332 333
f 333 332 334
f 333 334 335
f 335 334 336
f 335 336 337
f 337 336 338
f 337 338 339
f 339 338 340
f 339 340 341
f 341 340 342
f 341 342 343
f 343 342 344
f 343 344 345
f 345 344 346
f 345 346 347
f 347 346 348
f 348 346 349
f 348 349 350
f 351 352 347
f 347 352 345
f 324 353 322
f 322 353 354
f 322 354 355
f 355 356 322
f 322 356 357
f 322 357 358
f 358 359 322
f 322 359 360
f 360 359 361
f 360 361 362
f 363 364 362
f 362 364 365
f 362 365 360
f 360 365 366
f 360 366 367
f 364 363 368
f 368 363 369
f 368 369 370
f 370 369 371
f 370 371 372
f 372 371 373
f 372 373 374
f 374 373 375
f 374 375 376
f 376 375 377
f 376 377 378
f 378 377 379
f 378 379 380
f 380 379 381
f 380 381 382
f 382 381 383
f 382 383 384
f 384 383 385
f 384 385 386
f 386 385 387
f 387 385 388
f 387 388 389
f 390 391 386
f 386 391 384
f 367 392 360
f 360 392 393
f 360 393 394
f 394 395 360
f 360 395 396
f 360 396 397
f 360 397 398
f 398 397 399
f 398 399 400
f 400 401 398
f 398 401 402
f 398 402 403
f 402 401 404
f 404 401 405
f 404 405 406
f 406 405 407
f 406 407 408
f 408 407 409
f 408 409 410
f 410 409 411
f 410 411 412
f 412 411 413
f 412 413 414
f 414 413 415
f 414 415 416
f 416 415 417
f 416 417 418
f 418 417 419
f 418 419 420
f 420 419 421
f 420 421 422
f 422 421 423
f 422 423 424
f 424 423 425
f 425 423 426
f 425 426 427
f 428 429 424
f 424 429 422
f 403 430 398
f 398 430 431
f 398 431 432
f 432 433 398
f 398 433 434
f 398 434 435
f 435 436 398
f 398 436 437
f 437 436 438
f 437 438 439
f 439 440 437
f 437 440 441
f 437 441 442
f 442 441 443
f 443 441 444
f 443 444 445
f 445 444 446
f 445 446 447
f 447 446 448
f 447 448 449
f 449 448 450
f 449 450 451
f 451 450 452
f 451 452 453
f 453 452 454
f 453 454 455
f 455 454 456
f 455 456 457
f 457 456 458
f 457 458 459
f 459 458 460
f 459 460 461
f 461 460 462
f 462 460 463
f 462 463 464
f 465 466 461
f 461 466 459
f 442 467 437
f 437 467 468
f 437 468 469
f 469 470 437
f 437 470 471
f 437 471 472
f 472 473 437
f 437 473 474
f 437 474 475
f 475 474 476
f 475 476 477
f 477 478 475
f 475 478 479
f 475 479 480
f 481 482 480
f 480 482 483
f 480 483 475
f 475 483 484
f 475 484 485
f 482 481 486
f 486 481 487
f 486 487 488
f 488 487 489
f 488 489 490
f 490 489 491
f 490 491 492
f 492 491 493
f 492 493 494
f 494 493 495
f 494 495 496
f 496 495 497
f 496 497 498
f 498 497 499
f 498 499 500
f 500 499 501
f 500 501 502
f 502 501 503
f 503 501 504
f 503 504 505
f 506 507 502
f 502 507 500
f 485 508 475
f 475 508 509
f 475 509 510
f 510 511 475
f 475 511 512
f 475 512 513
f 513 512 514
f 513 514 515
f 515 516 513
f 513 516 517
f 513 517 518
f 518 519 513
f 513 519 520
f 513 520 521
f 520 519 522
f 522 519 523
f 522 523 524
f 524 523 525
f 524 525 526
f 526 525 527
f 526 527 528
f 528 527 529
f 528 529 530
f 530 529 531
f 530 531 532
f 532 531 533
f 532 533 534
f 534 533 535
f 534 535 536
f 536 535 537
f 536 537 538
f 538 537 539
f 538 539 540
f 540 539 541
f 541 539 542
f 541 542 543
f 544 545 540
f 540 545 538
f 521 546 513
f 513 546 547
f 513 547 548
f 548 549 513
f 513 549 550
f 513 550 551
f 551 550 552
f 551 552 553
f 553 554 551
f 551 554 555
f 551 555 556
f 556 557 551
f 551 557 558
f 551 558 559
f 559 558 560
f 559 560 561
f 561 560 562
f 561 562 563
f 563 562 564
f 563 564 565
f 565 564 566
f 565 566 567
f 567 566 568
f 567 568 569
f 569 568 570
f 569 570 571
f 571 570 572
f 571 572 573
f 573 572 574
f 573 574 575
f 575 574 576
f 575 576 577
f 577 576 578
f 577 578 579
f 576 580 578
f 578 580 581
f 582 583 579
f 579 583 577
f 559 584 551
f 551 584 585
f 551 585 586
f 586 587 551
f 551 587 588
f 551 588 589
f 589 588 590
f 589 590 591
f 591 592 589
f 589 592 593
f 589 593 594
f 594 595 589
f 589 595 596
f 589 596 597
f 589 597 598
f 598 597 599
f 598 599 600
f 600 599 601
f 600 601 602
f 602 601 603
f 602 603 604
f 604 603 605
f 604 605 606
f 606 605 607
f 606 607 608
f 608 607 609
f 608 609 610
f 610 609 611
f 610 611 612
f 612 611 613
f 612 613 614
f 614 613 615
f 614 615 616
f 616 615 617
f 616 617 618
f 615 619 617
f 617 619 620
f 621 622 618
f 618 622 616
f 598 623 589
f 589 623 624
f 589 624 625
f 625 626 589
f 589 626 627
f 627 626 628
f 627 628 629
f 629 630 627
f 627 630 631
f 627 631 632
f 632 633 627
f 627 633 634
f 627 634 635
f 627 635 636
f 636 635 637
f 636 637 638
f 638 637 639
f 638 639 640
f 640 639 641
f 640 641 642
f 642 641 643
f 642 643 644
f 644 643 645
f 644 645 646
f 646 645 647
f 646 647 648
f 648 647 649
f 648 649 650
f 650 649 651
f 650 651 652
f 652 651 653
f 652 653 654
f 654 653 655
f 654 655 656
f 656 655 657
f 656 657 658
f 655 659 657
f 657 659 660
f 661 662 658
f 658 662 656
f 636 663 627
f 627 663 664
f 627 664 665
f 627 665 666
f 666 665 667
f 666 667 668
f 668 669 666
f 666 669 670
f 666 670 671
f 671 672 666
f 666 672 673
f 666 673 674
f 666 674 675
f 675 674 676
f 675 676 677
f 677 676 678
f 677 678 679
f 679 678 680
f 679 680 681
f 681 680 682
f 681 682 683
f 683 682 684
f 683 684 685
f 685 684 686
f 685 686 687
f 687 686 688
f 687 688 689
f 689 688 690
f 689 690 691
f 691 690 692
f 691 692 693
f 693 692 694
f 693 694 695
f 695 694 696
f 695 696 697
f 694 698 696
f 696 698 699
f 700 701 697
f 697 701 695
f 675 702 666
f 666 702 703
f 666 703 704
f 704 703 705
f 704 705 706
f 706 707 704
f 704 707 708
f 704 708 709
f 709 710 704
f 704 710 711
f 704 711 712
f 704 712 713
f 713 712 714
f 713 714 715
f 715 714 716
f 715 716 717
f 717 716 718
f 717 718 719
f 719 718 720
f 719 720 721
f 721 720 722
f 721 722 723
f 723 722 724
f 723 724 725
f 725 724 726
f 725 726 727
f 727 726 728
f 727 728 729
f 729 728 730
f 729 730 731
f 731 730 732
f 731 732 733
f 733 732 734
f 733 734 735
f 735 734 736
f 735 736 737
f 734 738 736
f 736 738 739
f 740 741 737
f 737 741 735
f 704 713 742
f 742 713 743
f 742 743 744
f 744 745 742
f 742 745 746
f 742 746 747
f 747 748 742
f 742 748 749
f 742 749 750
f 750 751 742
f 742 751 752
f 752 751 753
f 752 753 754
f 753 751 755
f 755 751 756
f 755 756 757
f 757 756 758
f 757 758 759
f 759 758 760
f 759 760 761
f 761 760 762
f 761 762 763
f 763 762 764
f 763 764 765
f 765 764 766
f 765 766 767
f 767 766 768
f 767 768 769
f 769 768 770
f 769 770 771
f 771 770 772
f 771 772 773
f 773 772 774
f 773 774 775
f 775 774 776
f 775 776 777
f 777 776 778
f 778 776 779
f 778 779 780
f 781 782 777
f 777 782 775
f 754 783 752
f 752 783 784
f 752 784 785
f 785 786 752
f 752 786 787
f 752 787 788
f 788 789 752
f 752 789 790
f 790 789 791
f 790 791 792
f 793 794 792
f 792 794 795
f 792 795 790
f 790 795 796
f 790 796 797
f 794 793 798
f 798 793 799
f 798 799 800
f 800 799 801
f 800 801 802
f 802 801 803
f 802 803 804
f 804 803 805
f 804 805 806
f 806 805 807
f 806 807 808
f 808 807 809
f 808 809 810
f 810 809 811
f 810 811 812
f 812 811 813
f 812 813 814
f 814 813 815
f 814 815 816
f 816 815 817
f 817 815 818
f 817 818 819
f 820 821 816
f 816 821 814
f 797 822 790
f 790 822 823
f 790 823 824
f 824 825 790
f 790 825 826
f 790 826 827
f 790 827 828
f 828 827 829
f 828 829 830
f 830 831 828
f 828 831 832
f 828 832 833
f 832 831 834
f 834 831 835
f 834 835 836
f 836 835 837
f 836 837 838
f 838 837 839
f 838 839 840
f 840 839 841
f 840 841 842
f 842 841 843
f 842 843 844
f 844 843 845
f 844 845 846
f 846 845 847
f 846 847 848
f 848 847 849
f 848 849 850
f 850 849 851
f 850 851 852
f 852 851 853
f 852 853 854
f 854 853 855
f 855 853 856
f 855 856 857
f 858 859 854
f 854 859 852
f 833 860 828
f 828 860 861
f 828 861 862
f 862 863 828
f 828 863 864
f 828 864 865
f 865 866 828
f 828 866 867
f 867 866 868
f 867 868 869
f 869 870 867
f 867 870 871
f 867 871 872
f 872 871 873
f 873 871 874
f 873 874 875
f 875 874 876
f 875 876 877
f 877 876 878
f 877 878 879
f 879 878 880
f 879 880 881
f 881 880 882
f 881 882 883
f 883 882 884
f 883 884 885
f 885 884 886
f 885 886 887
f 887 886 888
f 887 888 889
f 889 888 890
f 889 890 891
f 891 890 892
f 892 890 893
f 892 893 894
f 895 896 891
f 891 896 889
f 872 897 867
f 867 897 898
f 867 898 899
f 899 900 867
f 867 900 901
f 867 901 902
f 902 903 867
f 867 903 904
f 867 904 75
f 75 904 905
f 75 905 906
f 906 907 75
f 75 907 908
f 75 908 73
f 909 910 52
f 52 910 51
f 911 909 57
f 57 909 52
f 912 911 59
f 59 911 57
f 913 912 61
f 61 912 59
f 914 913 63
f 63 913 61
f 915 914 65
f 65 914 63
f 916 915 67
f 67 915 65
f 917 916 69
f 69 916 67
f 918 917 71
f 71 917 69
f 904 919 905
f 905 919 920
f 905 920 906
f 906 920 921
f 906 921 907
f 907 921 922
f 907 922 908
f 908 922 923
f 908 923 73
f 73 923 924
f 73 924 71
f 71 924 918
f 901 925 902
f 902 925 926
f 902 926 903
f 903 926 927
f 903 927 904
f 904 927 919
f 873 928 872
f 872 928 929
f 872 929 897
f 897 929 930
f 897 930 898
f 898 930 931
f 898 931 899
f 899 931 932
f 899 932 900
f 900 932 933
f 900 933 901
f 901 933 925
f 934 928 875
f 875 928 873
f 935 934 877
f 877 934 875
f 936 935 879
f 879 935 877
f 937 936 881
f 881 936 879
f 938 937 883
f 883 937 881
f 939 938 885
f 885 938 883
f 940 939 887
f 887 939 885
f 941 940 889
f 889 940 887
f 942 941 896
f 896 941 889
f 943 942 895
f 895 942 896
f 894 944 892
f 892 944 945
f 892 945 891
f 891 945 946
f 891 946 895
f 895 946 943
f 947 944 893
f 893 944 894
f 948 947 890
f 890 947 893
f 949 948 888
f 888 948 890
f 950 949 886
f 886 949 888
f 951 950 884
f 884 950 886
f 952 951 882
f 882 951 884
f 953 952 880
f 880 952 882
f 954 953 878
f 878 953 880
f 955 954 876
f 876 954 878
f 956 955 874
f 874 955 876
f 865 957 866
f 866 957 958
f 866 958 868
f 868 958 959
f 868 959 869
f 869 959 960
f 869 960 870
f 870 960 961
f 870 961 871
f 871 961 962
f 871 962 874
f 874 962 956
f 862 963 863
f 863 963 964
f 863 964 864
f 864 964 965
f 864 965 865
f 865 965 957
f 836 966 834
f 834 966 967
f 834 967 832
f 832 967 968
f 832 968 833
f 833 968 969
f 833 969 860
f 860 969 970
f 860 970 861
f 861 970 971
f 861 971 862
f 862 971 963
f 972 966 838
f 838 966 836
f 973 972 840
f 840 972 838
f 974 973 842
f 842 973 840
f 975 974 844
f 844 974 842
f 976 975 846
f 846 975 844
f 977 976 848
f 848 976 846
f 978 977 850
f 850 977 848
f 979 978 852
f 852 978 850
f 980 979 859
f 859 979 852
f 981 980 858
f 858 980 859
f 857 982 855
f 855 982 983
f 855 983 854
f 854 983 984
f 854 984 858
f 858 984 981
f 985 982 856
f 856 982 857
f 986 985 853
f 853 985 856
f 987 986 851
f 851 986 853
f 988 987 849
f 849 987 851
f 989 988 847
f 847 988 849
f 990 989 845
f 845 989 847
f 991 990 843
f 843 990 845
f 992 991 841
f 841 991 843
f 993 992 839
f 839 992 841
f 994 993 837
f 837 993 839
f 826 995 827
f 827 995 996
f 827 996 829
f 829 996 997
f 829 997 830
f 830 997 998
f 830 998 831
f 831 998 999
f 831 999 835
f 835 999 1000
f 835 1000 837
f 837 1000 994
f 823 1001 824
f 824 1001 1002
f 824 1002 825
f 825 1002 1003
f 825 1003 826
f 826 1003 995
f 798 1004 794
f 794 1004 1005
f 794 1005 795
f 795 1005 1006
f 795 1006 796
f 796 1006 1007
f 796 1007 797
f 797 1007 1008
f 797 1008 822
f 822 1008 1009
f 822 1009 823
f 823 1009 1001
f 1010 1004 800
f 800 1004 798
f 1011 1010 802
f 802 1010 800
f 1012 1011 804
f 804 1011 802
f 1013 1012 806
f 806 1012 804
f 1014 1013 808
f 808 1013 806
f 1015 1014 810
f 810 1014 808
f 1016 1015 812
f 812 1015 810
f 1017 1016 814
f 814 1016 812
f 1018 1017 821
f 821 1017 814
f 1019 1018 820
f 820 1018 821
f 819 1020 817
f 817 1020 1021
f 817 1021 816
f 816 1021 1022
f 816 1022 820
f 820 1022 1019
f 1023 1020 818
f 818 1020 819
f 1024 1023 815
f 815 1023 818
f 1025 1024 813
f 813 1024 815
f 1026 1025 811
f 811 1025 813
f 1027 1026 809
f 809 1026 811
f 1028 1027 807
f 807 1027 809
f 1029 1028 805
f 805 1028 807
f 1030 1029 803
f 803 1029 805
f 1031 1030 801
f 801 1030 803
f 1032 1031 799
f 799 1031 801
f 787 1033 788
f 788 1033 1034
f 788 1034 789
f 789 1034 1035
f 789 1035 791
f 791 1035 1036
f 791 1036 792
f 792 1036 1037
f 792 1037 793
f 793 1037 1038
f 793 1038 799
f 799 1038 1032
f 784 1039 785
f 785 1039 1040
f 785 1040 786
f 786 1040 1041
f 786 1041 787
f 787 1041 1033
f 759 1042 757
f 757 1042 1043
f 757 1043 755
f 755 1043 1044
f 755 1044 753
f 753 1044 1045
f 753 1045 754
f 754 1045 1046
f 754 1046 783
f 783 1046 1047
f 783 1047 784
f 784 1047 1039
f 1048 1042 761
f 761 1042 759
f 1049 1048 763
f 763 1048 761
f 1050 1049 765
f 765 1049 763
f 1051 1050 767
f 767 1050 765
f 1052 1051 769
f 769 1051 767
f 1053 1052 771
f 771 1052 769
f 1054 1053 773
f 773 1053 771
f 1055 1054 775
f 775 1054 773
f 1056 1055 782
f 782 1055 775
f 1057 1056 781
f 781 1056 782
f 780 1058 778
f 778 1058 1059
f 778 1059 777
f 777 1059 1060
f 777 1060 781
f 781 1060 1057
f 1061 1058 779
f 779 1058 780
f 1062 1061 776
f 776 1061 779
f 1063 1062 774
f 774 1062 776
f 1064 1063 772
f 772 1063 774
f 1065 1064 770
f 770 1064 772
f 1066 1065 768
f 768 1065 770
f 1067 1066 766
f 766 1066 768
f 1068 1067 764
f 764 1067 766
f 1069 1068 762
f 762 1068 764
f 1070 1069 760
f 760 1069 762
f 748 1071 749
f 749 1071 1072
f 749 1072 750
f 750 1072 1073
f 750 1073 751
f 751 1073 1074
f 751 1074 756
f 756 1074 1075
f 756 1075 758
f 758 1075 1076
f 758 1076 760
f 760 1076 1070
f 745 1077 746
f 746 1077 1078
f 746 1078 747
f 747 1078 1079
f 747 1079 748
f 748 1079 1071
f 719 1080 717
f 717 1080 1081
f 717 1081 715
f 715 1081 1082
f 715 1082 713
f 713 1082 1083
f 713 1083 743
f 743 1083 1084
f 743 1084 744
f 744 1084 1085
f 744 1085 745
f 745 1085 1077
f 1086 1080 721
f 721 1080 719
f 1087 1086 723
f 723 1086 721
f 1088 1087 725
f 725 1087 723
f 1089 1088 727
f 727 1088 725
f 1090 1089 729
f 729 1089 727
f 1091 1090 731
f 731 1090 729
f 1092 1091 733
f 733 1091 731
f 1093 1092 735
f 735 1092 733
f 1094 1093 741
f 741 1093 735
f 1095 1094 740
f 740 1094 741
f 739 1096 736
f 736 1096 1097
f 736 1097 737
f 737 1097 1098
f 737 1098 740
f 740 1098 1095
f 1099 1096 738
f 738 1096 739
f 1100 1099 734
f 734 1099 738
f 1101 1100 732
f 732 1100 734
f 1102 1101 730
f 730 1101 732
f 1103 1102 728
f 728 1102 730
f 1104 1103 726
f 726 1103 728
f 1105 1104 724
f 724 1104 726
f 1106 1105 722
f 722 1105 724
f 1107 1106 720
f 720 1106 722
f 1108 1107 718
f 718 1107 720
f 709 1109 710
f 710 1109 1110
f 710 1110 711
f 711 1110 1111
f 711 1111 712
f 712 1111 1112
f 712 1112 714
f 714 1112 1113
f 714 1113 716
f 716 1113 1114
f 716 1114 718
f 718 1114 1108
f 706 1115 707
f 707 1115 1116
f 707 1116 708
f 708 1116 1117
f 708 1117 709
f 709 1117 1109
f 679 1118 677
f 677 1118 1119
f 677 1119 675
f 675 1119 1120
f 675 1120 702
f 702 1120 1121
f 702 1121 703
f 703 1121 1122
f 703 1122 705
f 705 1122 1123
f 705 1123 706
f 706 1123 1115
f 1124 1118 681
f 681 1118 679
f 1125 1124 683
f 683 1124 681
f 1126 1125 685
f 685 1125 683
f 1127 1126 687
f 687 1126 685
f 1128 1127 689
f 689 1127 687
f 1129 1128 691
f 691 1128 689
f 1130 1129 693
f 693 1129 691
f 1131 1130 695
f 695 1130 693
f 1132 1131 701
f 701 1131 695
f 1133 1132 700
f 700 1132 701
f 699 1134 696
f 696 1134 1135
f 696 1135 697
f 697 1135 1136
f 697 1136 700
f 700 1136 1133
f 1137 1134 698
f 698 1134 699
f 1138 1137 694
f 694 1137 698
f 1139 1138 692
f 692 1138 694
f 1140 1139 690
f 690 1139 692
f 1141 1140 688
f 688 1140 690
f 1142 1141 686
f 686 1141 688
f 1143 1142 684
f 684 1142 686
f 1144 1143 682
f 682 1143 684
f 1145 1144 680
f 680 1144 682
f 1146 1145 678
f 678 1145 680
f 670 1147 671
f 671 1147 1148
f 671 1148 672
f 672 1148 1149
f 672 1149 673
f 673 1149 1150
f 673 1150 674
f 674 1150 1151
f 674 1151 676
f 676 1151 1152
f 676 1152 678
f 678 1152 1146
f 667 1153 668
f 668 1153 1154
f 668 1154 669
f 669 1154 1155
f 669 1155 670
f 670 1155 1147
f 640 1156 638
f 638 1156 1157
f 638 1157 636
f 636 1157 1158
f 636 1158 663
f 663 1158 1159
f 663 1159 664
f 664 1159 1160
f 664 1160 665
f 665 1160 1161
f 665 1161 667
f 667 1161 1153
f 1162 1156 642
f 642 1156 640
f 1163 1162 644
f 644 1162 642
f 1164 1163 646
f 646 1163 644
f 1165 1164 648
f 648 1164 646
f 1166 1165 650
f 650 1165 648
f 1167 1166 652
f 652 1166 650
f 1168 1167 654
f 654 1167 652
f 1169 1168 656
f 656 1168 654
f 1170 1169 662
f 662 1169 656
f 1171 1170 661
f 661 1170 662
f 660 1172 657
f 657 1172 1173
f 657 1173 658
f 658 1173 1174
f 658 1174 661
f 661 1174 1171
f 1175 1172 659
f 659 1172 660
f 1176 1175 655
f 655 1175 659
f 1177 1176 653
f 653 1176 655
f 1178 1177 651
f 651 1177 653
f 1179 1178 649
f 649 1178 651
f 1180 1179 647
f 647 1179 649
f 1181 1180 645
f 645 1180 647
f 1182 1181 643
f 643 1181 645
f 1183 1182 641
f 641 1182 643
f 1184 1183 639
f 639 1183 641
f 631 1185 632
f 632 1185 1186
f 632 1186 633
f 633 1186 1187
f 633 1187 634
f 634 1187 1188
f 634 1188 635
f 635 1188 1189
f 635 1189 637
f 637 1189 1190
f 637 1190 639
f 639 1190 1184
f 628 1191 629
f 629 1191 1192
f 629 1192 630
f 630 1192 1193
f 630 1193 631
f 631 1193 1185
f 600 1194 598
f 598 1194 1195
f 598 1195 623
f 623 1195 1196
f 623 1196 624
f 624 1196 1197
f 624 1197 625
f 625 1197 1198
f 625 1198 626
f 626 1198 1199
f 626 1199 628
f 628 1199 1191
f 1200 1194 602
f 602 1194 600
f 1201 1200 604
f 604 1200 602
f 1202 1201 606
f 606 1201 604
f 1203 1202 608
f 608 1202 606
f 1204 1203 610
f 610 1203 608
f 1205 1204 612
f 612 1204 610
f 1206 1205 614
f 614 1205 612
f 1207 1206 616
f 616 1206 614
f 1208 1207 622
f 622 1207 616
f 1209 1208 621
f 621 1208 622
f 620 1210 617
f 617 1210 1211
f 617 1211 618
f 618 1211 1212
f 618 1212 621
f 621 1212 1209
f 1213 1210 619
f 619 1210 620
f 1214 1213 615
f 615 1213 619
f 1215 1214 613
f 613 1214 615
f 1216 1215 611
f 611 1215 613
f 1217 1216 609
f 609 1216 611
f 1218 1217 607
f 607 1217 609
f 1219 1218 605
f 605 1218 607
f 1220 1219 603
f 603 1219 605
f 1221 1220 601
f 601 1220 603
f 1222 1221 599
f 599 1221 601
f 592 1223 593
f 593 1223 1224
f 593 1224 594
f 594 1224 1225
f 594 1225 595
f 595 1225 1226
f 595 1226 596
f 596 1226 1227
f 596 1227 597
f 597 1227 1228
f 597 1228 599
f 599 1228 1222
f 588 1229 590
f 590 1229 1230
f 590 1230 591
f 591 1230 1231
f 591 1231 592
f 592 1231 1223
f 561 1232 559
f 559 1232 1233
f 559 1233 584
f 584 1233 1234
f 584 1234 585
f 585 1234 1235
f 585 1235 586
f 586 1235 1236
f 586 1236 587
f 587 1236 1237
f 587 1237 588
f 588 1237 1229
f 1238 1232 563
f 563 1232 561
f 1239 1238 565
f 565 1238 563
f 1240 1239 567
f 567 1239 565
f 1241 1240 569
f 569 1240 567
f 1242 1241 571
f 571 1241 569
f 1243 1242 573
f 573 1242 571
f 1244 1243 575
f 575 1243 573
f 1245 1244 577
f 577 1244 575
f 1246 1245 583
f 583 1245 577
f 1247 1246 582
f 582 1246 583
f 581 1248 578
f 578 1248 1249
f 578 1249 579
f 579 1249 1250
f 579 1250 582
f 582 1250 1247
f 1251 1248 580
f 580 1248 581
f 1252 1251 576
f 576 1251 580
f 1253 1252 574
f 574 1252 576
f 1254 1253 572
f 572 1253 574
f 1255 1254 570
f 570 1254 572
f 1256 1255 568
f 568 1255 570
f 1257 1256 566
f 566 1256 568
f 1258 1257 564
f 564 1257 566
f 1259 1258 562
f 562 1258 564
f 1260 1259 560
f 560 1259 562
f 553 1261 554
f 554 1261 1262
f 554 1262 555
f 555 1262 1263
f 555 1263 556
f 556 1263 1264
f 556 1264 557
f 557 1264 1265
f 557 1265 558
f 558 1265 1266
f 558 1266 560
f 560 1266 1260
f 549 1267 550
f 550 1267 1268
f 550 1268 552
f 552 1268 1269
f 552 1269 553
f 553 1269 1261
f 522 1270 520
f 520 1270 1271
f 520 1271 521
f 521 1271 1272
f 521 1272 546
f 546 1272 1273
f 546 1273 547
f 547 1273 1274
f 547 1274 548
f 548 1274 1275
f 548 1275 549
f 549 1275 1267
f 1276 1270 524
f 524 1270 522
f 1277 1276 526
f 526 1276 524
f 1278 1277 528
f 528 1277 526
f 1279 1278 530
f 530 1278 528
f 1280 1279 532
f 532 1279 530
f 1281 1280 534
f 534 1280 532
f 1282 1281 536
f 536 1281 534
f 1283 1282 538
f 538 1282 536
f 1284 1283 545
f 545 1283 538
f 1285 1284 544
f 544 1284 545
f 543 1286 541
f 541 1286 1287
f 541 1287 540
f 540 1287 1288
f 540 1288 544
f 544 1288 1285
f 1289 1286 542
f 542 1286 543
f 1290 1289 539
f 539 1289 542
f 1291 1290 537
f 537 1290 539
f 1292 1291 535
f 535 1291 537
f 1293 1292 533
f 533 1292 535
f 1294 1293 531
f 531 1293 533
f 1295 1294 529
f 529 1294 531
f 1296 1295 527
f 527 1295 529
f 1297 1296 525
f 525 1296 527
f 1298 1297 523
f 523 1297 525
f 514 1299 515
f 515 1299 1300
f 515 1300 516
f 516 1300 1301
f 516 1301 517
f 517 1301 1302
f 517 1302 518
f 518 1302 1303
f 518 1303 519
f 519 1303 1304
f 519 1304 523
f 523 1304 1298
f 510 1305 511
f 511 1305 1306
f 511 1306 512
f 512 1306 1307
f 512 1307 514
f 514 1307 1299
f 482 1308 483
f 483 1308 1309
f 483 1309 484
f 484 1309 1310
f 484 1310 485
f 485 1310 1311
f 485 1311 508
f 508 1311 1312
f 508 1312 509
f 509 1312 1313
f 509 1313 510
f 510 1313 1305
f 1314 1308 486
f 486 1308 482
f 1315 1314 488
f 488 1314 486
f 1316 1315 490
f 490 1315 488
f 1317 1316 492
f 492 1316 490
f 1318 1317 494
f 494 1317 492
f 1319 1318 496
f 496 1318 494
f 1320 1319 498
f 498 1319 496
f 1321 1320 500
f 500 1320 498
f 1322 1321 507
f 507 1321 500
f 1323 1322 506
f 506 1322 507
f 505 1324 503
f 503 1324 1325
f 503 1325 502
f 502 1325 1326
f 502 1326 506
f 506 1326 1323
f 1327 1324 504
f 504 1324 505
f 1328 1327 501
f 501 1327 504
f 1329 1328 499
f 499 1328 501
f 1330 1329 497
f 497 1329 499
f 1331 1330 495
f 495 1330 497
f 1332 1331 493
f 493 1331 495
f 1333 1332 491
f 491 1332 493
f 1334 1333 489
f 489 1333 491
f 1335 1334 487
f 487 1334 489
f 1336 1335 481
f 481 1335 487
f 474 1337 476
f 476 1337 1338
f 476 1338 477
f 477 1338 1339
f 477 1339 478
f 478 1339 1340
f 478 1340 479
f 479 1340 1341
f 479 1341 480
f 480 1341 1342
f 480 1342 481
f 481 1342 1336
f 471 1343 472
f 472 1343 1344
f 472 1344 473
f 473 1344 1345
f 473 1345 474
f 474 1345 1337
f 443 1346 442
f 442 1346 1347
f 442 1347 467
f 467 1347 1348
f 467 1348 468
f 468 1348 1349
f 468 1349 469
f 469 1349 1350
f 469 1350 470
f 470 1350 1351
f 470 1351 471
f 471 1351 1343
f 1352 1346 445
f 445 1346 443
f 1353 1352 447
f 447 1352 445
f 1354 1353 449
f 449 1353 447
f 1355 1354 451
f 451 1354 449
f 1356 1355 453
f 453 1355 451
f 1357 1356 455
f 455 1356 453
f 1358 1357 457
f 457 1357 455
f 1359 1358 459
f 459 1358 457
f 1360 1359 466
f 466 1359 459
f 1361 1360 465
f 465 1360 466
f 464 1362 462
f 462 1362 1363
f 462 1363 461
f 461 1363 1364
f 461 1364 465
f 465 1364 1361
f 1365 1362 463
f 463 1362 464
f 1366 1365 460
f 460 1365 463
f 1367 1366 458
f 458 1366 460
f 1368 1367 456
f 456 1367 458
f 1369 1368 454
f 454 1368 456
f 1370 1369 452
f 452 1369 454
f 1371 1370 450
f 450 1370 452
f 1372 1371 448
f 448 1371 450
f 1373 1372 446
f 446 1372 448
f 1374 1373 444
f 444 1373 446
f 435 1375 436
f 436 1375 1376
f 436 1376 438
f 438 1376 1377
f 438 1377 439
f 439 1377 1378
f 439 1378 440
f 440 1378 1379
f 440 1379 441
f 441 1379 1380
f 441 1380 444
f 444 1380 1374
f 432 1381 433
f 433 1381 1382
f 433 1382 434
f 434 1382 1383
f 434 1383 435
f 435 1383 1375
f 406 1384 404
f 404 1384 1385
f 404 1385 402
f 402 1385 1386
f 402 1386 403
f 403 1386 1387
f 403 1387 430
f 430 1387 1388
f 430 1388 431
f 431 1388 1389
f 431 1389 432
f 432 1389 1381
f 1390 1384 408
f 408 1384 406
f 1391 1390 410
f 410 1390 408
f 1392 1391 412
f 412 1391 410
f 1393 1392 414
f 414 1392 412
f 1394 1393 416
f 416 1393 414
f 1395 1394 418
f 418 1394 416
f 1396 1395 420
f 420 1395 418
f 1397 1396 422
f 422 1396 420
f 1398 1397 429
f 429 1397 422
f 1399 1398 428
f 428 1398 429
f 427 1400 425
f 425 1400 1401
f 425 1401 424
f 424 1401 1402
f 424 1402 428
f 428 1402 1399
f 1403 1400 426
f 426 1400 427
f 1404 1403 423
f 423 1403 426
f 1405 1404 421
f 421 1404 423
f 1406 1405 419
f 419 1405 421
f 1407 1406 417
f 417 1406 419
f 1408 1407 415
f 415 1407 417
f 1409 1408 413
f 413 1408 415
f 1410 1409 411
f 411 1409 413
f 1411 1410 409
f 409 1410 411
f 1412 1411 407
f 407 1411 409
f 396 1413 397
f 397 1413 1414
f 397 1414 399
f 399 1414 1415
f 399 1415 400
f 400 1415 1416
f 400 1416 401
f 401 1416 1417
f 401 1417 405
f 405 1417 1418
f 405 1418 407
f 407 1418 1412
f 393 1419 394
f 394 1419 1420
f 394 1420 395
f 395 1420 1421
f 395 1421 396
f 396 1421 1413
f 368 1422 364
f 364 1422 1423
f 364 1423 365
f 365 1423 1424
f 365 1424 366
f 366 1424 1425
f 366 1425 367
f 367 1425 1426
f 367 1426 392
f 392 1426 1427
f 392 1427 393
f 393 1427 1419
f 1428 1422 370
f 370 1422 368
f 1429 1428 372
f 372 1428 370
f 1430 1429 374
f 374 1429 372
f 1431 1430 376
f 376 1430 374
f 1432 1431 378
f 378 1431 376
f 1433 1432 380
f 380 1432 378
f 1434 1433 382
f 382 1433 380
f 1435 1434 384
f 384 1434 382
f 1436 1435 391
f 391 1435 384
f 1437 1436 390
f 390 1436 391
f 389 1438 387
f 387 1438 1439
f 387 1439 386
f 386 1439 1440
f 386 1440 390
f 390 1440 1437
f 1441 1438 388
f 388 1438 389
f 1442 1441 385
f 385 1441 388
f 1443 1442 383
f 383 1442 385
f 1444 1443 381
f 381 1443 383
f 1445 1444 379
f 379 1444 381
f 1446 1445 377
f 377 1445 379
f 1447 1446 375
f 375 1446 377
f 1448 1447 373
f 373 1447 375
f 1449 1448 371
f 371 1448 373
f 1450 1449 369
f 369 1449 371
f 357 1451 358
f 358 1451 1452
f 358 1452 359
f 359 1452 1453
f 359 1453 361
f 361 1453 1454
f 361 1454 362
f 362 1454 1455
f 362 1455 363
f 363 1455 1456
f 363 1456 369
f 369 1456 1450
f 354 1457 355
f 355 1457 1458
f 355 1458 356
f 356 1458 1459
f 356 1459 357
f 357 1459 1451
f 329 1460 327
f 327 1460 1461
f 327 1461 325
f 325 1461 1462
f 325 1462 323
f 323 1462 1463
f 323 1463 324
f 324 1463 1464
f 324 1464 353
f 353 1464 1465
f 353 1465 354
f 354 1465 1457
f 1466 1460 331
f 331 1460 329
f 1467 1466 333
f 333 1466 331
f 1468 1467 335
f 335 1467 333
f 1469 1468 337
f 337 1468 335
f 1470 1469 339
f 339 1469 337
f 1471 1470 341
f 341 1470 339
f 1472 1471 343
f 343 1471 341
f 1473 1472 345
f 345 1472 343
f 1474 1473 352
f 352 1473 345
f 1475 1474 351
f 351 1474 352
f 350 1476 348
f 348 1476 1477
f 348 1477 347
f 347 1477 1478
f 347 1478 351
f 351 1478 1475
f 1479 1476 349
f 349 1476 350
f 1480 1479 346
f 346 1479 349
f 1481 1480 344
f 344 1480 346
f 1482 1481 342
f 342 1481 344
f 1483 1482 340
f 340 1482 342
f 1484 1483 338
f 338 1483 340
f 1485 1484 336
f 336 1484 338
f 1486 1485 334
f 334 1485 336
f 1487 1486 332
f 332 1486 334
f 1488 1487 330
f 330 1487 332
f 318 1489 319
f 319 1489 1490
f 319 1490 320
f 320 1490 1491
f 320 1491 321
f 321 1491 1492
f 321 1492 326
f 326 1492 1493
f 326 1493 328
f 328 1493 1494
f 328 1494 330
f 330 1494 1488
f 315 1495 316
f 316 1495 1496
f 316 1496 317
f 317 1496 1497
f 317 1497 318
f 318 1497 1489
f 289 1498 287
f 287 1498 1499
f 287 1499 285
f 285 1499 1500
f 285 1500 283
f 283 1500 1501
f 283 1501 313
f 313 1501 1502
f 313 1502 314
f 314 1502 1503
f 314 1503 315
f 315 1503 1495
f 1504 1498 291
f 291 1498 289
f 1505 1504 293
f 293 1504 291
f 1506 1505 295
f 295 1505 293
f 1507 1506 297
f 297 1506 295
f 1508 1507 299
f 299 1507 297
f 1509 1508 301
f 301 1508 299
f 1510 1509 303
f 303 1509 301
f 1511 1510 305
f 305 1510 303
f 1512 1511 311
f 311 1511 305
f 1513 1512 310
f 310 1512 311
f 309 1514 306
f 306 1514 1515
f 306 1515 307
f 307 1515 1516
f 307 1516 310
f 310 1516 1513
f 1517 1514 308
f 308 1514 309
f 1518 1517 304
f 304 1517 308
f 1519 1518 302
f 302 1518 304
f 1520 1519 300
f 300 1519 302
f 1521 1520 298
f 298 1520 300
f 1522 1521 296
f 296 1521 298
f 1523 1522 294
f 294 1522 296
f 1524 1523 292
f 292 1523 294
f 1525 1524 290
f 290 1524 292
f 1526 1525 288
f 288 1525 290
f 279 1527 280
f 280 1527 1528
f 280 1528 281
f 281 1528 1529
f 281 1529 282
f 282 1529 1530
f 282 1530 284
f 284 1530 1531
f 284 1531 286
f 286 1531 1532
f 286 1532 288
f 288 1532 1526
f 276 1533 277
f 277 1533 1534
f 277 1534 278
f 278 1534 1535
f 278 1535 279
f 279 1535 1527
f 249 1536 247
f 247 1536 1537
f 247 1537 245
f 245 1537 1538
f 245 1538 272
f 272 1538 1539
f 272 1539 273
f 273 1539 1540
f 273 1540 275
f 275 1540 1541
f 275 1541 276
f 276 1541 1533
f 1542 1536 251
f 251 1536 249
f 1543 1542 253
f 253 1542 251
f 1544 1543 255
f 255 1543 253
f 1545 1544 257
f 257 1544 255
f 1546 1545 259
f 259 1545 257
f 1547 1546 261
f 261 1546 259
f 1548 1547 263
f 263 1547 261
f 1549 1548 265
f 265 1548 263
f 1550 1549 271
f 271 1549 265
f 1551 1550 270
f 270 1550 271
f 269 1552 266
f 266 1552 1553
f 266 1553 267
f 267 1553 1554
f 267 1554 270
f 270 1554 1551
f 1555 1552 268
f 268 1552 269
f 1556 1555 264
f 264 1555 268
f 1557 1556 262
f 262 1556 264
f 1558 1557 260
f 260 1557 262
f 1559 1558 258
f 258 1558 260
f 1560 1559 256
f 256 1559 258
f 1561 1560 254
f 254 1560 256
f 1562 1561 252
f 252 1561 254
f 1563 1562 250
f 250 1562 252
f 1564 1563 248
f 248 1563 250
f 240 1565 241
f 241 1565 1566
f 241 1566 242
f 242 1566 1567
f 242 1567 243
f 243 1567 1568
f 243 1568 244
f 244 1568 1569
f 244 1569 246
f 246 1569 1570
f 246 1570 248
f 248 1570 1564
f 237 1571 238
f 238 1571 1572
f 238 1572 239
f 239 1572 1573
f 239 1573 240
f 240 1573 1565
f 210 1574 208
f 208 1574 1575
f 208 1575 206
f 206 1575 1576
f 206 1576 233
f 233 1576 1577
f 233 1577 234
f 234 1577 1578
f 234 1578 235
f 235 1578 1579
f 235 1579 237
f 237 1579 1571
f 1580 1574 212
f 212 1574 210
f 1581 1580 214
f 214 1580 212
f 1582 1581 216
f 216 1581 214
f 1583 1582 218
f 218 1582 216
f 1584 1583 220
f 220 1583 218
f 1585 1584 222
f 222 1584 220
f 1586 1585 224
f 224 1585 222
f 1587 1586 226
f 226 1586 224
f 1588 1587 232
f 232 1587 226
f 1589 1588 231
f 231 1588 232
f 230 1590 227
f 227 1590 1591
f 227 1591 228
f 228 1591 1592
f 228 1592 231
f 231 1592 1589
f 1593 1590 229
f 229 1590 230
f 1594 1593 225
f 225 1593 229
f 1595 1594 223
f 223 1594 225
f 1596 1595 221
f 221 1595 223
f 1597 1596 219
f 219 1596 221
f 1598 1597 217
f 217 1597 219
f 1599 1598 215
f 215 1598 217
f 1600 1599 213
f 213 1599 215
f 1601 1600 211
f 211 1600 213
f 1602 1601 209
f 209 1601 211
f 201 1603 202
f 202 1603 1604
f 202 1604 203
f 203 1604 1605
f 203 1605 204
f 204 1605 1606
f 204 1606 205
f 205 1606 1607
f 205 1607 207
f 207 1607 1608
f 207 1608 209
f 209 1608 1602
f 198 1609 199
f 199 1609 1610
f 199 1610 200
f 200 1610 1611
f 200 1611 201
f 201 1611 1603
f 170 1612 168
f 168 1612 1613
f 168 1613 193
f 193 1613 1614
f 193 1614 194
f 194 1614 1615
f 194 1615 195
f 195 1615 1616
f 195 1616 196
f 196 1616 1617
f 196 1617 198
f 198 1617 1609
f 1618 1612 172
f 172 1612 170
f 1619 1618 174
f 174 1618 172
f 1620 1619 176
f 176 1619 174
f 1621 1620 178
f 178 1620 176
f 1622 1621 180
f 180 1621 178
f 1623 1622 182
f 182 1622 180
f 1624 1623 184
f 184 1623 182
f 1625 1624 186
f 186 1624 184
f 1626 1625 192
f 192 1625 186
f 1627 1626 191
f 191 1626 192
f 190 1628 187
f 187 1628 1629
f 187 1629 188
f 188 1629 1630
f 188 1630 191
f 191 1630 1627
f 1631 1628 189
f 189 1628 190
f 1632 1631 185
f 185 1631 189
f 1633 1632 183
f 183 1632 185
f 1634 1633 181
f 181 1633 183
f 1635 1634 179
f 179 1634 181
f 1636 1635 177
f 177 1635 179
f 1637 1636 175
f 175 1636 177
f 1638 1637 173
f 173 1637 175
f 1639 1638 171
f 171 1638 173
f 1640 1639 169
f 169 1639 171
f 162 1641 163
f 163 1641 1642
f 163 1642 164
f 164 1642 1643
f 164 1643 165
f 165 1643 1644
f 165 1644 166
f 166 1644 1645
f 166 1645 167
f 167 1645 1646
f 167 1646 169
f 169 1646 1640
f 158 1647 160
f 160 1647 1648
f 160 1648 161
f 161 1648 1649
f 161 1649 162
f 162 1649 1641
f 131 1650 129
f 129 1650 1651
f 129 1651 154
f 154 1651 1652
f 154 1652 155
f 155 1652 1653
f 155 1653 156
f 156 1653 1654
f 156 1654 157
f 157 1654 1655
f 157 1655 158
f 158 1655 1647
f 1656 1650 133
f 133 1650 131
f 1657 1656 135
f 135 1656 133
f 1658 1657 137
f 137 1657 135
f 1659 1658 139
f 139 1658 137
f 1660 1659 141
f 141 1659 139
f 1661 1660 143
f 143 1660 141
f 1662 1661 145
f 145 1661 143
f 1663 1662 147
f 147 1662 145
f 1664 1663 153
f 153 1663 147
f 1665 1664 152
f 152 1664 153
f 151 1666 148
f 148 1666 1667
f 148 1667 149
f 149 1667 1668
f 149 1668 152
f 152 1668 1665
f 1669 1666 150
f 150 1666 151
f 1670 1669 146
f 146 1669 150
f 1671 1670 144
f 144 1670 146
f 1672 1671 142
f 142 1671 144
f 1673 1672 140
f 140 1672 142
f 1674 1673 138
f 138 1673 140
f 1675 1674 136
f 136 1674 138
f 1676 1675 134
f 134 1675 136
f 1677 1676 132
f 132 1676 134
f 1678 1677 130
f 130 1677 132
f 123 1679 124
f 124 1679 1680
f 124 1680 125
f 125 1680 1681
f 125 1681 126
f 126 1681 1682
f 126 1682 127
f 127 1682 1683
f 127 1683 128
f 128 1683 1684
f 128 1684 130
f 130 1684 1678
f 119 1685 120
f 120 1685 1686
f 120 1686 122
f 122 1686 1687
f 122 1687 123
f 123 1687 1679
f 92 1688 90
f 90 1688 1689
f 90 1689 91
f 91 1689 1690
f 91 1690 116
f 116 1690 1691
f 116 1691 117
f 117 1691 1692
f 117 1692 118
f 118 1692 1693
f 118 1693 119
f 119 1693 1685
f 1694 1688 94
f 94 1688 92
f 1695 1694 96
f 96 1694 94
f 1696 1695 98
f 98 1695 96
f 1697 1696 100
f 100 1696 98
f 1698 1697 102
f 102 1697 100
f 1699 1698 104
f 104 1698 102
f 1700 1699 106
f 106 1699 104
f 1701 1700 108
f 108 1700 106
f 1702 1701 115
f 115 1701 108
f 1703 1702 114
f 114 1702 115
f 113 1704 111
f 111 1704 1705
f 111 1705 110
f 110 1705 1706
f 110 1706 114
f 114 1706 1703
f 1707 1704 112
f 112 1704 113
f 1708 1707 109
f 109 1707 112
f 1709 1708 107
f 107 1708 109
f 1710 1709 105
f 105 1709 107
f 1711 1710 103
f 103 1710 105
f 1712 1711 101
f 101 1711 103
f 1713 1712 99
f 99 1712 101
f 1714 1713 97
f 97 1713 99
f 1715 1714 95
f 95 1714 97
f 1716 1715 93
f 93 1715 95
f 84 1717 85
f 85 1717 1718
f 85 1718 86
f 86 1718 1719
f 86 1719 87
f 87 1719 1720
f 87 1720 88
f 88 1720 1721
f 88 1721 89
f 89 1721 1722
f 89 1722 93
f 93 1722 1716
f 80 1723 81
f 81 1723 1724
f 81 1724 82
f 82 1724 1725
f 82 1725 84
f 84 1725 1717
f 72 1726 74
f 74 1726 1727
f 74 1727 76
f 76 1727 1728
f 76 1728 77
f 77 1728 1729
f 77 1729 78
f 78 1729 1730
f 78 1730 79
f 79 1730 1731
f 79 1731 80
f 80 1731 1723
f 1732 1726 70
f 70 1726 72
f 1733 1732 68
f 68 1732 70
f 1734 1733 66
f 66 1733 68
f 1735 1734 64
f 64 1734 66
f 1736 1735 62
f 62 1735 64
f 1737 1736 60
f 60 1736 62
f 1738 1737 58
f 58 1737 60
f 1739 1738 54
f 54 1738 58
f 1740 1739 55
f 55 1739 54
f 1741 1740 56
f 56 1740 55
f 49 1742 50
f 50 1742 1743
f 50 1743 53
f 53 1743 1744
f 53 1744 56
f 56 1744 1741
f 910 1742 51
f 51 1742 49
f 752 1745 742
f 742 1745 1746
f 742 1746 704
f 704 1746 1747
f 704 1747 666
f 666 1747 1748
f 666 1748 627
f 627 1748 1749
f 627 1749 589
f 589 1749 1750
f 589 1750 551
f 551 1750 1751
f 551 1751 513
f 513 1751 1752
f 513 1752 475
f 475 1752 1753
f 475 1753 437
f 437 1753 1754
f 437 1754 398
f 398 1754 1755
f 398 1755 360
f 360 1755 1756
f 360 1756 322
f 322 1756 1757
f 322 1757 312
f 312 1757 1758
f 312 1758 274
f 274 1758 1759
f 274 1759 236
f 236 1759 1760
f 236 1760 197
f 197 1760 1761
f 197 1761 159
f 159 1761 1762
f 159 1762 121
f 121 1762 1763
f 121 1763 83
f 83 1763 1764
f 83 1764 75
f 75 1764 1765
f 75 1765 867
f 867 1765 1766
f 867 1766 828
f 828 1766 1767
f 828 1767 790
f 790 1767 1768
f 790 1768 752
f 752 1768 1745
f 5 1747 3
f 3 1747 1746
f 3 1746 1
f 1 1746 1745
f 1 1745 47
f 47 1745 1768
f 47 1768 45
f 45 1768 1767
f 45 1767 43
f 43 1767 1766
f 43 1766 41
f 41 1766 1765
f 41 1765 39
f 39 1765 1764
f 39 1764 1763
f 5 7 1747
f 1747 7 1748
f 1748 7 9
f 1748 9 1749
f 1749 9 11
f 1749 11 1750
f 1750 11 13
f 1750 13 1751
f 1751 13 15
f 1751 15 1752
f 1752 15 1753
f 1753 15 17
f 1753 17 1754
f 1754 17 19
f 1754 19 1755
f 1755 19 21
f 1755 21 1756
f 1756 21 23
f 1756 23 1757
f 1757 23 25
f 1757 25 1758
f 1758 25 27
f 1758 27 29
f 1758 29 1759
f 1759 29 31
f 1759 31 1760
f 1760 31 33
f 1760 33 1761
f 1761 33 35
f 1761 35 1762
f 1762 35 37
f 1762 37 1763
f 1763 37 39
f 2 1072 4
f 4 1072 1071
f 4 1071 1079
f 48 1034 2
f 2 1034 1033
f 2 1033 1041
f 46 995 48
f 48 995 1003
f 48 1003 1002
f 44 957 46
f 46 957 965
f 46 965 964
f 42 919 44
f 44 919 927
f 44 927 926
f 40 1725 42
f 42 1725 1724
f 42 1724 1723
f 38 1686 40
f 40 1686 1685
f 40 1685 1693
f 36 1647 38
f 38 1647 1655
f 38 1655 1680
f 1680 1655 1681
f 1681 1655 1654
f 1681 1654 1682
f 1682 1654 1653
f 1682 1653 1683
f 1683 1653 1652
f 1683 1652 1684
f 1684 1652 1651
f 1684 1651 1678
f 1678 1651 1650
f 1678 1650 1677
f 1677 1650 1656
f 1677 1656 1676
f 1676 1656 1657
f 1676 1657 1675
f 1675 1657 1658
f 1675 1658 1674
f 1674 1658 1659
f 1674 1659 1673
f 1673 1659 1660
f 1673 1660 1672
f 1672 1660 1661
f 1672 1661 1671
f 1671 1661 1662
f 1671 1662 1670
f 1670 1662 1663
f 1670 1663 1667
f 1667 1663 1668
f 1668 1663 1664
f 1668 1664 1665
f 34 1609 36
f 36 1609 1617
f 36 1617 1642
f 1642 1617 1643
f 1643 1617 1616
f 1643 1616 1644
f 1644 1616 1615
f 1644 1615 1645
f 1645 1615 1614
f 1645 1614 1646
f 1646 1614 1613
f 1646 1613 1640
f 1640 1613 1612
f 1640 1612 1639
f 1639 1612 1618
f 1639 1618 1638
f 1638 1618 1619
f 1638 1619 1637
f 1637 1619 1620
f 1637 1620 1636
f 1636 1620 1621
f 1636 1621 1635
f 1635 1621 1622
f 1635 1622 1634
f 1634 1622 1623
f 1634 1623 1633
f 1633 1623 1624
f 1633 1624 1632
f 1632 1624 1625
f 1632 1625 1629
f 1629 1625 1630
f 1630 1625 1626
f 1630 1626 1627
f 32 1571 34
f 34 1571 1579
f 34 1579 1604
f 1604 1579 1605
f 1605 1579 1578
f 1605 1578 1606
f 1606 1578 1577
f 1606 1577 1607
f 1607 1577 1576
f 1607 1576 1608
f 1608 1576 1575
f 1608 1575 1602
f 1602 1575 1574
f 1602 1574 1601
f 1601 1574 1580
f 1601 1580 1600
f 1600 1580 1581
f 1600 1581 1599
f 1599 1581 1582
f 1599 1582 1598
f 1598 1582 1583
f 1598 1583 1597
f 1597 1583 1584
f 1597 1584 1596
f 1596 1584 1585
f 1596 1585 1595
f 1595 1585 1586
f 1595 1586 1594
f 1594 1586 1587
f 1594 1587 1591
f 1591 1587 1592
f 1592 1587 1588
f 1592 1588 1589
f 30 1541 32
f 32 1541 1566
f 32 1566 1565
f 28 1503 30
f 30 1503 1528
f 30 1528 1527
f 26 1490 28
f 28 1490 1489
f 28 1489 1497
f 24 1452 26
f 26 1452 1451
f 26 1451 1459
f 22 1413 24
f 24 1413 1421
f 24 1421 1420
f 20 1375 22
f 22 1375 1383
f 22 1383 1382
f 18 1337 20
f 20 1337 1345
f 20 1345 1344
f 16 1307 18
f 18 1307 1306
f 18 1306 1305
f 14 1268 16
f 16 1268 1267
f 16 1267 1275
f 12 1229 14
f 14 1229 1237
f 14 1237 1262
f 1262 1237 1263
f 1263 1237 1236
f 1263 1236 1264
f 1264 1236 1235
f 1264 1235 1265
f 1265 1235 1234
f 1265 1234 1266
f 1266 1234 1233
f 1266 1233 1260
f 1260 1233 1232
f 1260 1232 1259
f 1259 1232 1238
f 1259 1238 1258
f 1258 1238 1239
f 1258 1239 1257
f 1257 1239 1240
f 1257 1240 1256
f 1256 1240 1241
f 1256 1241 1255
f 1255 1241 1242
f 1255 1242 1254
f 1254 1242 1243
f 1254 1243 1253
f 1253 1243 1244
f 1253 1244 1252
f 1252 1244 1245
f 1252 1245 1249
f 1249 1245 1250
f 1250 1245 1246
f 1250 1246 1247
f 10 1191 12
f 12 1191 1199
f 12 1199 1224
f 1224 1199 1225
f 1225 1199 1198
f 1225 1198 1226
f 1226 1198 1197
f 1226 1197 1227
f 1227 1197 1196
f 1227 1196 1228
f 1228 1196 1195
f 1228 1195 1222
f 1222 1195 1194
f 1222 1194 1221
f 1221 1194 1200
f 1221 1200 1220
f 1220 1200 1201
f 1220 1201 1219
f 1219 1201 1202
f 1219 1202 1218
f 1218 1202 1203
f 1218 1203 1217
f 1217 1203 1204
f 1217 1204 1216
f 1216 1204 1205
f 1216 1205 1215
f 1215 1205 1206
f 1215 1206 1214
f 1214 1206 1207
f 1214 1207 1211
f 1211 1207 1212
f 1212 1207 1208
f 1212 1208 1209
f 8 1153 10
f 10 1153 1161
f 10 1161 1186
f 1186 1161 1187
f 1187 1161 1160
f 1187 1160 1188
f 1188 1160 1159
f 1188 1159 1189
f 1189 1159 1158
f 1189 1158 1190
f 1190 1158 1157
f 1190 1157 1184
f 1184 1157 1156
f 1184 1156 1183
f 1183 1156 1162
f 1183 1162 1182
f 1182 1162 1163
f 1182 1163 1181
f 1181 1163 1164
f 1181 1164 1180
f 1180 1164 1165
f 1180 1165 1179
f 1179 1165 1166
f 1179 1166 1178
f 1178 1166 1167
f 1178 1167 1177
f 1177 1167 1168
f 1177 1168 1176
f 1176 1168 1169
f 1176 1169 1173
f 1173 1169 1174
f 1174 1169 1170
f 1174 1170 1171
f 6 1123 8
f 8 1123 1148
f 8 1148 1147
f 4 1085 6
f 6 1085 1110
f 6 1110 1109
f 1742 910 1743
f 1743 910 909
f 1743 909 1744
f 1744 909 1739
f 1744 1739 1740
f 909 911 1739
f 1739 911 1738
f 1738 911 912
f 1738 912 1737
f 1737 912 913
f 1737 913 1736
f 1736 913 914
f 1736 914 1735
f 1735 914 915
f 1735 915 1734
f 1734 915 916
f 1734 916 1733
f 1733 916 917
f 1733 917 1732
f 1732 917 918
f 1732 918 1726
f 1726 918 924
f 1726 924 1727
f 1727 924 923
f 1727 923 1728
f 1728 923 922
f 1728 922 1729
f 1729 922 921
f 1729 921 1730
f 1730 921 920
f 1730 920 1731
f 1731 920 42
f 1731 42 1723
f 920 919 42
f 926 925 44
f 44 925 933
f 44 933 958
f 958 933 932
f 958 932 959
f 959 932 931
f 959 931 960
f 960 931 930
f 960 930 961
f 961 930 929
f 961 929 962
f 962 929 928
f 962 928 956
f 956 928 934
f 956 934 955
f 955 934 935
f 955 935 954
f 954 935 936
f 954 936 953
f 953 936 937
f 953 937 952
f 952 937 938
f 952 938 951
f 951 938 939
f 951 939 950
f 950 939 940
f 950 940 949
f 949 940 941
f 949 941 948
f 948 941 946
f 948 946 945
f 941 942 946
f 946 942 943
f 944 947 945
f 945 947 948
f 958 957 44
f 964 963 46
f 46 963 971
f 46 971 996
f 996 971 970
f 996 970 997
f 997 970 969
f 997 969 998
f 998 969 968
f 998 968 999
f 999 968 967
f 999 967 1000
f 1000 967 966
f 1000 966 994
f 994 966 972
f 994 972 993
f 993 972 973
f 993 973 992
f 992 973 974
f 992 974 991
f 991 974 975
f 991 975 990
f 990 975 976
f 990 976 989
f 989 976 977
f 989 977 988
f 988 977 978
f 988 978 987
f 987 978 979
f 987 979 986
f 986 979 984
f 986 984 983
f 979 980 984
f 984 980 981
f 982 985 983
f 983 985 986
f 996 995 46
f 1002 1001 48
f 48 1001 1009
f 48 1009 1034
f 1034 1009 1008
f 1034 1008 1035
f 1035 1008 1007
f 1035 1007 1036
f 1036 1007 1006
f 1036 1006 1037
f 1037 1006 1005
f 1037 1005 1038
f 1038 1005 1004
f 1038 1004 1032
f 1032 1004 1010
f 1032 1010 1031
f 1031 1010 1011
f 1031 1011 1030
f 1030 1011 1012
f 1030 1012 1029
f 1029 1012 1013
f 1029 1013 1028
f 1028 1013 1014
f 1028 1014 1027
f 1027 1014 1015
f 1027 1015 1026
f 1026 1015 1016
f 1026 1016 1025
f 1025 1016 1017
f 1025 1017 1024
f 1024 1017 1022
f 1024 1022 1021
f 1017 1018 1022
f 1022 1018 1019
f 1020 1023 1021
f 1021 1023 1024
f 1041 1040 2
f 2 1040 1039
f 2 1039 1047
f 2 1047 1072
f 1072 1047 1046
f 1072 1046 1073
f 1073 1046 1045
f 1073 1045 1074
f 1074 1045 1044
f 1074 1044 1075
f 1075 1044 1043
f 1075 1043 1076
f 1076 1043 1042
f 1076 1042 1070
f 1070 1042 1048
f 1070 1048 1069
f 1069 1048 1049
f 1069 1049 1068
f 1068 1049 1050
f 1068 1050 1067
f 1067 1050 1051
f 1067 1051 1066
f 1066 1051 1052
f 1066 1052 1065
f 1065 1052 1053
f 1065 1053 1064
f 1064 1053 1054
f 1064 1054 1063
f 1063 1054 1055
f 1063 1055 1062
f 1062 1055 1060
f 1062 1060 1059
f 1055 1056 1060
f 1060 1056 1057
f 1058 1061 1059
f 1059 1061 1062
f 1079 1078 4
f 4 1078 1077
f 4 1077 1085
f 1110 1085 1111
f 1111 1085 1084
f 1111 1084 1112
f 1112 1084 1083
f 1112 1083 1113
f 1113 1083 1082
f 1113 1082 1114
f 1114 1082 1081
f 1114 1081 1108
f 1108 1081 1080
f 1108 1080 1107
f 1107 1080 1086
f 1107 1086 1106
f 1106 1086 1087
f 1106 1087 1105
f 1105 1087 1088
f 1105 1088 1104
f 1104 1088 1089
f 1104 1089 1103
f 1103 1089 1090
f 1103 1090 1102
f 1102 1090 1091
f 1102 1091 1101
f 1101 1091 1092
f 1101 1092 1100
f 1100 1092 1093
f 1100 1093 1097
f 1097 1093 1098
f 1098 1093 1094
f 1098 1094 1095
f 1096 1099 1097
f 1097 1099 1100
f 1109 1117 6
f 6 1117 1116
f 6 1116 1115
f 1115 1123 6
f 1148 1123 1149
f 1149 1123 1122
f 1149 1122 1150
f 1150 1122 1121
f 1150 1121 1151
f 1151 1121 1120
f 1151 1120 1152
f 1152 1120 1119
f 1152 1119 1146
f 1146 1119 1118
f 1146 1118 1145
f 1145 1118 1124
f 1145 1124 1144
f 1144 1124 1125
f 1144 1125 1143
f 1143 1125 1126
f 1143 1126 1142
f 1142 1126 1127
f 1142 1127 1141
f 1141 1127 1128
f 1141 1128 1140
f 1140 1128 1129
f 1140 1129 1139
f 1139 1129 1130
f 1139 1130 1138
f 1138 1130 1131
f 1138 1131 1135
f 1135 1131 1136
f 1136 1131 1132
f 1136 1132 1133
f 1134 1137 1135
f 1135 1137 1138
f 1147 1155 8
f 8 1155 1154
f 8 1154 1153
f 1172 1175 1173
f 1173 1175 1176
f 1186 1185 10
f 10 1185 1193
f 10 1193 1192
f 1192 1191 10
f 1210 1213 1211
f 1211 1213 1214
f 1224 1223 12
f 12 1223 1231
f 12 1231 1230
f 1230 1229 12
f 1248 1251 1249
f 1249 1251 1252
f 1262 1261 14
f 14 1261 1269
f 14 1269 1268
f 1274 1301 1275
f 1275 1301 1300
f 1275 1300 16
f 16 1300 1299
f 16 1299 1307
f 1301 1274 1302
f 1302 1274 1273
f 1302 1273 1303
f 1303 1273 1272
f 1303 1272 1304
f 1304 1272 1271
f 1304 1271 1298
f 1298 1271 1270
f 1298 1270 1297
f 1297 1270 1276
f 1297 1276 1296
f 1296 1276 1277
f 1296 1277 1295
f 1295 1277 1278
f 1295 1278 1294
f 1294 1278 1279
f 1294 1279 1293
f 1293 1279 1280
f 1293 1280 1292
f 1292 1280 1281
f 1292 1281 1291
f 1291 1281 1282
f 1291 1282 1290
f 1290 1282 1283
f 1290 1283 1287
f 1287 1283 1288
f 1288 1283 1284
f 1288 1284 1285
f 1286 1289 1287
f 1287 1289 1290
f 1305 1313 18
f 18 1313 1338
f 18 1338 1337
f 1313 1312 1338
f 1338 1312 1339
f 1339 1312 1311
f 1339 1311 1340
f 1340 1311 1310
f 1340 1310 1341
f 1341 1310 1309
f 1341 1309 1342
f 1342 1309 1308
f 1342 1308 1336
f 1336 1308 1314
f 1336 1314 1335
f 1335 1314 1315
f 1335 1315 1334
f 1334 1315 1316
f 1334 1316 1333
f 1333 1316 1317
f 1333 1317 1332
f 1332 1317 1318
f 1332 1318 1331
f 1331 1318 1319
f 1331 1319 1330
f 1330 1319 1320
f 1330 1320 1329
f 1329 1320 1321
f 1329 1321 1328
f 1328 1321 1326
f 1328 1326 1325
f 1321 1322 1326
f 1326 1322 1323
f 1324 1327 1325
f 1325 1327 1328
f 1344 1343 20
f 20 1343 1351
f 20 1351 1376
f 1376 1351 1350
f 1376 1350 1377
f 1377 1350 1349
f 1377 1349 1378
f 1378 1349 1348
f 1378 1348 1379
f 1379 1348 1347
f 1379 1347 1380
f 1380 1347 1346
f 1380 1346 1374
f 1374 1346 1352
f 1374 1352 1373
f 1373 1352 1353
f 1373 1353 1372
f 1372 1353 1354
f 1372 1354 1371
f 1371 1354 1355
f 1371 1355 1370
f 1370 1355 1356
f 1370 1356 1369
f 1369 1356 1357
f 1369 1357 1368
f 1368 1357 1358
f 1368 1358 1367
f 1367 1358 1359
f 1367 1359 1366
f 1366 1359 1364
f 1366 1364 1363
f 1359 1360 1364
f 1364 1360 1361
f 1362 1365 1363
f 1363 1365 1366
f 1376 1375 20
f 1382 1381 22
f 22 1381 1389
f 22 1389 1414
f 1414 1389 1388
f 1414 1388 1415
f 1415 1388 1387
f 1415 1387 1416
f 1416 1387 1386
f 1416 1386 1417
f 1417 1386 1385
f 1417 1385 1418
f 1418 1385 1384
f 1418 1384 1412
f 1412 1384 1390
f 1412 1390 1411
f 1411 1390 1391
f 1411 1391 1410
f 1410 1391 1392
f 1410 1392 1409
f 1409 1392 1393
f 1409 1393 1408
f 1408 1393 1394
f 1408 1394 1407
f 1407 1394 1395
f 1407 1395 1406
f 1406 1395 1396
f 1406 1396 1405
f 1405 1396 1397
f 1405 1397 1404
f 1404 1397 1402
f 1404 1402 1401
f 1397 1398 1402
f 1402 1398 1399
f 1400 1403 1401
f 1401 1403 1404
f 1414 1413 22
f 1420 1419 24
f 24 1419 1427
f 24 1427 1452
f 1452 1427 1426
f 1452 1426 1453
f 1453 1426 1425
f 1453 1425 1454
f 1454 1425 1424
f 1454 1424 1455
f 1455 1424 1423
f 1455 1423 1456
f 1456 1423 1422
f 1456 1422 1450
f 1450 1422 1428
f 1450 1428 1449
f 1449 1428 1429
f 1449 1429 1448
f 1448 1429 1430
f 1448 1430 1447
f 1447 1430 1431
f 1447 1431 1446
f 1446 1431 1432
f 1446 1432 1445
f 1445 1432 1433
f 1445 1433 1444
f 1444 1433 1434
f 1444 1434 1443
f 1443 1434 1435
f 1443 1435 1442
f 1442 1435 1440
f 1442 1440 1439
f 1435 1436 1440
f 1440 1436 1437
f 1438 1441 1439
f 1439 1441 1442
f 1459 1458 26
f 26 1458 1457
f 26 1457 1465
f 26 1465 1490
f 1490 1465 1464
f 1490 1464 1491
f 1491 1464 1463
f 1491 1463 1492
f 1492 1463 1462
f 1492 1462 1493
f 1493 1462 1461
f 1493 1461 1494
f 1494 1461 1460
f 1494 1460 1488
f 1488 1460 1466
f 1488 1466 1487
f 1487 1466 1467
f 1487 1467 1486
f 1486 1467 1468
f 1486 1468 1485
f 1485 1468 1469
f 1485 1469 1484
f 1484 1469 1470
f 1484 1470 1483
f 1483 1470 1471
f 1483 1471 1482
f 1482 1471 1472
f 1482 1472 1481
f 1481 1472 1473
f 1481 1473 1480
f 1480 1473 1478
f 1480 1478 1477
f 1473 1474 1478
f 1478 1474 1475
f 1476 1479 1477
f 1477 1479 1480
f 1497 1496 28
f 28 1496 1495
f 28 1495 1503
f 1528 1503 1529
f 1529 1503 1502
f 1529 1502 1530
f 1530 1502 1501
f 1530 1501 1531
f 1531 1501 1500
f 1531 1500 1532
f 1532 1500 1499
f 1532 1499 1526
f 1526 1499 1498
f 1526 1498 1525
f 1525 1498 1504
f 1525 1504 1524
f 1524 1504 1505
f 1524 1505 1523
f 1523 1505 1506
f 1523 1506 1522
f 1522 1506 1507
f 1522 1507 1521
f 1521 1507 1508
f 1521 1508 1520
f 1520 1508 1509
f 1520 1509 1519
f 1519 1509 1510
f 1519 1510 1518
f 1518 1510 1511
f 1518 1511 1515
f 1515 1511 1516
f 1516 1511 1512
f 1516 1512 1513
f 1514 1517 1515
f 1515 1517 1518
f 1527 1535 30
f 30 1535 1534
f 30 1534 1533
f 1533 1541 30
f 1566 1541 1567
f 1567 1541 1540
f 1567 1540 1568
f 1568 1540 1539
f 1568 1539 1569
f 1569 1539 1538
f 1569 1538 1570
f 1570 1538 1537
f 1570 1537 1564
f 1564 1537 1536
f 1564 1536 1563
f 1563 1536 1542
f 1563 1542 1562
f 1562 1542 1543
f 1562 1543 1561
f 1561 1543 1544
f 1561 1544 1560
f 1560 1544 1545
f 1560 1545 1559
f 1559 1545 1546
f 1559 1546 1558
f 1558 1546 1547
f 1558 1547 1557
f 1557 1547 1548
f 1557 1548 1556
f 1556 1548 1549
f 1556 1549 1553
f 1553 1549 1554
f 1554 1549 1550
f 1554 1550 1551
f 1552 1555 1553
f 1553 1555 1556
f 1565 1573 32
f 32 1573 1572
f 32 1572 1571
f 1590 1593 1591
f 1591 1593 1594
f 1604 1603 34
f 34 1603 1611
f 34 1611 1610
f 1610 1609 34
f 1628 1631 1629
f 1629 1631 1632
f 1642 1641 36
f 36 1641 1649
f 36 1649 1648
f 1648 1647 36
f 1666 1669 1667
f 1667 1669 1670
f 1680 1679 38
f 38 1679 1687
f 38 1687 1686
f 1692 1719 1693
f 1693 1719 1718
f 1693 1718 40
f 40 1718 1717
f 40 1717 1725
f 1719 1692 1720
f 1720 1692 1691
f 1720 1691 1721
f 1721 1691 1690
f 1721 1690 1722
f 1722 1690 1689
f 1722 1689 1716
f 1716 1689 1688
f 1716 1688 1715
f 1715 1688 1694
f 1715 1694 1714
f 1714 1694 1695
f 1714 1695 1713
f 1713 1695 1696
f 1713 1696 1712
f 1712 1696 1697
f 1712 1697 1711
f 1711 1697 1698
f 1711 1698 1710
f 1710 1698 1699
f 1710 1699 1709
f 1709 1699 1700
f 1709 1700 1708
f 1708 1700 1701
f 1708 1701 1705
f 1705 1701 1706
f 1706 1701 1702
f 1706 1702 1703
f 1704 1707 1705
f 1705 1707 1708
f 1740 1741 1744

